[main eed7c4f1] fix: show conversation execution status and elapsed time
 901 files changed, 34335 insertions(+), 14 deletions(-)
 create mode 100644 specs/artifacts/2026-10-05-connection-workspace-authority/task-runtime-status-implementation-plan.md
 create mode 100644 specs/artifacts/2026-10-05-connection-workspace-authority/task-runtime-status-implementation/README.md
 create mode 100644 specs/artifacts/2026-10-05-connection-workspace-authority/task-runtime-status-implementation/TaskStatusHeader.tsx.before.txt
 create mode 100644 specs/artifacts/2026-10-05-connection-workspace-authority/task-runtime-status-implementation/TaskStatusHeader.tsx.final.txt
 create mode 100644 specs/artifacts/2026-10-05-connection-workspace-authority/task-runtime-status-implementation/actual-23-authority-ready.json
 create mode 100644 specs/artifacts/2026-10-05-connection-workspace-authority/task-runtime-status-implementation/actual-23-before-owned-page-close.png
 create mode 100644 specs/artifacts/2026-10-05-connection-workspace-authority/task-runtime-status-implementation/actual-23-failed.json
 create mode 100644 specs/artifacts/2026-10-05-connection-workspace-authority/task-runtime-status-implementation/actual-23-launch-owner.json
 create mode 100644 specs/artifacts/2026-10-05-connection-workspace-authority/task-runtime-status-implementation/actual-23-managed-parent-ready.json
 create mode 100644 specs/artifacts/2026-10-05-connection-workspace-authority/task-runtime-status-implementation/actual-23-native-host-ready.json
 create mode 100644 specs/artifacts/2026-10-05-connection-workspace-authority/task-runtime-status-implementation/actual-23-native-host-settled.json
 create mode 100644 specs/artifacts/2026-10-05-connection-workspace-authority/task-runtime-status-implementation/actual-23-ordinary-chat-header.png
 create mode 100644 specs/artifacts/2026-10-05-connection-workspace-authority/task-runtime-status-implementation/actual-23-owned-config-hierarchy.json
 create mode 100644 specs/artifacts/2026-10-05-connection-workspace-authority/task-runtime-status-implementation/actual-23-parent-launch.log
 create mode 100644 specs/artifacts/2026-10-05-connection-workspace-authority/task-runtime-status-implementation/actual-23-preflight-ready.json
 create mode 100644 specs/artifacts/2026-10-05-connection-workspace-authority/task-runtime-status-implementation/actual-23-project-baseline.json
 create mode 100644 specs/artifacts/2026-10-05-connection-workspace-authority/task-runtime-status-implementation/actual-23-provider-44448-6a4c5f37-005d-4193-87e8-6f3de23cc865-1.json
 create mode 100644 specs/artifacts/2026-10-05-connection-workspace-authority/task-runtime-status-implementation/actual-23-provider-44448-6a4c5f37-005d-4193-87e8-6f3de23cc865-10.json
 create mode 100644 specs/artifacts/2026-10-05-connection-workspace-authority/task-runtime-status-implementation/actual-23-provider-44448-6a4c5f37-005d-4193-87e8-6f3de23cc865-11.json
 create mode 100644 specs/artifacts/2026-10-05-connection-workspace-authority/task-runtime-status-implementation/actual-23-provider-44448-6a4c5f37-005d-4193-87e8-6f3de23cc865-2.json
 create mode 100644 specs/artifacts/2026-10-05-connection-workspace-authority/task-runtime-status-implementation/actual-23-provider-44448-6a4c5f37-005d-4193-87e8-6f3de23cc865-3.json
 create mode 100644 specs/artifacts/2026-10-05-connection-workspace-authority/task-runtime-status-implementation/actual-23-provider-44448-6a4c5f37-005d-4193-87e8-6f3de23cc865-4.json
 create mode 100644 specs/artifacts/2026-10-05-connection-workspace-authority/task-runtime-status-implementation/actual-23-provider-44448-6a4c5f37-005d-4193-87e8-6f3de23cc865-5.json
 create mode 100644 specs/artifacts/2026-10-05-connection-workspace-authority/task-runtime-status-implementation/actual-23-provider-44448-6a4c5f37-005d-4193-87e8-6f3de23cc865-6.json
 create mode 100644 specs/artifacts/2026-10-05-connection-workspace-authority/task-runtime-status-implementation/actual-23-provider-44448-6a4c5f37-005d-4193-87e8-6f3de23cc865-7.json
 create mode 100644 specs/artifacts/2026-10-05-connection-workspace-authority/task-runtime-status-implementation/actual-23-provider-44448-6a4c5f37-005d-4193-87e8-6f3de23cc865-8.json
 create mode 100644 specs/artifacts/2026-10-05-connection-workspace-authority/task-runtime-status-implementation/actual-23-provider-44448-6a4c5f37-005d-4193-87e8-6f3de23cc865-9.json
 create mode 100644 specs/artifacts/2026-10-05-connection-workspace-authority/task-runtime-status-implementation/actual-23-provider-pair-staging.json
 create mode 100644 specs/artifacts/2026-10-05-connection-workspace-authority/task-runtime-status-implementation/actual-23-qa-package-installed.json
 create mode 100644 specs/artifacts/2026-10-05-connection-workspace-authority/task-runtime-status-implementation/actual-23-readonly-schema.json
 create mode 100644 specs/artifacts/2026-10-05-connection-workspace-authority/task-runtime-status-implementation/actual-23-readonly-session-facts.json
 create mode 100644 specs/artifacts/2026-10-05-connection-workspace-authority/task-runtime-status-implementation/actual-23-readonly-task-events.json
 create mode 100644 specs/artifacts/2026-10-05-connection-workspace-authority/task-runtime-status-implementation/actual-23-running-header-with-dock.png
 create mode 100644 specs/artifacts/2026-10-05-connection-workspace-authority/task-runtime-status-implementation/actual-23-running-header.png
 create mode 100644 specs/artifacts/2026-10-05-connection-workspace-authority/task-runtime-status-implementation/actual-23-startup.json
 create mode 100644 specs/artifacts/2026-10-05-connection-workspace-authority/task-runtime-status-implementation/actual-23-supervision-settlement-trigger.json
 create mode 100644 specs/artifacts/2026-10-05-connection-workspace-authority/task-runtime-status-implementation/actual-23-task-accepted-cli.json
 create mode 100644 specs/artifacts/2026-10-05-connection-workspace-authority/task-runtime-status-implementation/actual-23-task-boundary-admitted.json
 create mode 100644 specs/artifacts/2026-10-05-connection-workspace-authority/task-runtime-status-implementation/actual-23-task-cli-stderr.log
 create mode 100644 specs/artifacts/2026-10-05-connection-workspace-authority/task-runtime-status-implementation/actual-23-task-observation-44448-a011e496-1aae-4204-ba4a-98e3403213b5-1.json
 create mode 100644 specs/artifacts/2026-10-05-connection-workspace-authority/task-runtime-status-implementation/actual-23-task-observation-44448-a011e496-1aae-4204-ba4a-98e3403213b5-10.json
 create mode 100644 specs/artifacts/2026-10-05-connection-workspace-authority/task-runtime-status-implementation/actual-23-task-observation-44448-a011e496-1aae-4204-ba4a-98e3403213b5-11.json
 create mode 100644 specs/artifacts/2026-10-05-connection-workspace-authority/task-runtime-status-implementation/actual-23-task-observation-44448-a011e496-1aae-4204-ba4a-98e3403213b5-12.json
 create mode 100644 specs/artifacts/2026-10-05-connection-workspace-authority/task-runtime-status-implementation/actual-23-task-observation-44448-a011e496-1aae-4204-ba4a-98e3403213b5-13.json
 create mode 100644 specs/artifacts/2026-10-05-connection-workspace-authority/task-runtime-status-implementation/actual-23-task-observation-44448-a011e496-1aae-4204-ba4a-98e3403213b5-14.json
 create mode 100644 specs/artifacts/2026-10-05-connection-workspace-authority/task-runtime-status-implementation/actual-23-task-observation-44448-a011e496-1aae-4204-ba4a-98e3403213b5-15.json
 create mode 100644 specs/artifacts/2026-10-05-connection-workspace-authority/task-runtime-status-implementation/actual-23-task-observation-44448-a011e496-1aae-4204-ba4a-98e3403213b5-16.json
 create mode 100644 specs/artifacts/2026-10-05-connection-workspace-authority/task-runtime-status-implementation/actual-23-task-observation-44448-a011e496-1aae-4204-ba4a-98e3403213b5-17.json
 create mode 100644 specs/artifacts/2026-10-05-connection-workspace-authority/task-runtime-status-implementation/actual-23-task-observation-44448-a011e496-1aae-4204-ba4a-98e3403213b5-18.json
 create mode 100644 specs/artifacts/2026-10-05-connection-workspace-authority/task-runtime-status-implementation/actual-23-task-observation-44448-a011e496-1aae-4204-ba4a-98e3403213b5-19.json
 create mode 100644 specs/artifacts/2026-10-05-connection-workspace-authority/task-runtime-status-implementation/actual-23-task-observation-44448-a011e496-1aae-4204-ba4a-98e3403213b5-2.json
 create mode 100644 specs/artifacts/2026-10-05-connection-workspace-authority/task-runtime-status-implementation/actual-23-task-observation-44448-a011e496-1aae-4204-ba4a-98e3403213b5-3.json
 create mode 100644 specs/artifacts/2026-10-05-connection-workspace-authority/task-runtime-status-implementation/actual-23-task-observation-44448-a011e496-1aae-4204-ba4a-98e3403213b5-4.json
 create mode 100644 specs/artifacts/2026-10-05-connection-workspace-authority/task-runtime-status-implementation/actual-23-task-observation-44448-a011e496-1aae-4204-ba4a-98e3403213b5-5.json
 create mode 100644 specs/artifacts/2026-10-05-connection-workspace-authority/task-runtime-status-implementation/actual-23-task-observation-44448-a011e496-1aae-4204-ba4a-98e3403213b5-6.json
 create mode 100644 specs/artifacts/2026-10-05-connection-workspace-authority/task-runtime-status-implementation/actual-23-task-observation-44448-a011e496-1aae-4204-ba4a-98e3403213b5-7.json
 create mode 100644 specs/artifacts/2026-10-05-connection-workspace-authority/task-runtime-status-implementation/actual-23-task-observation-44448-a011e496-1aae-4204-ba4a-98e3403213b5-8.json
 create mode 100644 specs/artifacts/2026-10-05-connection-workspace-authority/task-runtime-status-implementation/actual-23-task-observation-44448-a011e496-1aae-4204-ba4a-98e3403213b5-9.json
 create mode 100644 specs/artifacts/2026-10-05-connection-workspace-authority/task-runtime-status-implementation/actual-23-task-occurrence-admitted.json
 create mode 100644 specs/artifacts/2026-10-05-connection-workspace-authority/task-runtime-status-implementation/actual-23-task-request-input.json
 create mode 100644 specs/artifacts/2026-10-05-connection-workspace-authority/task-runtime-status-implementation/actual-23-task-selection.json
 create mode 100644 specs/artifacts/2026-10-05-connection-workspace-authority/task-runtime-status-implementation/actual-24-authority-ready.json
 create mode 100644 specs/artifacts/2026-10-05-connection-workspace-authority/task-runtime-status-implementation/actual-24-before-owned-page-close.png
 create mode 100644 specs/artifacts/2026-10-05-connection-workspace-authority/task-runtime-status-implementation/actual-24-default-model-draft-blocked.png
 create mode 100644 specs/artifacts/2026-10-05-connection-workspace-authority/task-runtime-status-implementation/actual-24-downloads-before.json
 create mode 100644 specs/artifacts/2026-10-05-connection-workspace-authority/task-runtime-status-implementation/actual-24-failed.json
 create mode 100644 specs/artifacts/2026-10-05-connection-workspace-authority/task-runtime-status-implementation/actual-24-launch-owner.json
 create mode 100644 specs/artifacts/2026-10-05-connection-workspace-authority/task-runtime-status-implementation/actual-24-managed-parent-ready.json
 create mode 100644 specs/artifacts/2026-10-05-connection-workspace-authority/task-runtime-status-implementation/actual-24-native-host-ready.json
 create mode 100644 specs/artifacts/2026-10-05-connection-workspace-authority/task-runtime-status-implementation/actual-24-native-host-settled.json
 create mode 100644 specs/artifacts/2026-10-05-connection-workspace-authority/task-runtime-status-implementation/actual-24-ordinary-chat-loaded.png
 create mode 100644 specs/artifacts/2026-10-05-connection-workspace-authority/task-runtime-status-implementation/actual-24-owned-config-hierarchy.json
 create mode 100644 specs/artifacts/2026-10-05-connection-workspace-authority/task-runtime-status-implementation/actual-24-parent-launch.log
 create mode 100644 specs/artifacts/2026-10-05-connection-workspace-authority/task-runtime-status-implementation/actual-24-preflight-ready.json
 create mode 100644 specs/artifacts/2026-10-05-connection-workspace-authority/task-runtime-status-implementation/actual-24-project-baseline.json
 create mode 100644 specs/artifacts/2026-10-05-connection-workspace-authority/task-runtime-status-implementation/actual-24-provider-74924-dc458d1e-3d13-4789-a2e3-308cac800220-1.json
 create mode 100644 specs/artifacts/2026-10-05-connection-workspace-authority/task-runtime-status-implementation/actual-24-provider-74924-dc458d1e-3d13-4789-a2e3-308cac800220-10.json
 create mode 100644 specs/artifacts/2026-10-05-connection-workspace-authority/task-runtime-status-implementation/actual-24-provider-74924-dc458d1e-3d13-4789-a2e3-308cac800220-11.json
 create mode 100644 specs/artifacts/2026-10-05-connection-workspace-authority/task-runtime-status-implementation/actual-24-provider-74924-dc458d1e-3d13-4789-a2e3-308cac800220-12.json
 create mode 100644 specs/artifacts/2026-10-05-connection-workspace-authority/task-runtime-status-implementation/actual-24-provider-74924-dc458d1e-3d13-4789-a2e3-308cac800220-13.json
 create mode 100644 specs/artifacts/2026-10-05-connection-workspace-authority/task-runtime-status-implementation/actual-24-provider-74924-dc458d1e-3d13-4789-a2e3-308cac800220-14.json
 create mode 100644 specs/artifacts/2026-10-05-connection-workspace-authority/task-runtime-status-implementation/actual-24-provider-74924-dc458d1e-3d13-4789-a2e3-308cac800220-15.json
 create mode 100644 specs/artifacts/2026-10-05-connection-workspace-authority/task-runtime-status-implementation/actual-24-provider-74924-dc458d1e-3d13-4789-a2e3-308cac800220-16.json
 create mode 100644 specs/artifacts/2026-10-05-connection-workspace-authority/task-runtime-status-implementation/actual-24-provider-74924-dc458d1e-3d13-4789-a2e3-308cac800220-17.json
 create mode 100644 specs/artifacts/2026-10-05-connection-workspace-authority/task-runtime-status-implementation/actual-24-provider-74924-dc458d1e-3d13-4789-a2e3-308cac800220-18.json
 create mode 100644 specs/artifacts/2026-10-05-connection-workspace-authority/task-runtime-status-implementation/actual-24-provider-74924-dc458d1e-3d13-4789-a2e3-308cac800220-19.json
 create mode 100644 specs/artifacts/2026-10-05-connection-workspace-authority/task-runtime-status-implementation/actual-24-provider-74924-dc458d1e-3d13-4789-a2e3-308cac800220-2.json
 create mode 100644 specs/artifacts/2026-10-05-connection-workspace-authority/task-runtime-status-implementation/actual-24-provider-74924-dc458d1e-3d13-4789-a2e3-308cac800220-20.json
 create mode 100644 specs/artifacts/2026-10-05-connection-workspace-authority/task-runtime-status-implementation/actual-24-provider-74924-dc458d1e-3d13-4789-a2e3-308cac800220-21.json
 create mode 100644 specs/artifacts/2026-10-05-connection-workspace-authority/task-runtime-status-implementation/actual-24-provider-74924-dc458d1e-3d13-4789-a2e3-308cac800220-22.json
 create mode 100644 specs/artifacts/2026-10-05-connection-workspace-authority/task-runtime-status-implementation/actual-24-provider-74924-dc458d1e-3d13-4789-a2e3-308cac800220-23.json
 create mode 100644 specs/artifacts/2026-10-05-connection-workspace-authority/task-runtime-status-implementation/actual-24-provider-74924-dc458d1e-3d13-4789-a2e3-308cac800220-24.json
 create mode 100644 specs/artifacts/2026-10-05-connection-workspace-authority/task-runtime-status-implementation/actual-24-provider-74924-dc458d1e-3d13-4789-a2e3-308cac800220-25.json
 create mode 100644 specs/artifacts/2026-10-05-connection-workspace-authority/task-runtime-status-implementation/actual-24-provider-74924-dc458d1e-3d13-4789-a2e3-308cac800220-26.json
 create mode 100644 specs/artifacts/2026-10-05-connection-workspace-authority/task-runtime-status-implementation/actual-24-provider-74924-dc458d1e-3d13-4789-a2e3-308cac800220-27.json
 create mode 100644 specs/artifacts/2026-10-05-connection-workspace-authority/task-runtime-status-implementation/actual-24-provider-74924-dc458d1e-3d13-4789-a2e3-308cac800220-28.json
 create mode 100644 specs/artifacts/2026-10-05-connection-workspace-authority/task-runtime-status-implementation/actual-24-provider-74924-dc458d1e-3d13-4789-a2e3-308cac800220-29.json
 create mode 100644 specs/artifacts/2026-10-05-connection-workspace-authority/task-runtime-status-implementation/actual-24-provider-74924-dc458d1e-3d13-4789-a2e3-308cac800220-3.json
 create mode 100644 specs/artifacts/2026-10-05-connection-workspace-authority/task-runtime-status-implementation/actual-24-provider-74924-dc458d1e-3d13-4789-a2e3-308cac800220-30.json
 create mode 100644 specs/artifacts/2026-10-05-connection-workspace-authority/task-runtime-status-implementation/actual-24-provider-74924-dc458d1e-3d13-4789-a2e3-308cac800220-31.json
 create mode 100644 specs/artifacts/2026-10-05-connection-workspace-authority/task-runtime-status-implementation/actual-24-provider-74924-dc458d1e-3d13-4789-a2e3-308cac800220-32.json
 create mode 100644 specs/artifacts/2026-10-05-connection-workspace-authority/task-runtime-status-implementation/actual-24-provider-74924-dc458d1e-3d13-4789-a2e3-308cac800220-33.json
 create mode 100644 specs/artifacts/2026-10-05-connection-workspace-authority/task-runtime-status-implementation/actual-24-provider-74924-dc458d1e-3d13-4789-a2e3-308cac800220-34.json
 create mode 100644 specs/artifacts/2026-10-05-connection-workspace-authority/task-runtime-status-implementation/actual-24-provider-74924-dc458d1e-3d13-4789-a2e3-308cac800220-35.json
 create mode 100644 specs/artifacts/2026-10-05-connection-workspace-authority/task-runtime-status-implementation/actual-24-provider-74924-dc458d1e-3d13-4789-a2e3-308cac800220-36.json
 create mode 100644 specs/artifacts/2026-10-05-connection-workspace-authority/task-runtime-status-implementation/actual-24-provider-74924-dc458d1e-3d13-4789-a2e3-308cac800220-37.json
 create mode 100644 specs/artifacts/2026-10-05-connection-workspace-authority/task-runtime-status-implementation/actual-24-provider-74924-dc458d1e-3d13-4789-a2e3-308cac800220-38.json
 create mode 100644 specs/artifacts/2026-10-05-connection-workspace-authority/task-runtime-status-implementation/actual-24-provider-74924-dc458d1e-3d13-4789-a2e3-308cac800220-39.json
 create mode 100644 specs/artifacts/2026-10-05-connection-workspace-authority/task-runtime-status-implementation/actual-24-provider-74924-dc458d1e-3d13-4789-a2e3-308cac800220-4.json
 create mode 100644 specs/artifacts/2026-10-05-connection-workspace-authority/task-runtime-status-implementation/actual-24-provider-74924-dc458d1e-3d13-4789-a2e3-308cac800220-40.json
 create mode 100644 specs/artifacts/2026-10-05-connection-workspace-authority/task-runtime-status-implementation/actual-24-provider-74924-dc458d1e-3d13-4789-a2e3-308cac800220-41.json
 create mode 100644 specs/artifacts/2026-10-05-connection-workspace-authority/task-runtime-status-implementation/actual-24-provider-74924-dc458d1e-3d13-4789-a2e3-308cac800220-42.json
 create mode 100644 specs/artifacts/2026-10-05-connection-workspace-authority/task-runtime-status-implementation/actual-24-provider-74924-dc458d1e-3d13-4789-a2e3-308cac800220-43.json
 create mode 100644 specs/artifacts/2026-10-05-connection-workspace-authority/task-runtime-status-implementation/actual-24-provider-74924-dc458d1e-3d13-4789-a2e3-308cac800220-44.json
 create mode 100644 specs/artifacts/2026-10-05-connection-workspace-authority/task-runtime-status-implementation/actual-24-provider-74924-dc458d1e-3d13-4789-a2e3-308cac800220-45.json
 create mode 100644 specs/artifacts/2026-10-05-connection-workspace-authority/task-runtime-status-implementation/actual-24-provider-74924-dc458d1e-3d13-4789-a2e3-308cac800220-46.json
 create mode 100644 specs/artifacts/2026-10-05-connection-workspace-authority/task-runtime-status-implementation/actual-24-provider-74924-dc458d1e-3d13-4789-a2e3-308cac800220-47.json
 create mode 100644 specs/artifacts/2026-10-05-connection-workspace-authority/task-runtime-status-implementation/actual-24-provider-74924-dc458d1e-3d13-4789-a2e3-308cac800220-48.json
 create mode 100644 specs/artifacts/2026-10-05-connection-workspace-authority/task-runtime-status-implementation/actual-24-provider-74924-dc458d1e-3d13-4789-a2e3-308cac800220-49.json
 create mode 100644 specs/artifacts/2026-10-05-connection-workspace-authority/task-runtime-status-implementation/actual-24-provider-74924-dc458d1e-3d13-4789-a2e3-308cac800220-5.json
 create mode 100644 specs/artifacts/2026-10-05-connection-workspace-authority/task-runtime-status-implementation/actual-24-provider-74924-dc458d1e-3d13-4789-a2e3-308cac800220-50.json
 create mode 100644 specs/artifacts/2026-10-05-connection-workspace-authority/task-runtime-status-implementation/actual-24-provider-74924-dc458d1e-3d13-4789-a2e3-308cac800220-51.json
 create mode 100644 specs/artifacts/2026-10-05-connection-workspace-authority/task-runtime-status-implementation/actual-24-provider-74924-dc458d1e-3d13-4789-a2e3-308cac800220-52.json
 create mode 100644 specs/artifacts/2026-10-05-connection-workspace-authority/task-runtime-status-implementation/actual-24-provider-74924-dc458d1e-3d13-4789-a2e3-308cac800220-53.json
 create mode 100644 specs/artifacts/2026-10-05-connection-workspace-authority/task-runtime-status-implementation/actual-24-provider-74924-dc458d1e-3d13-4789-a2e3-308cac800220-54.json
 create mode 100644 specs/artifacts/2026-10-05-connection-workspace-authority/task-runtime-status-implementation/actual-24-provider-74924-dc458d1e-3d13-4789-a2e3-308cac800220-55.json
 create mode 100644 specs/artifacts/2026-10-05-connection-workspace-authority/task-runtime-status-implementation/actual-24-provider-74924-dc458d1e-3d13-4789-a2e3-308cac800220-56.json
 create mode 100644 specs/artifacts/2026-10-05-connection-workspace-authority/task-runtime-status-implementation/actual-24-provider-74924-dc458d1e-3d13-4789-a2e3-308cac800220-57.json
 create mode 100644 specs/artifacts/2026-10-05-connection-workspace-authority/task-runtime-status-implementation/actual-24-provider-74924-dc458d1e-3d13-4789-a2e3-308cac800220-58.json
 create mode 100644 specs/artifacts/2026-10-05-connection-workspace-authority/task-runtime-status-implementation/actual-24-provider-74924-dc458d1e-3d13-4789-a2e3-308cac800220-59.json
 create mode 100644 specs/artifacts/2026-10-05-connection-workspace-authority/task-runtime-status-implementation/actual-24-provider-74924-dc458d1e-3d13-4789-a2e3-308cac800220-6.json
 create mode 100644 specs/artifacts/2026-10-05-connection-workspace-authority/task-runtime-status-implementation/actual-24-provider-74924-dc458d1e-3d13-4789-a2e3-308cac800220-60.json
 create mode 100644 specs/artifacts/2026-10-05-connection-workspace-authority/task-runtime-status-implementation/actual-24-provider-74924-dc458d1e-3d13-4789-a2e3-308cac800220-61.json
 create mode 100644 specs/artifacts/2026-10-05-connection-workspace-authority/task-runtime-status-implementation/actual-24-provider-74924-dc458d1e-3d13-4789-a2e3-308cac800220-62.json
 create mode 100644 specs/artifacts/2026-10-05-connection-workspace-authority/task-runtime-status-implementation/actual-24-provider-74924-dc458d1e-3d13-4789-a2e3-308cac800220-63.json
 create mode 100644 specs/artifacts/2026-10-05-connection-workspace-authority/task-runtime-status-implementation/actual-24-provider-74924-dc458d1e-3d13-4789-a2e3-308cac800220-64.json
 create mode 100644 specs/artifacts/2026-10-05-connection-workspace-authority/task-runtime-status-implementation/actual-24-provider-74924-dc458d1e-3d13-4789-a2e3-308cac800220-65.json
 create mode 100644 specs/artifacts/2026-10-05-connection-workspace-authority/task-runtime-status-implementation/actual-24-provider-74924-dc458d1e-3d13-4789-a2e3-308cac800220-66.json
 create mode 100644 specs/artifacts/2026-10-05-connection-workspace-authority/task-runtime-status-implementation/actual-24-provider-74924-dc458d1e-3d13-4789-a2e3-308cac800220-67.json
 create mode 100644 specs/artifacts/2026-10-05-connection-workspace-authority/task-runtime-status-implementation/actual-24-provider-74924-dc458d1e-3d13-4789-a2e3-308cac800220-68.json
 create mode 100644 specs/artifacts/2026-10-05-connection-workspace-authority/task-runtime-status-implementation/actual-24-provider-74924-dc458d1e-3d13-4789-a2e3-308cac800220-69.json
 create mode 100644 specs/artifacts/2026-10-05-connection-workspace-authority/task-runtime-status-implementation/actual-24-provider-74924-dc458d1e-3d13-4789-a2e3-308cac800220-7.json
 create mode 100644 specs/artifacts/2026-10-05-connection-workspace-authority/task-runtime-status-implementation/actual-24-provider-74924-dc458d1e-3d13-4789-a2e3-308cac800220-70.json
 create mode 100644 specs/artifacts/2026-10-05-connection-workspace-authority/task-runtime-status-implementation/actual-24-provider-74924-dc458d1e-3d13-4789-a2e3-308cac800220-71.json
 create mode 100644 specs/artifacts/2026-10-05-connection-workspace-authority/task-runtime-status-implementation/actual-24-provider-74924-dc458d1e-3d13-4789-a2e3-308cac800220-72.json
 create mode 100644 specs/artifacts/2026-10-05-connection-workspace-authority/task-runtime-status-implementation/actual-24-provider-74924-dc458d1e-3d13-4789-a2e3-308cac800220-73.json
 create mode 100644 specs/artifacts/2026-10-05-connection-workspace-authority/task-runtime-status-implementation/actual-24-provider-74924-dc458d1e-3d13-4789-a2e3-308cac800220-74.json
 create mode 100644 specs/artifacts/2026-10-05-connection-workspace-authority/task-runtime-status-implementation/actual-24-provider-74924-dc458d1e-3d13-4789-a2e3-308cac800220-75.json
 create mode 100644 specs/artifacts/2026-10-05-connection-workspace-authority/task-runtime-status-implementation/actual-24-provider-74924-dc458d1e-3d13-4789-a2e3-308cac800220-76.json
 create mode 100644 specs/artifacts/2026-10-05-connection-workspace-authority/task-runtime-status-implementation/actual-24-provider-74924-dc458d1e-3d13-4789-a2e3-308cac800220-77.json
 create mode 100644 specs/artifacts/2026-10-05-connection-workspace-authority/task-runtime-status-implementation/actual-24-provider-74924-dc458d1e-3d13-4789-a2e3-308cac800220-78.json
 create mode 100644 specs/artifacts/2026-10-05-connection-workspace-authority/task-runtime-status-implementation/actual-24-provider-74924-dc458d1e-3d13-4789-a2e3-308cac800220-79.json
 create mode 100644 specs/artifacts/2026-10-05-connection-workspace-authority/task-runtime-status-implementation/actual-24-provider-74924-dc458d1e-3d13-4789-a2e3-308cac800220-8.json
 create mode 100644 specs/artifacts/2026-10-05-connection-workspace-authority/task-runtime-status-implementation/actual-24-provider-74924-dc458d1e-3d13-4789-a2e3-308cac800220-80.json
 create mode 100644 specs/artifacts/2026-10-05-connection-workspace-authority/task-runtime-status-implementation/actual-24-provider-74924-dc458d1e-3d13-4789-a2e3-308cac800220-81.json
 create mode 100644 specs/artifacts/2026-10-05-connection-workspace-authority/task-runtime-status-implementation/actual-24-provider-74924-dc458d1e-3d13-4789-a2e3-308cac800220-82.json
 create mode 100644 specs/artifacts/2026-10-05-connection-workspace-authority/task-runtime-status-implementation/actual-24-provider-74924-dc458d1e-3d13-4789-a2e3-308cac800220-83.json
 create mode 100644 specs/artifacts/2026-10-05-connection-workspace-authority/task-runtime-status-implementation/actual-24-provider-74924-dc458d1e-3d13-4789-a2e3-308cac800220-84.json
 create mode 100644 specs/artifacts/2026-10-05-connection-workspace-authority/task-runtime-status-implementation/actual-24-provider-74924-dc458d1e-3d13-4789-a2e3-308cac800220-85.json
 create mode 100644 specs/artifacts/2026-10-05-connection-workspace-authority/task-runtime-status-implementation/actual-24-provider-74924-dc458d1e-3d13-4789-a2e3-308cac800220-86.json
 create mode 100644 specs/artifacts/2026-10-05-connection-workspace-authority/task-runtime-status-implementation/actual-24-provider-74924-dc458d1e-3d13-4789-a2e3-308cac800220-9.json
 create mode 100644 specs/artifacts/2026-10-05-connection-workspace-authority/task-runtime-status-implementation/actual-24-provider-pair-staging.json
 create mode 100644 specs/artifacts/2026-10-05-connection-workspace-authority/task-runtime-status-implementation/actual-24-qa-package-installed.json
 create mode 100644 specs/artifacts/2026-10-05-connection-workspace-authority/task-runtime-status-implementation/actual-24-readonly-schema.json
 create mode 100644 specs/artifacts/2026-10-05-connection-workspace-authority/task-runtime-status-implementation/actual-24-readonly-session-facts.json
 create mode 100644 specs/artifacts/2026-10-05-connection-workspace-authority/task-runtime-status-implementation/actual-24-readonly-task-events.json
 create mode 100644 specs/artifacts/2026-10-05-connection-workspace-authority/task-runtime-status-implementation/actual-24-running-long-header-with-dock.png
 create mode 100644 specs/artifacts/2026-10-05-connection-workspace-authority/task-runtime-status-implementation/actual-24-running-long-header.png
 create mode 100644 specs/artifacts/2026-10-05-connection-workspace-authority/task-runtime-status-implementation/actual-24-startup.json
 create mode 100644 specs/artifacts/2026-10-05-connection-workspace-authority/task-runtime-status-implementation/actual-24-supervision-settlement-trigger.json
 create mode 100644 specs/artifacts/2026-10-05-connection-workspace-authority/task-runtime-status-implementation/actual-24-task-accepted-cli.json
 create mode 100644 specs/artifacts/2026-10-05-connection-workspace-authority/task-runtime-status-implementation/actual-24-task-boundary-admitted.json
 create mode 100644 specs/artifacts/2026-10-05-connection-workspace-authority/task-runtime-status-implementation/actual-24-task-cli-stderr.log
 create mode 100644 specs/artifacts/2026-10-05-connection-workspace-authority/task-runtime-status-implementation/actual-24-task-observation-74924-3ca8e45c-05c6-49bf-ac8c-2e6c140424b5-1.json
 create mode 100644 specs/artifacts/2026-10-05-connection-workspace-authority/task-runtime-status-implementation/actual-24-task-observation-74924-3ca8e45c-05c6-49bf-ac8c-2e6c140424b5-10.json
 create mode 100644 specs/artifacts/2026-10-05-connection-workspace-authority/task-runtime-status-implementation/actual-24-task-observation-74924-3ca8e45c-05c6-49bf-ac8c-2e6c140424b5-100.json
 create mode 100644 specs/artifacts/2026-10-05-connection-workspace-authority/task-runtime-status-implementation/actual-24-task-observation-74924-3ca8e45c-05c6-49bf-ac8c-2e6c140424b5-101.json
 create mode 100644 specs/artifacts/2026-10-05-connection-workspace-authority/task-runtime-status-implementation/actual-24-task-observation-74924-3ca8e45c-05c6-49bf-ac8c-2e6c140424b5-102.json
 create mode 100644 specs/artifacts/2026-10-05-connection-workspace-authority/task-runtime-status-implementation/actual-24-task-observation-74924-3ca8e45c-05c6-49bf-ac8c-2e6c140424b5-103.json
 create mode 100644 specs/artifacts/2026-10-05-connection-workspace-authority/task-runtime-status-implementation/actual-24-task-observation-74924-3ca8e45c-05c6-49bf-ac8c-2e6c140424b5-104.json
 create mode 100644 specs/artifacts/2026-10-05-connection-workspace-authority/task-runtime-status-implementation/actual-24-task-observation-74924-3ca8e45c-05c6-49bf-ac8c-2e6c140424b5-105.json
 create mode 100644 specs/artifacts/2026-10-05-connection-workspace-authority/task-runtime-status-implementation/actual-24-task-observation-74924-3ca8e45c-05c6-49bf-ac8c-2e6c140424b5-106.json
 create mode 100644 specs/artifacts/2026-10-05-connection-workspace-authority/task-runtime-status-implementation/actual-24-task-observation-74924-3ca8e45c-05c6-49bf-ac8c-2e6c140424b5-107.json
 create mode 100644 specs/artifacts/2026-10-05-connection-workspace-authority/task-runtime-status-implementation/actual-24-task-observation-74924-3ca8e45c-05c6-49bf-ac8c-2e6c140424b5-108.json
 create mode 100644 specs/artifacts/2026-10-05-connection-workspace-authority/task-runtime-status-implementation/actual-24-task-observation-74924-3ca8e45c-05c6-49bf-ac8c-2e6c140424b5-109.json
 create mode 100644 specs/artifacts/2026-10-05-connection-workspace-authority/task-runtime-status-implementation/actual-24-task-observation-74924-3ca8e45c-05c6-49bf-ac8c-2e6c140424b5-11.json
 create mode 100644 specs/artifacts/2026-10-05-connection-workspace-authority/task-runtime-status-implementation/actual-24-task-observation-74924-3ca8e45c-05c6-49bf-ac8c-2e6c140424b5-110.json
 create mode 100644 specs/artifacts/2026-10-05-connection-workspace-authority/task-runtime-status-implementation/actual-24-task-observation-74924-3ca8e45c-05c6-49bf-ac8c-2e6c140424b5-111.json
 create mode 100644 specs/artifacts/2026-10-05-connection-workspace-authority/task-runtime-status-implementation/actual-24-task-observation-74924-3ca8e45c-05c6-49bf-ac8c-2e6c140424b5-112.json
 create mode 100644 specs/artifacts/2026-10-05-connection-workspace-authority/task-runtime-status-implementation/actual-24-task-observation-74924-3ca8e45c-05c6-49bf-ac8c-2e6c140424b5-113.json
 create mode 100644 specs/artifacts/2026-10-05-connection-workspace-authority/task-runtime-status-implementation/actual-24-task-observation-74924-3ca8e45c-05c6-49bf-ac8c-2e6c140424b5-114.json
 create mode 100644 specs/artifacts/2026-10-05-connection-workspace-authority/task-runtime-status-implementation/actual-24-task-observation-74924-3ca8e45c-05c6-49bf-ac8c-2e6c140424b5-115.json
 create mode 100644 specs/artifacts/2026-10-05-connection-workspace-authority/task-runtime-status-implementation/actual-24-task-observation-74924-3ca8e45c-05c6-49bf-ac8c-2e6c140424b5-116.json
 create mode 100644 specs/artifacts/2026-10-05-connection-workspace-authority/task-runtime-status-implementation/actual-24-task-observation-74924-3ca8e45c-05c6-49bf-ac8c-2e6c140424b5-117.json
 create mode 100644 specs/artifacts/2026-10-05-connection-workspace-authority/task-runtime-status-implementation/actual-24-task-observation-74924-3ca8e45c-05c6-49bf-ac8c-2e6c140424b5-118.json
 create mode 100644 specs/artifacts/2026-10-05-connection-workspace-authority/task-runtime-status-implementation/actual-24-task-observation-74924-3ca8e45c-05c6-49bf-ac8c-2e6c140424b5-119.json
 create mode 100644 specs/artifacts/2026-10-05-connection-workspace-authority/task-runtime-status-implementation/actual-24-task-observation-74924-3ca8e45c-05c6-49bf-ac8c-2e6c140424b5-12.json
 create mode 100644 specs/artifacts/2026-10-05-connection-workspace-authority/task-runtime-status-implementation/actual-24-task-observation-74924-3ca8e45c-05c6-49bf-ac8c-2e6c140424b5-120.json
 create mode 100644 specs/artifacts/2026-10-05-connection-workspace-authority/task-runtime-status-implementation/actual-24-task-observation-74924-3ca8e45c-05c6-49bf-ac8c-2e6c140424b5-121.json
 create mode 100644 specs/artifacts/2026-10-05-connection-workspace-authority/task-runtime-status-implementation/actual-24-task-observation-74924-3ca8e45c-05c6-49bf-ac8c-2e6c140424b5-122.json
 create mode 100644 specs/artifacts/2026-10-05-connection-workspace-authority/task-runtime-status-implementation/actual-24-task-observation-74924-3ca8e45c-05c6-49bf-ac8c-2e6c140424b5-123.json
 create mode 100644 specs/artifacts/2026-10-05-connection-workspace-authority/task-runtime-status-implementation/actual-24-task-observation-74924-3ca8e45c-05c6-49bf-ac8c-2e6c140424b5-124.json
 create mode 100644 specs/artifacts/2026-10-05-connection-workspace-authority/task-runtime-status-implementation/actual-24-task-observation-74924-3ca8e45c-05c6-49bf-ac8c-2e6c140424b5-125.json
 create mode 100644 specs/artifacts/2026-10-05-connection-workspace-authority/task-runtime-status-implementation/actual-24-task-observation-74924-3ca8e45c-05c6-49bf-ac8c-2e6c140424b5-126.json
 create mode 100644 specs/artifacts/2026-10-05-connection-workspace-authority/task-runtime-status-implementation/actual-24-task-observation-74924-3ca8e45c-05c6-49bf-ac8c-2e6c140424b5-127.json
 create mode 100644 specs/artifacts/2026-10-05-connection-workspace-authority/task-runtime-status-implementation/actual-24-task-observation-74924-3ca8e45c-05c6-49bf-ac8c-2e6c140424b5-128.json
 create mode 100644 specs/artifacts/2026-10-05-connection-workspace-authority/task-runtime-status-implementation/actual-24-task-observation-74924-3ca8e45c-05c6-49bf-ac8c-2e6c140424b5-129.json
 create mode 100644 specs/artifacts/2026-10-05-connection-workspace-authority/task-runtime-status-implementation/actual-24-task-observation-74924-3ca8e45c-05c6-49bf-ac8c-2e6c140424b5-13.json
 create mode 100644 specs/artifacts/2026-10-05-connection-workspace-authority/task-runtime-status-implementation/actual-24-task-observation-74924-3ca8e45c-05c6-49bf-ac8c-2e6c140424b5-130.json
 create mode 100644 specs/artifacts/2026-10-05-connection-workspace-authority/task-runtime-status-implementation/actual-24-task-observation-74924-3ca8e45c-05c6-49bf-ac8c-2e6c140424b5-131.json
 create mode 100644 specs/artifacts/2026-10-05-connection-workspace-authority/task-runtime-status-implementation/actual-24-task-observation-74924-3ca8e45c-05c6-49bf-ac8c-2e6c140424b5-132.json
 create mode 100644 specs/artifacts/2026-10-05-connection-workspace-authority/task-runtime-status-implementation/actual-24-task-observation-74924-3ca8e45c-05c6-49bf-ac8c-2e6c140424b5-133.json
 create mode 100644 specs/artifacts/2026-10-05-connection-workspace-authority/task-runtime-status-implementation/actual-24-task-observation-74924-3ca8e45c-05c6-49bf-ac8c-2e6c140424b5-134.json
 create mode 100644 specs/artifacts/2026-10-05-connection-workspace-authority/task-runtime-status-implementation/actual-24-task-observation-74924-3ca8e45c-05c6-49bf-ac8c-2e6c140424b5-135.json
 create mode 100644 specs/artifacts/2026-10-05-connection-workspace-authority/task-runtime-status-implementation/actual-24-task-observation-74924-3ca8e45c-05c6-49bf-ac8c-2e6c140424b5-136.json
 create mode 100644 specs/artifacts/2026-10-05-connection-workspace-authority/task-runtime-status-implementation/actual-24-task-observation-74924-3ca8e45c-05c6-49bf-ac8c-2e6c140424b5-137.json
 create mode 100644 specs/artifacts/2026-10-05-connection-workspace-authority/task-runtime-status-implementation/actual-24-task-observation-74924-3ca8e45c-05c6-49bf-ac8c-2e6c140424b5-138.json
 create mode 100644 specs/artifacts/2026-10-05-connection-workspace-authority/task-runtime-status-implementation/actual-24-task-observation-74924-3ca8e45c-05c6-49bf-ac8c-2e6c140424b5-139.json
 create mode 100644 specs/artifacts/2026-10-05-connection-workspace-authority/task-runtime-status-implementation/actual-24-task-observation-74924-3ca8e45c-05c6-49bf-ac8c-2e6c140424b5-14.json
 create mode 100644 specs/artifacts/2026-10-05-connection-workspace-authority/task-runtime-status-implementation/actual-24-task-observation-74924-3ca8e45c-05c6-49bf-ac8c-2e6c140424b5-140.json
 create mode 100644 specs/artifacts/2026-10-05-connection-workspace-authority/task-runtime-status-implementation/actual-24-task-observation-74924-3ca8e45c-05c6-49bf-ac8c-2e6c140424b5-141.json
 create mode 100644 specs/artifacts/2026-10-05-connection-workspace-authority/task-runtime-status-implementation/actual-24-task-observation-74924-3ca8e45c-05c6-49bf-ac8c-2e6c140424b5-142.json
 create mode 100644 specs/artifacts/2026-10-05-connection-workspace-authority/task-runtime-status-implementation/actual-24-task-observation-74924-3ca8e45c-05c6-49bf-ac8c-2e6c140424b5-143.json
 create mode 100644 specs/artifacts/2026-10-05-connection-workspace-authority/task-runtime-status-implementation/actual-24-task-observation-74924-3ca8e45c-05c6-49bf-ac8c-2e6c140424b5-144.json
 create mode 100644 specs/artifacts/2026-10-05-connection-workspace-authority/task-runtime-status-implementation/actual-24-task-observation-74924-3ca8e45c-05c6-49bf-ac8c-2e6c140424b5-145.json
 create mode 100644 specs/artifacts/2026-10-05-connection-workspace-authority/task-runtime-status-implementation/actual-24-task-observation-74924-3ca8e45c-05c6-49bf-ac8c-2e6c140424b5-146.json
 create mode 100644 specs/artifacts/2026-10-05-connection-workspace-authority/task-runtime-status-implementation/actual-24-task-observation-74924-3ca8e45c-05c6-49bf-ac8c-2e6c140424b5-147.json
 create mode 100644 specs/artifacts/2026-10-05-connection-workspace-authority/task-runtime-status-implementation/actual-24-task-observation-74924-3ca8e45c-05c6-49bf-ac8c-2e6c140424b5-148.json
 create mode 100644 specs/artifacts/2026-10-05-connection-workspace-authority/task-runtime-status-implementation/actual-24-task-observation-74924-3ca8e45c-05c6-49bf-ac8c-2e6c140424b5-149.json
 create mode 100644 specs/artifacts/2026-10-05-connection-workspace-authority/task-runtime-status-implementation/actual-24-task-observation-74924-3ca8e45c-05c6-49bf-ac8c-2e6c140424b5-15.json
 create mode 100644 specs/artifacts/2026-10-05-connection-workspace-authority/task-runtime-status-implementation/actual-24-task-observation-74924-3ca8e45c-05c6-49bf-ac8c-2e6c140424b5-150.json
 create mode 100644 specs/artifacts/2026-10-05-connection-workspace-authority/task-runtime-status-implementation/actual-24-task-observation-74924-3ca8e45c-05c6-49bf-ac8c-2e6c140424b5-151.json
 create mode 100644 specs/artifacts/2026-10-05-connection-workspace-authority/task-runtime-status-implementation/actual-24-task-observation-74924-3ca8e45c-05c6-49bf-ac8c-2e6c140424b5-152.json
 create mode 100644 specs/artifacts/2026-10-05-connection-workspace-authority/task-runtime-status-implementation/actual-24-task-observation-74924-3ca8e45c-05c6-49bf-ac8c-2e6c140424b5-153.json
 create mode 100644 specs/artifacts/2026-10-05-connection-workspace-authority/task-runtime-status-implementation/actual-24-task-observation-74924-3ca8e45c-05c6-49bf-ac8c-2e6c140424b5-154.json
 create mode 100644 specs/artifacts/2026-10-05-connection-workspace-authority/task-runtime-status-implementation/actual-24-task-observation-74924-3ca8e45c-05c6-49bf-ac8c-2e6c140424b5-155.json
 create mode 100644 specs/artifacts/2026-10-05-connection-workspace-authority/task-runtime-status-implementation/actual-24-task-observation-74924-3ca8e45c-05c6-49bf-ac8c-2e6c140424b5-156.json
 create mode 100644 specs/artifacts/2026-10-05-connection-workspace-authority/task-runtime-status-implementation/actual-24-task-observation-74924-3ca8e45c-05c6-49bf-ac8c-2e6c140424b5-157.json
 create mode 100644 specs/artifacts/2026-10-05-connection-workspace-authority/task-runtime-status-implementation/actual-24-task-observation-74924-3ca8e45c-05c6-49bf-ac8c-2e6c140424b5-158.json
 create mode 100644 specs/artifacts/2026-10-05-connection-workspace-authority/task-runtime-status-implementation/actual-24-task-observation-74924-3ca8e45c-05c6-49bf-ac8c-2e6c140424b5-159.json
 create mode 100644 specs/artifacts/2026-10-05-connection-workspace-authority/task-runtime-status-implementation/actual-24-task-observation-74924-3ca8e45c-05c6-49bf-ac8c-2e6c140424b5-16.json
 create mode 100644 specs/artifacts/2026-10-05-connection-workspace-authority/task-runtime-status-implementation/actual-24-task-observation-74924-3ca8e45c-05c6-49bf-ac8c-2e6c140424b5-160.json
 create mode 100644 specs/artifacts/2026-10-05-connection-workspace-authority/task-runtime-status-implementation/actual-24-task-observation-74924-3ca8e45c-05c6-49bf-ac8c-2e6c140424b5-161.json
 create mode 100644 specs/artifacts/2026-10-05-connection-workspace-authority/task-runtime-status-implementation/actual-24-task-observation-74924-3ca8e45c-05c6-49bf-ac8c-2e6c140424b5-162.json
 create mode 100644 specs/artifacts/2026-10-05-connection-workspace-authority/task-runtime-status-implementation/actual-24-task-observation-74924-3ca8e45c-05c6-49bf-ac8c-2e6c140424b5-163.json
 create mode 100644 specs/artifacts/2026-10-05-connection-workspace-authority/task-runtime-status-implementation/actual-24-task-observation-74924-3ca8e45c-05c6-49bf-ac8c-2e6c140424b5-164.json
 create mode 100644 specs/artifacts/2026-10-05-connection-workspace-authority/task-runtime-status-implementation/actual-24-task-observation-74924-3ca8e45c-05c6-49bf-ac8c-2e6c140424b5-165.json
 create mode 100644 specs/artifacts/2026-10-05-connection-workspace-authority/task-runtime-status-implementation/actual-24-task-observation-74924-3ca8e45c-05c6-49bf-ac8c-2e6c140424b5-166.json
 create mode 100644 specs/artifacts/2026-10-05-connection-workspace-authority/task-runtime-status-implementation/actual-24-task-observation-74924-3ca8e45c-05c6-49bf-ac8c-2e6c140424b5-167.json
 create mode 100644 specs/artifacts/2026-10-05-connection-workspace-authority/task-runtime-status-implementation/actual-24-task-observation-74924-3ca8e45c-05c6-49bf-ac8c-2e6c140424b5-168.json
 create mode 100644 specs/artifacts/2026-10-05-connection-workspace-authority/task-runtime-status-implementation/actual-24-task-observation-74924-3ca8e45c-05c6-49bf-ac8c-2e6c140424b5-169.json
 create mode 100644 specs/artifacts/2026-10-05-connection-workspace-authority/task-runtime-status-implementation/actual-24-task-observation-74924-3ca8e45c-05c6-49bf-ac8c-2e6c140424b5-17.json
 create mode 100644 specs/artifacts/2026-10-05-connection-workspace-authority/task-runtime-status-implementation/actual-24-task-observation-74924-3ca8e45c-05c6-49bf-ac8c-2e6c140424b5-170.json
 create mode 100644 specs/artifacts/2026-10-05-connection-workspace-authority/task-runtime-status-implementation/actual-24-task-observation-74924-3ca8e45c-05c6-49bf-ac8c-2e6c140424b5-171.json
 create mode 100644 specs/artifacts/2026-10-05-connection-workspace-authority/task-runtime-status-implementation/actual-24-task-observation-74924-3ca8e45c-05c6-49bf-ac8c-2e6c140424b5-172.json
 create mode 100644 specs/artifacts/2026-10-05-connection-workspace-authority/task-runtime-status-implementation/actual-24-task-observation-74924-3ca8e45c-05c6-49bf-ac8c-2e6c140424b5-173.json
 create mode 100644 specs/artifacts/2026-10-05-connection-workspace-authority/task-runtime-status-implementation/actual-24-task-observation-74924-3ca8e45c-05c6-49bf-ac8c-2e6c140424b5-174.json
 create mode 100644 specs/artifacts/2026-10-05-connection-workspace-authority/task-runtime-status-implementation/actual-24-task-observation-74924-3ca8e45c-05c6-49bf-ac8c-2e6c140424b5-175.json
 create mode 100644 specs/artifacts/2026-10-05-connection-workspace-authority/task-runtime-status-implementation/actual-24-task-observation-74924-3ca8e45c-05c6-49bf-ac8c-2e6c140424b5-176.json
 create mode 100644 specs/artifacts/2026-10-05-connection-workspace-authority/task-runtime-status-implementation/actual-24-task-observation-74924-3ca8e45c-05c6-49bf-ac8c-2e6c140424b5-177.json
 create mode 100644 specs/artifacts/2026-10-05-connection-workspace-authority/task-runtime-status-implementation/actual-24-task-observation-74924-3ca8e45c-05c6-49bf-ac8c-2e6c140424b5-178.json
 create mode 100644 specs/artifacts/2026-10-05-connection-workspace-authority/task-runtime-status-implementation/actual-24-task-observation-74924-3ca8e45c-05c6-49bf-ac8c-2e6c140424b5-179.json
 create mode 100644 specs/artifacts/2026-10-05-connection-workspace-authority/task-runtime-status-implementation/actual-24-task-observation-74924-3ca8e45c-05c6-49bf-ac8c-2e6c140424b5-18.json
 create mode 100644 specs/artifacts/2026-10-05-connection-workspace-authority/task-runtime-status-implementation/actual-24-task-observation-74924-3ca8e45c-05c6-49bf-ac8c-2e6c140424b5-180.json
 create mode 100644 specs/artifacts/2026-10-05-connection-workspace-authority/task-runtime-status-implementation/actual-24-task-observation-74924-3ca8e45c-05c6-49bf-ac8c-2e6c140424b5-181.json
 create mode 100644 specs/artifacts/2026-10-05-connection-workspace-authority/task-runtime-status-implementation/actual-24-task-observation-74924-3ca8e45c-05c6-49bf-ac8c-2e6c140424b5-182.json
 create mode 100644 specs/artifacts/2026-10-05-connection-workspace-authority/task-runtime-status-implementation/actual-24-task-observation-74924-3ca8e45c-05c6-49bf-ac8c-2e6c140424b5-183.json
 create mode 100644 specs/artifacts/2026-10-05-connection-workspace-authority/task-runtime-status-implementation/actual-24-task-observation-74924-3ca8e45c-05c6-49bf-ac8c-2e6c140424b5-184.json
 create mode 100644 specs/artifacts/2026-10-05-connection-workspace-authority/task-runtime-status-implementation/actual-24-task-observation-74924-3ca8e45c-05c6-49bf-ac8c-2e6c140424b5-185.json
 create mode 100644 specs/artifacts/2026-10-05-connection-workspace-authority/task-runtime-status-implementation/actual-24-task-observation-74924-3ca8e45c-05c6-49bf-ac8c-2e6c140424b5-186.json
 create mode 100644 specs/artifacts/2026-10-05-connection-workspace-authority/task-runtime-status-implementation/actual-24-task-observation-74924-3ca8e45c-05c6-49bf-ac8c-2e6c140424b5-187.json
 create mode 100644 specs/artifacts/2026-10-05-connection-workspace-authority/task-runtime-status-implementation/actual-24-task-observation-74924-3ca8e45c-05c6-49bf-ac8c-2e6c140424b5-188.json
 create mode 100644 specs/artifacts/2026-10-05-connection-workspace-authority/task-runtime-status-implementation/actual-24-task-observation-74924-3ca8e45c-05c6-49bf-ac8c-2e6c140424b5-189.json
 create mode 100644 specs/artifacts/2026-10-05-connection-workspace-authority/task-runtime-status-implementation/actual-24-task-observation-74924-3ca8e45c-05c6-49bf-ac8c-2e6c140424b5-19.json
 create mode 100644 specs/artifacts/2026-10-05-connection-workspace-authority/task-runtime-status-implementation/actual-24-task-observation-74924-3ca8e45c-05c6-49bf-ac8c-2e6c140424b5-190.json
 create mode 100644 specs/artifacts/2026-10-05-connection-workspace-authority/task-runtime-status-implementation/actual-24-task-observation-74924-3ca8e45c-05c6-49bf-ac8c-2e6c140424b5-191.json
 create mode 100644 specs/artifacts/2026-10-05-connection-workspace-authority/task-runtime-status-implementation/actual-24-task-observation-74924-3ca8e45c-05c6-49bf-ac8c-2e6c140424b5-192.json
 create mode 100644 specs/artifacts/2026-10-05-connection-workspace-authority/task-runtime-status-implementation/actual-24-task-observation-74924-3ca8e45c-05c6-49bf-ac8c-2e6c140424b5-193.json
 create mode 100644 specs/artifacts/2026-10-05-connection-workspace-authority/task-runtime-status-implementation/actual-24-task-observation-74924-3ca8e45c-05c6-49bf-ac8c-2e6c140424b5-194.json
 create mode 100644 specs/artifacts/2026-10-05-connection-workspace-authority/task-runtime-status-implementation/actual-24-task-observation-74924-3ca8e45c-05c6-49bf-ac8c-2e6c140424b5-195.json
 create mode 100644 specs/artifacts/2026-10-05-connection-workspace-authority/task-runtime-status-implementation/actual-24-task-observation-74924-3ca8e45c-05c6-49bf-ac8c-2e6c140424b5-196.json
 create mode 100644 specs/artifacts/2026-10-05-connection-workspace-authority/task-runtime-status-implementation/actual-24-task-observation-74924-3ca8e45c-05c6-49bf-ac8c-2e6c140424b5-197.json
 create mode 100644 specs/artifacts/2026-10-05-connection-workspace-authority/task-runtime-status-implementation/actual-24-task-observation-74924-3ca8e45c-05c6-49bf-ac8c-2e6c140424b5-198.json
 create mode 100644 specs/artifacts/2026-10-05-connection-workspace-authority/task-runtime-status-implementation/actual-24-task-observation-74924-3ca8e45c-05c6-49bf-ac8c-2e6c140424b5-199.json
 create mode 100644 specs/artifacts/2026-10-05-connection-workspace-authority/task-runtime-status-implementation/actual-24-task-observation-74924-3ca8e45c-05c6-49bf-ac8c-2e6c140424b5-2.json
 create mode 100644 specs/artifacts/2026-10-05-connection-workspace-authority/task-runtime-status-implementation/actual-24-task-observation-74924-3ca8e45c-05c6-49bf-ac8c-2e6c140424b5-20.json
 create mode 100644 specs/artifacts/2026-10-05-connection-workspace-authority/task-runtime-status-implementation/actual-24-task-observation-74924-3ca8e45c-05c6-49bf-ac8c-2e6c140424b5-200.json
 create mode 100644 specs/artifacts/2026-10-05-connection-workspace-authority/task-runtime-status-implementation/actual-24-task-observation-74924-3ca8e45c-05c6-49bf-ac8c-2e6c140424b5-201.json
 create mode 100644 specs/artifacts/2026-10-05-connection-workspace-authority/task-runtime-status-implementation/actual-24-task-observation-74924-3ca8e45c-05c6-49bf-ac8c-2e6c140424b5-202.json
 create mode 100644 specs/artifacts/2026-10-05-connection-workspace-authority/task-runtime-status-implementation/actual-24-task-observation-74924-3ca8e45c-05c6-49bf-ac8c-2e6c140424b5-203.json
 create mode 100644 specs/artifacts/2026-10-05-connection-workspace-authority/task-runtime-status-implementation/actual-24-task-observation-74924-3ca8e45c-05c6-49bf-ac8c-2e6c140424b5-204.json
 create mode 100644 specs/artifacts/2026-10-05-connection-workspace-authority/task-runtime-status-implementation/actual-24-task-observation-74924-3ca8e45c-05c6-49bf-ac8c-2e6c140424b5-205.json
 create mode 100644 specs/artifacts/2026-10-05-connection-workspace-authority/task-runtime-status-implementation/actual-24-task-observation-74924-3ca8e45c-05c6-49bf-ac8c-2e6c140424b5-206.json
 create mode 100644 specs/artifacts/2026-10-05-connection-workspace-authority/task-runtime-status-implementation/actual-24-task-observation-74924-3ca8e45c-05c6-49bf-ac8c-2e6c140424b5-207.json
 create mode 100644 specs/artifacts/2026-10-05-connection-workspace-authority/task-runtime-status-implementation/actual-24-task-observation-74924-3ca8e45c-05c6-49bf-ac8c-2e6c140424b5-208.json
 create mode 100644 specs/artifacts/2026-10-05-connection-workspace-authority/task-runtime-status-implementation/actual-24-task-observation-74924-3ca8e45c-05c6-49bf-ac8c-2e6c140424b5-209.json
 create mode 100644 specs/artifacts/2026-10-05-connection-workspace-authority/task-runtime-status-implementation/actual-24-task-observation-74924-3ca8e45c-05c6-49bf-ac8c-2e6c140424b5-21.json
 create mode 100644 specs/artifacts/2026-10-05-connection-workspace-authority/task-runtime-status-implementation/actual-24-task-observation-74924-3ca8e45c-05c6-49bf-ac8c-2e6c140424b5-210.json
 create mode 100644 specs/artifacts/2026-10-05-connection-workspace-authority/task-runtime-status-implementation/actual-24-task-observation-74924-3ca8e45c-05c6-49bf-ac8c-2e6c140424b5-211.json
 create mode 100644 specs/artifacts/2026-10-05-connection-workspace-authority/task-runtime-status-implementation/actual-24-task-observation-74924-3ca8e45c-05c6-49bf-ac8c-2e6c140424b5-212.json
 create mode 100644 specs/artifacts/2026-10-05-connection-workspace-authority/task-runtime-status-implementation/actual-24-task-observation-74924-3ca8e45c-05c6-49bf-ac8c-2e6c140424b5-213.json
 create mode 100644 specs/artifacts/2026-10-05-connection-workspace-authority/task-runtime-status-implementation/actual-24-task-observation-74924-3ca8e45c-05c6-49bf-ac8c-2e6c140424b5-214.json
 create mode 100644 specs/artifacts/2026-10-05-connection-workspace-authority/task-runtime-status-implementation/actual-24-task-observation-74924-3ca8e45c-05c6-49bf-ac8c-2e6c140424b5-215.json
 create mode 100644 specs/artifacts/2026-10-05-connection-workspace-authority/task-runtime-status-implementation/actual-24-task-observation-74924-3ca8e45c-05c6-49bf-ac8c-2e6c140424b5-216.json
 create mode 100644 specs/artifacts/2026-10-05-connection-workspace-authority/task-runtime-status-implementation/actual-24-task-observation-74924-3ca8e45c-05c6-49bf-ac8c-2e6c140424b5-217.json
 create mode 100644 specs/artifacts/2026-10-05-connection-workspace-authority/task-runtime-status-implementation/actual-24-task-observation-74924-3ca8e45c-05c6-49bf-ac8c-2e6c140424b5-218.json
 create mode 100644 specs/artifacts/2026-10-05-connection-workspace-authority/task-runtime-status-implementation/actual-24-task-observation-74924-3ca8e45c-05c6-49bf-ac8c-2e6c140424b5-219.json
 create mode 100644 specs/artifacts/2026-10-05-connection-workspace-authority/task-runtime-status-implementation/actual-24-task-observation-74924-3ca8e45c-05c6-49bf-ac8c-2e6c140424b5-22.json
 create mode 100644 specs/artifacts/2026-10-05-connection-workspace-authority/task-runtime-status-implementation/actual-24-task-observation-74924-3ca8e45c-05c6-49bf-ac8c-2e6c140424b5-220.json
 create mode 100644 specs/artifacts/2026-10-05-connection-workspace-authority/task-runtime-status-implementation/actual-24-task-observation-74924-3ca8e45c-05c6-49bf-ac8c-2e6c140424b5-221.json
 create mode 100644 specs/artifacts/2026-10-05-connection-workspace-authority/task-runtime-status-implementation/actual-24-task-observation-74924-3ca8e45c-05c6-49bf-ac8c-2e6c140424b5-222.json
 create mode 100644 specs/artifacts/2026-10-05-connection-workspace-authority/task-runtime-status-implementation/actual-24-task-observation-74924-3ca8e45c-05c6-49bf-ac8c-2e6c140424b5-223.json
 create mode 100644 specs/artifacts/2026-10-05-connection-workspace-authority/task-runtime-status-implementation/actual-24-task-observation-74924-3ca8e45c-05c6-49bf-ac8c-2e6c140424b5-224.json
 create mode 100644 specs/artifacts/2026-10-05-connection-workspace-authority/task-runtime-status-implementation/actual-24-task-observation-74924-3ca8e45c-05c6-49bf-ac8c-2e6c140424b5-225.json
 create mode 100644 specs/artifacts/2026-10-05-connection-workspace-authority/task-runtime-status-implementation/actual-24-task-observation-74924-3ca8e45c-05c6-49bf-ac8c-2e6c140424b5-226.json
 create mode 100644 specs/artifacts/2026-10-05-connection-workspace-authority/task-runtime-status-implementation/actual-24-task-observation-74924-3ca8e45c-05c6-49bf-ac8c-2e6c140424b5-227.json
 create mode 100644 specs/artifacts/2026-10-05-connection-workspace-authority/task-runtime-status-implementation/actual-24-task-observation-74924-3ca8e45c-05c6-49bf-ac8c-2e6c140424b5-228.json
 create mode 100644 specs/artifacts/2026-10-05-connection-workspace-authority/task-runtime-status-implementation/actual-24-task-observation-74924-3ca8e45c-05c6-49bf-ac8c-2e6c140424b5-229.json
 create mode 100644 specs/artifacts/2026-10-05-connection-workspace-authority/task-runtime-status-implementation/actual-24-task-observation-74924-3ca8e45c-05c6-49bf-ac8c-2e6c140424b5-23.json
 create mode 100644 specs/artifacts/2026-10-05-connection-workspace-authority/task-runtime-status-implementation/actual-24-task-observation-74924-3ca8e45c-05c6-49bf-ac8c-2e6c140424b5-230.json
 create mode 100644 specs/artifacts/2026-10-05-connection-workspace-authority/task-runtime-status-implementation/actual-24-task-observation-74924-3ca8e45c-05c6-49bf-ac8c-2e6c140424b5-231.json
 create mode 100644 specs/artifacts/2026-10-05-connection-workspace-authority/task-runtime-status-implementation/actual-24-task-observation-74924-3ca8e45c-05c6-49bf-ac8c-2e6c140424b5-232.json
 create mode 100644 specs/artifacts/2026-10-05-connection-workspace-authority/task-runtime-status-implementation/actual-24-task-observation-74924-3ca8e45c-05c6-49bf-ac8c-2e6c140424b5-233.json
 create mode 100644 specs/artifacts/2026-10-05-connection-workspace-authority/task-runtime-status-implementation/actual-24-task-observation-74924-3ca8e45c-05c6-49bf-ac8c-2e6c140424b5-234.json
 create mode 100644 specs/artifacts/2026-10-05-connection-workspace-authority/task-runtime-status-implementation/actual-24-task-observation-74924-3ca8e45c-05c6-49bf-ac8c-2e6c140424b5-235.json
 create mode 100644 specs/artifacts/2026-10-05-connection-workspace-authority/task-runtime-status-implementation/actual-24-task-observation-74924-3ca8e45c-05c6-49bf-ac8c-2e6c140424b5-236.json
 create mode 100644 specs/artifacts/2026-10-05-connection-workspace-authority/task-runtime-status-implementation/actual-24-task-observation-74924-3ca8e45c-05c6-49bf-ac8c-2e6c140424b5-237.json
 create mode 100644 specs/artifacts/2026-10-05-connection-workspace-authority/task-runtime-status-implementation/actual-24-task-observation-74924-3ca8e45c-05c6-49bf-ac8c-2e6c140424b5-238.json
 create mode 100644 specs/artifacts/2026-10-05-connection-workspace-authority/task-runtime-status-implementation/actual-24-task-observation-74924-3ca8e45c-05c6-49bf-ac8c-2e6c140424b5-239.json
 create mode 100644 specs/artifacts/2026-10-05-connection-workspace-authority/task-runtime-status-implementation/actual-24-task-observation-74924-3ca8e45c-05c6-49bf-ac8c-2e6c140424b5-24.json
 create mode 100644 specs/artifacts/2026-10-05-connection-workspace-authority/task-runtime-status-implementation/actual-24-task-observation-74924-3ca8e45c-05c6-49bf-ac8c-2e6c140424b5-240.json
 create mode 100644 specs/artifacts/2026-10-05-connection-workspace-authority/task-runtime-status-implementation/actual-24-task-observation-74924-3ca8e45c-05c6-49bf-ac8c-2e6c140424b5-241.json
 create mode 100644 specs/artifacts/2026-10-05-connection-workspace-authority/task-runtime-status-implementation/actual-24-task-observation-74924-3ca8e45c-05c6-49bf-ac8c-2e6c140424b5-242.json
 create mode 100644 specs/artifacts/2026-10-05-connection-workspace-authority/task-runtime-status-implementation/actual-24-task-observation-74924-3ca8e45c-05c6-49bf-ac8c-2e6c140424b5-243.json
 create mode 100644 specs/artifacts/2026-10-05-connection-workspace-authority/task-runtime-status-implementation/actual-24-task-observation-74924-3ca8e45c-05c6-49bf-ac8c-2e6c140424b5-244.json
 create mode 100644 specs/artifacts/2026-10-05-connection-workspace-authority/task-runtime-status-implementation/actual-24-task-observation-74924-3ca8e45c-05c6-49bf-ac8c-2e6c140424b5-245.json
 create mode 100644 specs/artifacts/2026-10-05-connection-workspace-authority/task-runtime-status-implementation/actual-24-task-observation-74924-3ca8e45c-05c6-49bf-ac8c-2e6c140424b5-246.json
 create mode 100644 specs/artifacts/2026-10-05-connection-workspace-authority/task-runtime-status-implementation/actual-24-task-observation-74924-3ca8e45c-05c6-49bf-ac8c-2e6c140424b5-247.json
 create mode 100644 specs/artifacts/2026-10-05-connection-workspace-authority/task-runtime-status-implementation/actual-24-task-observation-74924-3ca8e45c-05c6-49bf-ac8c-2e6c140424b5-248.json
 create mode 100644 specs/artifacts/2026-10-05-connection-workspace-authority/task-runtime-status-implementation/actual-24-task-observation-74924-3ca8e45c-05c6-49bf-ac8c-2e6c140424b5-249.json
 create mode 100644 specs/artifacts/2026-10-05-connection-workspace-authority/task-runtime-status-implementation/actual-24-task-observation-74924-3ca8e45c-05c6-49bf-ac8c-2e6c140424b5-25.json
 create mode 100644 specs/artifacts/2026-10-05-connection-workspace-authority/task-runtime-status-implementation/actual-24-task-observation-74924-3ca8e45c-05c6-49bf-ac8c-2e6c140424b5-250.json
 create mode 100644 specs/artifacts/2026-10-05-connection-workspace-authority/task-runtime-status-implementation/actual-24-task-observation-74924-3ca8e45c-05c6-49bf-ac8c-2e6c140424b5-251.json
 create mode 100644 specs/artifacts/2026-10-05-connection-workspace-authority/task-runtime-status-implementation/actual-24-task-observation-74924-3ca8e45c-05c6-49bf-ac8c-2e6c140424b5-252.json
 create mode 100644 specs/artifacts/2026-10-05-connection-workspace-authority/task-runtime-status-implementation/actual-24-task-observation-74924-3ca8e45c-05c6-49bf-ac8c-2e6c140424b5-253.json
 create mode 100644 specs/artifacts/2026-10-05-connection-workspace-authority/task-runtime-status-implementation/actual-24-task-observation-74924-3ca8e45c-05c6-49bf-ac8c-2e6c140424b5-254.json
 create mode 100644 specs/artifacts/2026-10-05-connection-workspace-authority/task-runtime-status-implementation/actual-24-task-observation-74924-3ca8e45c-05c6-49bf-ac8c-2e6c140424b5-255.json
 create mode 100644 specs/artifacts/2026-10-05-connection-workspace-authority/task-runtime-status-implementation/actual-24-task-observation-74924-3ca8e45c-05c6-49bf-ac8c-2e6c140424b5-256.json
 create mode 100644 specs/artifacts/2026-10-05-connection-workspace-authority/task-runtime-status-implementation/actual-24-task-observation-74924-3ca8e45c-05c6-49bf-ac8c-2e6c140424b5-257.json
 create mode 100644 specs/artifacts/2026-10-05-connection-workspace-authority/task-runtime-status-implementation/actual-24-task-observation-74924-3ca8e45c-05c6-49bf-ac8c-2e6c140424b5-258.json
 create mode 100644 specs/artifacts/2026-10-05-connection-workspace-authority/task-runtime-status-implementation/actual-24-task-observation-74924-3ca8e45c-05c6-49bf-ac8c-2e6c140424b5-259.json
 create mode 100644 specs/artifacts/2026-10-05-connection-workspace-authority/task-runtime-status-implementation/actual-24-task-observation-74924-3ca8e45c-05c6-49bf-ac8c-2e6c140424b5-26.json
 create mode 100644 specs/artifacts/2026-10-05-connection-workspace-authority/task-runtime-status-implementation/actual-24-task-observation-74924-3ca8e45c-05c6-49bf-ac8c-2e6c140424b5-260.json
 create mode 100644 specs/artifacts/2026-10-05-connection-workspace-authority/task-runtime-status-implementation/actual-24-task-observation-74924-3ca8e45c-05c6-49bf-ac8c-2e6c140424b5-261.json
 create mode 100644 specs/artifacts/2026-10-05-connection-workspace-authority/task-runtime-status-implementation/actual-24-task-observation-74924-3ca8e45c-05c6-49bf-ac8c-2e6c140424b5-262.json
 create mode 100644 specs/artifacts/2026-10-05-connection-workspace-authority/task-runtime-status-implementation/actual-24-task-observation-74924-3ca8e45c-05c6-49bf-ac8c-2e6c140424b5-263.json
 create mode 100644 specs/artifacts/2026-10-05-connection-workspace-authority/task-runtime-status-implementation/actual-24-task-observation-74924-3ca8e45c-05c6-49bf-ac8c-2e6c140424b5-264.json
 create mode 100644 specs/artifacts/2026-10-05-connection-workspace-authority/task-runtime-status-implementation/actual-24-task-observation-74924-3ca8e45c-05c6-49bf-ac8c-2e6c140424b5-265.json
 create mode 100644 specs/artifacts/2026-10-05-connection-workspace-authority/task-runtime-status-implementation/actual-24-task-observation-74924-3ca8e45c-05c6-49bf-ac8c-2e6c140424b5-266.json
 create mode 100644 specs/artifacts/2026-10-05-connection-workspace-authority/task-runtime-status-implementation/actual-24-task-observation-74924-3ca8e45c-05c6-49bf-ac8c-2e6c140424b5-267.json
 create mode 100644 specs/artifacts/2026-10-05-connection-workspace-authority/task-runtime-status-implementation/actual-24-task-observation-74924-3ca8e45c-05c6-49bf-ac8c-2e6c140424b5-268.json
 create mode 100644 specs/artifacts/2026-10-05-connection-workspace-authority/task-runtime-status-implementation/actual-24-task-observation-74924-3ca8e45c-05c6-49bf-ac8c-2e6c140424b5-269.json
 create mode 100644 specs/artifacts/2026-10-05-connection-workspace-authority/task-runtime-status-implementation/actual-24-task-observation-74924-3ca8e45c-05c6-49bf-ac8c-2e6c140424b5-27.json
 create mode 100644 specs/artifacts/2026-10-05-connection-workspace-authority/task-runtime-status-implementation/actual-24-task-observation-74924-3ca8e45c-05c6-49bf-ac8c-2e6c140424b5-270.json
 create mode 100644 specs/artifacts/2026-10-05-connection-workspace-authority/task-runtime-status-implementation/actual-24-task-observation-74924-3ca8e45c-05c6-49bf-ac8c-2e6c140424b5-271.json
 create mode 100644 specs/artifacts/2026-10-05-connection-workspace-authority/task-runtime-status-implementation/actual-24-task-observation-74924-3ca8e45c-05c6-49bf-ac8c-2e6c140424b5-272.json
 create mode 100644 specs/artifacts/2026-10-05-connection-workspace-authority/task-runtime-status-implementation/actual-24-task-observation-74924-3ca8e45c-05c6-49bf-ac8c-2e6c140424b5-273.json
 create mode 100644 specs/artifacts/2026-10-05-connection-workspace-authority/task-runtime-status-implementation/actual-24-task-observation-74924-3ca8e45c-05c6-49bf-ac8c-2e6c140424b5-274.json
 create mode 100644 specs/artifacts/2026-10-05-connection-workspace-authority/task-runtime-status-implementation/actual-24-task-observation-74924-3ca8e45c-05c6-49bf-ac8c-2e6c140424b5-275.json
 create mode 100644 specs/artifacts/2026-10-05-connection-workspace-authority/task-runtime-status-implementation/actual-24-task-observation-74924-3ca8e45c-05c6-49bf-ac8c-2e6c140424b5-276.json
 create mode 100644 specs/artifacts/2026-10-05-connection-workspace-authority/task-runtime-status-implementation/actual-24-task-observation-74924-3ca8e45c-05c6-49bf-ac8c-2e6c140424b5-277.json
 create mode 100644 specs/artifacts/2026-10-05-connection-workspace-authority/task-runtime-status-implementation/actual-24-task-observation-74924-3ca8e45c-05c6-49bf-ac8c-2e6c140424b5-278.json
 create mode 100644 specs/artifacts/2026-10-05-connection-workspace-authority/task-runtime-status-implementation/actual-24-task-observation-74924-3ca8e45c-05c6-49bf-ac8c-2e6c140424b5-279.json
 create mode 100644 specs/artifacts/2026-10-05-connection-workspace-authority/task-runtime-status-implementation/actual-24-task-observation-74924-3ca8e45c-05c6-49bf-ac8c-2e6c140424b5-28.json
 create mode 100644 specs/artifacts/2026-10-05-connection-workspace-authority/task-runtime-status-implementation/actual-24-task-observation-74924-3ca8e45c-05c6-49bf-ac8c-2e6c140424b5-280.json
 create mode 100644 specs/artifacts/2026-10-05-connection-workspace-authority/task-runtime-status-implementation/actual-24-task-observation-74924-3ca8e45c-05c6-49bf-ac8c-2e6c140424b5-281.json
 create mode 100644 specs/artifacts/2026-10-05-connection-workspace-authority/task-runtime-status-implementation/actual-24-task-observation-74924-3ca8e45c-05c6-49bf-ac8c-2e6c140424b5-282.json
 create mode 100644 specs/artifacts/2026-10-05-connection-workspace-authority/task-runtime-status-implementation/actual-24-task-observation-74924-3ca8e45c-05c6-49bf-ac8c-2e6c140424b5-283.json
 create mode 100644 specs/artifacts/2026-10-05-connection-workspace-authority/task-runtime-status-implementation/actual-24-task-observation-74924-3ca8e45c-05c6-49bf-ac8c-2e6c140424b5-284.json
 create mode 100644 specs/artifacts/2026-10-05-connection-workspace-authority/task-runtime-status-implementation/actual-24-task-observation-74924-3ca8e45c-05c6-49bf-ac8c-2e6c140424b5-285.json
 create mode 100644 specs/artifacts/2026-10-05-connection-workspace-authority/task-runtime-status-implementation/actual-24-task-observation-74924-3ca8e45c-05c6-49bf-ac8c-2e6c140424b5-286.json
 create mode 100644 specs/artifacts/2026-10-05-connection-workspace-authority/task-runtime-status-implementation/actual-24-task-observation-74924-3ca8e45c-05c6-49bf-ac8c-2e6c140424b5-287.json
 create mode 100644 specs/artifacts/2026-10-05-connection-workspace-authority/task-runtime-status-implementation/actual-24-task-observation-74924-3ca8e45c-05c6-49bf-ac8c-2e6c140424b5-288.json
 create mode 100644 specs/artifacts/2026-10-05-connection-workspace-authority/task-runtime-status-implementation/actual-24-task-observation-74924-3ca8e45c-05c6-49bf-ac8c-2e6c140424b5-289.json
 create mode 100644 specs/artifacts/2026-10-05-connection-workspace-authority/task-runtime-status-implementation/actual-24-task-observation-74924-3ca8e45c-05c6-49bf-ac8c-2e6c140424b5-29.json
 create mode 100644 specs/artifacts/2026-10-05-connection-workspace-authority/task-runtime-status-implementation/actual-24-task-observation-74924-3ca8e45c-05c6-49bf-ac8c-2e6c140424b5-290.json
 create mode 100644 specs/artifacts/2026-10-05-connection-workspace-authority/task-runtime-status-implementation/actual-24-task-observation-74924-3ca8e45c-05c6-49bf-ac8c-2e6c140424b5-291.json
 create mode 100644 specs/artifacts/2026-10-05-connection-workspace-authority/task-runtime-status-implementation/actual-24-task-observation-74924-3ca8e45c-05c6-49bf-ac8c-2e6c140424b5-292.json
 create mode 100644 specs/artifacts/2026-10-05-connection-workspace-authority/task-runtime-status-implementation/actual-24-task-observation-74924-3ca8e45c-05c6-49bf-ac8c-2e6c140424b5-293.json
 create mode 100644 specs/artifacts/2026-10-05-connection-workspace-authority/task-runtime-status-implementation/actual-24-task-observation-74924-3ca8e45c-05c6-49bf-ac8c-2e6c140424b5-294.json
 create mode 100644 specs/artifacts/2026-10-05-connection-workspace-authority/task-runtime-status-implementation/actual-24-task-observation-74924-3ca8e45c-05c6-49bf-ac8c-2e6c140424b5-295.json
 create mode 100644 specs/artifacts/2026-10-05-connection-workspace-authority/task-runtime-status-implementation/actual-24-task-observation-74924-3ca8e45c-05c6-49bf-ac8c-2e6c140424b5-296.json
 create mode 100644 specs/artifacts/2026-10-05-connection-workspace-authority/task-runtime-status-implementation/actual-24-task-observation-74924-3ca8e45c-05c6-49bf-ac8c-2e6c140424b5-297.json
 create mode 100644 specs/artifacts/2026-10-05-connection-workspace-authority/task-runtime-status-implementation/actual-24-task-observation-74924-3ca8e45c-05c6-49bf-ac8c-2e6c140424b5-298.json
 create mode 100644 specs/artifacts/2026-10-05-connection-workspace-authority/task-runtime-status-implementation/actual-24-task-observation-74924-3ca8e45c-05c6-49bf-ac8c-2e6c140424b5-299.json
 create mode 100644 specs/artifacts/2026-10-05-connection-workspace-authority/task-runtime-status-implementation/actual-24-task-observation-74924-3ca8e45c-05c6-49bf-ac8c-2e6c140424b5-3.json
 create mode 100644 specs/artifacts/2026-10-05-connection-workspace-authority/task-runtime-status-implementation/actual-24-task-observation-74924-3ca8e45c-05c6-49bf-ac8c-2e6c140424b5-30.json
 create mode 100644 specs/artifacts/2026-10-05-connection-workspace-authority/task-runtime-status-implementation/actual-24-task-observation-74924-3ca8e45c-05c6-49bf-ac8c-2e6c140424b5-300.json
 create mode 100644 specs/artifacts/2026-10-05-connection-workspace-authority/task-runtime-status-implementation/actual-24-task-observation-74924-3ca8e45c-05c6-49bf-ac8c-2e6c140424b5-301.json
 create mode 100644 specs/artifacts/2026-10-05-connection-workspace-authority/task-runtime-status-implementation/actual-24-task-observation-74924-3ca8e45c-05c6-49bf-ac8c-2e6c140424b5-302.json
 create mode 100644 specs/artifacts/2026-10-05-connection-workspace-authority/task-runtime-status-implementation/actual-24-task-observation-74924-3ca8e45c-05c6-49bf-ac8c-2e6c140424b5-303.json
 create mode 100644 specs/artifacts/2026-10-05-connection-workspace-authority/task-runtime-status-implementation/actual-24-task-observation-74924-3ca8e45c-05c6-49bf-ac8c-2e6c140424b5-304.json
 create mode 100644 specs/artifacts/2026-10-05-connection-workspace-authority/task-runtime-status-implementation/actual-24-task-observation-74924-3ca8e45c-05c6-49bf-ac8c-2e6c140424b5-305.json
 create mode 100644 specs/artifacts/2026-10-05-connection-workspace-authority/task-runtime-status-implementation/actual-24-task-observation-74924-3ca8e45c-05c6-49bf-ac8c-2e6c140424b5-306.json
 create mode 100644 specs/artifacts/2026-10-05-connection-workspace-authority/task-runtime-status-implementation/actual-24-task-observation-74924-3ca8e45c-05c6-49bf-ac8c-2e6c140424b5-307.json
 create mode 100644 specs/artifacts/2026-10-05-connection-workspace-authority/task-runtime-status-implementation/actual-24-task-observation-74924-3ca8e45c-05c6-49bf-ac8c-2e6c140424b5-308.json
 create mode 100644 specs/artifacts/2026-10-05-connection-workspace-authority/task-runtime-status-implementation/actual-24-task-observation-74924-3ca8e45c-05c6-49bf-ac8c-2e6c140424b5-309.json
 create mode 100644 specs/artifacts/2026-10-05-connection-workspace-authority/task-runtime-status-implementation/actual-24-task-observation-74924-3ca8e45c-05c6-49bf-ac8c-2e6c140424b5-31.json
 create mode 100644 specs/artifacts/2026-10-05-connection-workspace-authority/task-runtime-status-implementation/actual-24-task-observation-74924-3ca8e45c-05c6-49bf-ac8c-2e6c140424b5-310.json
 create mode 100644 specs/artifacts/2026-10-05-connection-workspace-authority/task-runtime-status-implementation/actual-24-task-observation-74924-3ca8e45c-05c6-49bf-ac8c-2e6c140424b5-311.json
 create mode 100644 specs/artifacts/2026-10-05-connection-workspace-authority/task-runtime-status-implementation/actual-24-task-observation-74924-3ca8e45c-05c6-49bf-ac8c-2e6c140424b5-312.json
 create mode 100644 specs/artifacts/2026-10-05-connection-workspace-authority/task-runtime-status-implementation/actual-24-task-observation-74924-3ca8e45c-05c6-49bf-ac8c-2e6c140424b5-313.json
 create mode 100644 specs/artifacts/2026-10-05-connection-workspace-authority/task-runtime-status-implementation/actual-24-task-observation-74924-3ca8e45c-05c6-49bf-ac8c-2e6c140424b5-314.json
 create mode 100644 specs/artifacts/2026-10-05-connection-workspace-authority/task-runtime-status-implementation/actual-24-task-observation-74924-3ca8e45c-05c6-49bf-ac8c-2e6c140424b5-315.json
 create mode 100644 specs/artifacts/2026-10-05-connection-workspace-authority/task-runtime-status-implementation/actual-24-task-observation-74924-3ca8e45c-05c6-49bf-ac8c-2e6c140424b5-316.json
 create mode 100644 specs/artifacts/2026-10-05-connection-workspace-authority/task-runtime-status-implementation/actual-24-task-observation-74924-3ca8e45c-05c6-49bf-ac8c-2e6c140424b5-317.json
 create mode 100644 specs/artifacts/2026-10-05-connection-workspace-authority/task-runtime-status-implementation/actual-24-task-observation-74924-3ca8e45c-05c6-49bf-ac8c-2e6c140424b5-318.json
 create mode 100644 specs/artifacts/2026-10-05-connection-workspace-authority/task-runtime-status-implementation/actual-24-task-observation-74924-3ca8e45c-05c6-49bf-ac8c-2e6c140424b5-319.json
 create mode 100644 specs/artifacts/2026-10-05-connection-workspace-authority/task-runtime-status-implementation/actual-24-task-observation-74924-3ca8e45c-05c6-49bf-ac8c-2e6c140424b5-32.json
 create mode 100644 specs/artifacts/2026-10-05-connection-workspace-authority/task-runtime-status-implementation/actual-24-task-observation-74924-3ca8e45c-05c6-49bf-ac8c-2e6c140424b5-320.json
 create mode 100644 specs/artifacts/2026-10-05-connection-workspace-authority/task-runtime-status-implementation/actual-24-task-observation-74924-3ca8e45c-05c6-49bf-ac8c-2e6c140424b5-321.json
 create mode 100644 specs/artifacts/2026-10-05-connection-workspace-authority/task-runtime-status-implementation/actual-24-task-observation-74924-3ca8e45c-05c6-49bf-ac8c-2e6c140424b5-322.json
 create mode 100644 specs/artifacts/2026-10-05-connection-workspace-authority/task-runtime-status-implementation/actual-24-task-observation-74924-3ca8e45c-05c6-49bf-ac8c-2e6c140424b5-323.json
 create mode 100644 specs/artifacts/2026-10-05-connection-workspace-authority/task-runtime-status-implementation/actual-24-task-observation-74924-3ca8e45c-05c6-49bf-ac8c-2e6c140424b5-324.json
 create mode 100644 specs/artifacts/2026-10-05-connection-workspace-authority/task-runtime-status-implementation/actual-24-task-observation-74924-3ca8e45c-05c6-49bf-ac8c-2e6c140424b5-325.json
 create mode 100644 specs/artifacts/2026-10-05-connection-workspace-authority/task-runtime-status-implementation/actual-24-task-observation-74924-3ca8e45c-05c6-49bf-ac8c-2e6c140424b5-326.json
 create mode 100644 specs/artifacts/2026-10-05-connection-workspace-authority/task-runtime-status-implementation/actual-24-task-observation-74924-3ca8e45c-05c6-49bf-ac8c-2e6c140424b5-327.json
 create mode 100644 specs/artifacts/2026-10-05-connection-workspace-authority/task-runtime-status-implementation/actual-24-task-observation-74924-3ca8e45c-05c6-49bf-ac8c-2e6c140424b5-328.json
 create mode 100644 specs/artifacts/2026-10-05-connection-workspace-authority/task-runtime-status-implementation/actual-24-task-observation-74924-3ca8e45c-05c6-49bf-ac8c-2e6c140424b5-329.json
 create mode 100644 specs/artifacts/2026-10-05-connection-workspace-authority/task-runtime-status-implementation/actual-24-task-observation-74924-3ca8e45c-05c6-49bf-ac8c-2e6c140424b5-33.json
 create mode 100644 specs/artifacts/2026-10-05-connection-workspace-authority/task-runtime-status-implementation/actual-24-task-observation-74924-3ca8e45c-05c6-49bf-ac8c-2e6c140424b5-330.json
 create mode 100644 specs/artifacts/2026-10-05-connection-workspace-authority/task-runtime-status-implementation/actual-24-task-observation-74924-3ca8e45c-05c6-49bf-ac8c-2e6c140424b5-331.json
 create mode 100644 specs/artifacts/2026-10-05-connection-workspace-authority/task-runtime-status-implementation/actual-24-task-observation-74924-3ca8e45c-05c6-49bf-ac8c-2e6c140424b5-332.json
 create mode 100644 specs/artifacts/2026-10-05-connection-workspace-authority/task-runtime-status-implementation/actual-24-task-observation-74924-3ca8e45c-05c6-49bf-ac8c-2e6c140424b5-333.json
 create mode 100644 specs/artifacts/2026-10-05-connection-workspace-authority/task-runtime-status-implementation/actual-24-task-observation-74924-3ca8e45c-05c6-49bf-ac8c-2e6c140424b5-334.json
 create mode 100644 specs/artifacts/2026-10-05-connection-workspace-authority/task-runtime-status-implementation/actual-24-task-observation-74924-3ca8e45c-05c6-49bf-ac8c-2e6c140424b5-335.json
 create mode 100644 specs/artifacts/2026-10-05-connection-workspace-authority/task-runtime-status-implementation/actual-24-task-observation-74924-3ca8e45c-05c6-49bf-ac8c-2e6c140424b5-336.json
 create mode 100644 specs/artifacts/2026-10-05-connection-workspace-authority/task-runtime-status-implementation/actual-24-task-observation-74924-3ca8e45c-05c6-49bf-ac8c-2e6c140424b5-337.json
 create mode 100644 specs/artifacts/2026-10-05-connection-workspace-authority/task-runtime-status-implementation/actual-24-task-observation-74924-3ca8e45c-05c6-49bf-ac8c-2e6c140424b5-338.json
 create mode 100644 specs/artifacts/2026-10-05-connection-workspace-authority/task-runtime-status-implementation/actual-24-task-observation-74924-3ca8e45c-05c6-49bf-ac8c-2e6c140424b5-339.json
 create mode 100644 specs/artifacts/2026-10-05-connection-workspace-authority/task-runtime-status-implementation/actual-24-task-observation-74924-3ca8e45c-05c6-49bf-ac8c-2e6c140424b5-34.json
 create mode 100644 specs/artifacts/2026-10-05-connection-workspace-authority/task-runtime-status-implementation/actual-24-task-observation-74924-3ca8e45c-05c6-49bf-ac8c-2e6c140424b5-340.json
 create mode 100644 specs/artifacts/2026-10-05-connection-workspace-authority/task-runtime-status-implementation/actual-24-task-observation-74924-3ca8e45c-05c6-49bf-ac8c-2e6c140424b5-341.json
 create mode 100644 specs/artifacts/2026-10-05-connection-workspace-authority/task-runtime-status-implementation/actual-24-task-observation-74924-3ca8e45c-05c6-49bf-ac8c-2e6c140424b5-342.json
 create mode 100644 specs/artifacts/2026-10-05-connection-workspace-authority/task-runtime-status-implementation/actual-24-task-observation-74924-3ca8e45c-05c6-49bf-ac8c-2e6c140424b5-343.json
 create mode 100644 specs/artifacts/2026-10-05-connection-workspace-authority/task-runtime-status-implementation/actual-24-task-observation-74924-3ca8e45c-05c6-49bf-ac8c-2e6c140424b5-344.json
 create mode 100644 specs/artifacts/2026-10-05-connection-workspace-authority/task-runtime-status-implementation/actual-24-task-observation-74924-3ca8e45c-05c6-49bf-ac8c-2e6c140424b5-345.json
 create mode 100644 specs/artifacts/2026-10-05-connection-workspace-authority/task-runtime-status-implementation/actual-24-task-observation-74924-3ca8e45c-05c6-49bf-ac8c-2e6c140424b5-346.json
 create mode 100644 specs/artifacts/2026-10-05-connection-workspace-authority/task-runtime-status-implementation/actual-24-task-observation-74924-3ca8e45c-05c6-49bf-ac8c-2e6c140424b5-347.json
 create mode 100644 specs/artifacts/2026-10-05-connection-workspace-authority/task-runtime-status-implementation/actual-24-task-observation-74924-3ca8e45c-05c6-49bf-ac8c-2e6c140424b5-348.json
 create mode 100644 specs/artifacts/2026-10-05-connection-workspace-authority/task-runtime-status-implementation/actual-24-task-observation-74924-3ca8e45c-05c6-49bf-ac8c-2e6c140424b5-349.json
 create mode 100644 specs/artifacts/2026-10-05-connection-workspace-authority/task-runtime-status-implementation/actual-24-task-observation-74924-3ca8e45c-05c6-49bf-ac8c-2e6c140424b5-35.json
 create mode 100644 specs/artifacts/2026-10-05-connection-workspace-authority/task-runtime-status-implementation/actual-24-task-observation-74924-3ca8e45c-05c6-49bf-ac8c-2e6c140424b5-350.json
 create mode 100644 specs/artifacts/2026-10-05-connection-workspace-authority/task-runtime-status-implementation/actual-24-task-observation-74924-3ca8e45c-05c6-49bf-ac8c-2e6c140424b5-351.json
 create mode 100644 specs/artifacts/2026-10-05-connection-workspace-authority/task-runtime-status-implementation/actual-24-task-observation-74924-3ca8e45c-05c6-49bf-ac8c-2e6c140424b5-352.json
 create mode 100644 specs/artifacts/2026-10-05-connection-workspace-authority/task-runtime-status-implementation/actual-24-task-observation-74924-3ca8e45c-05c6-49bf-ac8c-2e6c140424b5-353.json
 create mode 100644 specs/artifacts/2026-10-05-connection-workspace-authority/task-runtime-status-implementation/actual-24-task-observation-74924-3ca8e45c-05c6-49bf-ac8c-2e6c140424b5-354.json
 create mode 100644 specs/artifacts/2026-10-05-connection-workspace-authority/task-runtime-status-implementation/actual-24-task-observation-74924-3ca8e45c-05c6-49bf-ac8c-2e6c140424b5-355.json
 create mode 100644 specs/artifacts/2026-10-05-connection-workspace-authority/task-runtime-status-implementation/actual-24-task-observation-74924-3ca8e45c-05c6-49bf-ac8c-2e6c140424b5-356.json
 create mode 100644 specs/artifacts/2026-10-05-connection-workspace-authority/task-runtime-status-implementation/actual-24-task-observation-74924-3ca8e45c-05c6-49bf-ac8c-2e6c140424b5-357.json
 create mode 100644 specs/artifacts/2026-10-05-connection-workspace-authority/task-runtime-status-implementation/actual-24-task-observation-74924-3ca8e45c-05c6-49bf-ac8c-2e6c140424b5-358.json
 create mode 100644 specs/artifacts/2026-10-05-connection-workspace-authority/task-runtime-status-implementation/actual-24-task-observation-74924-3ca8e45c-05c6-49bf-ac8c-2e6c140424b5-359.json
 create mode 100644 specs/artifacts/2026-10-05-connection-workspace-authority/task-runtime-status-implementation/actual-24-task-observation-74924-3ca8e45c-05c6-49bf-ac8c-2e6c140424b5-36.json
 create mode 100644 specs/artifacts/2026-10-05-connection-workspace-authority/task-runtime-status-implementation/actual-24-task-observation-74924-3ca8e45c-05c6-49bf-ac8c-2e6c140424b5-360.json
 create mode 100644 specs/artifacts/2026-10-05-connection-workspace-authority/task-runtime-status-implementation/actual-24-task-observation-74924-3ca8e45c-05c6-49bf-ac8c-2e6c140424b5-361.json
 create mode 100644 specs/artifacts/2026-10-05-connection-workspace-authority/task-runtime-status-implementation/actual-24-task-observation-74924-3ca8e45c-05c6-49bf-ac8c-2e6c140424b5-362.json
 create mode 100644 specs/artifacts/2026-10-05-connection-workspace-authority/task-runtime-status-implementation/actual-24-task-observation-74924-3ca8e45c-05c6-49bf-ac8c-2e6c140424b5-363.json
 create mode 100644 specs/artifacts/2026-10-05-connection-workspace-authority/task-runtime-status-implementation/actual-24-task-observation-74924-3ca8e45c-05c6-49bf-ac8c-2e6c140424b5-364.json
 create mode 100644 specs/artifacts/2026-10-05-connection-workspace-authority/task-runtime-status-implementation/actual-24-task-observation-74924-3ca8e45c-05c6-49bf-ac8c-2e6c140424b5-365.json
 create mode 100644 specs/artifacts/2026-10-05-connection-workspace-authority/task-runtime-status-implementation/actual-24-task-observation-74924-3ca8e45c-05c6-49bf-ac8c-2e6c140424b5-366.json
 create mode 100644 specs/artifacts/2026-10-05-connection-workspace-authority/task-runtime-status-implementation/actual-24-task-observation-74924-3ca8e45c-05c6-49bf-ac8c-2e6c140424b5-367.json
 create mode 100644 specs/artifacts/2026-10-05-connection-workspace-authority/task-runtime-status-implementation/actual-24-task-observation-74924-3ca8e45c-05c6-49bf-ac8c-2e6c140424b5-368.json
 create mode 100644 specs/artifacts/2026-10-05-connection-workspace-authority/task-runtime-status-implementation/actual-24-task-observation-74924-3ca8e45c-05c6-49bf-ac8c-2e6c140424b5-369.json
 create mode 100644 specs/artifacts/2026-10-05-connection-workspace-authority/task-runtime-status-implementation/actual-24-task-observation-74924-3ca8e45c-05c6-49bf-ac8c-2e6c140424b5-37.json
 create mode 100644 specs/artifacts/2026-10-05-connection-workspace-authority/task-runtime-status-implementation/actual-24-task-observation-74924-3ca8e45c-05c6-49bf-ac8c-2e6c140424b5-370.json
 create mode 100644 specs/artifacts/2026-10-05-connection-workspace-authority/task-runtime-status-implementation/actual-24-task-observation-74924-3ca8e45c-05c6-49bf-ac8c-2e6c140424b5-371.json
 create mode 100644 specs/artifacts/2026-10-05-connection-workspace-authority/task-runtime-status-implementation/actual-24-task-observation-74924-3ca8e45c-05c6-49bf-ac8c-2e6c140424b5-372.json
 create mode 100644 specs/artifacts/2026-10-05-connection-workspace-authority/task-runtime-status-implementation/actual-24-task-observation-74924-3ca8e45c-05c6-49bf-ac8c-2e6c140424b5-373.json
 create mode 100644 specs/artifacts/2026-10-05-connection-workspace-authority/task-runtime-status-implementation/actual-24-task-observation-74924-3ca8e45c-05c6-49bf-ac8c-2e6c140424b5-374.json
 create mode 100644 specs/artifacts/2026-10-05-connection-workspace-authority/task-runtime-status-implementation/actual-24-task-observation-74924-3ca8e45c-05c6-49bf-ac8c-2e6c140424b5-375.json
 create mode 100644 specs/artifacts/2026-10-05-connection-workspace-authority/task-runtime-status-implementation/actual-24-task-observation-74924-3ca8e45c-05c6-49bf-ac8c-2e6c140424b5-376.json
 create mode 100644 specs/artifacts/2026-10-05-connection-workspace-authority/task-runtime-status-implementation/actual-24-task-observation-74924-3ca8e45c-05c6-49bf-ac8c-2e6c140424b5-377.json
 create mode 100644 specs/artifacts/2026-10-05-connection-workspace-authority/task-runtime-status-implementation/actual-24-task-observation-74924-3ca8e45c-05c6-49bf-ac8c-2e6c140424b5-378.json
 create mode 100644 specs/artifacts/2026-10-05-connection-workspace-authority/task-runtime-status-implementation/actual-24-task-observation-74924-3ca8e45c-05c6-49bf-ac8c-2e6c140424b5-379.json
 create mode 100644 specs/artifacts/2026-10-05-connection-workspace-authority/task-runtime-status-implementation/actual-24-task-observation-74924-3ca8e45c-05c6-49bf-ac8c-2e6c140424b5-38.json
 create mode 100644 specs/artifacts/2026-10-05-connection-workspace-authority/task-runtime-status-implementation/actual-24-task-observation-74924-3ca8e45c-05c6-49bf-ac8c-2e6c140424b5-380.json
 create mode 100644 specs/artifacts/2026-10-05-connection-workspace-authority/task-runtime-status-implementation/actual-24-task-observation-74924-3ca8e45c-05c6-49bf-ac8c-2e6c140424b5-381.json
 create mode 100644 specs/artifacts/2026-10-05-connection-workspace-authority/task-runtime-status-implementation/actual-24-task-observation-74924-3ca8e45c-05c6-49bf-ac8c-2e6c140424b5-382.json
 create mode 100644 specs/artifacts/2026-10-05-connection-workspace-authority/task-runtime-status-implementation/actual-24-task-observation-74924-3ca8e45c-05c6-49bf-ac8c-2e6c140424b5-383.json
 create mode 100644 specs/artifacts/2026-10-05-connection-workspace-authority/task-runtime-status-implementation/actual-24-task-observation-74924-3ca8e45c-05c6-49bf-ac8c-2e6c140424b5-384.json
 create mode 100644 specs/artifacts/2026-10-05-connection-workspace-authority/task-runtime-status-implementation/actual-24-task-observation-74924-3ca8e45c-05c6-49bf-ac8c-2e6c140424b5-385.json
 create mode 100644 specs/artifacts/2026-10-05-connection-workspace-authority/task-runtime-status-implementation/actual-24-task-observation-74924-3ca8e45c-05c6-49bf-ac8c-2e6c140424b5-386.json
 create mode 100644 specs/artifacts/2026-10-05-connection-workspace-authority/task-runtime-status-implementation/actual-24-task-observation-74924-3ca8e45c-05c6-49bf-ac8c-2e6c140424b5-387.json
 create mode 100644 specs/artifacts/2026-10-05-connection-workspace-authority/task-runtime-status-implementation/actual-24-task-observation-74924-3ca8e45c-05c6-49bf-ac8c-2e6c140424b5-388.json
 create mode 100644 specs/artifacts/2026-10-05-connection-workspace-authority/task-runtime-status-implementation/actual-24-task-observation-74924-3ca8e45c-05c6-49bf-ac8c-2e6c140424b5-389.json
 create mode 100644 specs/artifacts/2026-10-05-connection-workspace-authority/task-runtime-status-implementation/actual-24-task-observation-74924-3ca8e45c-05c6-49bf-ac8c-2e6c140424b5-39.json
 create mode 100644 specs/artifacts/2026-10-05-connection-workspace-authority/task-runtime-status-implementation/actual-24-task-observation-74924-3ca8e45c-05c6-49bf-ac8c-2e6c140424b5-390.json
 create mode 100644 specs/artifacts/2026-10-05-connection-workspace-authority/task-runtime-status-implementation/actual-24-task-observation-74924-3ca8e45c-05c6-49bf-ac8c-2e6c140424b5-391.json
 create mode 100644 specs/artifacts/2026-10-05-connection-workspace-authority/task-runtime-status-implementation/actual-24-task-observation-74924-3ca8e45c-05c6-49bf-ac8c-2e6c140424b5-392.json
 create mode 100644 specs/artifacts/2026-10-05-connection-workspace-authority/task-runtime-status-implementation/actual-24-task-observation-74924-3ca8e45c-05c6-49bf-ac8c-2e6c140424b5-393.json
 create mode 100644 specs/artifacts/2026-10-05-connection-workspace-authority/task-runtime-status-implementation/actual-24-task-observation-74924-3ca8e45c-05c6-49bf-ac8c-2e6c140424b5-394.json
 create mode 100644 specs/artifacts/2026-10-05-connection-workspace-authority/task-runtime-status-implementation/actual-24-task-observation-74924-3ca8e45c-05c6-49bf-ac8c-2e6c140424b5-395.json
 create mode 100644 specs/artifacts/2026-10-05-connection-workspace-authority/task-runtime-status-implementation/actual-24-task-observation-74924-3ca8e45c-05c6-49bf-ac8c-2e6c140424b5-396.json
 create mode 100644 specs/artifacts/2026-10-05-connection-workspace-authority/task-runtime-status-implementation/actual-24-task-observation-74924-3ca8e45c-05c6-49bf-ac8c-2e6c140424b5-397.json
 create mode 100644 specs/artifacts/2026-10-05-connection-workspace-authority/task-runtime-status-implementation/actual-24-task-observation-74924-3ca8e45c-05c6-49bf-ac8c-2e6c140424b5-398.json
 create mode 100644 specs/artifacts/2026-10-05-connection-workspace-authority/task-runtime-status-implementation/actual-24-task-observation-74924-3ca8e45c-05c6-49bf-ac8c-2e6c140424b5-399.json
 create mode 100644 specs/artifacts/2026-10-05-connection-workspace-authority/task-runtime-status-implementation/actual-24-task-observation-74924-3ca8e45c-05c6-49bf-ac8c-2e6c140424b5-4.json
 create mode 100644 specs/artifacts/2026-10-05-connection-workspace-authority/task-runtime-status-implementation/actual-24-task-observation-74924-3ca8e45c-05c6-49bf-ac8c-2e6c140424b5-40.json
 create mode 100644 specs/artifacts/2026-10-05-connection-workspace-authority/task-runtime-status-implementation/actual-24-task-observation-74924-3ca8e45c-05c6-49bf-ac8c-2e6c140424b5-400.json
 create mode 100644 specs/artifacts/2026-10-05-connection-workspace-authority/task-runtime-status-implementation/actual-24-task-observation-74924-3ca8e45c-05c6-49bf-ac8c-2e6c140424b5-401.json
 create mode 100644 specs/artifacts/2026-10-05-connection-workspace-authority/task-runtime-status-implementation/actual-24-task-observation-74924-3ca8e45c-05c6-49bf-ac8c-2e6c140424b5-402.json
 create mode 100644 specs/artifacts/2026-10-05-connection-workspace-authority/task-runtime-status-implementation/actual-24-task-observation-74924-3ca8e45c-05c6-49bf-ac8c-2e6c140424b5-403.json
 create mode 100644 specs/artifacts/2026-10-05-connection-workspace-authority/task-runtime-status-implementation/actual-24-task-observation-74924-3ca8e45c-05c6-49bf-ac8c-2e6c140424b5-404.json
 create mode 100644 specs/artifacts/2026-10-05-connection-workspace-authority/task-runtime-status-implementation/actual-24-task-observation-74924-3ca8e45c-05c6-49bf-ac8c-2e6c140424b5-405.json
 create mode 100644 specs/artifacts/2026-10-05-connection-workspace-authority/task-runtime-status-implementation/actual-24-task-observation-74924-3ca8e45c-05c6-49bf-ac8c-2e6c140424b5-406.json
 create mode 100644 specs/artifacts/2026-10-05-connection-workspace-authority/task-runtime-status-implementation/actual-24-task-observation-74924-3ca8e45c-05c6-49bf-ac8c-2e6c140424b5-407.json
 create mode 100644 specs/artifacts/2026-10-05-connection-workspace-authority/task-runtime-status-implementation/actual-24-task-observation-74924-3ca8e45c-05c6-49bf-ac8c-2e6c140424b5-408.json
 create mode 100644 specs/artifacts/2026-10-05-connection-workspace-authority/task-runtime-status-implementation/actual-24-task-observation-74924-3ca8e45c-05c6-49bf-ac8c-2e6c140424b5-409.json
 create mode 100644 specs/artifacts/2026-10-05-connection-workspace-authority/task-runtime-status-implementation/actual-24-task-observation-74924-3ca8e45c-05c6-49bf-ac8c-2e6c140424b5-41.json
 create mode 100644 specs/artifacts/2026-10-05-connection-workspace-authority/task-runtime-status-implementation/actual-24-task-observation-74924-3ca8e45c-05c6-49bf-ac8c-2e6c140424b5-410.json
 create mode 100644 specs/artifacts/2026-10-05-connection-workspace-authority/task-runtime-status-implementation/actual-24-task-observation-74924-3ca8e45c-05c6-49bf-ac8c-2e6c140424b5-411.json
 create mode 100644 specs/artifacts/2026-10-05-connection-workspace-authority/task-runtime-status-implementation/actual-24-task-observation-74924-3ca8e45c-05c6-49bf-ac8c-2e6c140424b5-412.json
 create mode 100644 specs/artifacts/2026-10-05-connection-workspace-authority/task-runtime-status-implementation/actual-24-task-observation-74924-3ca8e45c-05c6-49bf-ac8c-2e6c140424b5-413.json
 create mode 100644 specs/artifacts/2026-10-05-connection-workspace-authority/task-runtime-status-implementation/actual-24-task-observation-74924-3ca8e45c-05c6-49bf-ac8c-2e6c140424b5-414.json
 create mode 100644 specs/artifacts/2026-10-05-connection-workspace-authority/task-runtime-status-implementation/actual-24-task-observation-74924-3ca8e45c-05c6-49bf-ac8c-2e6c140424b5-415.json
 create mode 100644 specs/artifacts/2026-10-05-connection-workspace-authority/task-runtime-status-implementation/actual-24-task-observation-74924-3ca8e45c-05c6-49bf-ac8c-2e6c140424b5-416.json
 create mode 100644 specs/artifacts/2026-10-05-connection-workspace-authority/task-runtime-status-implementation/actual-24-task-observation-74924-3ca8e45c-05c6-49bf-ac8c-2e6c140424b5-417.json
 create mode 100644 specs/artifacts/2026-10-05-connection-workspace-authority/task-runtime-status-implementation/actual-24-task-observation-74924-3ca8e45c-05c6-49bf-ac8c-2e6c140424b5-418.json
 create mode 100644 specs/artifacts/2026-10-05-connection-workspace-authority/task-runtime-status-implementation/actual-24-task-observation-74924-3ca8e45c-05c6-49bf-ac8c-2e6c140424b5-419.json
 create mode 100644 specs/artifacts/2026-10-05-connection-workspace-authority/task-runtime-status-implementation/actual-24-task-observation-74924-3ca8e45c-05c6-49bf-ac8c-2e6c140424b5-42.json
 create mode 100644 specs/artifacts/2026-10-05-connection-workspace-authority/task-runtime-status-implementation/actual-24-task-observation-74924-3ca8e45c-05c6-49bf-ac8c-2e6c140424b5-420.json
 create mode 100644 specs/artifacts/2026-10-05-connection-workspace-authority/task-runtime-status-implementation/actual-24-task-observation-74924-3ca8e45c-05c6-49bf-ac8c-2e6c140424b5-421.json
 create mode 100644 specs/artifacts/2026-10-05-connection-workspace-authority/task-runtime-status-implementation/actual-24-task-observation-74924-3ca8e45c-05c6-49bf-ac8c-2e6c140424b5-422.json
 create mode 100644 specs/artifacts/2026-10-05-connection-workspace-authority/task-runtime-status-implementation/actual-24-task-observation-74924-3ca8e45c-05c6-49bf-ac8c-2e6c140424b5-423.json
 create mode 100644 specs/artifacts/2026-10-05-connection-workspace-authority/task-runtime-status-implementation/actual-24-task-observation-74924-3ca8e45c-05c6-49bf-ac8c-2e6c140424b5-424.json
 create mode 100644 specs/artifacts/2026-10-05-connection-workspace-authority/task-runtime-status-implementation/actual-24-task-observation-74924-3ca8e45c-05c6-49bf-ac8c-2e6c140424b5-425.json
 create mode 100644 specs/artifacts/2026-10-05-connection-workspace-authority/task-runtime-status-implementation/actual-24-task-observation-74924-3ca8e45c-05c6-49bf-ac8c-2e6c140424b5-426.json
 create mode 100644 specs/artifacts/2026-10-05-connection-workspace-authority/task-runtime-status-implementation/actual-24-task-observation-74924-3ca8e45c-05c6-49bf-ac8c-2e6c140424b5-427.json
 create mode 100644 specs/artifacts/2026-10-05-connection-workspace-authority/task-runtime-status-implementation/actual-24-task-observation-74924-3ca8e45c-05c6-49bf-ac8c-2e6c140424b5-428.json
 create mode 100644 specs/artifacts/2026-10-05-connection-workspace-authority/task-runtime-status-implementation/actual-24-task-observation-74924-3ca8e45c-05c6-49bf-ac8c-2e6c140424b5-429.json
 create mode 100644 specs/artifacts/2026-10-05-connection-workspace-authority/task-runtime-status-implementation/actual-24-task-observation-74924-3ca8e45c-05c6-49bf-ac8c-2e6c140424b5-43.json
 create mode 100644 specs/artifacts/2026-10-05-connection-workspace-authority/task-runtime-status-implementation/actual-24-task-observation-74924-3ca8e45c-05c6-49bf-ac8c-2e6c140424b5-430.json
 create mode 100644 specs/artifacts/2026-10-05-connection-workspace-authority/task-runtime-status-implementation/actual-24-task-observation-74924-3ca8e45c-05c6-49bf-ac8c-2e6c140424b5-431.json
 create mode 100644 specs/artifacts/2026-10-05-connection-workspace-authority/task-runtime-status-implementation/actual-24-task-observation-74924-3ca8e45c-05c6-49bf-ac8c-2e6c140424b5-432.json
 create mode 100644 specs/artifacts/2026-10-05-connection-workspace-authority/task-runtime-status-implementation/actual-24-task-observation-74924-3ca8e45c-05c6-49bf-ac8c-2e6c140424b5-433.json
 create mode 100644 specs/artifacts/2026-10-05-connection-workspace-authority/task-runtime-status-implementation/actual-24-task-observation-74924-3ca8e45c-05c6-49bf-ac8c-2e6c140424b5-434.json
 create mode 100644 specs/artifacts/2026-10-05-connection-workspace-authority/task-runtime-status-implementation/actual-24-task-observation-74924-3ca8e45c-05c6-49bf-ac8c-2e6c140424b5-435.json
 create mode 100644 specs/artifacts/2026-10-05-connection-workspace-authority/task-runtime-status-implementation/actual-24-task-observation-74924-3ca8e45c-05c6-49bf-ac8c-2e6c140424b5-436.json
 create mode 100644 specs/artifacts/2026-10-05-connection-workspace-authority/task-runtime-status-implementation/actual-24-task-observation-74924-3ca8e45c-05c6-49bf-ac8c-2e6c140424b5-437.json
 create mode 100644 specs/artifacts/2026-10-05-connection-workspace-authority/task-runtime-status-implementation/actual-24-task-observation-74924-3ca8e45c-05c6-49bf-ac8c-2e6c140424b5-438.json
 create mode 100644 specs/artifacts/2026-10-05-connection-workspace-authority/task-runtime-status-implementation/actual-24-task-observation-74924-3ca8e45c-05c6-49bf-ac8c-2e6c140424b5-439.json
 create mode 100644 specs/artifacts/2026-10-05-connection-workspace-authority/task-runtime-status-implementation/actual-24-task-observation-74924-3ca8e45c-05c6-49bf-ac8c-2e6c140424b5-44.json
 create mode 100644 specs/artifacts/2026-10-05-connection-workspace-authority/task-runtime-status-implementation/actual-24-task-observation-74924-3ca8e45c-05c6-49bf-ac8c-2e6c140424b5-440.json
 create mode 100644 specs/artifacts/2026-10-05-connection-workspace-authority/task-runtime-status-implementation/actual-24-task-observation-74924-3ca8e45c-05c6-49bf-ac8c-2e6c140424b5-441.json
 create mode 100644 specs/artifacts/2026-10-05-connection-workspace-authority/task-runtime-status-implementation/actual-24-task-observation-74924-3ca8e45c-05c6-49bf-ac8c-2e6c140424b5-442.json
 create mode 100644 specs/artifacts/2026-10-05-connection-workspace-authority/task-runtime-status-implementation/actual-24-task-observation-74924-3ca8e45c-05c6-49bf-ac8c-2e6c140424b5-443.json
 create mode 100644 specs/artifacts/2026-10-05-connection-workspace-authority/task-runtime-status-implementation/actual-24-task-observation-74924-3ca8e45c-05c6-49bf-ac8c-2e6c140424b5-444.json
 create mode 100644 specs/artifacts/2026-10-05-connection-workspace-authority/task-runtime-status-implementation/actual-24-task-observation-74924-3ca8e45c-05c6-49bf-ac8c-2e6c140424b5-445.json
 create mode 100644 specs/artifacts/2026-10-05-connection-workspace-authority/task-runtime-status-implementation/actual-24-task-observation-74924-3ca8e45c-05c6-49bf-ac8c-2e6c140424b5-446.json
 create mode 100644 specs/artifacts/2026-10-05-connection-workspace-authority/task-runtime-status-implementation/actual-24-task-observation-74924-3ca8e45c-05c6-49bf-ac8c-2e6c140424b5-447.json
 create mode 100644 specs/artifacts/2026-10-05-connection-workspace-authority/task-runtime-status-implementation/actual-24-task-observation-74924-3ca8e45c-05c6-49bf-ac8c-2e6c140424b5-448.json
 create mode 100644 specs/artifacts/2026-10-05-connection-workspace-authority/task-runtime-status-implementation/actual-24-task-observation-74924-3ca8e45c-05c6-49bf-ac8c-2e6c140424b5-449.json
 create mode 100644 specs/artifacts/2026-10-05-connection-workspace-authority/task-runtime-status-implementation/actual-24-task-observation-74924-3ca8e45c-05c6-49bf-ac8c-2e6c140424b5-45.json
 create mode 100644 specs/artifacts/2026-10-05-connection-workspace-authority/task-runtime-status-implementation/actual-24-task-observation-74924-3ca8e45c-05c6-49bf-ac8c-2e6c140424b5-450.json
 create mode 100644 specs/artifacts/2026-10-05-connection-workspace-authority/task-runtime-status-implementation/actual-24-task-observation-74924-3ca8e45c-05c6-49bf-ac8c-2e6c140424b5-451.json
 create mode 100644 specs/artifacts/2026-10-05-connection-workspace-authority/task-runtime-status-implementation/actual-24-task-observation-74924-3ca8e45c-05c6-49bf-ac8c-2e6c140424b5-452.json
 create mode 100644 specs/artifacts/2026-10-05-connection-workspace-authority/task-runtime-status-implementation/actual-24-task-observation-74924-3ca8e45c-05c6-49bf-ac8c-2e6c140424b5-453.json
 create mode 100644 specs/artifacts/2026-10-05-connection-workspace-authority/task-runtime-status-implementation/actual-24-task-observation-74924-3ca8e45c-05c6-49bf-ac8c-2e6c140424b5-454.json
 create mode 100644 specs/artifacts/2026-10-05-connection-workspace-authority/task-runtime-status-implementation/actual-24-task-observation-74924-3ca8e45c-05c6-49bf-ac8c-2e6c140424b5-455.json
 create mode 100644 specs/artifacts/2026-10-05-connection-workspace-authority/task-runtime-status-implementation/actual-24-task-observation-74924-3ca8e45c-05c6-49bf-ac8c-2e6c140424b5-456.json
 create mode 100644 specs/artifacts/2026-10-05-connection-workspace-authority/task-runtime-status-implementation/actual-24-task-observation-74924-3ca8e45c-05c6-49bf-ac8c-2e6c140424b5-457.json
 create mode 100644 specs/artifacts/2026-10-05-connection-workspace-authority/task-runtime-status-implementation/actual-24-task-observation-74924-3ca8e45c-05c6-49bf-ac8c-2e6c140424b5-458.json
 create mode 100644 specs/artifacts/2026-10-05-connection-workspace-authority/task-runtime-status-implementation/actual-24-task-observation-74924-3ca8e45c-05c6-49bf-ac8c-2e6c140424b5-459.json
 create mode 100644 specs/artifacts/2026-10-05-connection-workspace-authority/task-runtime-status-implementation/actual-24-task-observation-74924-3ca8e45c-05c6-49bf-ac8c-2e6c140424b5-46.json
 create mode 100644 specs/artifacts/2026-10-05-connection-workspace-authority/task-runtime-status-implementation/actual-24-task-observation-74924-3ca8e45c-05c6-49bf-ac8c-2e6c140424b5-460.json
 create mode 100644 specs/artifacts/2026-10-05-connection-workspace-authority/task-runtime-status-implementation/actual-24-task-observation-74924-3ca8e45c-05c6-49bf-ac8c-2e6c140424b5-461.json
 create mode 100644 specs/artifacts/2026-10-05-connection-workspace-authority/task-runtime-status-implementation/actual-24-task-observation-74924-3ca8e45c-05c6-49bf-ac8c-2e6c140424b5-462.json
 create mode 100644 specs/artifacts/2026-10-05-connection-workspace-authority/task-runtime-status-implementation/actual-24-task-observation-74924-3ca8e45c-05c6-49bf-ac8c-2e6c140424b5-463.json
 create mode 100644 specs/artifacts/2026-10-05-connection-workspace-authority/task-runtime-status-implementation/actual-24-task-observation-74924-3ca8e45c-05c6-49bf-ac8c-2e6c140424b5-464.json
 create mode 100644 specs/artifacts/2026-10-05-connection-workspace-authority/task-runtime-status-implementation/actual-24-task-observation-74924-3ca8e45c-05c6-49bf-ac8c-2e6c140424b5-465.json
 create mode 100644 specs/artifacts/2026-10-05-connection-workspace-authority/task-runtime-status-implementation/actual-24-task-observation-74924-3ca8e45c-05c6-49bf-ac8c-2e6c140424b5-47.json
 create mode 100644 specs/artifacts/2026-10-05-connection-workspace-authority/task-runtime-status-implementation/actual-24-task-observation-74924-3ca8e45c-05c6-49bf-ac8c-2e6c140424b5-48.json
 create mode 100644 specs/artifacts/2026-10-05-connection-workspace-authority/task-runtime-status-implementation/actual-24-task-observation-74924-3ca8e45c-05c6-49bf-ac8c-2e6c140424b5-49.json
 create mode 100644 specs/artifacts/2026-10-05-connection-workspace-authority/task-runtime-status-implementation/actual-24-task-observation-74924-3ca8e45c-05c6-49bf-ac8c-2e6c140424b5-5.json
 create mode 100644 specs/artifacts/2026-10-05-connection-workspace-authority/task-runtime-status-implementation/actual-24-task-observation-74924-3ca8e45c-05c6-49bf-ac8c-2e6c140424b5-50.json
 create mode 100644 specs/artifacts/2026-10-05-connection-workspace-authority/task-runtime-status-implementation/actual-24-task-observation-74924-3ca8e45c-05c6-49bf-ac8c-2e6c140424b5-51.json
 create mode 100644 specs/artifacts/2026-10-05-connection-workspace-authority/task-runtime-status-implementation/actual-24-task-observation-74924-3ca8e45c-05c6-49bf-ac8c-2e6c140424b5-52.json
 create mode 100644 specs/artifacts/2026-10-05-connection-workspace-authority/task-runtime-status-implementation/actual-24-task-observation-74924-3ca8e45c-05c6-49bf-ac8c-2e6c140424b5-53.json
 create mode 100644 specs/artifacts/2026-10-05-connection-workspace-authority/task-runtime-status-implementation/actual-24-task-observation-74924-3ca8e45c-05c6-49bf-ac8c-2e6c140424b5-54.json
 create mode 100644 specs/artifacts/2026-10-05-connection-workspace-authority/task-runtime-status-implementation/actual-24-task-observation-74924-3ca8e45c-05c6-49bf-ac8c-2e6c140424b5-55.json
 create mode 100644 specs/artifacts/2026-10-05-connection-workspace-authority/task-runtime-status-implementation/actual-24-task-observation-74924-3ca8e45c-05c6-49bf-ac8c-2e6c140424b5-56.json
 create mode 100644 specs/artifacts/2026-10-05-connection-workspace-authority/task-runtime-status-implementation/actual-24-task-observation-74924-3ca8e45c-05c6-49bf-ac8c-2e6c140424b5-57.json
 create mode 100644 specs/artifacts/2026-10-05-connection-workspace-authority/task-runtime-status-implementation/actual-24-task-observation-74924-3ca8e45c-05c6-49bf-ac8c-2e6c140424b5-58.json
 create mode 100644 specs/artifacts/2026-10-05-connection-workspace-authority/task-runtime-status-implementation/actual-24-task-observation-74924-3ca8e45c-05c6-49bf-ac8c-2e6c140424b5-59.json
 create mode 100644 specs/artifacts/2026-10-05-connection-workspace-authority/task-runtime-status-implementation/actual-24-task-observation-74924-3ca8e45c-05c6-49bf-ac8c-2e6c140424b5-6.json
 create mode 100644 specs/artifacts/2026-10-05-connection-workspace-authority/task-runtime-status-implementation/actual-24-task-observation-74924-3ca8e45c-05c6-49bf-ac8c-2e6c140424b5-60.json
 create mode 100644 specs/artifacts/2026-10-05-connection-workspace-authority/task-runtime-status-implementation/actual-24-task-observation-74924-3ca8e45c-05c6-49bf-ac8c-2e6c140424b5-61.json
 create mode 100644 specs/artifacts/2026-10-05-connection-workspace-authority/task-runtime-status-implementation/actual-24-task-observation-74924-3ca8e45c-05c6-49bf-ac8c-2e6c140424b5-62.json
 create mode 100644 specs/artifacts/2026-10-05-connection-workspace-authority/task-runtime-status-implementation/actual-24-task-observation-74924-3ca8e45c-05c6-49bf-ac8c-2e6c140424b5-63.json
 create mode 100644 specs/artifacts/2026-10-05-connection-workspace-authority/task-runtime-status-implementation/actual-24-task-observation-74924-3ca8e45c-05c6-49bf-ac8c-2e6c140424b5-64.json
 create mode 100644 specs/artifacts/2026-10-05-connection-workspace-authority/task-runtime-status-implementation/actual-24-task-observation-74924-3ca8e45c-05c6-49bf-ac8c-2e6c140424b5-65.json
 create mode 100644 specs/artifacts/2026-10-05-connection-workspace-authority/task-runtime-status-implementation/actual-24-task-observation-74924-3ca8e45c-05c6-49bf-ac8c-2e6c140424b5-66.json
 create mode 100644 specs/artifacts/2026-10-05-connection-workspace-authority/task-runtime-status-implementation/actual-24-task-observation-74924-3ca8e45c-05c6-49bf-ac8c-2e6c140424b5-67.json
 create mode 100644 specs/artifacts/2026-10-05-connection-workspace-authority/task-runtime-status-implementation/actual-24-task-observation-74924-3ca8e45c-05c6-49bf-ac8c-2e6c140424b5-68.json
 create mode 100644 specs/artifacts/2026-10-05-connection-workspace-authority/task-runtime-status-implementation/actual-24-task-observation-74924-3ca8e45c-05c6-49bf-ac8c-2e6c140424b5-69.json
 create mode 100644 specs/artifacts/2026-10-05-connection-workspace-authority/task-runtime-status-implementation/actual-24-task-observation-74924-3ca8e45c-05c6-49bf-ac8c-2e6c140424b5-7.json
 create mode 100644 specs/artifacts/2026-10-05-connection-workspace-authority/task-runtime-status-implementation/actual-24-task-observation-74924-3ca8e45c-05c6-49bf-ac8c-2e6c140424b5-70.json
 create mode 100644 specs/artifacts/2026-10-05-connection-workspace-authority/task-runtime-status-implementation/actual-24-task-observation-74924-3ca8e45c-05c6-49bf-ac8c-2e6c140424b5-71.json
 create mode 100644 specs/artifacts/2026-10-05-connection-workspace-authority/task-runtime-status-implementation/actual-24-task-observation-74924-3ca8e45c-05c6-49bf-ac8c-2e6c140424b5-72.json
 create mode 100644 specs/artifacts/2026-10-05-connection-workspace-authority/task-runtime-status-implementation/actual-24-task-observation-74924-3ca8e45c-05c6-49bf-ac8c-2e6c140424b5-73.json
 create mode 100644 specs/artifacts/2026-10-05-connection-workspace-authority/task-runtime-status-implementation/actual-24-task-observation-74924-3ca8e45c-05c6-49bf-ac8c-2e6c140424b5-74.json
 create mode 100644 specs/artifacts/2026-10-05-connection-workspace-authority/task-runtime-status-implementation/actual-24-task-observation-74924-3ca8e45c-05c6-49bf-ac8c-2e6c140424b5-75.json
 create mode 100644 specs/artifacts/2026-10-05-connection-workspace-authority/task-runtime-status-implementation/actual-24-task-observation-74924-3ca8e45c-05c6-49bf-ac8c-2e6c140424b5-76.json
 create mode 100644 specs/artifacts/2026-10-05-connection-workspace-authority/task-runtime-status-implementation/actual-24-task-observation-74924-3ca8e45c-05c6-49bf-ac8c-2e6c140424b5-77.json
 create mode 100644 specs/artifacts/2026-10-05-connection-workspace-authority/task-runtime-status-implementation/actual-24-task-observation-74924-3ca8e45c-05c6-49bf-ac8c-2e6c140424b5-78.json
 create mode 100644 specs/artifacts/2026-10-05-connection-workspace-authority/task-runtime-status-implementation/actual-24-task-observation-74924-3ca8e45c-05c6-49bf-ac8c-2e6c140424b5-79.json
 create mode 100644 specs/artifacts/2026-10-05-connection-workspace-authority/task-runtime-status-implementation/actual-24-task-observation-74924-3ca8e45c-05c6-49bf-ac8c-2e6c140424b5-8.json
 create mode 100644 specs/artifacts/2026-10-05-connection-workspace-authority/task-runtime-status-implementation/actual-24-task-observation-74924-3ca8e45c-05c6-49bf-ac8c-2e6c140424b5-80.json
 create mode 100644 specs/artifacts/2026-10-05-connection-workspace-authority/task-runtime-status-implementation/actual-24-task-observation-74924-3ca8e45c-05c6-49bf-ac8c-2e6c140424b5-81.json
 create mode 100644 specs/artifacts/2026-10-05-connection-workspace-authority/task-runtime-status-implementation/actual-24-task-observation-74924-3ca8e45c-05c6-49bf-ac8c-2e6c140424b5-82.json
 create mode 100644 specs/artifacts/2026-10-05-connection-workspace-authority/task-runtime-status-implementation/actual-24-task-observation-74924-3ca8e45c-05c6-49bf-ac8c-2e6c140424b5-83.json
 create mode 100644 specs/artifacts/2026-10-05-connection-workspace-authority/task-runtime-status-implementation/actual-24-task-observation-74924-3ca8e45c-05c6-49bf-ac8c-2e6c140424b5-84.json
 create mode 100644 specs/artifacts/2026-10-05-connection-workspace-authority/task-runtime-status-implementation/actual-24-task-observation-74924-3ca8e45c-05c6-49bf-ac8c-2e6c140424b5-85.json
 create mode 100644 specs/artifacts/2026-10-05-connection-workspace-authority/task-runtime-status-implementation/actual-24-task-observation-74924-3ca8e45c-05c6-49bf-ac8c-2e6c140424b5-86.json
 create mode 100644 specs/artifacts/2026-10-05-connection-workspace-authority/task-runtime-status-implementation/actual-24-task-observation-74924-3ca8e45c-05c6-49bf-ac8c-2e6c140424b5-87.json
 create mode 100644 specs/artifacts/2026-10-05-connection-workspace-authority/task-runtime-status-implementation/actual-24-task-observation-74924-3ca8e45c-05c6-49bf-ac8c-2e6c140424b5-88.json
 create mode 100644 specs/artifacts/2026-10-05-connection-workspace-authority/task-runtime-status-implementation/actual-24-task-observation-74924-3ca8e45c-05c6-49bf-ac8c-2e6c140424b5-89.json
 create mode 100644 specs/artifacts/2026-10-05-connection-workspace-authority/task-runtime-status-implementation/actual-24-task-observation-74924-3ca8e45c-05c6-49bf-ac8c-2e6c140424b5-9.json
 create mode 100644 specs/artifacts/2026-10-05-connection-workspace-authority/task-runtime-status-implementation/actual-24-task-observation-74924-3ca8e45c-05c6-49bf-ac8c-2e6c140424b5-90.json
 create mode 100644 specs/artifacts/2026-10-05-connection-workspace-authority/task-runtime-status-implementation/actual-24-task-observation-74924-3ca8e45c-05c6-49bf-ac8c-2e6c140424b5-91.json
 create mode 100644 specs/artifacts/2026-10-05-connection-workspace-authority/task-runtime-status-implementation/actual-24-task-observation-74924-3ca8e45c-05c6-49bf-ac8c-2e6c140424b5-92.json
 create mode 100644 specs/artifacts/2026-10-05-connection-workspace-authority/task-runtime-status-implementation/actual-24-task-observation-74924-3ca8e45c-05c6-49bf-ac8c-2e6c140424b5-93.json
 create mode 100644 specs/artifacts/2026-10-05-connection-workspace-authority/task-runtime-status-implementation/actual-24-task-observation-74924-3ca8e45c-05c6-49bf-ac8c-2e6c140424b5-94.json
 create mode 100644 specs/artifacts/2026-10-05-connection-workspace-authority/task-runtime-status-implementation/actual-24-task-observation-74924-3ca8e45c-05c6-49bf-ac8c-2e6c140424b5-95.json
 create mode 100644 specs/artifacts/2026-10-05-connection-workspace-authority/task-runtime-status-implementation/actual-24-task-observation-74924-3ca8e45c-05c6-49bf-ac8c-2e6c140424b5-96.json
 create mode 100644 specs/artifacts/2026-10-05-connection-workspace-authority/task-runtime-status-implementation/actual-24-task-observation-74924-3ca8e45c-05c6-49bf-ac8c-2e6c140424b5-97.json
 create mode 100644 specs/artifacts/2026-10-05-connection-workspace-authority/task-runtime-status-implementation/actual-24-task-observation-74924-3ca8e45c-05c6-49bf-ac8c-2e6c140424b5-98.json
 create mode 100644 specs/artifacts/2026-10-05-connection-workspace-authority/task-runtime-status-implementation/actual-24-task-observation-74924-3ca8e45c-05c6-49bf-ac8c-2e6c140424b5-99.json
 create mode 100644 specs/artifacts/2026-10-05-connection-workspace-authority/task-runtime-status-implementation/actual-24-task-occurrence-admitted.json
 create mode 100644 specs/artifacts/2026-10-05-connection-workspace-authority/task-runtime-status-implementation/actual-24-task-request-input.json
 create mode 100644 specs/artifacts/2026-10-05-connection-workspace-authority/task-runtime-status-implementation/actual-24-task-selection.json
 create mode 100644 specs/artifacts/2026-10-05-connection-workspace-authority/task-runtime-status-implementation/actual-25-authority-ready.json
 create mode 100644 specs/artifacts/2026-10-05-connection-workspace-authority/task-runtime-status-implementation/actual-25-completed-header.png
 create mode 100644 specs/artifacts/2026-10-05-connection-workspace-authority/task-runtime-status-implementation/actual-25-launch-owner.json
 create mode 100644 specs/artifacts/2026-10-05-connection-workspace-authority/task-runtime-status-implementation/actual-25-managed-parent-ready.json
 create mode 100644 specs/artifacts/2026-10-05-connection-workspace-authority/task-runtime-status-implementation/actual-25-native-host-ready.json
 create mode 100644 specs/artifacts/2026-10-05-connection-workspace-authority/task-runtime-status-implementation/actual-25-native-host-settled.json
 create mode 100644 specs/artifacts/2026-10-05-connection-workspace-authority/task-runtime-status-implementation/actual-25-owned-config-hierarchy.json
 create mode 100644 specs/artifacts/2026-10-05-connection-workspace-authority/task-runtime-status-implementation/actual-25-parent-launch.log
 create mode 100644 specs/artifacts/2026-10-05-connection-workspace-authority/task-runtime-status-implementation/actual-25-preflight-ready.json
 create mode 100644 specs/artifacts/2026-10-05-connection-workspace-authority/task-runtime-status-implementation/actual-25-project-baseline.json
 create mode 100644 specs/artifacts/2026-10-05-connection-workspace-authority/task-runtime-status-implementation/actual-25-provider-6488-c1e4c07e-10f5-44aa-8920-f95f80fd017a-1.json
 create mode 100644 specs/artifacts/2026-10-05-connection-workspace-authority/task-runtime-status-implementation/actual-25-provider-6488-c1e4c07e-10f5-44aa-8920-f95f80fd017a-2.json
 create mode 100644 specs/artifacts/2026-10-05-connection-workspace-authority/task-runtime-status-implementation/actual-25-provider-6488-c1e4c07e-10f5-44aa-8920-f95f80fd017a-3.json
 create mode 100644 specs/artifacts/2026-10-05-connection-workspace-authority/task-runtime-status-implementation/actual-25-provider-6488-c1e4c07e-10f5-44aa-8920-f95f80fd017a-4.json
 create mode 100644 specs/artifacts/2026-10-05-connection-workspace-authority/task-runtime-status-implementation/actual-25-provider-6488-c1e4c07e-10f5-44aa-8920-f95f80fd017a-5.json
 create mode 100644 specs/artifacts/2026-10-05-connection-workspace-authority/task-runtime-status-implementation/actual-25-provider-6488-c1e4c07e-10f5-44aa-8920-f95f80fd017a-6.json
 create mode 100644 specs/artifacts/2026-10-05-connection-workspace-authority/task-runtime-status-implementation/actual-25-provider-6488-c1e4c07e-10f5-44aa-8920-f95f80fd017a-7.json
 create mode 100644 specs/artifacts/2026-10-05-connection-workspace-authority/task-runtime-status-implementation/actual-25-provider-6488-c1e4c07e-10f5-44aa-8920-f95f80fd017a-8.json
 create mode 100644 specs/artifacts/2026-10-05-connection-workspace-authority/task-runtime-status-implementation/actual-25-provider-6488-c1e4c07e-10f5-44aa-8920-f95f80fd017a-9.json
 create mode 100644 specs/artifacts/2026-10-05-connection-workspace-authority/task-runtime-status-implementation/actual-25-provider-pair-staging.json
 create mode 100644 specs/artifacts/2026-10-05-connection-workspace-authority/task-runtime-status-implementation/actual-25-qa-package-installed.json
 create mode 100644 specs/artifacts/2026-10-05-connection-workspace-authority/task-runtime-status-implementation/actual-25-startup.json
 create mode 100644 specs/artifacts/2026-10-05-connection-workspace-authority/task-runtime-status-implementation/actual-25-task-accepted-cli.json
 create mode 100644 specs/artifacts/2026-10-05-connection-workspace-authority/task-runtime-status-implementation/actual-25-task-boundary-admitted.json
 create mode 100644 specs/artifacts/2026-10-05-connection-workspace-authority/task-runtime-status-implementation/actual-25-task-cli-stderr.log
 create mode 100644 specs/artifacts/2026-10-05-connection-workspace-authority/task-runtime-status-implementation/actual-25-task-complete.json
 create mode 100644 specs/artifacts/2026-10-05-connection-workspace-authority/task-runtime-status-implementation/actual-25-task-observation-6488-23ec4b23-b828-4e69-9d9f-5d65c9c0cc11-1.json
 create mode 100644 specs/artifacts/2026-10-05-connection-workspace-authority/task-runtime-status-implementation/actual-25-task-observation-6488-23ec4b23-b828-4e69-9d9f-5d65c9c0cc11-10.json
 create mode 100644 specs/artifacts/2026-10-05-connection-workspace-authority/task-runtime-status-implementation/actual-25-task-observation-6488-23ec4b23-b828-4e69-9d9f-5d65c9c0cc11-11.json
 create mode 100644 specs/artifacts/2026-10-05-connection-workspace-authority/task-runtime-status-implementation/actual-25-task-observation-6488-23ec4b23-b828-4e69-9d9f-5d65c9c0cc11-12.json
 create mode 100644 specs/artifacts/2026-10-05-connection-workspace-authority/task-runtime-status-implementation/actual-25-task-observation-6488-23ec4b23-b828-4e69-9d9f-5d65c9c0cc11-13.json
 create mode 100644 specs/artifacts/2026-10-05-connection-workspace-authority/task-runtime-status-implementation/actual-25-task-observation-6488-23ec4b23-b828-4e69-9d9f-5d65c9c0cc11-14.json
 create mode 100644 specs/artifacts/2026-10-05-connection-workspace-authority/task-runtime-status-implementation/actual-25-task-observation-6488-23ec4b23-b828-4e69-9d9f-5d65c9c0cc11-2.json
 create mode 100644 specs/artifacts/2026-10-05-connection-workspace-authority/task-runtime-status-implementation/actual-25-task-observation-6488-23ec4b23-b828-4e69-9d9f-5d65c9c0cc11-3.json
 create mode 100644 specs/artifacts/2026-10-05-connection-workspace-authority/task-runtime-status-implementation/actual-25-task-observation-6488-23ec4b23-b828-4e69-9d9f-5d65c9c0cc11-4.json
 create mode 100644 specs/artifacts/2026-10-05-connection-workspace-authority/task-runtime-status-implementation/actual-25-task-observation-6488-23ec4b23-b828-4e69-9d9f-5d65c9c0cc11-5.json
 create mode 100644 specs/artifacts/2026-10-05-connection-workspace-authority/task-runtime-status-implementation/actual-25-task-observation-6488-23ec4b23-b828-4e69-9d9f-5d65c9c0cc11-6.json
 create mode 100644 specs/artifacts/2026-10-05-connection-workspace-authority/task-runtime-status-implementation/actual-25-task-observation-6488-23ec4b23-b828-4e69-9d9f-5d65c9c0cc11-7.json
 create mode 100644 specs/artifacts/2026-10-05-connection-workspace-authority/task-runtime-status-implementation/actual-25-task-observation-6488-23ec4b23-b828-4e69-9d9f-5d65c9c0cc11-8.json
 create mode 100644 specs/artifacts/2026-10-05-connection-workspace-authority/task-runtime-status-implementation/actual-25-task-observation-6488-23ec4b23-b828-4e69-9d9f-5d65c9c0cc11-9.json
 create mode 100644 specs/artifacts/2026-10-05-connection-workspace-authority/task-runtime-status-implementation/actual-25-task-occurrence-admitted.json
 create mode 100644 specs/artifacts/2026-10-05-connection-workspace-authority/task-runtime-status-implementation/actual-25-task-request-input.json
 create mode 100644 specs/artifacts/2026-10-05-connection-workspace-authority/task-runtime-status-implementation/actual-25-task-selection.json
 create mode 100644 specs/artifacts/2026-10-05-connection-workspace-authority/task-runtime-status-implementation/closed-readonly-probe.final.ts.txt
 create mode 100644 specs/artifacts/2026-10-05-connection-workspace-authority/task-runtime-status-implementation/complete-read-23-chain-supervision-74852-1.json
 create mode 100644 specs/artifacts/2026-10-05-connection-workspace-authority/task-runtime-status-implementation/complete-read-23-chain-supervision-74852-10.json
 create mode 100644 specs/artifacts/2026-10-05-connection-workspace-authority/task-runtime-status-implementation/complete-read-23-chain-supervision-74852-11.json
 create mode 100644 specs/artifacts/2026-10-05-connection-workspace-authority/task-runtime-status-implementation/complete-read-23-chain-supervision-74852-12.json
 create mode 100644 specs/artifacts/2026-10-05-connection-workspace-authority/task-runtime-status-implementation/complete-read-23-chain-supervision-74852-13.json
 create mode 100644 specs/artifacts/2026-10-05-connection-workspace-authority/task-runtime-status-implementation/complete-read-23-chain-supervision-74852-14.json
 create mode 100644 specs/artifacts/2026-10-05-connection-workspace-authority/task-runtime-status-implementation/complete-read-23-chain-supervision-74852-15.json
 create mode 100644 specs/artifacts/2026-10-05-connection-workspace-authority/task-runtime-status-implementation/complete-read-23-chain-supervision-74852-16.json
 create mode 100644 specs/artifacts/2026-10-05-connection-workspace-authority/task-runtime-status-implementation/complete-read-23-chain-supervision-74852-17.json
 create mode 100644 specs/artifacts/2026-10-05-connection-workspace-authority/task-runtime-status-implementation/complete-read-23-chain-supervision-74852-18.json
 create mode 100644 specs/artifacts/2026-10-05-connection-workspace-authority/task-runtime-status-implementation/complete-read-23-chain-supervision-74852-19.json
 create mode 100644 specs/artifacts/2026-10-05-connection-workspace-authority/task-runtime-status-implementation/complete-read-23-chain-supervision-74852-2.json
 create mode 100644 specs/artifacts/2026-10-05-connection-workspace-authority/task-runtime-status-implementation/complete-read-23-chain-supervision-74852-20.json
 create mode 100644 specs/artifacts/2026-10-05-connection-workspace-authority/task-runtime-status-implementation/complete-read-23-chain-supervision-74852-21.json
 create mode 100644 specs/artifacts/2026-10-05-connection-workspace-authority/task-runtime-status-implementation/complete-read-23-chain-supervision-74852-22.json
 create mode 100644 specs/artifacts/2026-10-05-connection-workspace-authority/task-runtime-status-implementation/complete-read-23-chain-supervision-74852-23.json
 create mode 100644 specs/artifacts/2026-10-05-connection-workspace-authority/task-runtime-status-implementation/complete-read-23-chain-supervision-74852-24.json
 create mode 100644 specs/artifacts/2026-10-05-connection-workspace-authority/task-runtime-status-implementation/complete-read-23-chain-supervision-74852-25.json
 create mode 100644 specs/artifacts/2026-10-05-connection-workspace-authority/task-runtime-status-implementation/complete-read-23-chain-supervision-74852-26.json
 create mode 100644 specs/artifacts/2026-10-05-connection-workspace-authority/task-runtime-status-implementation/complete-read-23-chain-supervision-74852-27.json
 create mode 100644 specs/artifacts/2026-10-05-connection-workspace-authority/task-runtime-status-implementation/complete-read-23-chain-supervision-74852-28.json
 create mode 100644 specs/artifacts/2026-10-05-connection-workspace-authority/task-runtime-status-implementation/complete-read-23-chain-supervision-74852-29.json
 create mode 100644 specs/artifacts/2026-10-05-connection-workspace-authority/task-runtime-status-implementation/complete-read-23-chain-supervision-74852-3.json
 create mode 100644 specs/artifacts/2026-10-05-connection-workspace-authority/task-runtime-status-implementation/complete-read-23-chain-supervision-74852-30.json
 create mode 100644 specs/artifacts/2026-10-05-connection-workspace-authority/task-runtime-status-implementation/complete-read-23-chain-supervision-74852-31.json
 create mode 100644 specs/artifacts/2026-10-05-connection-workspace-authority/task-runtime-status-implementation/complete-read-23-chain-supervision-74852-32.json
 create mode 100644 specs/artifacts/2026-10-05-connection-workspace-authority/task-runtime-status-implementation/complete-read-23-chain-supervision-74852-33.json
 create mode 100644 specs/artifacts/2026-10-05-connection-workspace-authority/task-runtime-status-implementation/complete-read-23-chain-supervision-74852-34.json
 create mode 100644 specs/artifacts/2026-10-05-connection-workspace-authority/task-runtime-status-implementation/complete-read-23-chain-supervision-74852-35.json
 create mode 100644 specs/artifacts/2026-10-05-connection-workspace-authority/task-runtime-status-implementation/complete-read-23-chain-supervision-74852-36.json
 create mode 100644 specs/artifacts/2026-10-05-connection-workspace-authority/task-runtime-status-implementation/complete-read-23-chain-supervision-74852-37.json
 create mode 100644 specs/artifacts/2026-10-05-connection-workspace-authority/task-runtime-status-implementation/complete-read-23-chain-supervision-74852-38.json
 create mode 100644 specs/artifacts/2026-10-05-connection-workspace-authority/task-runtime-status-implementation/complete-read-23-chain-supervision-74852-39.json
 create mode 100644 specs/artifacts/2026-10-05-connection-workspace-authority/task-runtime-status-implementation/complete-read-23-chain-supervision-74852-4.json
 create mode 100644 specs/artifacts/2026-10-05-connection-workspace-authority/task-runtime-status-implementation/complete-read-23-chain-supervision-74852-40.json
 create mode 100644 specs/artifacts/2026-10-05-connection-workspace-authority/task-runtime-status-implementation/complete-read-23-chain-supervision-74852-41.json
 create mode 100644 specs/artifacts/2026-10-05-connection-workspace-authority/task-runtime-status-implementation/complete-read-23-chain-supervision-74852-42.json
 create mode 100644 specs/artifacts/2026-10-05-connection-workspace-authority/task-runtime-status-implementation/complete-read-23-chain-supervision-74852-43.json
 create mode 100644 specs/artifacts/2026-10-05-connection-workspace-authority/task-runtime-status-implementation/complete-read-23-chain-supervision-74852-44.json
 create mode 100644 specs/artifacts/2026-10-05-connection-workspace-authority/task-runtime-status-implementation/complete-read-23-chain-supervision-74852-45.json
 create mode 100644 specs/artifacts/2026-10-05-connection-workspace-authority/task-runtime-status-implementation/complete-read-23-chain-supervision-74852-46.json
 create mode 100644 specs/artifacts/2026-10-05-connection-workspace-authority/task-runtime-status-implementation/complete-read-23-chain-supervision-74852-5.json
 create mode 100644 specs/artifacts/2026-10-05-connection-workspace-authority/task-runtime-status-implementation/complete-read-23-chain-supervision-74852-6.json
 create mode 100644 specs/artifacts/2026-10-05-connection-workspace-authority/task-runtime-status-implementation/complete-read-23-chain-supervision-74852-7.json
 create mode 100644 specs/artifacts/2026-10-05-connection-workspace-authority/task-runtime-status-implementation/complete-read-23-chain-supervision-74852-8.json
 create mode 100644 specs/artifacts/2026-10-05-connection-workspace-authority/task-runtime-status-implementation/complete-read-23-chain-supervision-74852-9.json
 create mode 100644 specs/artifacts/2026-10-05-connection-workspace-authority/task-runtime-status-implementation/complete-read-23-final-provider-audit.json
 create mode 100644 specs/artifacts/2026-10-05-connection-workspace-authority/task-runtime-status-implementation/complete-read-23-physical-terminal-and-pair-cleanup.json
 create mode 100644 specs/artifacts/2026-10-05-connection-workspace-authority/task-runtime-status-implementation/complete-read-23-settlement-owner.json
 create mode 100644 specs/artifacts/2026-10-05-connection-workspace-authority/task-runtime-status-implementation/complete-read-23-shutdown-admission.json
 create mode 100644 specs/artifacts/2026-10-05-connection-workspace-authority/task-runtime-status-implementation/complete-read-24-chain-supervision-76420-1.json
 create mode 100644 specs/artifacts/2026-10-05-connection-workspace-authority/task-runtime-status-implementation/complete-read-24-chain-supervision-76420-10.json
 create mode 100644 specs/artifacts/2026-10-05-connection-workspace-authority/task-runtime-status-implementation/complete-read-24-chain-supervision-76420-100.json
 create mode 100644 specs/artifacts/2026-10-05-connection-workspace-authority/task-runtime-status-implementation/complete-read-24-chain-supervision-76420-101.json
 create mode 100644 specs/artifacts/2026-10-05-connection-workspace-authority/task-runtime-status-implementation/complete-read-24-chain-supervision-76420-102.json
 create mode 100644 specs/artifacts/2026-10-05-connection-workspace-authority/task-runtime-status-implementation/complete-read-24-chain-supervision-76420-103.json
 create mode 100644 specs/artifacts/2026-10-05-connection-workspace-authority/task-runtime-status-implementation/complete-read-24-chain-supervision-76420-104.json
 create mode 100644 specs/artifacts/2026-10-05-connection-workspace-authority/task-runtime-status-implementation/complete-read-24-chain-supervision-76420-105.json
 create mode 100644 specs/artifacts/2026-10-05-connection-workspace-authority/task-runtime-status-implementation/complete-read-24-chain-supervision-76420-106.json
 create mode 100644 specs/artifacts/2026-10-05-connection-workspace-authority/task-runtime-status-implementation/complete-read-24-chain-supervision-76420-107.json
 create mode 100644 specs/artifacts/2026-10-05-connection-workspace-authority/task-runtime-status-implementation/complete-read-24-chain-supervision-76420-108.json
 create mode 100644 specs/artifacts/2026-10-05-connection-workspace-authority/task-runtime-status-implementation/complete-read-24-chain-supervision-76420-109.json
 create mode 100644 specs/artifacts/2026-10-05-connection-workspace-authority/task-runtime-status-implementation/complete-read-24-chain-supervision-76420-11.json
 create mode 100644 specs/artifacts/2026-10-05-connection-workspace-authority/task-runtime-status-implementation/complete-read-24-chain-supervision-76420-110.json
 create mode 100644 specs/artifacts/2026-10-05-connection-workspace-authority/task-runtime-status-implementation/complete-read-24-chain-supervision-76420-111.json
 create mode 100644 specs/artifacts/2026-10-05-connection-workspace-authority/task-runtime-status-implementation/complete-read-24-chain-supervision-76420-112.json
 create mode 100644 specs/artifacts/2026-10-05-connection-workspace-authority/task-runtime-status-implementation/complete-read-24-chain-supervision-76420-12.json
 create mode 100644 specs/artifacts/2026-10-05-connection-workspace-authority/task-runtime-status-implementation/complete-read-24-chain-supervision-76420-13.json
 create mode 100644 specs/artifacts/2026-10-05-connection-workspace-authority/task-runtime-status-implementation/complete-read-24-chain-supervision-76420-14.json
 create mode 100644 specs/artifacts/2026-10-05-connection-workspace-authority/task-runtime-status-implementation/complete-read-24-chain-supervision-76420-15.json
 create mode 100644 specs/artifacts/2026-10-05-connection-workspace-authority/task-runtime-status-implementation/complete-read-24-chain-supervision-76420-16.json
 create mode 100644 specs/artifacts/2026-10-05-connection-workspace-authority/task-runtime-status-implementation/complete-read-24-chain-supervision-76420-17.json
 create mode 100644 specs/artifacts/2026-10-05-connection-workspace-authority/task-runtime-status-implementation/complete-read-24-chain-supervision-76420-18.json
 create mode 100644 specs/artifacts/2026-10-05-connection-workspace-authority/task-runtime-status-implementation/complete-read-24-chain-supervision-76420-19.json
 create mode 100644 specs/artifacts/2026-10-05-connection-workspace-authority/task-runtime-status-implementation/complete-read-24-chain-supervision-76420-2.json
 create mode 100644 specs/artifacts/2026-10-05-connection-workspace-authority/task-runtime-status-implementation/complete-read-24-chain-supervision-76420-20.json
 create mode 100644 specs/artifacts/2026-10-05-connection-workspace-authority/task-runtime-status-implementation/complete-read-24-chain-supervision-76420-21.json
 create mode 100644 specs/artifacts/2026-10-05-connection-workspace-authority/task-runtime-status-implementation/complete-read-24-chain-supervision-76420-22.json
 create mode 100644 specs/artifacts/2026-10-05-connection-workspace-authority/task-runtime-status-implementation/complete-read-24-chain-supervision-76420-23.json
 create mode 100644 specs/artifacts/2026-10-05-connection-workspace-authority/task-runtime-status-implementation/complete-read-24-chain-supervision-76420-24.json
 create mode 100644 specs/artifacts/2026-10-05-connection-workspace-authority/task-runtime-status-implementation/complete-read-24-chain-supervision-76420-25.json
 create mode 100644 specs/artifacts/2026-10-05-connection-workspace-authority/task-runtime-status-implementation/complete-read-24-chain-supervision-76420-26.json
 create mode 100644 specs/artifacts/2026-10-05-connection-workspace-authority/task-runtime-status-implementation/complete-read-24-chain-supervision-76420-27.json
 create mode 100644 specs/artifacts/2026-10-05-connection-workspace-authority/task-runtime-status-implementation/complete-read-24-chain-supervision-76420-28.json
 create mode 100644 specs/artifacts/2026-10-05-connection-workspace-authority/task-runtime-status-implementation/complete-read-24-chain-supervision-76420-29.json
 create mode 100644 specs/artifacts/2026-10-05-connection-workspace-authority/task-runtime-status-implementation/complete-read-24-chain-supervision-76420-3.json
 create mode 100644 specs/artifacts/2026-10-05-connection-workspace-authority/task-runtime-status-implementation/complete-read-24-chain-supervision-76420-30.json
 create mode 100644 specs/artifacts/2026-10-05-connection-workspace-authority/task-runtime-status-implementation/complete-read-24-chain-supervision-76420-31.json
 create mode 100644 specs/artifacts/2026-10-05-connection-workspace-authority/task-runtime-status-implementation/complete-read-24-chain-supervision-76420-32.json
 create mode 100644 specs/artifacts/2026-10-05-connection-workspace-authority/task-runtime-status-implementation/complete-read-24-chain-supervision-76420-33.json
 create mode 100644 specs/artifacts/2026-10-05-connection-workspace-authority/task-runtime-status-implementation/complete-read-24-chain-supervision-76420-34.json
 create mode 100644 specs/artifacts/2026-10-05-connection-workspace-authority/task-runtime-status-implementation/complete-read-24-chain-supervision-76420-35.json
 create mode 100644 specs/artifacts/2026-10-05-connection-workspace-authority/task-runtime-status-implementation/complete-read-24-chain-supervision-76420-36.json
 create mode 100644 specs/artifacts/2026-10-05-connection-workspace-authority/task-runtime-status-implementation/complete-read-24-chain-supervision-76420-37.json
 create mode 100644 specs/artifacts/2026-10-05-connection-workspace-authority/task-runtime-status-implementation/complete-read-24-chain-supervision-76420-38.json
 create mode 100644 specs/artifacts/2026-10-05-connection-workspace-authority/task-runtime-status-implementation/complete-read-24-chain-supervision-76420-39.json
 create mode 100644 specs/artifacts/2026-10-05-connection-workspace-authority/task-runtime-status-implementation/complete-read-24-chain-supervision-76420-4.json
 create mode 100644 specs/artifacts/2026-10-05-connection-workspace-authority/task-runtime-status-implementation/complete-read-24-chain-supervision-76420-40.json
 create mode 100644 specs/artifacts/2026-10-05-connection-workspace-authority/task-runtime-status-implementation/complete-read-24-chain-supervision-76420-41.json
 create mode 100644 specs/artifacts/2026-10-05-connection-workspace-authority/task-runtime-status-implementation/complete-read-24-chain-supervision-76420-42.json
 create mode 100644 specs/artifacts/2026-10-05-connection-workspace-authority/task-runtime-status-implementation/complete-read-24-chain-supervision-76420-43.json
 create mode 100644 specs/artifacts/2026-10-05-connection-workspace-authority/task-runtime-status-implementation/complete-read-24-chain-supervision-76420-44.json
 create mode 100644 specs/artifacts/2026-10-05-connection-workspace-authority/task-runtime-status-implementation/complete-read-24-chain-supervision-76420-45.json
 create mode 100644 specs/artifacts/2026-10-05-connection-workspace-authority/task-runtime-status-implementation/complete-read-24-chain-supervision-76420-46.json
 create mode 100644 specs/artifacts/2026-10-05-connection-workspace-authority/task-runtime-status-implementation/complete-read-24-chain-supervision-76420-47.json
 create mode 100644 specs/artifacts/2026-10-05-connection-workspace-authority/task-runtime-status-implementation/complete-read-24-chain-supervision-76420-48.json
 create mode 100644 specs/artifacts/2026-10-05-connection-workspace-authority/task-runtime-status-implementation/complete-read-24-chain-supervision-76420-49.json
 create mode 100644 specs/artifacts/2026-10-05-connection-workspace-authority/task-runtime-status-implementation/complete-read-24-chain-supervision-76420-5.json
 create mode 100644 specs/artifacts/2026-10-05-connection-workspace-authority/task-runtime-status-implementation/complete-read-24-chain-supervision-76420-50.json
 create mode 100644 specs/artifacts/2026-10-05-connection-workspace-authority/task-runtime-status-implementation/complete-read-24-chain-supervision-76420-51.json
 create mode 100644 specs/artifacts/2026-10-05-connection-workspace-authority/task-runtime-status-implementation/complete-read-24-chain-supervision-76420-52.json
 create mode 100644 specs/artifacts/2026-10-05-connection-workspace-authority/task-runtime-status-implementation/complete-read-24-chain-supervision-76420-53.json
 create mode 100644 specs/artifacts/2026-10-05-connection-workspace-authority/task-runtime-status-implementation/complete-read-24-chain-supervision-76420-54.json
 create mode 100644 specs/artifacts/2026-10-05-connection-workspace-authority/task-runtime-status-implementation/complete-read-24-chain-supervision-76420-55.json
 create mode 100644 specs/artifacts/2026-10-05-connection-workspace-authority/task-runtime-status-implementation/complete-read-24-chain-supervision-76420-56.json
 create mode 100644 specs/artifacts/2026-10-05-connection-workspace-authority/task-runtime-status-implementation/complete-read-24-chain-supervision-76420-57.json
 create mode 100644 specs/artifacts/2026-10-05-connection-workspace-authority/task-runtime-status-implementation/complete-read-24-chain-supervision-76420-58.json
 create mode 100644 specs/artifacts/2026-10-05-connection-workspace-authority/task-runtime-status-implementation/complete-read-24-chain-supervision-76420-59.json
 create mode 100644 specs/artifacts/2026-10-05-connection-workspace-authority/task-runtime-status-implementation/complete-read-24-chain-supervision-76420-6.json
 create mode 100644 specs/artifacts/2026-10-05-connection-workspace-authority/task-runtime-status-implementation/complete-read-24-chain-supervision-76420-60.json
 create mode 100644 specs/artifacts/2026-10-05-connection-workspace-authority/task-runtime-status-implementation/complete-read-24-chain-supervision-76420-61.json
 create mode 100644 specs/artifacts/2026-10-05-connection-workspace-authority/task-runtime-status-implementation/complete-read-24-chain-supervision-76420-62.json
 create mode 100644 specs/artifacts/2026-10-05-connection-workspace-authority/task-runtime-status-implementation/complete-read-24-chain-supervision-76420-63.json
 create mode 100644 specs/artifacts/2026-10-05-connection-workspace-authority/task-runtime-status-implementation/complete-read-24-chain-supervision-76420-64.json
 create mode 100644 specs/artifacts/2026-10-05-connection-workspace-authority/task-runtime-status-implementation/complete-read-24-chain-supervision-76420-65.json
 create mode 100644 specs/artifacts/2026-10-05-connection-workspace-authority/task-runtime-status-implementation/complete-read-24-chain-supervision-76420-66.json
 create mode 100644 specs/artifacts/2026-10-05-connection-workspace-authority/task-runtime-status-implementation/complete-read-24-chain-supervision-76420-67.json
 create mode 100644 specs/artifacts/2026-10-05-connection-workspace-authority/task-runtime-status-implementation/complete-read-24-chain-supervision-76420-68.json
 create mode 100644 specs/artifacts/2026-10-05-connection-workspace-authority/task-runtime-status-implementation/complete-read-24-chain-supervision-76420-69.json
 create mode 100644 specs/artifacts/2026-10-05-connection-workspace-authority/task-runtime-status-implementation/complete-read-24-chain-supervision-76420-7.json
 create mode 100644 specs/artifacts/2026-10-05-connection-workspace-authority/task-runtime-status-implementation/complete-read-24-chain-supervision-76420-70.json
 create mode 100644 specs/artifacts/2026-10-05-connection-workspace-authority/task-runtime-status-implementation/complete-read-24-chain-supervision-76420-71.json
 create mode 100644 specs/artifacts/2026-10-05-connection-workspace-authority/task-runtime-status-implementation/complete-read-24-chain-supervision-76420-72.json
 create mode 100644 specs/artifacts/2026-10-05-connection-workspace-authority/task-runtime-status-implementation/complete-read-24-chain-supervision-76420-73.json
 create mode 100644 specs/artifacts/2026-10-05-connection-workspace-authority/task-runtime-status-implementation/complete-read-24-chain-supervision-76420-74.json
 create mode 100644 specs/artifacts/2026-10-05-connection-workspace-authority/task-runtime-status-implementation/complete-read-24-chain-supervision-76420-75.json
 create mode 100644 specs/artifacts/2026-10-05-connection-workspace-authority/task-runtime-status-implementation/complete-read-24-chain-supervision-76420-76.json
 create mode 100644 specs/artifacts/2026-10-05-connection-workspace-authority/task-runtime-status-implementation/complete-read-24-chain-supervision-76420-77.json
 create mode 100644 specs/artifacts/2026-10-05-connection-workspace-authority/task-runtime-status-implementation/complete-read-24-chain-supervision-76420-78.json
 create mode 100644 specs/artifacts/2026-10-05-connection-workspace-authority/task-runtime-status-implementation/complete-read-24-chain-supervision-76420-79.json
 create mode 100644 specs/artifacts/2026-10-05-connection-workspace-authority/task-runtime-status-implementation/complete-read-24-chain-supervision-76420-8.json
 create mode 100644 specs/artifacts/2026-10-05-connection-workspace-authority/task-runtime-status-implementation/complete-read-24-chain-supervision-76420-80.json
 create mode 100644 specs/artifacts/2026-10-05-connection-workspace-authority/task-runtime-status-implementation/complete-read-24-chain-supervision-76420-81.json
 create mode 100644 specs/artifacts/2026-10-05-connection-workspace-authority/task-runtime-status-implementation/complete-read-24-chain-supervision-76420-82.json
 create mode 100644 specs/artifacts/2026-10-05-connection-workspace-authority/task-runtime-status-implementation/complete-read-24-chain-supervision-76420-83.json
 create mode 100644 specs/artifacts/2026-10-05-connection-workspace-authority/task-runtime-status-implementation/complete-read-24-chain-supervision-76420-84.json
 create mode 100644 specs/artifacts/2026-10-05-connection-workspace-authority/task-runtime-status-implementation/complete-read-24-chain-supervision-76420-85.json
 create mode 100644 specs/artifacts/2026-10-05-connection-workspace-authority/task-runtime-status-implementation/complete-read-24-chain-supervision-76420-86.json
 create mode 100644 specs/artifacts/2026-10-05-connection-workspace-authority/task-runtime-status-implementation/complete-read-24-chain-supervision-76420-87.json
 create mode 100644 specs/artifacts/2026-10-05-connection-workspace-authority/task-runtime-status-implementation/complete-read-24-chain-supervision-76420-88.json
 create mode 100644 specs/artifacts/2026-10-05-connection-workspace-authority/task-runtime-status-implementation/complete-read-24-chain-supervision-76420-89.json
 create mode 100644 specs/artifacts/2026-10-05-connection-workspace-authority/task-runtime-status-implementation/complete-read-24-chain-supervision-76420-9.json
 create mode 100644 specs/artifacts/2026-10-05-connection-workspace-authority/task-runtime-status-implementation/complete-read-24-chain-supervision-76420-90.json
 create mode 100644 specs/artifacts/2026-10-05-connection-workspace-authority/task-runtime-status-implementation/complete-read-24-chain-supervision-76420-91.json
 create mode 100644 specs/artifacts/2026-10-05-connection-workspace-authority/task-runtime-status-implementation/complete-read-24-chain-supervision-76420-92.json
 create mode 100644 specs/artifacts/2026-10-05-connection-workspace-authority/task-runtime-status-implementation/complete-read-24-chain-supervision-76420-93.json
 create mode 100644 specs/artifacts/2026-10-05-connection-workspace-authority/task-runtime-status-implementation/complete-read-24-chain-supervision-76420-94.json
 create mode 100644 specs/artifacts/2026-10-05-connection-workspace-authority/task-runtime-status-implementation/complete-read-24-chain-supervision-76420-95.json
 create mode 100644 specs/artifacts/2026-10-05-connection-workspace-authority/task-runtime-status-implementation/complete-read-24-chain-supervision-76420-96.json
 create mode 100644 specs/artifacts/2026-10-05-connection-workspace-authority/task-runtime-status-implementation/complete-read-24-chain-supervision-76420-97.json
 create mode 100644 specs/artifacts/2026-10-05-connection-workspace-authority/task-runtime-status-implementation/complete-read-24-chain-supervision-76420-98.json
 create mode 100644 specs/artifacts/2026-10-05-connection-workspace-authority/task-runtime-status-implementation/complete-read-24-chain-supervision-76420-99.json
 create mode 100644 specs/artifacts/2026-10-05-connection-workspace-authority/task-runtime-status-implementation/complete-read-24-final-provider-audit.json
 create mode 100644 specs/artifacts/2026-10-05-connection-workspace-authority/task-runtime-status-implementation/complete-read-24-physical-terminal-and-pair-cleanup.json
 create mode 100644 specs/artifacts/2026-10-05-connection-workspace-authority/task-runtime-status-implementation/complete-read-24-settlement-owner.json
 create mode 100644 specs/artifacts/2026-10-05-connection-workspace-authority/task-runtime-status-implementation/complete-read-24-shutdown-admission.json
 create mode 100644 specs/artifacts/2026-10-05-connection-workspace-authority/task-runtime-status-implementation/conversation.css.before.txt
 create mode 100644 specs/artifacts/2026-10-05-connection-workspace-authority/task-runtime-status-implementation/conversation.css.final.txt
 create mode 100644 specs/artifacts/2026-10-05-connection-workspace-authority/task-runtime-status-implementation/docs-architecture.log
 create mode 100644 specs/artifacts/2026-10-05-connection-workspace-authority/task-runtime-status-implementation/docs-final.log
 create mode 100644 specs/artifacts/2026-10-05-connection-workspace-authority/task-runtime-status-implementation/docs-first.log
 create mode 100644 specs/artifacts/2026-10-05-connection-workspace-authority/task-runtime-status-implementation/docs-progress.log
 create mode 100644 specs/artifacts/2026-10-05-connection-workspace-authority/task-runtime-status-implementation/overlay-build-first.log
 create mode 100644 specs/artifacts/2026-10-05-connection-workspace-authority/task-runtime-status-implementation/overlay-types-first.log
 create mode 100644 specs/artifacts/2026-10-05-connection-workspace-authority/task-runtime-status-implementation/prior-22-normal-commit.log
 create mode 100644 specs/artifacts/2026-10-05-connection-workspace-authority/task-runtime-status-implementation/prior-22-normal-push.log
 create mode 100644 specs/artifacts/2026-10-05-connection-workspace-authority/task-runtime-status-implementation/renderer-public-surface.log
 create mode 100644 specs/artifacts/2026-10-05-connection-workspace-authority/task-runtime-status-implementation/root-actual-23-independent-closure.json
 create mode 100644 specs/artifacts/2026-10-05-connection-workspace-authority/task-runtime-status-implementation/root-actual-25-independent-closure.json
 create mode 100644 specs/artifacts/2026-10-05-connection-workspace-authority/task-runtime-status-implementation/terminal-status-25-chain-supervision-76736-1.json
 create mode 100644 specs/artifacts/2026-10-05-connection-workspace-authority/task-runtime-status-implementation/terminal-status-25-chain-supervision-76736-10.json
 create mode 100644 specs/artifacts/2026-10-05-connection-workspace-authority/task-runtime-status-implementation/terminal-status-25-chain-supervision-76736-11.json
 create mode 100644 specs/artifacts/2026-10-05-connection-workspace-authority/task-runtime-status-implementation/terminal-status-25-chain-supervision-76736-12.json
 create mode 100644 specs/artifacts/2026-10-05-connection-workspace-authority/task-runtime-status-implementation/terminal-status-25-chain-supervision-76736-13.json
 create mode 100644 specs/artifacts/2026-10-05-connection-workspace-authority/task-runtime-status-implementation/terminal-status-25-chain-supervision-76736-14.json
 create mode 100644 specs/artifacts/2026-10-05-connection-workspace-authority/task-runtime-status-implementation/terminal-status-25-chain-supervision-76736-15.json
 create mode 100644 specs/artifacts/2026-10-05-connection-workspace-authority/task-runtime-status-implementation/terminal-status-25-chain-supervision-76736-16.json
 create mode 100644 specs/artifacts/2026-10-05-connection-workspace-authority/task-runtime-status-implementation/terminal-status-25-chain-supervision-76736-17.json
 create mode 100644 specs/artifacts/2026-10-05-connection-workspace-authority/task-runtime-status-implementation/terminal-status-25-chain-supervision-76736-18.json
 create mode 100644 specs/artifacts/2026-10-05-connection-workspace-authority/task-runtime-status-implementation/terminal-status-25-chain-supervision-76736-19.json
 create mode 100644 specs/artifacts/2026-10-05-connection-workspace-authority/task-runtime-status-implementation/terminal-status-25-chain-supervision-76736-2.json
 create mode 100644 specs/artifacts/2026-10-05-connection-workspace-authority/task-runtime-status-implementation/terminal-status-25-chain-supervision-76736-20.json
 create mode 100644 specs/artifacts/2026-10-05-connection-workspace-authority/task-runtime-status-implementation/terminal-status-25-chain-supervision-76736-21.json
 create mode 100644 specs/artifacts/2026-10-05-connection-workspace-authority/task-runtime-status-implementation/terminal-status-25-chain-supervision-76736-22.json
 create mode 100644 specs/artifacts/2026-10-05-connection-workspace-authority/task-runtime-status-implementation/terminal-status-25-chain-supervision-76736-23.json
 create mode 100644 specs/artifacts/2026-10-05-connection-workspace-authority/task-runtime-status-implementation/terminal-status-25-chain-supervision-76736-24.json
 create mode 100644 specs/artifacts/2026-10-05-connection-workspace-authority/task-runtime-status-implementation/terminal-status-25-chain-supervision-76736-25.json
 create mode 100644 specs/artifacts/2026-10-05-connection-workspace-authority/task-runtime-status-implementation/terminal-status-25-chain-supervision-76736-26.json
 create mode 100644 specs/artifacts/2026-10-05-connection-workspace-authority/task-runtime-status-implementation/terminal-status-25-chain-supervision-76736-3.json
 create mode 100644 specs/artifacts/2026-10-05-connection-workspace-authority/task-runtime-status-implementation/terminal-status-25-chain-supervision-76736-4.json
 create mode 100644 specs/artifacts/2026-10-05-connection-workspace-authority/task-runtime-status-implementation/terminal-status-25-chain-supervision-76736-5.json
 create mode 100644 specs/artifacts/2026-10-05-connection-workspace-authority/task-runtime-status-implementation/terminal-status-25-chain-supervision-76736-6.json
 create mode 100644 specs/artifacts/2026-10-05-connection-workspace-authority/task-runtime-status-implementation/terminal-status-25-chain-supervision-76736-7.json
 create mode 100644 specs/artifacts/2026-10-05-connection-workspace-authority/task-runtime-status-implementation/terminal-status-25-chain-supervision-76736-8.json
 create mode 100644 specs/artifacts/2026-10-05-connection-workspace-authority/task-runtime-status-implementation/terminal-status-25-chain-supervision-76736-9.json
 create mode 100644 specs/artifacts/2026-10-05-connection-workspace-authority/task-runtime-status-implementation/terminal-status-25-final-provider-audit.json
 create mode 100644 specs/artifacts/2026-10-05-connection-workspace-authority/task-runtime-status-implementation/terminal-status-25-physical-terminal-and-pair-cleanup.json
 create mode 100644 specs/artifacts/2026-10-05-connection-workspace-authority/task-runtime-status-implementation/terminal-status-25-settlement-owner.json
 create mode 100644 specs/artifacts/2026-10-05-connection-workspace-authority/task-runtime-status-implementation/terminal-status-25-shutdown-admission.json
