[main d66b7655] test: qualify real file delivery and terminal row interactions
 1027 files changed, 31907 insertions(+)
 create mode 100644 specs/artifacts/2026-10-05-connection-workspace-authority/file-row-live-plan.md
 create mode 100644 specs/artifacts/2026-10-05-connection-workspace-authority/file-row-live/README.md
 create mode 100644 specs/artifacts/2026-10-05-connection-workspace-authority/file-row-live/actual-38-added-filter.png
 create mode 100644 specs/artifacts/2026-10-05-connection-workspace-authority/file-row-live/actual-38-added-filter.txt
 create mode 100644 specs/artifacts/2026-10-05-connection-workspace-authority/file-row-live/actual-38-build-row-pointer.png
 create mode 100644 specs/artifacts/2026-10-05-connection-workspace-authority/file-row-live/actual-38-build-row-pointer.txt
 create mode 100644 specs/artifacts/2026-10-05-connection-workspace-authority/file-row-live/actual-38-build-row-resolved.png
 create mode 100644 specs/artifacts/2026-10-05-connection-workspace-authority/file-row-live/actual-38-build-row-resolved.txt
 create mode 100644 specs/artifacts/2026-10-05-connection-workspace-authority/file-row-live/actual-38-download-result.json
 create mode 100644 specs/artifacts/2026-10-05-connection-workspace-authority/file-row-live/actual-38-downloaded-hello.txt
 create mode 100644 specs/artifacts/2026-10-05-connection-workspace-authority/file-row-live/actual-38-downloads-before.json
 create mode 100644 specs/artifacts/2026-10-05-connection-workspace-authority/file-row-live/actual-38-file-row-before.png
 create mode 100644 specs/artifacts/2026-10-05-connection-workspace-authority/file-row-live/actual-38-file-row-before.txt
 create mode 100644 specs/artifacts/2026-10-05-connection-workspace-authority/file-row-live/actual-38-file-row-enter.png
 create mode 100644 specs/artifacts/2026-10-05-connection-workspace-authority/file-row-live/actual-38-file-row-enter.txt
 create mode 100644 specs/artifacts/2026-10-05-connection-workspace-authority/file-row-live/actual-38-file-row-pointer.png
 create mode 100644 specs/artifacts/2026-10-05-connection-workspace-authority/file-row-live/actual-38-file-row-pointer.txt
 create mode 100644 specs/artifacts/2026-10-05-connection-workspace-authority/file-row-live/actual-38-file-row-space.png
 create mode 100644 specs/artifacts/2026-10-05-connection-workspace-authority/file-row-live/actual-38-file-row-space.txt
 create mode 100644 specs/artifacts/2026-10-05-connection-workspace-authority/file-row-live/actual-38-file-row-wide.png
 create mode 100644 specs/artifacts/2026-10-05-connection-workspace-authority/file-row-live/actual-38-file-row-wide.txt
 create mode 100644 specs/artifacts/2026-10-05-connection-workspace-authority/file-row-live/actual-38-formal-download.png
 create mode 100644 specs/artifacts/2026-10-05-connection-workspace-authority/file-row-live/actual-38-formal-download.txt
 create mode 100644 specs/artifacts/2026-10-05-connection-workspace-authority/file-row-live/actual-38-formal-preview.png
 create mode 100644 specs/artifacts/2026-10-05-connection-workspace-authority/file-row-live/actual-38-formal-preview.txt
 create mode 100644 specs/artifacts/2026-10-05-connection-workspace-authority/file-row-live/actual-38-group-enter.png
 create mode 100644 specs/artifacts/2026-10-05-connection-workspace-authority/file-row-live/actual-38-group-enter.txt
 create mode 100644 specs/artifacts/2026-10-05-connection-workspace-authority/file-row-live/actual-38-launch.log
 create mode 100644 specs/artifacts/2026-10-05-connection-workspace-authority/file-row-live/actual-38-materialized-hello.txt
 create mode 100644 specs/artifacts/2026-10-05-connection-workspace-authority/file-row-live/actual-38-publication-and-materialized-read-facts.json
 create mode 100644 specs/artifacts/2026-10-05-connection-workspace-authority/file-row-live/actual-38-readonly-facts.json
 create mode 100644 specs/artifacts/2026-10-05-connection-workspace-authority/file-row-live/actual-38-readonly.log
 create mode 100644 specs/artifacts/2026-10-05-connection-workspace-authority/file-row-live/actual-38-real-file-qualification.json
 create mode 100644 specs/artifacts/2026-10-05-connection-workspace-authority/file-row-live/actual-38-root-closure.json
 create mode 100644 specs/artifacts/2026-10-05-connection-workspace-authority/file-row-live/actual-38-running.png
 create mode 100644 specs/artifacts/2026-10-05-connection-workspace-authority/file-row-live/actual-38-running.txt
 create mode 100644 specs/artifacts/2026-10-05-connection-workspace-authority/file-row-live/actual-38-shutdown.log
 create mode 100644 specs/artifacts/2026-10-05-connection-workspace-authority/file-row-live/actual-38-task-accepted-cli.json
 create mode 100644 specs/artifacts/2026-10-05-connection-workspace-authority/file-row-live/actual-38-task-create-first.log
 create mode 100644 specs/artifacts/2026-10-05-connection-workspace-authority/file-row-live/actual-38-task-request-input.json
 create mode 100644 specs/artifacts/2026-10-05-connection-workspace-authority/file-row-live/actual-38-task-selection.json
 create mode 100644 specs/artifacts/2026-10-05-connection-workspace-authority/file-row-live/actual-38-terminal-enter.png
 create mode 100644 specs/artifacts/2026-10-05-connection-workspace-authority/file-row-live/actual-38-terminal-enter.txt
 create mode 100644 specs/artifacts/2026-10-05-connection-workspace-authority/file-row-live/actual-38-terminal-space.png
 create mode 100644 specs/artifacts/2026-10-05-connection-workspace-authority/file-row-live/actual-38-terminal-space.txt
 create mode 100644 specs/artifacts/2026-10-05-connection-workspace-authority/file-row-live/actual-38-two-groups-before.png
 create mode 100644 specs/artifacts/2026-10-05-connection-workspace-authority/file-row-live/actual-38-two-groups-before.txt
 create mode 100644 specs/artifacts/2026-10-05-connection-workspace-authority/file-row-live/docs-final-first.log
 create mode 100644 specs/artifacts/2026-10-05-connection-workspace-authority/file-row-live/docs-final.log
 create mode 100644 specs/artifacts/2026-10-05-connection-workspace-authority/file-row-live/docs-plan-first.log
 create mode 100644 specs/artifacts/2026-10-05-connection-workspace-authority/file-row-live/file-row-38-chain-supervision-26216-1.json
 create mode 100644 specs/artifacts/2026-10-05-connection-workspace-authority/file-row-live/file-row-38-chain-supervision-26216-10.json
 create mode 100644 specs/artifacts/2026-10-05-connection-workspace-authority/file-row-live/file-row-38-chain-supervision-26216-100.json
 create mode 100644 specs/artifacts/2026-10-05-connection-workspace-authority/file-row-live/file-row-38-chain-supervision-26216-101.json
 create mode 100644 specs/artifacts/2026-10-05-connection-workspace-authority/file-row-live/file-row-38-chain-supervision-26216-102.json
 create mode 100644 specs/artifacts/2026-10-05-connection-workspace-authority/file-row-live/file-row-38-chain-supervision-26216-103.json
 create mode 100644 specs/artifacts/2026-10-05-connection-workspace-authority/file-row-live/file-row-38-chain-supervision-26216-104.json
 create mode 100644 specs/artifacts/2026-10-05-connection-workspace-authority/file-row-live/file-row-38-chain-supervision-26216-105.json
 create mode 100644 specs/artifacts/2026-10-05-connection-workspace-authority/file-row-live/file-row-38-chain-supervision-26216-106.json
 create mode 100644 specs/artifacts/2026-10-05-connection-workspace-authority/file-row-live/file-row-38-chain-supervision-26216-107.json
 create mode 100644 specs/artifacts/2026-10-05-connection-workspace-authority/file-row-live/file-row-38-chain-supervision-26216-108.json
 create mode 100644 specs/artifacts/2026-10-05-connection-workspace-authority/file-row-live/file-row-38-chain-supervision-26216-109.json
 create mode 100644 specs/artifacts/2026-10-05-connection-workspace-authority/file-row-live/file-row-38-chain-supervision-26216-11.json
 create mode 100644 specs/artifacts/2026-10-05-connection-workspace-authority/file-row-live/file-row-38-chain-supervision-26216-12.json
 create mode 100644 specs/artifacts/2026-10-05-connection-workspace-authority/file-row-live/file-row-38-chain-supervision-26216-13.json
 create mode 100644 specs/artifacts/2026-10-05-connection-workspace-authority/file-row-live/file-row-38-chain-supervision-26216-14.json
 create mode 100644 specs/artifacts/2026-10-05-connection-workspace-authority/file-row-live/file-row-38-chain-supervision-26216-15.json
 create mode 100644 specs/artifacts/2026-10-05-connection-workspace-authority/file-row-live/file-row-38-chain-supervision-26216-16.json
 create mode 100644 specs/artifacts/2026-10-05-connection-workspace-authority/file-row-live/file-row-38-chain-supervision-26216-17.json
 create mode 100644 specs/artifacts/2026-10-05-connection-workspace-authority/file-row-live/file-row-38-chain-supervision-26216-18.json
 create mode 100644 specs/artifacts/2026-10-05-connection-workspace-authority/file-row-live/file-row-38-chain-supervision-26216-19.json
 create mode 100644 specs/artifacts/2026-10-05-connection-workspace-authority/file-row-live/file-row-38-chain-supervision-26216-2.json
 create mode 100644 specs/artifacts/2026-10-05-connection-workspace-authority/file-row-live/file-row-38-chain-supervision-26216-20.json
 create mode 100644 specs/artifacts/2026-10-05-connection-workspace-authority/file-row-live/file-row-38-chain-supervision-26216-21.json
 create mode 100644 specs/artifacts/2026-10-05-connection-workspace-authority/file-row-live/file-row-38-chain-supervision-26216-22.json
 create mode 100644 specs/artifacts/2026-10-05-connection-workspace-authority/file-row-live/file-row-38-chain-supervision-26216-23.json
 create mode 100644 specs/artifacts/2026-10-05-connection-workspace-authority/file-row-live/file-row-38-chain-supervision-26216-24.json
 create mode 100644 specs/artifacts/2026-10-05-connection-workspace-authority/file-row-live/file-row-38-chain-supervision-26216-25.json
 create mode 100644 specs/artifacts/2026-10-05-connection-workspace-authority/file-row-live/file-row-38-chain-supervision-26216-26.json
 create mode 100644 specs/artifacts/2026-10-05-connection-workspace-authority/file-row-live/file-row-38-chain-supervision-26216-27.json
 create mode 100644 specs/artifacts/2026-10-05-connection-workspace-authority/file-row-live/file-row-38-chain-supervision-26216-28.json
 create mode 100644 specs/artifacts/2026-10-05-connection-workspace-authority/file-row-live/file-row-38-chain-supervision-26216-29.json
 create mode 100644 specs/artifacts/2026-10-05-connection-workspace-authority/file-row-live/file-row-38-chain-supervision-26216-3.json
 create mode 100644 specs/artifacts/2026-10-05-connection-workspace-authority/file-row-live/file-row-38-chain-supervision-26216-30.json
 create mode 100644 specs/artifacts/2026-10-05-connection-workspace-authority/file-row-live/file-row-38-chain-supervision-26216-31.json
 create mode 100644 specs/artifacts/2026-10-05-connection-workspace-authority/file-row-live/file-row-38-chain-supervision-26216-32.json
 create mode 100644 specs/artifacts/2026-10-05-connection-workspace-authority/file-row-live/file-row-38-chain-supervision-26216-33.json
 create mode 100644 specs/artifacts/2026-10-05-connection-workspace-authority/file-row-live/file-row-38-chain-supervision-26216-34.json
 create mode 100644 specs/artifacts/2026-10-05-connection-workspace-authority/file-row-live/file-row-38-chain-supervision-26216-35.json
 create mode 100644 specs/artifacts/2026-10-05-connection-workspace-authority/file-row-live/file-row-38-chain-supervision-26216-36.json
 create mode 100644 specs/artifacts/2026-10-05-connection-workspace-authority/file-row-live/file-row-38-chain-supervision-26216-37.json
 create mode 100644 specs/artifacts/2026-10-05-connection-workspace-authority/file-row-live/file-row-38-chain-supervision-26216-38.json
 create mode 100644 specs/artifacts/2026-10-05-connection-workspace-authority/file-row-live/file-row-38-chain-supervision-26216-39.json
 create mode 100644 specs/artifacts/2026-10-05-connection-workspace-authority/file-row-live/file-row-38-chain-supervision-26216-4.json
 create mode 100644 specs/artifacts/2026-10-05-connection-workspace-authority/file-row-live/file-row-38-chain-supervision-26216-40.json
 create mode 100644 specs/artifacts/2026-10-05-connection-workspace-authority/file-row-live/file-row-38-chain-supervision-26216-41.json
 create mode 100644 specs/artifacts/2026-10-05-connection-workspace-authority/file-row-live/file-row-38-chain-supervision-26216-42.json
 create mode 100644 specs/artifacts/2026-10-05-connection-workspace-authority/file-row-live/file-row-38-chain-supervision-26216-43.json
 create mode 100644 specs/artifacts/2026-10-05-connection-workspace-authority/file-row-live/file-row-38-chain-supervision-26216-44.json
 create mode 100644 specs/artifacts/2026-10-05-connection-workspace-authority/file-row-live/file-row-38-chain-supervision-26216-45.json
 create mode 100644 specs/artifacts/2026-10-05-connection-workspace-authority/file-row-live/file-row-38-chain-supervision-26216-46.json
 create mode 100644 specs/artifacts/2026-10-05-connection-workspace-authority/file-row-live/file-row-38-chain-supervision-26216-47.json
 create mode 100644 specs/artifacts/2026-10-05-connection-workspace-authority/file-row-live/file-row-38-chain-supervision-26216-48.json
 create mode 100644 specs/artifacts/2026-10-05-connection-workspace-authority/file-row-live/file-row-38-chain-supervision-26216-49.json
 create mode 100644 specs/artifacts/2026-10-05-connection-workspace-authority/file-row-live/file-row-38-chain-supervision-26216-5.json
 create mode 100644 specs/artifacts/2026-10-05-connection-workspace-authority/file-row-live/file-row-38-chain-supervision-26216-50.json
 create mode 100644 specs/artifacts/2026-10-05-connection-workspace-authority/file-row-live/file-row-38-chain-supervision-26216-51.json
 create mode 100644 specs/artifacts/2026-10-05-connection-workspace-authority/file-row-live/file-row-38-chain-supervision-26216-52.json
 create mode 100644 specs/artifacts/2026-10-05-connection-workspace-authority/file-row-live/file-row-38-chain-supervision-26216-53.json
 create mode 100644 specs/artifacts/2026-10-05-connection-workspace-authority/file-row-live/file-row-38-chain-supervision-26216-54.json
 create mode 100644 specs/artifacts/2026-10-05-connection-workspace-authority/file-row-live/file-row-38-chain-supervision-26216-55.json
 create mode 100644 specs/artifacts/2026-10-05-connection-workspace-authority/file-row-live/file-row-38-chain-supervision-26216-56.json
 create mode 100644 specs/artifacts/2026-10-05-connection-workspace-authority/file-row-live/file-row-38-chain-supervision-26216-57.json
 create mode 100644 specs/artifacts/2026-10-05-connection-workspace-authority/file-row-live/file-row-38-chain-supervision-26216-58.json
 create mode 100644 specs/artifacts/2026-10-05-connection-workspace-authority/file-row-live/file-row-38-chain-supervision-26216-59.json
 create mode 100644 specs/artifacts/2026-10-05-connection-workspace-authority/file-row-live/file-row-38-chain-supervision-26216-6.json
 create mode 100644 specs/artifacts/2026-10-05-connection-workspace-authority/file-row-live/file-row-38-chain-supervision-26216-60.json
 create mode 100644 specs/artifacts/2026-10-05-connection-workspace-authority/file-row-live/file-row-38-chain-supervision-26216-61.json
 create mode 100644 specs/artifacts/2026-10-05-connection-workspace-authority/file-row-live/file-row-38-chain-supervision-26216-62.json
 create mode 100644 specs/artifacts/2026-10-05-connection-workspace-authority/file-row-live/file-row-38-chain-supervision-26216-63.json
 create mode 100644 specs/artifacts/2026-10-05-connection-workspace-authority/file-row-live/file-row-38-chain-supervision-26216-64.json
 create mode 100644 specs/artifacts/2026-10-05-connection-workspace-authority/file-row-live/file-row-38-chain-supervision-26216-65.json
 create mode 100644 specs/artifacts/2026-10-05-connection-workspace-authority/file-row-live/file-row-38-chain-supervision-26216-66.json
 create mode 100644 specs/artifacts/2026-10-05-connection-workspace-authority/file-row-live/file-row-38-chain-supervision-26216-67.json
 create mode 100644 specs/artifacts/2026-10-05-connection-workspace-authority/file-row-live/file-row-38-chain-supervision-26216-68.json
 create mode 100644 specs/artifacts/2026-10-05-connection-workspace-authority/file-row-live/file-row-38-chain-supervision-26216-69.json
 create mode 100644 specs/artifacts/2026-10-05-connection-workspace-authority/file-row-live/file-row-38-chain-supervision-26216-7.json
 create mode 100644 specs/artifacts/2026-10-05-connection-workspace-authority/file-row-live/file-row-38-chain-supervision-26216-70.json
 create mode 100644 specs/artifacts/2026-10-05-connection-workspace-authority/file-row-live/file-row-38-chain-supervision-26216-71.json
 create mode 100644 specs/artifacts/2026-10-05-connection-workspace-authority/file-row-live/file-row-38-chain-supervision-26216-72.json
 create mode 100644 specs/artifacts/2026-10-05-connection-workspace-authority/file-row-live/file-row-38-chain-supervision-26216-73.json
 create mode 100644 specs/artifacts/2026-10-05-connection-workspace-authority/file-row-live/file-row-38-chain-supervision-26216-74.json
 create mode 100644 specs/artifacts/2026-10-05-connection-workspace-authority/file-row-live/file-row-38-chain-supervision-26216-75.json
 create mode 100644 specs/artifacts/2026-10-05-connection-workspace-authority/file-row-live/file-row-38-chain-supervision-26216-76.json
 create mode 100644 specs/artifacts/2026-10-05-connection-workspace-authority/file-row-live/file-row-38-chain-supervision-26216-77.json
 create mode 100644 specs/artifacts/2026-10-05-connection-workspace-authority/file-row-live/file-row-38-chain-supervision-26216-78.json
 create mode 100644 specs/artifacts/2026-10-05-connection-workspace-authority/file-row-live/file-row-38-chain-supervision-26216-79.json
 create mode 100644 specs/artifacts/2026-10-05-connection-workspace-authority/file-row-live/file-row-38-chain-supervision-26216-8.json
 create mode 100644 specs/artifacts/2026-10-05-connection-workspace-authority/file-row-live/file-row-38-chain-supervision-26216-80.json
 create mode 100644 specs/artifacts/2026-10-05-connection-workspace-authority/file-row-live/file-row-38-chain-supervision-26216-81.json
 create mode 100644 specs/artifacts/2026-10-05-connection-workspace-authority/file-row-live/file-row-38-chain-supervision-26216-82.json
 create mode 100644 specs/artifacts/2026-10-05-connection-workspace-authority/file-row-live/file-row-38-chain-supervision-26216-83.json
 create mode 100644 specs/artifacts/2026-10-05-connection-workspace-authority/file-row-live/file-row-38-chain-supervision-26216-84.json
 create mode 100644 specs/artifacts/2026-10-05-connection-workspace-authority/file-row-live/file-row-38-chain-supervision-26216-85.json
 create mode 100644 specs/artifacts/2026-10-05-connection-workspace-authority/file-row-live/file-row-38-chain-supervision-26216-86.json
 create mode 100644 specs/artifacts/2026-10-05-connection-workspace-authority/file-row-live/file-row-38-chain-supervision-26216-87.json
 create mode 100644 specs/artifacts/2026-10-05-connection-workspace-authority/file-row-live/file-row-38-chain-supervision-26216-88.json
 create mode 100644 specs/artifacts/2026-10-05-connection-workspace-authority/file-row-live/file-row-38-chain-supervision-26216-89.json
 create mode 100644 specs/artifacts/2026-10-05-connection-workspace-authority/file-row-live/file-row-38-chain-supervision-26216-9.json
 create mode 100644 specs/artifacts/2026-10-05-connection-workspace-authority/file-row-live/file-row-38-chain-supervision-26216-90.json
 create mode 100644 specs/artifacts/2026-10-05-connection-workspace-authority/file-row-live/file-row-38-chain-supervision-26216-91.json
 create mode 100644 specs/artifacts/2026-10-05-connection-workspace-authority/file-row-live/file-row-38-chain-supervision-26216-92.json
 create mode 100644 specs/artifacts/2026-10-05-connection-workspace-authority/file-row-live/file-row-38-chain-supervision-26216-93.json
 create mode 100644 specs/artifacts/2026-10-05-connection-workspace-authority/file-row-live/file-row-38-chain-supervision-26216-94.json
 create mode 100644 specs/artifacts/2026-10-05-connection-workspace-authority/file-row-live/file-row-38-chain-supervision-26216-95.json
 create mode 100644 specs/artifacts/2026-10-05-connection-workspace-authority/file-row-live/file-row-38-chain-supervision-26216-96.json
 create mode 100644 specs/artifacts/2026-10-05-connection-workspace-authority/file-row-live/file-row-38-chain-supervision-26216-97.json
 create mode 100644 specs/artifacts/2026-10-05-connection-workspace-authority/file-row-live/file-row-38-chain-supervision-26216-98.json
 create mode 100644 specs/artifacts/2026-10-05-connection-workspace-authority/file-row-live/file-row-38-chain-supervision-26216-99.json
 create mode 100644 specs/artifacts/2026-10-05-connection-workspace-authority/file-row-live/file-row-38-final-provider-audit.json
 create mode 100644 specs/artifacts/2026-10-05-connection-workspace-authority/file-row-live/file-row-38-physical-terminal-and-pair-cleanup.json
 create mode 100644 specs/artifacts/2026-10-05-connection-workspace-authority/file-row-live/file-row-38-settlement-owner.json
 create mode 100644 specs/artifacts/2026-10-05-connection-workspace-authority/file-row-live/file-row-38-shutdown-admission.json
 create mode 100644 specs/artifacts/2026-10-05-connection-workspace-authority/file-row-live/prior-37-normal-commit.log
 create mode 100644 specs/artifacts/2026-10-05-connection-workspace-authority/file-row-live/prior-37-normal-push.log
 create mode 100644 specs/artifacts/2026-10-05-connection-workspace-authority/file-row-live/runtime-evidence-38/authority-ready.json
 create mode 100644 specs/artifacts/2026-10-05-connection-workspace-authority/file-row-live/runtime-evidence-38/launch-owner.json
 create mode 100644 specs/artifacts/2026-10-05-connection-workspace-authority/file-row-live/runtime-evidence-38/managed-parent-ready.json
 create mode 100644 specs/artifacts/2026-10-05-connection-workspace-authority/file-row-live/runtime-evidence-38/native-host-ready.json
 create mode 100644 specs/artifacts/2026-10-05-connection-workspace-authority/file-row-live/runtime-evidence-38/native-host-settled.json
 create mode 100644 specs/artifacts/2026-10-05-connection-workspace-authority/file-row-live/runtime-evidence-38/owned-config-hierarchy.json
 create mode 100644 specs/artifacts/2026-10-05-connection-workspace-authority/file-row-live/runtime-evidence-38/preflight-ready.json
 create mode 100644 specs/artifacts/2026-10-05-connection-workspace-authority/file-row-live/runtime-evidence-38/project-baseline.json
 create mode 100644 specs/artifacts/2026-10-05-connection-workspace-authority/file-row-live/runtime-evidence-38/provider-75028-58e74978-4da3-4856-be7e-0750aedf1d2e-1.json
 create mode 100644 specs/artifacts/2026-10-05-connection-workspace-authority/file-row-live/runtime-evidence-38/provider-75028-58e74978-4da3-4856-be7e-0750aedf1d2e-10.json
 create mode 100644 specs/artifacts/2026-10-05-connection-workspace-authority/file-row-live/runtime-evidence-38/provider-75028-58e74978-4da3-4856-be7e-0750aedf1d2e-100.json
 create mode 100644 specs/artifacts/2026-10-05-connection-workspace-authority/file-row-live/runtime-evidence-38/provider-75028-58e74978-4da3-4856-be7e-0750aedf1d2e-101.json
 create mode 100644 specs/artifacts/2026-10-05-connection-workspace-authority/file-row-live/runtime-evidence-38/provider-75028-58e74978-4da3-4856-be7e-0750aedf1d2e-102.json
 create mode 100644 specs/artifacts/2026-10-05-connection-workspace-authority/file-row-live/runtime-evidence-38/provider-75028-58e74978-4da3-4856-be7e-0750aedf1d2e-103.json
 create mode 100644 specs/artifacts/2026-10-05-connection-workspace-authority/file-row-live/runtime-evidence-38/provider-75028-58e74978-4da3-4856-be7e-0750aedf1d2e-104.json
 create mode 100644 specs/artifacts/2026-10-05-connection-workspace-authority/file-row-live/runtime-evidence-38/provider-75028-58e74978-4da3-4856-be7e-0750aedf1d2e-105.json
 create mode 100644 specs/artifacts/2026-10-05-connection-workspace-authority/file-row-live/runtime-evidence-38/provider-75028-58e74978-4da3-4856-be7e-0750aedf1d2e-106.json
 create mode 100644 specs/artifacts/2026-10-05-connection-workspace-authority/file-row-live/runtime-evidence-38/provider-75028-58e74978-4da3-4856-be7e-0750aedf1d2e-107.json
 create mode 100644 specs/artifacts/2026-10-05-connection-workspace-authority/file-row-live/runtime-evidence-38/provider-75028-58e74978-4da3-4856-be7e-0750aedf1d2e-108.json
 create mode 100644 specs/artifacts/2026-10-05-connection-workspace-authority/file-row-live/runtime-evidence-38/provider-75028-58e74978-4da3-4856-be7e-0750aedf1d2e-109.json
 create mode 100644 specs/artifacts/2026-10-05-connection-workspace-authority/file-row-live/runtime-evidence-38/provider-75028-58e74978-4da3-4856-be7e-0750aedf1d2e-11.json
 create mode 100644 specs/artifacts/2026-10-05-connection-workspace-authority/file-row-live/runtime-evidence-38/provider-75028-58e74978-4da3-4856-be7e-0750aedf1d2e-110.json
 create mode 100644 specs/artifacts/2026-10-05-connection-workspace-authority/file-row-live/runtime-evidence-38/provider-75028-58e74978-4da3-4856-be7e-0750aedf1d2e-111.json
 create mode 100644 specs/artifacts/2026-10-05-connection-workspace-authority/file-row-live/runtime-evidence-38/provider-75028-58e74978-4da3-4856-be7e-0750aedf1d2e-112.json
 create mode 100644 specs/artifacts/2026-10-05-connection-workspace-authority/file-row-live/runtime-evidence-38/provider-75028-58e74978-4da3-4856-be7e-0750aedf1d2e-113.json
 create mode 100644 specs/artifacts/2026-10-05-connection-workspace-authority/file-row-live/runtime-evidence-38/provider-75028-58e74978-4da3-4856-be7e-0750aedf1d2e-114.json
 create mode 100644 specs/artifacts/2026-10-05-connection-workspace-authority/file-row-live/runtime-evidence-38/provider-75028-58e74978-4da3-4856-be7e-0750aedf1d2e-115.json
 create mode 100644 specs/artifacts/2026-10-05-connection-workspace-authority/file-row-live/runtime-evidence-38/provider-75028-58e74978-4da3-4856-be7e-0750aedf1d2e-116.json
 create mode 100644 specs/artifacts/2026-10-05-connection-workspace-authority/file-row-live/runtime-evidence-38/provider-75028-58e74978-4da3-4856-be7e-0750aedf1d2e-117.json
 create mode 100644 specs/artifacts/2026-10-05-connection-workspace-authority/file-row-live/runtime-evidence-38/provider-75028-58e74978-4da3-4856-be7e-0750aedf1d2e-118.json
 create mode 100644 specs/artifacts/2026-10-05-connection-workspace-authority/file-row-live/runtime-evidence-38/provider-75028-58e74978-4da3-4856-be7e-0750aedf1d2e-119.json
 create mode 100644 specs/artifacts/2026-10-05-connection-workspace-authority/file-row-live/runtime-evidence-38/provider-75028-58e74978-4da3-4856-be7e-0750aedf1d2e-12.json
 create mode 100644 specs/artifacts/2026-10-05-connection-workspace-authority/file-row-live/runtime-evidence-38/provider-75028-58e74978-4da3-4856-be7e-0750aedf1d2e-120.json
 create mode 100644 specs/artifacts/2026-10-05-connection-workspace-authority/file-row-live/runtime-evidence-38/provider-75028-58e74978-4da3-4856-be7e-0750aedf1d2e-121.json
 create mode 100644 specs/artifacts/2026-10-05-connection-workspace-authority/file-row-live/runtime-evidence-38/provider-75028-58e74978-4da3-4856-be7e-0750aedf1d2e-122.json
 create mode 100644 specs/artifacts/2026-10-05-connection-workspace-authority/file-row-live/runtime-evidence-38/provider-75028-58e74978-4da3-4856-be7e-0750aedf1d2e-123.json
 create mode 100644 specs/artifacts/2026-10-05-connection-workspace-authority/file-row-live/runtime-evidence-38/provider-75028-58e74978-4da3-4856-be7e-0750aedf1d2e-124.json
 create mode 100644 specs/artifacts/2026-10-05-connection-workspace-authority/file-row-live/runtime-evidence-38/provider-75028-58e74978-4da3-4856-be7e-0750aedf1d2e-125.json
 create mode 100644 specs/artifacts/2026-10-05-connection-workspace-authority/file-row-live/runtime-evidence-38/provider-75028-58e74978-4da3-4856-be7e-0750aedf1d2e-126.json
 create mode 100644 specs/artifacts/2026-10-05-connection-workspace-authority/file-row-live/runtime-evidence-38/provider-75028-58e74978-4da3-4856-be7e-0750aedf1d2e-127.json
 create mode 100644 specs/artifacts/2026-10-05-connection-workspace-authority/file-row-live/runtime-evidence-38/provider-75028-58e74978-4da3-4856-be7e-0750aedf1d2e-128.json
 create mode 100644 specs/artifacts/2026-10-05-connection-workspace-authority/file-row-live/runtime-evidence-38/provider-75028-58e74978-4da3-4856-be7e-0750aedf1d2e-129.json
 create mode 100644 specs/artifacts/2026-10-05-connection-workspace-authority/file-row-live/runtime-evidence-38/provider-75028-58e74978-4da3-4856-be7e-0750aedf1d2e-13.json
 create mode 100644 specs/artifacts/2026-10-05-connection-workspace-authority/file-row-live/runtime-evidence-38/provider-75028-58e74978-4da3-4856-be7e-0750aedf1d2e-130.json
 create mode 100644 specs/artifacts/2026-10-05-connection-workspace-authority/file-row-live/runtime-evidence-38/provider-75028-58e74978-4da3-4856-be7e-0750aedf1d2e-131.json
 create mode 100644 specs/artifacts/2026-10-05-connection-workspace-authority/file-row-live/runtime-evidence-38/provider-75028-58e74978-4da3-4856-be7e-0750aedf1d2e-132.json
 create mode 100644 specs/artifacts/2026-10-05-connection-workspace-authority/file-row-live/runtime-evidence-38/provider-75028-58e74978-4da3-4856-be7e-0750aedf1d2e-133.json
 create mode 100644 specs/artifacts/2026-10-05-connection-workspace-authority/file-row-live/runtime-evidence-38/provider-75028-58e74978-4da3-4856-be7e-0750aedf1d2e-134.json
 create mode 100644 specs/artifacts/2026-10-05-connection-workspace-authority/file-row-live/runtime-evidence-38/provider-75028-58e74978-4da3-4856-be7e-0750aedf1d2e-135.json
 create mode 100644 specs/artifacts/2026-10-05-connection-workspace-authority/file-row-live/runtime-evidence-38/provider-75028-58e74978-4da3-4856-be7e-0750aedf1d2e-136.json
 create mode 100644 specs/artifacts/2026-10-05-connection-workspace-authority/file-row-live/runtime-evidence-38/provider-75028-58e74978-4da3-4856-be7e-0750aedf1d2e-137.json
 create mode 100644 specs/artifacts/2026-10-05-connection-workspace-authority/file-row-live/runtime-evidence-38/provider-75028-58e74978-4da3-4856-be7e-0750aedf1d2e-138.json
 create mode 100644 specs/artifacts/2026-10-05-connection-workspace-authority/file-row-live/runtime-evidence-38/provider-75028-58e74978-4da3-4856-be7e-0750aedf1d2e-139.json
 create mode 100644 specs/artifacts/2026-10-05-connection-workspace-authority/file-row-live/runtime-evidence-38/provider-75028-58e74978-4da3-4856-be7e-0750aedf1d2e-14.json
 create mode 100644 specs/artifacts/2026-10-05-connection-workspace-authority/file-row-live/runtime-evidence-38/provider-75028-58e74978-4da3-4856-be7e-0750aedf1d2e-140.json
 create mode 100644 specs/artifacts/2026-10-05-connection-workspace-authority/file-row-live/runtime-evidence-38/provider-75028-58e74978-4da3-4856-be7e-0750aedf1d2e-141.json
 create mode 100644 specs/artifacts/2026-10-05-connection-workspace-authority/file-row-live/runtime-evidence-38/provider-75028-58e74978-4da3-4856-be7e-0750aedf1d2e-142.json
 create mode 100644 specs/artifacts/2026-10-05-connection-workspace-authority/file-row-live/runtime-evidence-38/provider-75028-58e74978-4da3-4856-be7e-0750aedf1d2e-143.json
 create mode 100644 specs/artifacts/2026-10-05-connection-workspace-authority/file-row-live/runtime-evidence-38/provider-75028-58e74978-4da3-4856-be7e-0750aedf1d2e-144.json
 create mode 100644 specs/artifacts/2026-10-05-connection-workspace-authority/file-row-live/runtime-evidence-38/provider-75028-58e74978-4da3-4856-be7e-0750aedf1d2e-145.json
 create mode 100644 specs/artifacts/2026-10-05-connection-workspace-authority/file-row-live/runtime-evidence-38/provider-75028-58e74978-4da3-4856-be7e-0750aedf1d2e-146.json
 create mode 100644 specs/artifacts/2026-10-05-connection-workspace-authority/file-row-live/runtime-evidence-38/provider-75028-58e74978-4da3-4856-be7e-0750aedf1d2e-147.json
 create mode 100644 specs/artifacts/2026-10-05-connection-workspace-authority/file-row-live/runtime-evidence-38/provider-75028-58e74978-4da3-4856-be7e-0750aedf1d2e-148.json
 create mode 100644 specs/artifacts/2026-10-05-connection-workspace-authority/file-row-live/runtime-evidence-38/provider-75028-58e74978-4da3-4856-be7e-0750aedf1d2e-149.json
 create mode 100644 specs/artifacts/2026-10-05-connection-workspace-authority/file-row-live/runtime-evidence-38/provider-75028-58e74978-4da3-4856-be7e-0750aedf1d2e-15.json
 create mode 100644 specs/artifacts/2026-10-05-connection-workspace-authority/file-row-live/runtime-evidence-38/provider-75028-58e74978-4da3-4856-be7e-0750aedf1d2e-150.json
 create mode 100644 specs/artifacts/2026-10-05-connection-workspace-authority/file-row-live/runtime-evidence-38/provider-75028-58e74978-4da3-4856-be7e-0750aedf1d2e-151.json
 create mode 100644 specs/artifacts/2026-10-05-connection-workspace-authority/file-row-live/runtime-evidence-38/provider-75028-58e74978-4da3-4856-be7e-0750aedf1d2e-152.json
 create mode 100644 specs/artifacts/2026-10-05-connection-workspace-authority/file-row-live/runtime-evidence-38/provider-75028-58e74978-4da3-4856-be7e-0750aedf1d2e-153.json
 create mode 100644 specs/artifacts/2026-10-05-connection-workspace-authority/file-row-live/runtime-evidence-38/provider-75028-58e74978-4da3-4856-be7e-0750aedf1d2e-154.json
 create mode 100644 specs/artifacts/2026-10-05-connection-workspace-authority/file-row-live/runtime-evidence-38/provider-75028-58e74978-4da3-4856-be7e-0750aedf1d2e-155.json
 create mode 100644 specs/artifacts/2026-10-05-connection-workspace-authority/file-row-live/runtime-evidence-38/provider-75028-58e74978-4da3-4856-be7e-0750aedf1d2e-156.json
 create mode 100644 specs/artifacts/2026-10-05-connection-workspace-authority/file-row-live/runtime-evidence-38/provider-75028-58e74978-4da3-4856-be7e-0750aedf1d2e-157.json
 create mode 100644 specs/artifacts/2026-10-05-connection-workspace-authority/file-row-live/runtime-evidence-38/provider-75028-58e74978-4da3-4856-be7e-0750aedf1d2e-158.json
 create mode 100644 specs/artifacts/2026-10-05-connection-workspace-authority/file-row-live/runtime-evidence-38/provider-75028-58e74978-4da3-4856-be7e-0750aedf1d2e-159.json
 create mode 100644 specs/artifacts/2026-10-05-connection-workspace-authority/file-row-live/runtime-evidence-38/provider-75028-58e74978-4da3-4856-be7e-0750aedf1d2e-16.json
 create mode 100644 specs/artifacts/2026-10-05-connection-workspace-authority/file-row-live/runtime-evidence-38/provider-75028-58e74978-4da3-4856-be7e-0750aedf1d2e-160.json
 create mode 100644 specs/artifacts/2026-10-05-connection-workspace-authority/file-row-live/runtime-evidence-38/provider-75028-58e74978-4da3-4856-be7e-0750aedf1d2e-161.json
 create mode 100644 specs/artifacts/2026-10-05-connection-workspace-authority/file-row-live/runtime-evidence-38/provider-75028-58e74978-4da3-4856-be7e-0750aedf1d2e-162.json
 create mode 100644 specs/artifacts/2026-10-05-connection-workspace-authority/file-row-live/runtime-evidence-38/provider-75028-58e74978-4da3-4856-be7e-0750aedf1d2e-163.json
 create mode 100644 specs/artifacts/2026-10-05-connection-workspace-authority/file-row-live/runtime-evidence-38/provider-75028-58e74978-4da3-4856-be7e-0750aedf1d2e-164.json
 create mode 100644 specs/artifacts/2026-10-05-connection-workspace-authority/file-row-live/runtime-evidence-38/provider-75028-58e74978-4da3-4856-be7e-0750aedf1d2e-165.json
 create mode 100644 specs/artifacts/2026-10-05-connection-workspace-authority/file-row-live/runtime-evidence-38/provider-75028-58e74978-4da3-4856-be7e-0750aedf1d2e-166.json
 create mode 100644 specs/artifacts/2026-10-05-connection-workspace-authority/file-row-live/runtime-evidence-38/provider-75028-58e74978-4da3-4856-be7e-0750aedf1d2e-167.json
 create mode 100644 specs/artifacts/2026-10-05-connection-workspace-authority/file-row-live/runtime-evidence-38/provider-75028-58e74978-4da3-4856-be7e-0750aedf1d2e-168.json
 create mode 100644 specs/artifacts/2026-10-05-connection-workspace-authority/file-row-live/runtime-evidence-38/provider-75028-58e74978-4da3-4856-be7e-0750aedf1d2e-169.json
 create mode 100644 specs/artifacts/2026-10-05-connection-workspace-authority/file-row-live/runtime-evidence-38/provider-75028-58e74978-4da3-4856-be7e-0750aedf1d2e-17.json
 create mode 100644 specs/artifacts/2026-10-05-connection-workspace-authority/file-row-live/runtime-evidence-38/provider-75028-58e74978-4da3-4856-be7e-0750aedf1d2e-170.json
 create mode 100644 specs/artifacts/2026-10-05-connection-workspace-authority/file-row-live/runtime-evidence-38/provider-75028-58e74978-4da3-4856-be7e-0750aedf1d2e-171.json
 create mode 100644 specs/artifacts/2026-10-05-connection-workspace-authority/file-row-live/runtime-evidence-38/provider-75028-58e74978-4da3-4856-be7e-0750aedf1d2e-172.json
 create mode 100644 specs/artifacts/2026-10-05-connection-workspace-authority/file-row-live/runtime-evidence-38/provider-75028-58e74978-4da3-4856-be7e-0750aedf1d2e-18.json
 create mode 100644 specs/artifacts/2026-10-05-connection-workspace-authority/file-row-live/runtime-evidence-38/provider-75028-58e74978-4da3-4856-be7e-0750aedf1d2e-19.json
 create mode 100644 specs/artifacts/2026-10-05-connection-workspace-authority/file-row-live/runtime-evidence-38/provider-75028-58e74978-4da3-4856-be7e-0750aedf1d2e-2.json
 create mode 100644 specs/artifacts/2026-10-05-connection-workspace-authority/file-row-live/runtime-evidence-38/provider-75028-58e74978-4da3-4856-be7e-0750aedf1d2e-20.json
 create mode 100644 specs/artifacts/2026-10-05-connection-workspace-authority/file-row-live/runtime-evidence-38/provider-75028-58e74978-4da3-4856-be7e-0750aedf1d2e-21.json
 create mode 100644 specs/artifacts/2026-10-05-connection-workspace-authority/file-row-live/runtime-evidence-38/provider-75028-58e74978-4da3-4856-be7e-0750aedf1d2e-22.json
 create mode 100644 specs/artifacts/2026-10-05-connection-workspace-authority/file-row-live/runtime-evidence-38/provider-75028-58e74978-4da3-4856-be7e-0750aedf1d2e-23.json
 create mode 100644 specs/artifacts/2026-10-05-connection-workspace-authority/file-row-live/runtime-evidence-38/provider-75028-58e74978-4da3-4856-be7e-0750aedf1d2e-24.json
 create mode 100644 specs/artifacts/2026-10-05-connection-workspace-authority/file-row-live/runtime-evidence-38/provider-75028-58e74978-4da3-4856-be7e-0750aedf1d2e-25.json
 create mode 100644 specs/artifacts/2026-10-05-connection-workspace-authority/file-row-live/runtime-evidence-38/provider-75028-58e74978-4da3-4856-be7e-0750aedf1d2e-26.json
 create mode 100644 specs/artifacts/2026-10-05-connection-workspace-authority/file-row-live/runtime-evidence-38/provider-75028-58e74978-4da3-4856-be7e-0750aedf1d2e-27.json
 create mode 100644 specs/artifacts/2026-10-05-connection-workspace-authority/file-row-live/runtime-evidence-38/provider-75028-58e74978-4da3-4856-be7e-0750aedf1d2e-28.json
 create mode 100644 specs/artifacts/2026-10-05-connection-workspace-authority/file-row-live/runtime-evidence-38/provider-75028-58e74978-4da3-4856-be7e-0750aedf1d2e-29.json
 create mode 100644 specs/artifacts/2026-10-05-connection-workspace-authority/file-row-live/runtime-evidence-38/provider-75028-58e74978-4da3-4856-be7e-0750aedf1d2e-3.json
 create mode 100644 specs/artifacts/2026-10-05-connection-workspace-authority/file-row-live/runtime-evidence-38/provider-75028-58e74978-4da3-4856-be7e-0750aedf1d2e-30.json
 create mode 100644 specs/artifacts/2026-10-05-connection-workspace-authority/file-row-live/runtime-evidence-38/provider-75028-58e74978-4da3-4856-be7e-0750aedf1d2e-31.json
 create mode 100644 specs/artifacts/2026-10-05-connection-workspace-authority/file-row-live/runtime-evidence-38/provider-75028-58e74978-4da3-4856-be7e-0750aedf1d2e-32.json
 create mode 100644 specs/artifacts/2026-10-05-connection-workspace-authority/file-row-live/runtime-evidence-38/provider-75028-58e74978-4da3-4856-be7e-0750aedf1d2e-33.json
 create mode 100644 specs/artifacts/2026-10-05-connection-workspace-authority/file-row-live/runtime-evidence-38/provider-75028-58e74978-4da3-4856-be7e-0750aedf1d2e-34.json
 create mode 100644 specs/artifacts/2026-10-05-connection-workspace-authority/file-row-live/runtime-evidence-38/provider-75028-58e74978-4da3-4856-be7e-0750aedf1d2e-35.json
 create mode 100644 specs/artifacts/2026-10-05-connection-workspace-authority/file-row-live/runtime-evidence-38/provider-75028-58e74978-4da3-4856-be7e-0750aedf1d2e-36.json
 create mode 100644 specs/artifacts/2026-10-05-connection-workspace-authority/file-row-live/runtime-evidence-38/provider-75028-58e74978-4da3-4856-be7e-0750aedf1d2e-37.json
 create mode 100644 specs/artifacts/2026-10-05-connection-workspace-authority/file-row-live/runtime-evidence-38/provider-75028-58e74978-4da3-4856-be7e-0750aedf1d2e-38.json
 create mode 100644 specs/artifacts/2026-10-05-connection-workspace-authority/file-row-live/runtime-evidence-38/provider-75028-58e74978-4da3-4856-be7e-0750aedf1d2e-39.json
 create mode 100644 specs/artifacts/2026-10-05-connection-workspace-authority/file-row-live/runtime-evidence-38/provider-75028-58e74978-4da3-4856-be7e-0750aedf1d2e-4.json
 create mode 100644 specs/artifacts/2026-10-05-connection-workspace-authority/file-row-live/runtime-evidence-38/provider-75028-58e74978-4da3-4856-be7e-0750aedf1d2e-40.json
 create mode 100644 specs/artifacts/2026-10-05-connection-workspace-authority/file-row-live/runtime-evidence-38/provider-75028-58e74978-4da3-4856-be7e-0750aedf1d2e-41.json
 create mode 100644 specs/artifacts/2026-10-05-connection-workspace-authority/file-row-live/runtime-evidence-38/provider-75028-58e74978-4da3-4856-be7e-0750aedf1d2e-42.json
 create mode 100644 specs/artifacts/2026-10-05-connection-workspace-authority/file-row-live/runtime-evidence-38/provider-75028-58e74978-4da3-4856-be7e-0750aedf1d2e-43.json
 create mode 100644 specs/artifacts/2026-10-05-connection-workspace-authority/file-row-live/runtime-evidence-38/provider-75028-58e74978-4da3-4856-be7e-0750aedf1d2e-44.json
 create mode 100644 specs/artifacts/2026-10-05-connection-workspace-authority/file-row-live/runtime-evidence-38/provider-75028-58e74978-4da3-4856-be7e-0750aedf1d2e-45.json
 create mode 100644 specs/artifacts/2026-10-05-connection-workspace-authority/file-row-live/runtime-evidence-38/provider-75028-58e74978-4da3-4856-be7e-0750aedf1d2e-46.json
 create mode 100644 specs/artifacts/2026-10-05-connection-workspace-authority/file-row-live/runtime-evidence-38/provider-75028-58e74978-4da3-4856-be7e-0750aedf1d2e-47.json
 create mode 100644 specs/artifacts/2026-10-05-connection-workspace-authority/file-row-live/runtime-evidence-38/provider-75028-58e74978-4da3-4856-be7e-0750aedf1d2e-48.json
 create mode 100644 specs/artifacts/2026-10-05-connection-workspace-authority/file-row-live/runtime-evidence-38/provider-75028-58e74978-4da3-4856-be7e-0750aedf1d2e-49.json
 create mode 100644 specs/artifacts/2026-10-05-connection-workspace-authority/file-row-live/runtime-evidence-38/provider-75028-58e74978-4da3-4856-be7e-0750aedf1d2e-5.json
 create mode 100644 specs/artifacts/2026-10-05-connection-workspace-authority/file-row-live/runtime-evidence-38/provider-75028-58e74978-4da3-4856-be7e-0750aedf1d2e-50.json
 create mode 100644 specs/artifacts/2026-10-05-connection-workspace-authority/file-row-live/runtime-evidence-38/provider-75028-58e74978-4da3-4856-be7e-0750aedf1d2e-51.json
 create mode 100644 specs/artifacts/2026-10-05-connection-workspace-authority/file-row-live/runtime-evidence-38/provider-75028-58e74978-4da3-4856-be7e-0750aedf1d2e-52.json
 create mode 100644 specs/artifacts/2026-10-05-connection-workspace-authority/file-row-live/runtime-evidence-38/provider-75028-58e74978-4da3-4856-be7e-0750aedf1d2e-53.json
 create mode 100644 specs/artifacts/2026-10-05-connection-workspace-authority/file-row-live/runtime-evidence-38/provider-75028-58e74978-4da3-4856-be7e-0750aedf1d2e-54.json
 create mode 100644 specs/artifacts/2026-10-05-connection-workspace-authority/file-row-live/runtime-evidence-38/provider-75028-58e74978-4da3-4856-be7e-0750aedf1d2e-55.json
 create mode 100644 specs/artifacts/2026-10-05-connection-workspace-authority/file-row-live/runtime-evidence-38/provider-75028-58e74978-4da3-4856-be7e-0750aedf1d2e-56.json
 create mode 100644 specs/artifacts/2026-10-05-connection-workspace-authority/file-row-live/runtime-evidence-38/provider-75028-58e74978-4da3-4856-be7e-0750aedf1d2e-57.json
 create mode 100644 specs/artifacts/2026-10-05-connection-workspace-authority/file-row-live/runtime-evidence-38/provider-75028-58e74978-4da3-4856-be7e-0750aedf1d2e-58.json
 create mode 100644 specs/artifacts/2026-10-05-connection-workspace-authority/file-row-live/runtime-evidence-38/provider-75028-58e74978-4da3-4856-be7e-0750aedf1d2e-59.json
 create mode 100644 specs/artifacts/2026-10-05-connection-workspace-authority/file-row-live/runtime-evidence-38/provider-75028-58e74978-4da3-4856-be7e-0750aedf1d2e-6.json
 create mode 100644 specs/artifacts/2026-10-05-connection-workspace-authority/file-row-live/runtime-evidence-38/provider-75028-58e74978-4da3-4856-be7e-0750aedf1d2e-60.json
 create mode 100644 specs/artifacts/2026-10-05-connection-workspace-authority/file-row-live/runtime-evidence-38/provider-75028-58e74978-4da3-4856-be7e-0750aedf1d2e-61.json
 create mode 100644 specs/artifacts/2026-10-05-connection-workspace-authority/file-row-live/runtime-evidence-38/provider-75028-58e74978-4da3-4856-be7e-0750aedf1d2e-62.json
 create mode 100644 specs/artifacts/2026-10-05-connection-workspace-authority/file-row-live/runtime-evidence-38/provider-75028-58e74978-4da3-4856-be7e-0750aedf1d2e-63.json
 create mode 100644 specs/artifacts/2026-10-05-connection-workspace-authority/file-row-live/runtime-evidence-38/provider-75028-58e74978-4da3-4856-be7e-0750aedf1d2e-64.json
 create mode 100644 specs/artifacts/2026-10-05-connection-workspace-authority/file-row-live/runtime-evidence-38/provider-75028-58e74978-4da3-4856-be7e-0750aedf1d2e-65.json
 create mode 100644 specs/artifacts/2026-10-05-connection-workspace-authority/file-row-live/runtime-evidence-38/provider-75028-58e74978-4da3-4856-be7e-0750aedf1d2e-66.json
 create mode 100644 specs/artifacts/2026-10-05-connection-workspace-authority/file-row-live/runtime-evidence-38/provider-75028-58e74978-4da3-4856-be7e-0750aedf1d2e-67.json
 create mode 100644 specs/artifacts/2026-10-05-connection-workspace-authority/file-row-live/runtime-evidence-38/provider-75028-58e74978-4da3-4856-be7e-0750aedf1d2e-68.json
 create mode 100644 specs/artifacts/2026-10-05-connection-workspace-authority/file-row-live/runtime-evidence-38/provider-75028-58e74978-4da3-4856-be7e-0750aedf1d2e-69.json
 create mode 100644 specs/artifacts/2026-10-05-connection-workspace-authority/file-row-live/runtime-evidence-38/provider-75028-58e74978-4da3-4856-be7e-0750aedf1d2e-7.json
 create mode 100644 specs/artifacts/2026-10-05-connection-workspace-authority/file-row-live/runtime-evidence-38/provider-75028-58e74978-4da3-4856-be7e-0750aedf1d2e-70.json
 create mode 100644 specs/artifacts/2026-10-05-connection-workspace-authority/file-row-live/runtime-evidence-38/provider-75028-58e74978-4da3-4856-be7e-0750aedf1d2e-71.json
 create mode 100644 specs/artifacts/2026-10-05-connection-workspace-authority/file-row-live/runtime-evidence-38/provider-75028-58e74978-4da3-4856-be7e-0750aedf1d2e-72.json
 create mode 100644 specs/artifacts/2026-10-05-connection-workspace-authority/file-row-live/runtime-evidence-38/provider-75028-58e74978-4da3-4856-be7e-0750aedf1d2e-73.json
 create mode 100644 specs/artifacts/2026-10-05-connection-workspace-authority/file-row-live/runtime-evidence-38/provider-75028-58e74978-4da3-4856-be7e-0750aedf1d2e-74.json
 create mode 100644 specs/artifacts/2026-10-05-connection-workspace-authority/file-row-live/runtime-evidence-38/provider-75028-58e74978-4da3-4856-be7e-0750aedf1d2e-75.json
 create mode 100644 specs/artifacts/2026-10-05-connection-workspace-authority/file-row-live/runtime-evidence-38/provider-75028-58e74978-4da3-4856-be7e-0750aedf1d2e-76.json
 create mode 100644 specs/artifacts/2026-10-05-connection-workspace-authority/file-row-live/runtime-evidence-38/provider-75028-58e74978-4da3-4856-be7e-0750aedf1d2e-77.json
 create mode 100644 specs/artifacts/2026-10-05-connection-workspace-authority/file-row-live/runtime-evidence-38/provider-75028-58e74978-4da3-4856-be7e-0750aedf1d2e-78.json
 create mode 100644 specs/artifacts/2026-10-05-connection-workspace-authority/file-row-live/runtime-evidence-38/provider-75028-58e74978-4da3-4856-be7e-0750aedf1d2e-79.json
 create mode 100644 specs/artifacts/2026-10-05-connection-workspace-authority/file-row-live/runtime-evidence-38/provider-75028-58e74978-4da3-4856-be7e-0750aedf1d2e-8.json
 create mode 100644 specs/artifacts/2026-10-05-connection-workspace-authority/file-row-live/runtime-evidence-38/provider-75028-58e74978-4da3-4856-be7e-0750aedf1d2e-80.json
 create mode 100644 specs/artifacts/2026-10-05-connection-workspace-authority/file-row-live/runtime-evidence-38/provider-75028-58e74978-4da3-4856-be7e-0750aedf1d2e-81.json
 create mode 100644 specs/artifacts/2026-10-05-connection-workspace-authority/file-row-live/runtime-evidence-38/provider-75028-58e74978-4da3-4856-be7e-0750aedf1d2e-82.json
 create mode 100644 specs/artifacts/2026-10-05-connection-workspace-authority/file-row-live/runtime-evidence-38/provider-75028-58e74978-4da3-4856-be7e-0750aedf1d2e-83.json
 create mode 100644 specs/artifacts/2026-10-05-connection-workspace-authority/file-row-live/runtime-evidence-38/provider-75028-58e74978-4da3-4856-be7e-0750aedf1d2e-84.json
 create mode 100644 specs/artifacts/2026-10-05-connection-workspace-authority/file-row-live/runtime-evidence-38/provider-75028-58e74978-4da3-4856-be7e-0750aedf1d2e-85.json
 create mode 100644 specs/artifacts/2026-10-05-connection-workspace-authority/file-row-live/runtime-evidence-38/provider-75028-58e74978-4da3-4856-be7e-0750aedf1d2e-86.json
 create mode 100644 specs/artifacts/2026-10-05-connection-workspace-authority/file-row-live/runtime-evidence-38/provider-75028-58e74978-4da3-4856-be7e-0750aedf1d2e-87.json
 create mode 100644 specs/artifacts/2026-10-05-connection-workspace-authority/file-row-live/runtime-evidence-38/provider-75028-58e74978-4da3-4856-be7e-0750aedf1d2e-88.json
 create mode 100644 specs/artifacts/2026-10-05-connection-workspace-authority/file-row-live/runtime-evidence-38/provider-75028-58e74978-4da3-4856-be7e-0750aedf1d2e-89.json
 create mode 100644 specs/artifacts/2026-10-05-connection-workspace-authority/file-row-live/runtime-evidence-38/provider-75028-58e74978-4da3-4856-be7e-0750aedf1d2e-9.json
 create mode 100644 specs/artifacts/2026-10-05-connection-workspace-authority/file-row-live/runtime-evidence-38/provider-75028-58e74978-4da3-4856-be7e-0750aedf1d2e-90.json
 create mode 100644 specs/artifacts/2026-10-05-connection-workspace-authority/file-row-live/runtime-evidence-38/provider-75028-58e74978-4da3-4856-be7e-0750aedf1d2e-91.json
 create mode 100644 specs/artifacts/2026-10-05-connection-workspace-authority/file-row-live/runtime-evidence-38/provider-75028-58e74978-4da3-4856-be7e-0750aedf1d2e-92.json
 create mode 100644 specs/artifacts/2026-10-05-connection-workspace-authority/file-row-live/runtime-evidence-38/provider-75028-58e74978-4da3-4856-be7e-0750aedf1d2e-93.json
 create mode 100644 specs/artifacts/2026-10-05-connection-workspace-authority/file-row-live/runtime-evidence-38/provider-75028-58e74978-4da3-4856-be7e-0750aedf1d2e-94.json
 create mode 100644 specs/artifacts/2026-10-05-connection-workspace-authority/file-row-live/runtime-evidence-38/provider-75028-58e74978-4da3-4856-be7e-0750aedf1d2e-95.json
 create mode 100644 specs/artifacts/2026-10-05-connection-workspace-authority/file-row-live/runtime-evidence-38/provider-75028-58e74978-4da3-4856-be7e-0750aedf1d2e-96.json
 create mode 100644 specs/artifacts/2026-10-05-connection-workspace-authority/file-row-live/runtime-evidence-38/provider-75028-58e74978-4da3-4856-be7e-0750aedf1d2e-97.json
 create mode 100644 specs/artifacts/2026-10-05-connection-workspace-authority/file-row-live/runtime-evidence-38/provider-75028-58e74978-4da3-4856-be7e-0750aedf1d2e-98.json
 create mode 100644 specs/artifacts/2026-10-05-connection-workspace-authority/file-row-live/runtime-evidence-38/provider-75028-58e74978-4da3-4856-be7e-0750aedf1d2e-99.json
 create mode 100644 specs/artifacts/2026-10-05-connection-workspace-authority/file-row-live/runtime-evidence-38/provider-pair-staging.json
 create mode 100644 specs/artifacts/2026-10-05-connection-workspace-authority/file-row-live/runtime-evidence-38/qa-package-installed.json
 create mode 100644 specs/artifacts/2026-10-05-connection-workspace-authority/file-row-live/runtime-evidence-38/startup.json
 create mode 100644 specs/artifacts/2026-10-05-connection-workspace-authority/file-row-live/runtime-evidence-38/stderr.log
 create mode 100644 specs/artifacts/2026-10-05-connection-workspace-authority/file-row-live/runtime-evidence-38/stdout.log
 create mode 100644 specs/artifacts/2026-10-05-connection-workspace-authority/file-row-live/runtime-evidence-38/task-boundary-admitted.json
 create mode 100644 specs/artifacts/2026-10-05-connection-workspace-authority/file-row-live/runtime-evidence-38/task-complete.json
 create mode 100644 specs/artifacts/2026-10-05-connection-workspace-authority/file-row-live/runtime-evidence-38/task-observation-75028-0776b998-6f5a-4710-8095-fb4248bf1d63-1.json
 create mode 100644 specs/artifacts/2026-10-05-connection-workspace-authority/file-row-live/runtime-evidence-38/task-observation-75028-0776b998-6f5a-4710-8095-fb4248bf1d63-10.json
 create mode 100644 specs/artifacts/2026-10-05-connection-workspace-authority/file-row-live/runtime-evidence-38/task-observation-75028-0776b998-6f5a-4710-8095-fb4248bf1d63-100.json
 create mode 100644 specs/artifacts/2026-10-05-connection-workspace-authority/file-row-live/runtime-evidence-38/task-observation-75028-0776b998-6f5a-4710-8095-fb4248bf1d63-101.json
 create mode 100644 specs/artifacts/2026-10-05-connection-workspace-authority/file-row-live/runtime-evidence-38/task-observation-75028-0776b998-6f5a-4710-8095-fb4248bf1d63-102.json
 create mode 100644 specs/artifacts/2026-10-05-connection-workspace-authority/file-row-live/runtime-evidence-38/task-observation-75028-0776b998-6f5a-4710-8095-fb4248bf1d63-103.json
 create mode 100644 specs/artifacts/2026-10-05-connection-workspace-authority/file-row-live/runtime-evidence-38/task-observation-75028-0776b998-6f5a-4710-8095-fb4248bf1d63-104.json
 create mode 100644 specs/artifacts/2026-10-05-connection-workspace-authority/file-row-live/runtime-evidence-38/task-observation-75028-0776b998-6f5a-4710-8095-fb4248bf1d63-105.json
 create mode 100644 specs/artifacts/2026-10-05-connection-workspace-authority/file-row-live/runtime-evidence-38/task-observation-75028-0776b998-6f5a-4710-8095-fb4248bf1d63-106.json
 create mode 100644 specs/artifacts/2026-10-05-connection-workspace-authority/file-row-live/runtime-evidence-38/task-observation-75028-0776b998-6f5a-4710-8095-fb4248bf1d63-107.json
 create mode 100644 specs/artifacts/2026-10-05-connection-workspace-authority/file-row-live/runtime-evidence-38/task-observation-75028-0776b998-6f5a-4710-8095-fb4248bf1d63-108.json
 create mode 100644 specs/artifacts/2026-10-05-connection-workspace-authority/file-row-live/runtime-evidence-38/task-observation-75028-0776b998-6f5a-4710-8095-fb4248bf1d63-109.json
 create mode 100644 specs/artifacts/2026-10-05-connection-workspace-authority/file-row-live/runtime-evidence-38/task-observation-75028-0776b998-6f5a-4710-8095-fb4248bf1d63-11.json
 create mode 100644 specs/artifacts/2026-10-05-connection-workspace-authority/file-row-live/runtime-evidence-38/task-observation-75028-0776b998-6f5a-4710-8095-fb4248bf1d63-110.json
 create mode 100644 specs/artifacts/2026-10-05-connection-workspace-authority/file-row-live/runtime-evidence-38/task-observation-75028-0776b998-6f5a-4710-8095-fb4248bf1d63-111.json
 create mode 100644 specs/artifacts/2026-10-05-connection-workspace-authority/file-row-live/runtime-evidence-38/task-observation-75028-0776b998-6f5a-4710-8095-fb4248bf1d63-112.json
 create mode 100644 specs/artifacts/2026-10-05-connection-workspace-authority/file-row-live/runtime-evidence-38/task-observation-75028-0776b998-6f5a-4710-8095-fb4248bf1d63-113.json
 create mode 100644 specs/artifacts/2026-10-05-connection-workspace-authority/file-row-live/runtime-evidence-38/task-observation-75028-0776b998-6f5a-4710-8095-fb4248bf1d63-114.json
 create mode 100644 specs/artifacts/2026-10-05-connection-workspace-authority/file-row-live/runtime-evidence-38/task-observation-75028-0776b998-6f5a-4710-8095-fb4248bf1d63-115.json
 create mode 100644 specs/artifacts/2026-10-05-connection-workspace-authority/file-row-live/runtime-evidence-38/task-observation-75028-0776b998-6f5a-4710-8095-fb4248bf1d63-116.json
 create mode 100644 specs/artifacts/2026-10-05-connection-workspace-authority/file-row-live/runtime-evidence-38/task-observation-75028-0776b998-6f5a-4710-8095-fb4248bf1d63-117.json
 create mode 100644 specs/artifacts/2026-10-05-connection-workspace-authority/file-row-live/runtime-evidence-38/task-observation-75028-0776b998-6f5a-4710-8095-fb4248bf1d63-118.json
 create mode 100644 specs/artifacts/2026-10-05-connection-workspace-authority/file-row-live/runtime-evidence-38/task-observation-75028-0776b998-6f5a-4710-8095-fb4248bf1d63-119.json
 create mode 100644 specs/artifacts/2026-10-05-connection-workspace-authority/file-row-live/runtime-evidence-38/task-observation-75028-0776b998-6f5a-4710-8095-fb4248bf1d63-12.json
 create mode 100644 specs/artifacts/2026-10-05-connection-workspace-authority/file-row-live/runtime-evidence-38/task-observation-75028-0776b998-6f5a-4710-8095-fb4248bf1d63-120.json
 create mode 100644 specs/artifacts/2026-10-05-connection-workspace-authority/file-row-live/runtime-evidence-38/task-observation-75028-0776b998-6f5a-4710-8095-fb4248bf1d63-121.json
 create mode 100644 specs/artifacts/2026-10-05-connection-workspace-authority/file-row-live/runtime-evidence-38/task-observation-75028-0776b998-6f5a-4710-8095-fb4248bf1d63-122.json
 create mode 100644 specs/artifacts/2026-10-05-connection-workspace-authority/file-row-live/runtime-evidence-38/task-observation-75028-0776b998-6f5a-4710-8095-fb4248bf1d63-123.json
 create mode 100644 specs/artifacts/2026-10-05-connection-workspace-authority/file-row-live/runtime-evidence-38/task-observation-75028-0776b998-6f5a-4710-8095-fb4248bf1d63-124.json
 create mode 100644 specs/artifacts/2026-10-05-connection-workspace-authority/file-row-live/runtime-evidence-38/task-observation-75028-0776b998-6f5a-4710-8095-fb4248bf1d63-125.json
 create mode 100644 specs/artifacts/2026-10-05-connection-workspace-authority/file-row-live/runtime-evidence-38/task-observation-75028-0776b998-6f5a-4710-8095-fb4248bf1d63-126.json
 create mode 100644 specs/artifacts/2026-10-05-connection-workspace-authority/file-row-live/runtime-evidence-38/task-observation-75028-0776b998-6f5a-4710-8095-fb4248bf1d63-127.json
 create mode 100644 specs/artifacts/2026-10-05-connection-workspace-authority/file-row-live/runtime-evidence-38/task-observation-75028-0776b998-6f5a-4710-8095-fb4248bf1d63-128.json
 create mode 100644 specs/artifacts/2026-10-05-connection-workspace-authority/file-row-live/runtime-evidence-38/task-observation-75028-0776b998-6f5a-4710-8095-fb4248bf1d63-129.json
 create mode 100644 specs/artifacts/2026-10-05-connection-workspace-authority/file-row-live/runtime-evidence-38/task-observation-75028-0776b998-6f5a-4710-8095-fb4248bf1d63-13.json
 create mode 100644 specs/artifacts/2026-10-05-connection-workspace-authority/file-row-live/runtime-evidence-38/task-observation-75028-0776b998-6f5a-4710-8095-fb4248bf1d63-130.json
 create mode 100644 specs/artifacts/2026-10-05-connection-workspace-authority/file-row-live/runtime-evidence-38/task-observation-75028-0776b998-6f5a-4710-8095-fb4248bf1d63-131.json
 create mode 100644 specs/artifacts/2026-10-05-connection-workspace-authority/file-row-live/runtime-evidence-38/task-observation-75028-0776b998-6f5a-4710-8095-fb4248bf1d63-132.json
 create mode 100644 specs/artifacts/2026-10-05-connection-workspace-authority/file-row-live/runtime-evidence-38/task-observation-75028-0776b998-6f5a-4710-8095-fb4248bf1d63-133.json
 create mode 100644 specs/artifacts/2026-10-05-connection-workspace-authority/file-row-live/runtime-evidence-38/task-observation-75028-0776b998-6f5a-4710-8095-fb4248bf1d63-134.json
 create mode 100644 specs/artifacts/2026-10-05-connection-workspace-authority/file-row-live/runtime-evidence-38/task-observation-75028-0776b998-6f5a-4710-8095-fb4248bf1d63-135.json
 create mode 100644 specs/artifacts/2026-10-05-connection-workspace-authority/file-row-live/runtime-evidence-38/task-observation-75028-0776b998-6f5a-4710-8095-fb4248bf1d63-136.json
 create mode 100644 specs/artifacts/2026-10-05-connection-workspace-authority/file-row-live/runtime-evidence-38/task-observation-75028-0776b998-6f5a-4710-8095-fb4248bf1d63-137.json
 create mode 100644 specs/artifacts/2026-10-05-connection-workspace-authority/file-row-live/runtime-evidence-38/task-observation-75028-0776b998-6f5a-4710-8095-fb4248bf1d63-138.json
 create mode 100644 specs/artifacts/2026-10-05-connection-workspace-authority/file-row-live/runtime-evidence-38/task-observation-75028-0776b998-6f5a-4710-8095-fb4248bf1d63-139.json
 create mode 100644 specs/artifacts/2026-10-05-connection-workspace-authority/file-row-live/runtime-evidence-38/task-observation-75028-0776b998-6f5a-4710-8095-fb4248bf1d63-14.json
 create mode 100644 specs/artifacts/2026-10-05-connection-workspace-authority/file-row-live/runtime-evidence-38/task-observation-75028-0776b998-6f5a-4710-8095-fb4248bf1d63-140.json
 create mode 100644 specs/artifacts/2026-10-05-connection-workspace-authority/file-row-live/runtime-evidence-38/task-observation-75028-0776b998-6f5a-4710-8095-fb4248bf1d63-141.json
 create mode 100644 specs/artifacts/2026-10-05-connection-workspace-authority/file-row-live/runtime-evidence-38/task-observation-75028-0776b998-6f5a-4710-8095-fb4248bf1d63-142.json
 create mode 100644 specs/artifacts/2026-10-05-connection-workspace-authority/file-row-live/runtime-evidence-38/task-observation-75028-0776b998-6f5a-4710-8095-fb4248bf1d63-143.json
 create mode 100644 specs/artifacts/2026-10-05-connection-workspace-authority/file-row-live/runtime-evidence-38/task-observation-75028-0776b998-6f5a-4710-8095-fb4248bf1d63-144.json
 create mode 100644 specs/artifacts/2026-10-05-connection-workspace-authority/file-row-live/runtime-evidence-38/task-observation-75028-0776b998-6f5a-4710-8095-fb4248bf1d63-145.json
 create mode 100644 specs/artifacts/2026-10-05-connection-workspace-authority/file-row-live/runtime-evidence-38/task-observation-75028-0776b998-6f5a-4710-8095-fb4248bf1d63-146.json
 create mode 100644 specs/artifacts/2026-10-05-connection-workspace-authority/file-row-live/runtime-evidence-38/task-observation-75028-0776b998-6f5a-4710-8095-fb4248bf1d63-147.json
 create mode 100644 specs/artifacts/2026-10-05-connection-workspace-authority/file-row-live/runtime-evidence-38/task-observation-75028-0776b998-6f5a-4710-8095-fb4248bf1d63-148.json
 create mode 100644 specs/artifacts/2026-10-05-connection-workspace-authority/file-row-live/runtime-evidence-38/task-observation-75028-0776b998-6f5a-4710-8095-fb4248bf1d63-149.json
 create mode 100644 specs/artifacts/2026-10-05-connection-workspace-authority/file-row-live/runtime-evidence-38/task-observation-75028-0776b998-6f5a-4710-8095-fb4248bf1d63-15.json
 create mode 100644 specs/artifacts/2026-10-05-connection-workspace-authority/file-row-live/runtime-evidence-38/task-observation-75028-0776b998-6f5a-4710-8095-fb4248bf1d63-150.json
 create mode 100644 specs/artifacts/2026-10-05-connection-workspace-authority/file-row-live/runtime-evidence-38/task-observation-75028-0776b998-6f5a-4710-8095-fb4248bf1d63-151.json
 create mode 100644 specs/artifacts/2026-10-05-connection-workspace-authority/file-row-live/runtime-evidence-38/task-observation-75028-0776b998-6f5a-4710-8095-fb4248bf1d63-152.json
 create mode 100644 specs/artifacts/2026-10-05-connection-workspace-authority/file-row-live/runtime-evidence-38/task-observation-75028-0776b998-6f5a-4710-8095-fb4248bf1d63-153.json
 create mode 100644 specs/artifacts/2026-10-05-connection-workspace-authority/file-row-live/runtime-evidence-38/task-observation-75028-0776b998-6f5a-4710-8095-fb4248bf1d63-154.json
 create mode 100644 specs/artifacts/2026-10-05-connection-workspace-authority/file-row-live/runtime-evidence-38/task-observation-75028-0776b998-6f5a-4710-8095-fb4248bf1d63-155.json
 create mode 100644 specs/artifacts/2026-10-05-connection-workspace-authority/file-row-live/runtime-evidence-38/task-observation-75028-0776b998-6f5a-4710-8095-fb4248bf1d63-156.json
 create mode 100644 specs/artifacts/2026-10-05-connection-workspace-authority/file-row-live/runtime-evidence-38/task-observation-75028-0776b998-6f5a-4710-8095-fb4248bf1d63-157.json
 create mode 100644 specs/artifacts/2026-10-05-connection-workspace-authority/file-row-live/runtime-evidence-38/task-observation-75028-0776b998-6f5a-4710-8095-fb4248bf1d63-158.json
 create mode 100644 specs/artifacts/2026-10-05-connection-workspace-authority/file-row-live/runtime-evidence-38/task-observation-75028-0776b998-6f5a-4710-8095-fb4248bf1d63-159.json
 create mode 100644 specs/artifacts/2026-10-05-connection-workspace-authority/file-row-live/runtime-evidence-38/task-observation-75028-0776b998-6f5a-4710-8095-fb4248bf1d63-16.json
 create mode 100644 specs/artifacts/2026-10-05-connection-workspace-authority/file-row-live/runtime-evidence-38/task-observation-75028-0776b998-6f5a-4710-8095-fb4248bf1d63-160.json
 create mode 100644 specs/artifacts/2026-10-05-connection-workspace-authority/file-row-live/runtime-evidence-38/task-observation-75028-0776b998-6f5a-4710-8095-fb4248bf1d63-161.json
 create mode 100644 specs/artifacts/2026-10-05-connection-workspace-authority/file-row-live/runtime-evidence-38/task-observation-75028-0776b998-6f5a-4710-8095-fb4248bf1d63-162.json
 create mode 100644 specs/artifacts/2026-10-05-connection-workspace-authority/file-row-live/runtime-evidence-38/task-observation-75028-0776b998-6f5a-4710-8095-fb4248bf1d63-163.json
 create mode 100644 specs/artifacts/2026-10-05-connection-workspace-authority/file-row-live/runtime-evidence-38/task-observation-75028-0776b998-6f5a-4710-8095-fb4248bf1d63-164.json
 create mode 100644 specs/artifacts/2026-10-05-connection-workspace-authority/file-row-live/runtime-evidence-38/task-observation-75028-0776b998-6f5a-4710-8095-fb4248bf1d63-165.json
 create mode 100644 specs/artifacts/2026-10-05-connection-workspace-authority/file-row-live/runtime-evidence-38/task-observation-75028-0776b998-6f5a-4710-8095-fb4248bf1d63-166.json
 create mode 100644 specs/artifacts/2026-10-05-connection-workspace-authority/file-row-live/runtime-evidence-38/task-observation-75028-0776b998-6f5a-4710-8095-fb4248bf1d63-167.json
 create mode 100644 specs/artifacts/2026-10-05-connection-workspace-authority/file-row-live/runtime-evidence-38/task-observation-75028-0776b998-6f5a-4710-8095-fb4248bf1d63-168.json
 create mode 100644 specs/artifacts/2026-10-05-connection-workspace-authority/file-row-live/runtime-evidence-38/task-observation-75028-0776b998-6f5a-4710-8095-fb4248bf1d63-169.json
 create mode 100644 specs/artifacts/2026-10-05-connection-workspace-authority/file-row-live/runtime-evidence-38/task-observation-75028-0776b998-6f5a-4710-8095-fb4248bf1d63-17.json
 create mode 100644 specs/artifacts/2026-10-05-connection-workspace-authority/file-row-live/runtime-evidence-38/task-observation-75028-0776b998-6f5a-4710-8095-fb4248bf1d63-170.json
 create mode 100644 specs/artifacts/2026-10-05-connection-workspace-authority/file-row-live/runtime-evidence-38/task-observation-75028-0776b998-6f5a-4710-8095-fb4248bf1d63-171.json
 create mode 100644 specs/artifacts/2026-10-05-connection-workspace-authority/file-row-live/runtime-evidence-38/task-observation-75028-0776b998-6f5a-4710-8095-fb4248bf1d63-172.json
 create mode 100644 specs/artifacts/2026-10-05-connection-workspace-authority/file-row-live/runtime-evidence-38/task-observation-75028-0776b998-6f5a-4710-8095-fb4248bf1d63-173.json
 create mode 100644 specs/artifacts/2026-10-05-connection-workspace-authority/file-row-live/runtime-evidence-38/task-observation-75028-0776b998-6f5a-4710-8095-fb4248bf1d63-174.json
 create mode 100644 specs/artifacts/2026-10-05-connection-workspace-authority/file-row-live/runtime-evidence-38/task-observation-75028-0776b998-6f5a-4710-8095-fb4248bf1d63-175.json
 create mode 100644 specs/artifacts/2026-10-05-connection-workspace-authority/file-row-live/runtime-evidence-38/task-observation-75028-0776b998-6f5a-4710-8095-fb4248bf1d63-176.json
 create mode 100644 specs/artifacts/2026-10-05-connection-workspace-authority/file-row-live/runtime-evidence-38/task-observation-75028-0776b998-6f5a-4710-8095-fb4248bf1d63-177.json
 create mode 100644 specs/artifacts/2026-10-05-connection-workspace-authority/file-row-live/runtime-evidence-38/task-observation-75028-0776b998-6f5a-4710-8095-fb4248bf1d63-178.json
 create mode 100644 specs/artifacts/2026-10-05-connection-workspace-authority/file-row-live/runtime-evidence-38/task-observation-75028-0776b998-6f5a-4710-8095-fb4248bf1d63-179.json
 create mode 100644 specs/artifacts/2026-10-05-connection-workspace-authority/file-row-live/runtime-evidence-38/task-observation-75028-0776b998-6f5a-4710-8095-fb4248bf1d63-18.json
 create mode 100644 specs/artifacts/2026-10-05-connection-workspace-authority/file-row-live/runtime-evidence-38/task-observation-75028-0776b998-6f5a-4710-8095-fb4248bf1d63-180.json
 create mode 100644 specs/artifacts/2026-10-05-connection-workspace-authority/file-row-live/runtime-evidence-38/task-observation-75028-0776b998-6f5a-4710-8095-fb4248bf1d63-181.json
 create mode 100644 specs/artifacts/2026-10-05-connection-workspace-authority/file-row-live/runtime-evidence-38/task-observation-75028-0776b998-6f5a-4710-8095-fb4248bf1d63-182.json
 create mode 100644 specs/artifacts/2026-10-05-connection-workspace-authority/file-row-live/runtime-evidence-38/task-observation-75028-0776b998-6f5a-4710-8095-fb4248bf1d63-183.json
 create mode 100644 specs/artifacts/2026-10-05-connection-workspace-authority/file-row-live/runtime-evidence-38/task-observation-75028-0776b998-6f5a-4710-8095-fb4248bf1d63-184.json
 create mode 100644 specs/artifacts/2026-10-05-connection-workspace-authority/file-row-live/runtime-evidence-38/task-observation-75028-0776b998-6f5a-4710-8095-fb4248bf1d63-185.json
 create mode 100644 specs/artifacts/2026-10-05-connection-workspace-authority/file-row-live/runtime-evidence-38/task-observation-75028-0776b998-6f5a-4710-8095-fb4248bf1d63-186.json
 create mode 100644 specs/artifacts/2026-10-05-connection-workspace-authority/file-row-live/runtime-evidence-38/task-observation-75028-0776b998-6f5a-4710-8095-fb4248bf1d63-187.json
 create mode 100644 specs/artifacts/2026-10-05-connection-workspace-authority/file-row-live/runtime-evidence-38/task-observation-75028-0776b998-6f5a-4710-8095-fb4248bf1d63-188.json
 create mode 100644 specs/artifacts/2026-10-05-connection-workspace-authority/file-row-live/runtime-evidence-38/task-observation-75028-0776b998-6f5a-4710-8095-fb4248bf1d63-189.json
 create mode 100644 specs/artifacts/2026-10-05-connection-workspace-authority/file-row-live/runtime-evidence-38/task-observation-75028-0776b998-6f5a-4710-8095-fb4248bf1d63-19.json
 create mode 100644 specs/artifacts/2026-10-05-connection-workspace-authority/file-row-live/runtime-evidence-38/task-observation-75028-0776b998-6f5a-4710-8095-fb4248bf1d63-190.json
 create mode 100644 specs/artifacts/2026-10-05-connection-workspace-authority/file-row-live/runtime-evidence-38/task-observation-75028-0776b998-6f5a-4710-8095-fb4248bf1d63-191.json
 create mode 100644 specs/artifacts/2026-10-05-connection-workspace-authority/file-row-live/runtime-evidence-38/task-observation-75028-0776b998-6f5a-4710-8095-fb4248bf1d63-192.json
 create mode 100644 specs/artifacts/2026-10-05-connection-workspace-authority/file-row-live/runtime-evidence-38/task-observation-75028-0776b998-6f5a-4710-8095-fb4248bf1d63-193.json
 create mode 100644 specs/artifacts/2026-10-05-connection-workspace-authority/file-row-live/runtime-evidence-38/task-observation-75028-0776b998-6f5a-4710-8095-fb4248bf1d63-194.json
 create mode 100644 specs/artifacts/2026-10-05-connection-workspace-authority/file-row-live/runtime-evidence-38/task-observation-75028-0776b998-6f5a-4710-8095-fb4248bf1d63-195.json
 create mode 100644 specs/artifacts/2026-10-05-connection-workspace-authority/file-row-live/runtime-evidence-38/task-observation-75028-0776b998-6f5a-4710-8095-fb4248bf1d63-196.json
 create mode 100644 specs/artifacts/2026-10-05-connection-workspace-authority/file-row-live/runtime-evidence-38/task-observation-75028-0776b998-6f5a-4710-8095-fb4248bf1d63-197.json
 create mode 100644 specs/artifacts/2026-10-05-connection-workspace-authority/file-row-live/runtime-evidence-38/task-observation-75028-0776b998-6f5a-4710-8095-fb4248bf1d63-198.json
 create mode 100644 specs/artifacts/2026-10-05-connection-workspace-authority/file-row-live/runtime-evidence-38/task-observation-75028-0776b998-6f5a-4710-8095-fb4248bf1d63-199.json
 create mode 100644 specs/artifacts/2026-10-05-connection-workspace-authority/file-row-live/runtime-evidence-38/task-observation-75028-0776b998-6f5a-4710-8095-fb4248bf1d63-2.json
 create mode 100644 specs/artifacts/2026-10-05-connection-workspace-authority/file-row-live/runtime-evidence-38/task-observation-75028-0776b998-6f5a-4710-8095-fb4248bf1d63-20.json
 create mode 100644 specs/artifacts/2026-10-05-connection-workspace-authority/file-row-live/runtime-evidence-38/task-observation-75028-0776b998-6f5a-4710-8095-fb4248bf1d63-200.json
 create mode 100644 specs/artifacts/2026-10-05-connection-workspace-authority/file-row-live/runtime-evidence-38/task-observation-75028-0776b998-6f5a-4710-8095-fb4248bf1d63-201.json
 create mode 100644 specs/artifacts/2026-10-05-connection-workspace-authority/file-row-live/runtime-evidence-38/task-observation-75028-0776b998-6f5a-4710-8095-fb4248bf1d63-202.json
 create mode 100644 specs/artifacts/2026-10-05-connection-workspace-authority/file-row-live/runtime-evidence-38/task-observation-75028-0776b998-6f5a-4710-8095-fb4248bf1d63-203.json
 create mode 100644 specs/artifacts/2026-10-05-connection-workspace-authority/file-row-live/runtime-evidence-38/task-observation-75028-0776b998-6f5a-4710-8095-fb4248bf1d63-204.json
 create mode 100644 specs/artifacts/2026-10-05-connection-workspace-authority/file-row-live/runtime-evidence-38/task-observation-75028-0776b998-6f5a-4710-8095-fb4248bf1d63-205.json
 create mode 100644 specs/artifacts/2026-10-05-connection-workspace-authority/file-row-live/runtime-evidence-38/task-observation-75028-0776b998-6f5a-4710-8095-fb4248bf1d63-206.json
 create mode 100644 specs/artifacts/2026-10-05-connection-workspace-authority/file-row-live/runtime-evidence-38/task-observation-75028-0776b998-6f5a-4710-8095-fb4248bf1d63-207.json
 create mode 100644 specs/artifacts/2026-10-05-connection-workspace-authority/file-row-live/runtime-evidence-38/task-observation-75028-0776b998-6f5a-4710-8095-fb4248bf1d63-208.json
 create mode 100644 specs/artifacts/2026-10-05-connection-workspace-authority/file-row-live/runtime-evidence-38/task-observation-75028-0776b998-6f5a-4710-8095-fb4248bf1d63-209.json
 create mode 100644 specs/artifacts/2026-10-05-connection-workspace-authority/file-row-live/runtime-evidence-38/task-observation-75028-0776b998-6f5a-4710-8095-fb4248bf1d63-21.json
 create mode 100644 specs/artifacts/2026-10-05-connection-workspace-authority/file-row-live/runtime-evidence-38/task-observation-75028-0776b998-6f5a-4710-8095-fb4248bf1d63-210.json
 create mode 100644 specs/artifacts/2026-10-05-connection-workspace-authority/file-row-live/runtime-evidence-38/task-observation-75028-0776b998-6f5a-4710-8095-fb4248bf1d63-211.json
 create mode 100644 specs/artifacts/2026-10-05-connection-workspace-authority/file-row-live/runtime-evidence-38/task-observation-75028-0776b998-6f5a-4710-8095-fb4248bf1d63-212.json
 create mode 100644 specs/artifacts/2026-10-05-connection-workspace-authority/file-row-live/runtime-evidence-38/task-observation-75028-0776b998-6f5a-4710-8095-fb4248bf1d63-213.json
 create mode 100644 specs/artifacts/2026-10-05-connection-workspace-authority/file-row-live/runtime-evidence-38/task-observation-75028-0776b998-6f5a-4710-8095-fb4248bf1d63-214.json
 create mode 100644 specs/artifacts/2026-10-05-connection-workspace-authority/file-row-live/runtime-evidence-38/task-observation-75028-0776b998-6f5a-4710-8095-fb4248bf1d63-215.json
 create mode 100644 specs/artifacts/2026-10-05-connection-workspace-authority/file-row-live/runtime-evidence-38/task-observation-75028-0776b998-6f5a-4710-8095-fb4248bf1d63-216.json
 create mode 100644 specs/artifacts/2026-10-05-connection-workspace-authority/file-row-live/runtime-evidence-38/task-observation-75028-0776b998-6f5a-4710-8095-fb4248bf1d63-217.json
 create mode 100644 specs/artifacts/2026-10-05-connection-workspace-authority/file-row-live/runtime-evidence-38/task-observation-75028-0776b998-6f5a-4710-8095-fb4248bf1d63-218.json
 create mode 100644 specs/artifacts/2026-10-05-connection-workspace-authority/file-row-live/runtime-evidence-38/task-observation-75028-0776b998-6f5a-4710-8095-fb4248bf1d63-219.json
 create mode 100644 specs/artifacts/2026-10-05-connection-workspace-authority/file-row-live/runtime-evidence-38/task-observation-75028-0776b998-6f5a-4710-8095-fb4248bf1d63-22.json
 create mode 100644 specs/artifacts/2026-10-05-connection-workspace-authority/file-row-live/runtime-evidence-38/task-observation-75028-0776b998-6f5a-4710-8095-fb4248bf1d63-220.json
 create mode 100644 specs/artifacts/2026-10-05-connection-workspace-authority/file-row-live/runtime-evidence-38/task-observation-75028-0776b998-6f5a-4710-8095-fb4248bf1d63-221.json
 create mode 100644 specs/artifacts/2026-10-05-connection-workspace-authority/file-row-live/runtime-evidence-38/task-observation-75028-0776b998-6f5a-4710-8095-fb4248bf1d63-222.json
 create mode 100644 specs/artifacts/2026-10-05-connection-workspace-authority/file-row-live/runtime-evidence-38/task-observation-75028-0776b998-6f5a-4710-8095-fb4248bf1d63-223.json
 create mode 100644 specs/artifacts/2026-10-05-connection-workspace-authority/file-row-live/runtime-evidence-38/task-observation-75028-0776b998-6f5a-4710-8095-fb4248bf1d63-224.json
 create mode 100644 specs/artifacts/2026-10-05-connection-workspace-authority/file-row-live/runtime-evidence-38/task-observation-75028-0776b998-6f5a-4710-8095-fb4248bf1d63-225.json
 create mode 100644 specs/artifacts/2026-10-05-connection-workspace-authority/file-row-live/runtime-evidence-38/task-observation-75028-0776b998-6f5a-4710-8095-fb4248bf1d63-226.json
 create mode 100644 specs/artifacts/2026-10-05-connection-workspace-authority/file-row-live/runtime-evidence-38/task-observation-75028-0776b998-6f5a-4710-8095-fb4248bf1d63-227.json
 create mode 100644 specs/artifacts/2026-10-05-connection-workspace-authority/file-row-live/runtime-evidence-38/task-observation-75028-0776b998-6f5a-4710-8095-fb4248bf1d63-228.json
 create mode 100644 specs/artifacts/2026-10-05-connection-workspace-authority/file-row-live/runtime-evidence-38/task-observation-75028-0776b998-6f5a-4710-8095-fb4248bf1d63-229.json
 create mode 100644 specs/artifacts/2026-10-05-connection-workspace-authority/file-row-live/runtime-evidence-38/task-observation-75028-0776b998-6f5a-4710-8095-fb4248bf1d63-23.json
 create mode 100644 specs/artifacts/2026-10-05-connection-workspace-authority/file-row-live/runtime-evidence-38/task-observation-75028-0776b998-6f5a-4710-8095-fb4248bf1d63-230.json
 create mode 100644 specs/artifacts/2026-10-05-connection-workspace-authority/file-row-live/runtime-evidence-38/task-observation-75028-0776b998-6f5a-4710-8095-fb4248bf1d63-231.json
 create mode 100644 specs/artifacts/2026-10-05-connection-workspace-authority/file-row-live/runtime-evidence-38/task-observation-75028-0776b998-6f5a-4710-8095-fb4248bf1d63-232.json
 create mode 100644 specs/artifacts/2026-10-05-connection-workspace-authority/file-row-live/runtime-evidence-38/task-observation-75028-0776b998-6f5a-4710-8095-fb4248bf1d63-233.json
 create mode 100644 specs/artifacts/2026-10-05-connection-workspace-authority/file-row-live/runtime-evidence-38/task-observation-75028-0776b998-6f5a-4710-8095-fb4248bf1d63-234.json
 create mode 100644 specs/artifacts/2026-10-05-connection-workspace-authority/file-row-live/runtime-evidence-38/task-observation-75028-0776b998-6f5a-4710-8095-fb4248bf1d63-235.json
 create mode 100644 specs/artifacts/2026-10-05-connection-workspace-authority/file-row-live/runtime-evidence-38/task-observation-75028-0776b998-6f5a-4710-8095-fb4248bf1d63-236.json
 create mode 100644 specs/artifacts/2026-10-05-connection-workspace-authority/file-row-live/runtime-evidence-38/task-observation-75028-0776b998-6f5a-4710-8095-fb4248bf1d63-237.json
 create mode 100644 specs/artifacts/2026-10-05-connection-workspace-authority/file-row-live/runtime-evidence-38/task-observation-75028-0776b998-6f5a-4710-8095-fb4248bf1d63-238.json
 create mode 100644 specs/artifacts/2026-10-05-connection-workspace-authority/file-row-live/runtime-evidence-38/task-observation-75028-0776b998-6f5a-4710-8095-fb4248bf1d63-239.json
 create mode 100644 specs/artifacts/2026-10-05-connection-workspace-authority/file-row-live/runtime-evidence-38/task-observation-75028-0776b998-6f5a-4710-8095-fb4248bf1d63-24.json
 create mode 100644 specs/artifacts/2026-10-05-connection-workspace-authority/file-row-live/runtime-evidence-38/task-observation-75028-0776b998-6f5a-4710-8095-fb4248bf1d63-240.json
 create mode 100644 specs/artifacts/2026-10-05-connection-workspace-authority/file-row-live/runtime-evidence-38/task-observation-75028-0776b998-6f5a-4710-8095-fb4248bf1d63-241.json
 create mode 100644 specs/artifacts/2026-10-05-connection-workspace-authority/file-row-live/runtime-evidence-38/task-observation-75028-0776b998-6f5a-4710-8095-fb4248bf1d63-242.json
 create mode 100644 specs/artifacts/2026-10-05-connection-workspace-authority/file-row-live/runtime-evidence-38/task-observation-75028-0776b998-6f5a-4710-8095-fb4248bf1d63-243.json
 create mode 100644 specs/artifacts/2026-10-05-connection-workspace-authority/file-row-live/runtime-evidence-38/task-observation-75028-0776b998-6f5a-4710-8095-fb4248bf1d63-244.json
 create mode 100644 specs/artifacts/2026-10-05-connection-workspace-authority/file-row-live/runtime-evidence-38/task-observation-75028-0776b998-6f5a-4710-8095-fb4248bf1d63-245.json
 create mode 100644 specs/artifacts/2026-10-05-connection-workspace-authority/file-row-live/runtime-evidence-38/task-observation-75028-0776b998-6f5a-4710-8095-fb4248bf1d63-246.json
 create mode 100644 specs/artifacts/2026-10-05-connection-workspace-authority/file-row-live/runtime-evidence-38/task-observation-75028-0776b998-6f5a-4710-8095-fb4248bf1d63-247.json
 create mode 100644 specs/artifacts/2026-10-05-connection-workspace-authority/file-row-live/runtime-evidence-38/task-observation-75028-0776b998-6f5a-4710-8095-fb4248bf1d63-248.json
 create mode 100644 specs/artifacts/2026-10-05-connection-workspace-authority/file-row-live/runtime-evidence-38/task-observation-75028-0776b998-6f5a-4710-8095-fb4248bf1d63-249.json
 create mode 100644 specs/artifacts/2026-10-05-connection-workspace-authority/file-row-live/runtime-evidence-38/task-observation-75028-0776b998-6f5a-4710-8095-fb4248bf1d63-25.json
 create mode 100644 specs/artifacts/2026-10-05-connection-workspace-authority/file-row-live/runtime-evidence-38/task-observation-75028-0776b998-6f5a-4710-8095-fb4248bf1d63-250.json
 create mode 100644 specs/artifacts/2026-10-05-connection-workspace-authority/file-row-live/runtime-evidence-38/task-observation-75028-0776b998-6f5a-4710-8095-fb4248bf1d63-251.json
 create mode 100644 specs/artifacts/2026-10-05-connection-workspace-authority/file-row-live/runtime-evidence-38/task-observation-75028-0776b998-6f5a-4710-8095-fb4248bf1d63-252.json
 create mode 100644 specs/artifacts/2026-10-05-connection-workspace-authority/file-row-live/runtime-evidence-38/task-observation-75028-0776b998-6f5a-4710-8095-fb4248bf1d63-253.json
 create mode 100644 specs/artifacts/2026-10-05-connection-workspace-authority/file-row-live/runtime-evidence-38/task-observation-75028-0776b998-6f5a-4710-8095-fb4248bf1d63-254.json
 create mode 100644 specs/artifacts/2026-10-05-connection-workspace-authority/file-row-live/runtime-evidence-38/task-observation-75028-0776b998-6f5a-4710-8095-fb4248bf1d63-255.json
 create mode 100644 specs/artifacts/2026-10-05-connection-workspace-authority/file-row-live/runtime-evidence-38/task-observation-75028-0776b998-6f5a-4710-8095-fb4248bf1d63-256.json
 create mode 100644 specs/artifacts/2026-10-05-connection-workspace-authority/file-row-live/runtime-evidence-38/task-observation-75028-0776b998-6f5a-4710-8095-fb4248bf1d63-257.json
 create mode 100644 specs/artifacts/2026-10-05-connection-workspace-authority/file-row-live/runtime-evidence-38/task-observation-75028-0776b998-6f5a-4710-8095-fb4248bf1d63-258.json
 create mode 100644 specs/artifacts/2026-10-05-connection-workspace-authority/file-row-live/runtime-evidence-38/task-observation-75028-0776b998-6f5a-4710-8095-fb4248bf1d63-259.json
 create mode 100644 specs/artifacts/2026-10-05-connection-workspace-authority/file-row-live/runtime-evidence-38/task-observation-75028-0776b998-6f5a-4710-8095-fb4248bf1d63-26.json
 create mode 100644 specs/artifacts/2026-10-05-connection-workspace-authority/file-row-live/runtime-evidence-38/task-observation-75028-0776b998-6f5a-4710-8095-fb4248bf1d63-260.json
 create mode 100644 specs/artifacts/2026-10-05-connection-workspace-authority/file-row-live/runtime-evidence-38/task-observation-75028-0776b998-6f5a-4710-8095-fb4248bf1d63-261.json
 create mode 100644 specs/artifacts/2026-10-05-connection-workspace-authority/file-row-live/runtime-evidence-38/task-observation-75028-0776b998-6f5a-4710-8095-fb4248bf1d63-262.json
 create mode 100644 specs/artifacts/2026-10-05-connection-workspace-authority/file-row-live/runtime-evidence-38/task-observation-75028-0776b998-6f5a-4710-8095-fb4248bf1d63-263.json
 create mode 100644 specs/artifacts/2026-10-05-connection-workspace-authority/file-row-live/runtime-evidence-38/task-observation-75028-0776b998-6f5a-4710-8095-fb4248bf1d63-264.json
 create mode 100644 specs/artifacts/2026-10-05-connection-workspace-authority/file-row-live/runtime-evidence-38/task-observation-75028-0776b998-6f5a-4710-8095-fb4248bf1d63-265.json
 create mode 100644 specs/artifacts/2026-10-05-connection-workspace-authority/file-row-live/runtime-evidence-38/task-observation-75028-0776b998-6f5a-4710-8095-fb4248bf1d63-266.json
 create mode 100644 specs/artifacts/2026-10-05-connection-workspace-authority/file-row-live/runtime-evidence-38/task-observation-75028-0776b998-6f5a-4710-8095-fb4248bf1d63-267.json
 create mode 100644 specs/artifacts/2026-10-05-connection-workspace-authority/file-row-live/runtime-evidence-38/task-observation-75028-0776b998-6f5a-4710-8095-fb4248bf1d63-268.json
 create mode 100644 specs/artifacts/2026-10-05-connection-workspace-authority/file-row-live/runtime-evidence-38/task-observation-75028-0776b998-6f5a-4710-8095-fb4248bf1d63-269.json
 create mode 100644 specs/artifacts/2026-10-05-connection-workspace-authority/file-row-live/runtime-evidence-38/task-observation-75028-0776b998-6f5a-4710-8095-fb4248bf1d63-27.json
 create mode 100644 specs/artifacts/2026-10-05-connection-workspace-authority/file-row-live/runtime-evidence-38/task-observation-75028-0776b998-6f5a-4710-8095-fb4248bf1d63-270.json
 create mode 100644 specs/artifacts/2026-10-05-connection-workspace-authority/file-row-live/runtime-evidence-38/task-observation-75028-0776b998-6f5a-4710-8095-fb4248bf1d63-271.json
 create mode 100644 specs/artifacts/2026-10-05-connection-workspace-authority/file-row-live/runtime-evidence-38/task-observation-75028-0776b998-6f5a-4710-8095-fb4248bf1d63-272.json
 create mode 100644 specs/artifacts/2026-10-05-connection-workspace-authority/file-row-live/runtime-evidence-38/task-observation-75028-0776b998-6f5a-4710-8095-fb4248bf1d63-273.json
 create mode 100644 specs/artifacts/2026-10-05-connection-workspace-authority/file-row-live/runtime-evidence-38/task-observation-75028-0776b998-6f5a-4710-8095-fb4248bf1d63-274.json
 create mode 100644 specs/artifacts/2026-10-05-connection-workspace-authority/file-row-live/runtime-evidence-38/task-observation-75028-0776b998-6f5a-4710-8095-fb4248bf1d63-275.json
 create mode 100644 specs/artifacts/2026-10-05-connection-workspace-authority/file-row-live/runtime-evidence-38/task-observation-75028-0776b998-6f5a-4710-8095-fb4248bf1d63-276.json
 create mode 100644 specs/artifacts/2026-10-05-connection-workspace-authority/file-row-live/runtime-evidence-38/task-observation-75028-0776b998-6f5a-4710-8095-fb4248bf1d63-277.json
 create mode 100644 specs/artifacts/2026-10-05-connection-workspace-authority/file-row-live/runtime-evidence-38/task-observation-75028-0776b998-6f5a-4710-8095-fb4248bf1d63-278.json
 create mode 100644 specs/artifacts/2026-10-05-connection-workspace-authority/file-row-live/runtime-evidence-38/task-observation-75028-0776b998-6f5a-4710-8095-fb4248bf1d63-279.json
 create mode 100644 specs/artifacts/2026-10-05-connection-workspace-authority/file-row-live/runtime-evidence-38/task-observation-75028-0776b998-6f5a-4710-8095-fb4248bf1d63-28.json
 create mode 100644 specs/artifacts/2026-10-05-connection-workspace-authority/file-row-live/runtime-evidence-38/task-observation-75028-0776b998-6f5a-4710-8095-fb4248bf1d63-280.json
 create mode 100644 specs/artifacts/2026-10-05-connection-workspace-authority/file-row-live/runtime-evidence-38/task-observation-75028-0776b998-6f5a-4710-8095-fb4248bf1d63-281.json
 create mode 100644 specs/artifacts/2026-10-05-connection-workspace-authority/file-row-live/runtime-evidence-38/task-observation-75028-0776b998-6f5a-4710-8095-fb4248bf1d63-282.json
 create mode 100644 specs/artifacts/2026-10-05-connection-workspace-authority/file-row-live/runtime-evidence-38/task-observation-75028-0776b998-6f5a-4710-8095-fb4248bf1d63-283.json
 create mode 100644 specs/artifacts/2026-10-05-connection-workspace-authority/file-row-live/runtime-evidence-38/task-observation-75028-0776b998-6f5a-4710-8095-fb4248bf1d63-284.json
 create mode 100644 specs/artifacts/2026-10-05-connection-workspace-authority/file-row-live/runtime-evidence-38/task-observation-75028-0776b998-6f5a-4710-8095-fb4248bf1d63-285.json
 create mode 100644 specs/artifacts/2026-10-05-connection-workspace-authority/file-row-live/runtime-evidence-38/task-observation-75028-0776b998-6f5a-4710-8095-fb4248bf1d63-286.json
 create mode 100644 specs/artifacts/2026-10-05-connection-workspace-authority/file-row-live/runtime-evidence-38/task-observation-75028-0776b998-6f5a-4710-8095-fb4248bf1d63-287.json
 create mode 100644 specs/artifacts/2026-10-05-connection-workspace-authority/file-row-live/runtime-evidence-38/task-observation-75028-0776b998-6f5a-4710-8095-fb4248bf1d63-288.json
 create mode 100644 specs/artifacts/2026-10-05-connection-workspace-authority/file-row-live/runtime-evidence-38/task-observation-75028-0776b998-6f5a-4710-8095-fb4248bf1d63-289.json
 create mode 100644 specs/artifacts/2026-10-05-connection-workspace-authority/file-row-live/runtime-evidence-38/task-observation-75028-0776b998-6f5a-4710-8095-fb4248bf1d63-29.json
 create mode 100644 specs/artifacts/2026-10-05-connection-workspace-authority/file-row-live/runtime-evidence-38/task-observation-75028-0776b998-6f5a-4710-8095-fb4248bf1d63-290.json
 create mode 100644 specs/artifacts/2026-10-05-connection-workspace-authority/file-row-live/runtime-evidence-38/task-observation-75028-0776b998-6f5a-4710-8095-fb4248bf1d63-291.json
 create mode 100644 specs/artifacts/2026-10-05-connection-workspace-authority/file-row-live/runtime-evidence-38/task-observation-75028-0776b998-6f5a-4710-8095-fb4248bf1d63-292.json
 create mode 100644 specs/artifacts/2026-10-05-connection-workspace-authority/file-row-live/runtime-evidence-38/task-observation-75028-0776b998-6f5a-4710-8095-fb4248bf1d63-293.json
 create mode 100644 specs/artifacts/2026-10-05-connection-workspace-authority/file-row-live/runtime-evidence-38/task-observation-75028-0776b998-6f5a-4710-8095-fb4248bf1d63-294.json
 create mode 100644 specs/artifacts/2026-10-05-connection-workspace-authority/file-row-live/runtime-evidence-38/task-observation-75028-0776b998-6f5a-4710-8095-fb4248bf1d63-295.json
 create mode 100644 specs/artifacts/2026-10-05-connection-workspace-authority/file-row-live/runtime-evidence-38/task-observation-75028-0776b998-6f5a-4710-8095-fb4248bf1d63-296.json
 create mode 100644 specs/artifacts/2026-10-05-connection-workspace-authority/file-row-live/runtime-evidence-38/task-observation-75028-0776b998-6f5a-4710-8095-fb4248bf1d63-297.json
 create mode 100644 specs/artifacts/2026-10-05-connection-workspace-authority/file-row-live/runtime-evidence-38/task-observation-75028-0776b998-6f5a-4710-8095-fb4248bf1d63-298.json
 create mode 100644 specs/artifacts/2026-10-05-connection-workspace-authority/file-row-live/runtime-evidence-38/task-observation-75028-0776b998-6f5a-4710-8095-fb4248bf1d63-299.json
 create mode 100644 specs/artifacts/2026-10-05-connection-workspace-authority/file-row-live/runtime-evidence-38/task-observation-75028-0776b998-6f5a-4710-8095-fb4248bf1d63-3.json
 create mode 100644 specs/artifacts/2026-10-05-connection-workspace-authority/file-row-live/runtime-evidence-38/task-observation-75028-0776b998-6f5a-4710-8095-fb4248bf1d63-30.json
 create mode 100644 specs/artifacts/2026-10-05-connection-workspace-authority/file-row-live/runtime-evidence-38/task-observation-75028-0776b998-6f5a-4710-8095-fb4248bf1d63-300.json
 create mode 100644 specs/artifacts/2026-10-05-connection-workspace-authority/file-row-live/runtime-evidence-38/task-observation-75028-0776b998-6f5a-4710-8095-fb4248bf1d63-301.json
 create mode 100644 specs/artifacts/2026-10-05-connection-workspace-authority/file-row-live/runtime-evidence-38/task-observation-75028-0776b998-6f5a-4710-8095-fb4248bf1d63-302.json
 create mode 100644 specs/artifacts/2026-10-05-connection-workspace-authority/file-row-live/runtime-evidence-38/task-observation-75028-0776b998-6f5a-4710-8095-fb4248bf1d63-303.json
 create mode 100644 specs/artifacts/2026-10-05-connection-workspace-authority/file-row-live/runtime-evidence-38/task-observation-75028-0776b998-6f5a-4710-8095-fb4248bf1d63-304.json
 create mode 100644 specs/artifacts/2026-10-05-connection-workspace-authority/file-row-live/runtime-evidence-38/task-observation-75028-0776b998-6f5a-4710-8095-fb4248bf1d63-305.json
 create mode 100644 specs/artifacts/2026-10-05-connection-workspace-authority/file-row-live/runtime-evidence-38/task-observation-75028-0776b998-6f5a-4710-8095-fb4248bf1d63-306.json
 create mode 100644 specs/artifacts/2026-10-05-connection-workspace-authority/file-row-live/runtime-evidence-38/task-observation-75028-0776b998-6f5a-4710-8095-fb4248bf1d63-307.json
 create mode 100644 specs/artifacts/2026-10-05-connection-workspace-authority/file-row-live/runtime-evidence-38/task-observation-75028-0776b998-6f5a-4710-8095-fb4248bf1d63-308.json
 create mode 100644 specs/artifacts/2026-10-05-connection-workspace-authority/file-row-live/runtime-evidence-38/task-observation-75028-0776b998-6f5a-4710-8095-fb4248bf1d63-309.json
 create mode 100644 specs/artifacts/2026-10-05-connection-workspace-authority/file-row-live/runtime-evidence-38/task-observation-75028-0776b998-6f5a-4710-8095-fb4248bf1d63-31.json
 create mode 100644 specs/artifacts/2026-10-05-connection-workspace-authority/file-row-live/runtime-evidence-38/task-observation-75028-0776b998-6f5a-4710-8095-fb4248bf1d63-310.json
 create mode 100644 specs/artifacts/2026-10-05-connection-workspace-authority/file-row-live/runtime-evidence-38/task-observation-75028-0776b998-6f5a-4710-8095-fb4248bf1d63-311.json
 create mode 100644 specs/artifacts/2026-10-05-connection-workspace-authority/file-row-live/runtime-evidence-38/task-observation-75028-0776b998-6f5a-4710-8095-fb4248bf1d63-312.json
 create mode 100644 specs/artifacts/2026-10-05-connection-workspace-authority/file-row-live/runtime-evidence-38/task-observation-75028-0776b998-6f5a-4710-8095-fb4248bf1d63-313.json
 create mode 100644 specs/artifacts/2026-10-05-connection-workspace-authority/file-row-live/runtime-evidence-38/task-observation-75028-0776b998-6f5a-4710-8095-fb4248bf1d63-314.json
 create mode 100644 specs/artifacts/2026-10-05-connection-workspace-authority/file-row-live/runtime-evidence-38/task-observation-75028-0776b998-6f5a-4710-8095-fb4248bf1d63-315.json
 create mode 100644 specs/artifacts/2026-10-05-connection-workspace-authority/file-row-live/runtime-evidence-38/task-observation-75028-0776b998-6f5a-4710-8095-fb4248bf1d63-316.json
 create mode 100644 specs/artifacts/2026-10-05-connection-workspace-authority/file-row-live/runtime-evidence-38/task-observation-75028-0776b998-6f5a-4710-8095-fb4248bf1d63-317.json
 create mode 100644 specs/artifacts/2026-10-05-connection-workspace-authority/file-row-live/runtime-evidence-38/task-observation-75028-0776b998-6f5a-4710-8095-fb4248bf1d63-318.json
 create mode 100644 specs/artifacts/2026-10-05-connection-workspace-authority/file-row-live/runtime-evidence-38/task-observation-75028-0776b998-6f5a-4710-8095-fb4248bf1d63-319.json
 create mode 100644 specs/artifacts/2026-10-05-connection-workspace-authority/file-row-live/runtime-evidence-38/task-observation-75028-0776b998-6f5a-4710-8095-fb4248bf1d63-32.json
 create mode 100644 specs/artifacts/2026-10-05-connection-workspace-authority/file-row-live/runtime-evidence-38/task-observation-75028-0776b998-6f5a-4710-8095-fb4248bf1d63-320.json
 create mode 100644 specs/artifacts/2026-10-05-connection-workspace-authority/file-row-live/runtime-evidence-38/task-observation-75028-0776b998-6f5a-4710-8095-fb4248bf1d63-321.json
 create mode 100644 specs/artifacts/2026-10-05-connection-workspace-authority/file-row-live/runtime-evidence-38/task-observation-75028-0776b998-6f5a-4710-8095-fb4248bf1d63-322.json
 create mode 100644 specs/artifacts/2026-10-05-connection-workspace-authority/file-row-live/runtime-evidence-38/task-observation-75028-0776b998-6f5a-4710-8095-fb4248bf1d63-323.json
 create mode 100644 specs/artifacts/2026-10-05-connection-workspace-authority/file-row-live/runtime-evidence-38/task-observation-75028-0776b998-6f5a-4710-8095-fb4248bf1d63-324.json
 create mode 100644 specs/artifacts/2026-10-05-connection-workspace-authority/file-row-live/runtime-evidence-38/task-observation-75028-0776b998-6f5a-4710-8095-fb4248bf1d63-325.json
 create mode 100644 specs/artifacts/2026-10-05-connection-workspace-authority/file-row-live/runtime-evidence-38/task-observation-75028-0776b998-6f5a-4710-8095-fb4248bf1d63-326.json
 create mode 100644 specs/artifacts/2026-10-05-connection-workspace-authority/file-row-live/runtime-evidence-38/task-observation-75028-0776b998-6f5a-4710-8095-fb4248bf1d63-327.json
 create mode 100644 specs/artifacts/2026-10-05-connection-workspace-authority/file-row-live/runtime-evidence-38/task-observation-75028-0776b998-6f5a-4710-8095-fb4248bf1d63-328.json
 create mode 100644 specs/artifacts/2026-10-05-connection-workspace-authority/file-row-live/runtime-evidence-38/task-observation-75028-0776b998-6f5a-4710-8095-fb4248bf1d63-329.json
 create mode 100644 specs/artifacts/2026-10-05-connection-workspace-authority/file-row-live/runtime-evidence-38/task-observation-75028-0776b998-6f5a-4710-8095-fb4248bf1d63-33.json
 create mode 100644 specs/artifacts/2026-10-05-connection-workspace-authority/file-row-live/runtime-evidence-38/task-observation-75028-0776b998-6f5a-4710-8095-fb4248bf1d63-330.json
 create mode 100644 specs/artifacts/2026-10-05-connection-workspace-authority/file-row-live/runtime-evidence-38/task-observation-75028-0776b998-6f5a-4710-8095-fb4248bf1d63-331.json
 create mode 100644 specs/artifacts/2026-10-05-connection-workspace-authority/file-row-live/runtime-evidence-38/task-observation-75028-0776b998-6f5a-4710-8095-fb4248bf1d63-332.json
 create mode 100644 specs/artifacts/2026-10-05-connection-workspace-authority/file-row-live/runtime-evidence-38/task-observation-75028-0776b998-6f5a-4710-8095-fb4248bf1d63-333.json
 create mode 100644 specs/artifacts/2026-10-05-connection-workspace-authority/file-row-live/runtime-evidence-38/task-observation-75028-0776b998-6f5a-4710-8095-fb4248bf1d63-334.json
 create mode 100644 specs/artifacts/2026-10-05-connection-workspace-authority/file-row-live/runtime-evidence-38/task-observation-75028-0776b998-6f5a-4710-8095-fb4248bf1d63-335.json
 create mode 100644 specs/artifacts/2026-10-05-connection-workspace-authority/file-row-live/runtime-evidence-38/task-observation-75028-0776b998-6f5a-4710-8095-fb4248bf1d63-336.json
 create mode 100644 specs/artifacts/2026-10-05-connection-workspace-authority/file-row-live/runtime-evidence-38/task-observation-75028-0776b998-6f5a-4710-8095-fb4248bf1d63-337.json
 create mode 100644 specs/artifacts/2026-10-05-connection-workspace-authority/file-row-live/runtime-evidence-38/task-observation-75028-0776b998-6f5a-4710-8095-fb4248bf1d63-338.json
 create mode 100644 specs/artifacts/2026-10-05-connection-workspace-authority/file-row-live/runtime-evidence-38/task-observation-75028-0776b998-6f5a-4710-8095-fb4248bf1d63-339.json
 create mode 100644 specs/artifacts/2026-10-05-connection-workspace-authority/file-row-live/runtime-evidence-38/task-observation-75028-0776b998-6f5a-4710-8095-fb4248bf1d63-34.json
 create mode 100644 specs/artifacts/2026-10-05-connection-workspace-authority/file-row-live/runtime-evidence-38/task-observation-75028-0776b998-6f5a-4710-8095-fb4248bf1d63-340.json
 create mode 100644 specs/artifacts/2026-10-05-connection-workspace-authority/file-row-live/runtime-evidence-38/task-observation-75028-0776b998-6f5a-4710-8095-fb4248bf1d63-341.json
 create mode 100644 specs/artifacts/2026-10-05-connection-workspace-authority/file-row-live/runtime-evidence-38/task-observation-75028-0776b998-6f5a-4710-8095-fb4248bf1d63-342.json
 create mode 100644 specs/artifacts/2026-10-05-connection-workspace-authority/file-row-live/runtime-evidence-38/task-observation-75028-0776b998-6f5a-4710-8095-fb4248bf1d63-343.json
 create mode 100644 specs/artifacts/2026-10-05-connection-workspace-authority/file-row-live/runtime-evidence-38/task-observation-75028-0776b998-6f5a-4710-8095-fb4248bf1d63-344.json
 create mode 100644 specs/artifacts/2026-10-05-connection-workspace-authority/file-row-live/runtime-evidence-38/task-observation-75028-0776b998-6f5a-4710-8095-fb4248bf1d63-345.json
 create mode 100644 specs/artifacts/2026-10-05-connection-workspace-authority/file-row-live/runtime-evidence-38/task-observation-75028-0776b998-6f5a-4710-8095-fb4248bf1d63-346.json
 create mode 100644 specs/artifacts/2026-10-05-connection-workspace-authority/file-row-live/runtime-evidence-38/task-observation-75028-0776b998-6f5a-4710-8095-fb4248bf1d63-347.json
 create mode 100644 specs/artifacts/2026-10-05-connection-workspace-authority/file-row-live/runtime-evidence-38/task-observation-75028-0776b998-6f5a-4710-8095-fb4248bf1d63-348.json
 create mode 100644 specs/artifacts/2026-10-05-connection-workspace-authority/file-row-live/runtime-evidence-38/task-observation-75028-0776b998-6f5a-4710-8095-fb4248bf1d63-349.json
 create mode 100644 specs/artifacts/2026-10-05-connection-workspace-authority/file-row-live/runtime-evidence-38/task-observation-75028-0776b998-6f5a-4710-8095-fb4248bf1d63-35.json
 create mode 100644 specs/artifacts/2026-10-05-connection-workspace-authority/file-row-live/runtime-evidence-38/task-observation-75028-0776b998-6f5a-4710-8095-fb4248bf1d63-350.json
 create mode 100644 specs/artifacts/2026-10-05-connection-workspace-authority/file-row-live/runtime-evidence-38/task-observation-75028-0776b998-6f5a-4710-8095-fb4248bf1d63-351.json
 create mode 100644 specs/artifacts/2026-10-05-connection-workspace-authority/file-row-live/runtime-evidence-38/task-observation-75028-0776b998-6f5a-4710-8095-fb4248bf1d63-352.json
 create mode 100644 specs/artifacts/2026-10-05-connection-workspace-authority/file-row-live/runtime-evidence-38/task-observation-75028-0776b998-6f5a-4710-8095-fb4248bf1d63-353.json
 create mode 100644 specs/artifacts/2026-10-05-connection-workspace-authority/file-row-live/runtime-evidence-38/task-observation-75028-0776b998-6f5a-4710-8095-fb4248bf1d63-354.json
 create mode 100644 specs/artifacts/2026-10-05-connection-workspace-authority/file-row-live/runtime-evidence-38/task-observation-75028-0776b998-6f5a-4710-8095-fb4248bf1d63-355.json
 create mode 100644 specs/artifacts/2026-10-05-connection-workspace-authority/file-row-live/runtime-evidence-38/task-observation-75028-0776b998-6f5a-4710-8095-fb4248bf1d63-356.json
 create mode 100644 specs/artifacts/2026-10-05-connection-workspace-authority/file-row-live/runtime-evidence-38/task-observation-75028-0776b998-6f5a-4710-8095-fb4248bf1d63-357.json
 create mode 100644 specs/artifacts/2026-10-05-connection-workspace-authority/file-row-live/runtime-evidence-38/task-observation-75028-0776b998-6f5a-4710-8095-fb4248bf1d63-358.json
 create mode 100644 specs/artifacts/2026-10-05-connection-workspace-authority/file-row-live/runtime-evidence-38/task-observation-75028-0776b998-6f5a-4710-8095-fb4248bf1d63-359.json
 create mode 100644 specs/artifacts/2026-10-05-connection-workspace-authority/file-row-live/runtime-evidence-38/task-observation-75028-0776b998-6f5a-4710-8095-fb4248bf1d63-36.json
 create mode 100644 specs/artifacts/2026-10-05-connection-workspace-authority/file-row-live/runtime-evidence-38/task-observation-75028-0776b998-6f5a-4710-8095-fb4248bf1d63-360.json
 create mode 100644 specs/artifacts/2026-10-05-connection-workspace-authority/file-row-live/runtime-evidence-38/task-observation-75028-0776b998-6f5a-4710-8095-fb4248bf1d63-361.json
 create mode 100644 specs/artifacts/2026-10-05-connection-workspace-authority/file-row-live/runtime-evidence-38/task-observation-75028-0776b998-6f5a-4710-8095-fb4248bf1d63-362.json
 create mode 100644 specs/artifacts/2026-10-05-connection-workspace-authority/file-row-live/runtime-evidence-38/task-observation-75028-0776b998-6f5a-4710-8095-fb4248bf1d63-363.json
 create mode 100644 specs/artifacts/2026-10-05-connection-workspace-authority/file-row-live/runtime-evidence-38/task-observation-75028-0776b998-6f5a-4710-8095-fb4248bf1d63-364.json
 create mode 100644 specs/artifacts/2026-10-05-connection-workspace-authority/file-row-live/runtime-evidence-38/task-observation-75028-0776b998-6f5a-4710-8095-fb4248bf1d63-365.json
 create mode 100644 specs/artifacts/2026-10-05-connection-workspace-authority/file-row-live/runtime-evidence-38/task-observation-75028-0776b998-6f5a-4710-8095-fb4248bf1d63-366.json
 create mode 100644 specs/artifacts/2026-10-05-connection-workspace-authority/file-row-live/runtime-evidence-38/task-observation-75028-0776b998-6f5a-4710-8095-fb4248bf1d63-367.json
 create mode 100644 specs/artifacts/2026-10-05-connection-workspace-authority/file-row-live/runtime-evidence-38/task-observation-75028-0776b998-6f5a-4710-8095-fb4248bf1d63-368.json
 create mode 100644 specs/artifacts/2026-10-05-connection-workspace-authority/file-row-live/runtime-evidence-38/task-observation-75028-0776b998-6f5a-4710-8095-fb4248bf1d63-369.json
 create mode 100644 specs/artifacts/2026-10-05-connection-workspace-authority/file-row-live/runtime-evidence-38/task-observation-75028-0776b998-6f5a-4710-8095-fb4248bf1d63-37.json
 create mode 100644 specs/artifacts/2026-10-05-connection-workspace-authority/file-row-live/runtime-evidence-38/task-observation-75028-0776b998-6f5a-4710-8095-fb4248bf1d63-370.json
 create mode 100644 specs/artifacts/2026-10-05-connection-workspace-authority/file-row-live/runtime-evidence-38/task-observation-75028-0776b998-6f5a-4710-8095-fb4248bf1d63-371.json
 create mode 100644 specs/artifacts/2026-10-05-connection-workspace-authority/file-row-live/runtime-evidence-38/task-observation-75028-0776b998-6f5a-4710-8095-fb4248bf1d63-372.json
 create mode 100644 specs/artifacts/2026-10-05-connection-workspace-authority/file-row-live/runtime-evidence-38/task-observation-75028-0776b998-6f5a-4710-8095-fb4248bf1d63-373.json
 create mode 100644 specs/artifacts/2026-10-05-connection-workspace-authority/file-row-live/runtime-evidence-38/task-observation-75028-0776b998-6f5a-4710-8095-fb4248bf1d63-374.json
 create mode 100644 specs/artifacts/2026-10-05-connection-workspace-authority/file-row-live/runtime-evidence-38/task-observation-75028-0776b998-6f5a-4710-8095-fb4248bf1d63-375.json
 create mode 100644 specs/artifacts/2026-10-05-connection-workspace-authority/file-row-live/runtime-evidence-38/task-observation-75028-0776b998-6f5a-4710-8095-fb4248bf1d63-376.json
 create mode 100644 specs/artifacts/2026-10-05-connection-workspace-authority/file-row-live/runtime-evidence-38/task-observation-75028-0776b998-6f5a-4710-8095-fb4248bf1d63-377.json
 create mode 100644 specs/artifacts/2026-10-05-connection-workspace-authority/file-row-live/runtime-evidence-38/task-observation-75028-0776b998-6f5a-4710-8095-fb4248bf1d63-378.json
 create mode 100644 specs/artifacts/2026-10-05-connection-workspace-authority/file-row-live/runtime-evidence-38/task-observation-75028-0776b998-6f5a-4710-8095-fb4248bf1d63-379.json
 create mode 100644 specs/artifacts/2026-10-05-connection-workspace-authority/file-row-live/runtime-evidence-38/task-observation-75028-0776b998-6f5a-4710-8095-fb4248bf1d63-38.json
 create mode 100644 specs/artifacts/2026-10-05-connection-workspace-authority/file-row-live/runtime-evidence-38/task-observation-75028-0776b998-6f5a-4710-8095-fb4248bf1d63-380.json
 create mode 100644 specs/artifacts/2026-10-05-connection-workspace-authority/file-row-live/runtime-evidence-38/task-observation-75028-0776b998-6f5a-4710-8095-fb4248bf1d63-381.json
 create mode 100644 specs/artifacts/2026-10-05-connection-workspace-authority/file-row-live/runtime-evidence-38/task-observation-75028-0776b998-6f5a-4710-8095-fb4248bf1d63-382.json
 create mode 100644 specs/artifacts/2026-10-05-connection-workspace-authority/file-row-live/runtime-evidence-38/task-observation-75028-0776b998-6f5a-4710-8095-fb4248bf1d63-383.json
 create mode 100644 specs/artifacts/2026-10-05-connection-workspace-authority/file-row-live/runtime-evidence-38/task-observation-75028-0776b998-6f5a-4710-8095-fb4248bf1d63-384.json
 create mode 100644 specs/artifacts/2026-10-05-connection-workspace-authority/file-row-live/runtime-evidence-38/task-observation-75028-0776b998-6f5a-4710-8095-fb4248bf1d63-385.json
 create mode 100644 specs/artifacts/2026-10-05-connection-workspace-authority/file-row-live/runtime-evidence-38/task-observation-75028-0776b998-6f5a-4710-8095-fb4248bf1d63-386.json
 create mode 100644 specs/artifacts/2026-10-05-connection-workspace-authority/file-row-live/runtime-evidence-38/task-observation-75028-0776b998-6f5a-4710-8095-fb4248bf1d63-387.json
 create mode 100644 specs/artifacts/2026-10-05-connection-workspace-authority/file-row-live/runtime-evidence-38/task-observation-75028-0776b998-6f5a-4710-8095-fb4248bf1d63-388.json
 create mode 100644 specs/artifacts/2026-10-05-connection-workspace-authority/file-row-live/runtime-evidence-38/task-observation-75028-0776b998-6f5a-4710-8095-fb4248bf1d63-389.json
 create mode 100644 specs/artifacts/2026-10-05-connection-workspace-authority/file-row-live/runtime-evidence-38/task-observation-75028-0776b998-6f5a-4710-8095-fb4248bf1d63-39.json
 create mode 100644 specs/artifacts/2026-10-05-connection-workspace-authority/file-row-live/runtime-evidence-38/task-observation-75028-0776b998-6f5a-4710-8095-fb4248bf1d63-390.json
 create mode 100644 specs/artifacts/2026-10-05-connection-workspace-authority/file-row-live/runtime-evidence-38/task-observation-75028-0776b998-6f5a-4710-8095-fb4248bf1d63-391.json
 create mode 100644 specs/artifacts/2026-10-05-connection-workspace-authority/file-row-live/runtime-evidence-38/task-observation-75028-0776b998-6f5a-4710-8095-fb4248bf1d63-392.json
 create mode 100644 specs/artifacts/2026-10-05-connection-workspace-authority/file-row-live/runtime-evidence-38/task-observation-75028-0776b998-6f5a-4710-8095-fb4248bf1d63-393.json
 create mode 100644 specs/artifacts/2026-10-05-connection-workspace-authority/file-row-live/runtime-evidence-38/task-observation-75028-0776b998-6f5a-4710-8095-fb4248bf1d63-394.json
 create mode 100644 specs/artifacts/2026-10-05-connection-workspace-authority/file-row-live/runtime-evidence-38/task-observation-75028-0776b998-6f5a-4710-8095-fb4248bf1d63-395.json
 create mode 100644 specs/artifacts/2026-10-05-connection-workspace-authority/file-row-live/runtime-evidence-38/task-observation-75028-0776b998-6f5a-4710-8095-fb4248bf1d63-396.json
 create mode 100644 specs/artifacts/2026-10-05-connection-workspace-authority/file-row-live/runtime-evidence-38/task-observation-75028-0776b998-6f5a-4710-8095-fb4248bf1d63-397.json
 create mode 100644 specs/artifacts/2026-10-05-connection-workspace-authority/file-row-live/runtime-evidence-38/task-observation-75028-0776b998-6f5a-4710-8095-fb4248bf1d63-398.json
 create mode 100644 specs/artifacts/2026-10-05-connection-workspace-authority/file-row-live/runtime-evidence-38/task-observation-75028-0776b998-6f5a-4710-8095-fb4248bf1d63-399.json
 create mode 100644 specs/artifacts/2026-10-05-connection-workspace-authority/file-row-live/runtime-evidence-38/task-observation-75028-0776b998-6f5a-4710-8095-fb4248bf1d63-4.json
 create mode 100644 specs/artifacts/2026-10-05-connection-workspace-authority/file-row-live/runtime-evidence-38/task-observation-75028-0776b998-6f5a-4710-8095-fb4248bf1d63-40.json
 create mode 100644 specs/artifacts/2026-10-05-connection-workspace-authority/file-row-live/runtime-evidence-38/task-observation-75028-0776b998-6f5a-4710-8095-fb4248bf1d63-400.json
 create mode 100644 specs/artifacts/2026-10-05-connection-workspace-authority/file-row-live/runtime-evidence-38/task-observation-75028-0776b998-6f5a-4710-8095-fb4248bf1d63-401.json
 create mode 100644 specs/artifacts/2026-10-05-connection-workspace-authority/file-row-live/runtime-evidence-38/task-observation-75028-0776b998-6f5a-4710-8095-fb4248bf1d63-402.json
 create mode 100644 specs/artifacts/2026-10-05-connection-workspace-authority/file-row-live/runtime-evidence-38/task-observation-75028-0776b998-6f5a-4710-8095-fb4248bf1d63-403.json
 create mode 100644 specs/artifacts/2026-10-05-connection-workspace-authority/file-row-live/runtime-evidence-38/task-observation-75028-0776b998-6f5a-4710-8095-fb4248bf1d63-404.json
 create mode 100644 specs/artifacts/2026-10-05-connection-workspace-authority/file-row-live/runtime-evidence-38/task-observation-75028-0776b998-6f5a-4710-8095-fb4248bf1d63-405.json
 create mode 100644 specs/artifacts/2026-10-05-connection-workspace-authority/file-row-live/runtime-evidence-38/task-observation-75028-0776b998-6f5a-4710-8095-fb4248bf1d63-406.json
 create mode 100644 specs/artifacts/2026-10-05-connection-workspace-authority/file-row-live/runtime-evidence-38/task-observation-75028-0776b998-6f5a-4710-8095-fb4248bf1d63-407.json
 create mode 100644 specs/artifacts/2026-10-05-connection-workspace-authority/file-row-live/runtime-evidence-38/task-observation-75028-0776b998-6f5a-4710-8095-fb4248bf1d63-408.json
 create mode 100644 specs/artifacts/2026-10-05-connection-workspace-authority/file-row-live/runtime-evidence-38/task-observation-75028-0776b998-6f5a-4710-8095-fb4248bf1d63-409.json
 create mode 100644 specs/artifacts/2026-10-05-connection-workspace-authority/file-row-live/runtime-evidence-38/task-observation-75028-0776b998-6f5a-4710-8095-fb4248bf1d63-41.json
 create mode 100644 specs/artifacts/2026-10-05-connection-workspace-authority/file-row-live/runtime-evidence-38/task-observation-75028-0776b998-6f5a-4710-8095-fb4248bf1d63-410.json
 create mode 100644 specs/artifacts/2026-10-05-connection-workspace-authority/file-row-live/runtime-evidence-38/task-observation-75028-0776b998-6f5a-4710-8095-fb4248bf1d63-411.json
 create mode 100644 specs/artifacts/2026-10-05-connection-workspace-authority/file-row-live/runtime-evidence-38/task-observation-75028-0776b998-6f5a-4710-8095-fb4248bf1d63-412.json
 create mode 100644 specs/artifacts/2026-10-05-connection-workspace-authority/file-row-live/runtime-evidence-38/task-observation-75028-0776b998-6f5a-4710-8095-fb4248bf1d63-413.json
 create mode 100644 specs/artifacts/2026-10-05-connection-workspace-authority/file-row-live/runtime-evidence-38/task-observation-75028-0776b998-6f5a-4710-8095-fb4248bf1d63-414.json
 create mode 100644 specs/artifacts/2026-10-05-connection-workspace-authority/file-row-live/runtime-evidence-38/task-observation-75028-0776b998-6f5a-4710-8095-fb4248bf1d63-415.json
 create mode 100644 specs/artifacts/2026-10-05-connection-workspace-authority/file-row-live/runtime-evidence-38/task-observation-75028-0776b998-6f5a-4710-8095-fb4248bf1d63-416.json
 create mode 100644 specs/artifacts/2026-10-05-connection-workspace-authority/file-row-live/runtime-evidence-38/task-observation-75028-0776b998-6f5a-4710-8095-fb4248bf1d63-417.json
 create mode 100644 specs/artifacts/2026-10-05-connection-workspace-authority/file-row-live/runtime-evidence-38/task-observation-75028-0776b998-6f5a-4710-8095-fb4248bf1d63-418.json
 create mode 100644 specs/artifacts/2026-10-05-connection-workspace-authority/file-row-live/runtime-evidence-38/task-observation-75028-0776b998-6f5a-4710-8095-fb4248bf1d63-419.json
 create mode 100644 specs/artifacts/2026-10-05-connection-workspace-authority/file-row-live/runtime-evidence-38/task-observation-75028-0776b998-6f5a-4710-8095-fb4248bf1d63-42.json
 create mode 100644 specs/artifacts/2026-10-05-connection-workspace-authority/file-row-live/runtime-evidence-38/task-observation-75028-0776b998-6f5a-4710-8095-fb4248bf1d63-420.json
 create mode 100644 specs/artifacts/2026-10-05-connection-workspace-authority/file-row-live/runtime-evidence-38/task-observation-75028-0776b998-6f5a-4710-8095-fb4248bf1d63-421.json
 create mode 100644 specs/artifacts/2026-10-05-connection-workspace-authority/file-row-live/runtime-evidence-38/task-observation-75028-0776b998-6f5a-4710-8095-fb4248bf1d63-422.json
 create mode 100644 specs/artifacts/2026-10-05-connection-workspace-authority/file-row-live/runtime-evidence-38/task-observation-75028-0776b998-6f5a-4710-8095-fb4248bf1d63-423.json
 create mode 100644 specs/artifacts/2026-10-05-connection-workspace-authority/file-row-live/runtime-evidence-38/task-observation-75028-0776b998-6f5a-4710-8095-fb4248bf1d63-424.json
 create mode 100644 specs/artifacts/2026-10-05-connection-workspace-authority/file-row-live/runtime-evidence-38/task-observation-75028-0776b998-6f5a-4710-8095-fb4248bf1d63-425.json
 create mode 100644 specs/artifacts/2026-10-05-connection-workspace-authority/file-row-live/runtime-evidence-38/task-observation-75028-0776b998-6f5a-4710-8095-fb4248bf1d63-426.json
 create mode 100644 specs/artifacts/2026-10-05-connection-workspace-authority/file-row-live/runtime-evidence-38/task-observation-75028-0776b998-6f5a-4710-8095-fb4248bf1d63-427.json
 create mode 100644 specs/artifacts/2026-10-05-connection-workspace-authority/file-row-live/runtime-evidence-38/task-observation-75028-0776b998-6f5a-4710-8095-fb4248bf1d63-428.json
 create mode 100644 specs/artifacts/2026-10-05-connection-workspace-authority/file-row-live/runtime-evidence-38/task-observation-75028-0776b998-6f5a-4710-8095-fb4248bf1d63-429.json
 create mode 100644 specs/artifacts/2026-10-05-connection-workspace-authority/file-row-live/runtime-evidence-38/task-observation-75028-0776b998-6f5a-4710-8095-fb4248bf1d63-43.json
 create mode 100644 specs/artifacts/2026-10-05-connection-workspace-authority/file-row-live/runtime-evidence-38/task-observation-75028-0776b998-6f5a-4710-8095-fb4248bf1d63-430.json
 create mode 100644 specs/artifacts/2026-10-05-connection-workspace-authority/file-row-live/runtime-evidence-38/task-observation-75028-0776b998-6f5a-4710-8095-fb4248bf1d63-431.json
 create mode 100644 specs/artifacts/2026-10-05-connection-workspace-authority/file-row-live/runtime-evidence-38/task-observation-75028-0776b998-6f5a-4710-8095-fb4248bf1d63-432.json
 create mode 100644 specs/artifacts/2026-10-05-connection-workspace-authority/file-row-live/runtime-evidence-38/task-observation-75028-0776b998-6f5a-4710-8095-fb4248bf1d63-433.json
 create mode 100644 specs/artifacts/2026-10-05-connection-workspace-authority/file-row-live/runtime-evidence-38/task-observation-75028-0776b998-6f5a-4710-8095-fb4248bf1d63-434.json
 create mode 100644 specs/artifacts/2026-10-05-connection-workspace-authority/file-row-live/runtime-evidence-38/task-observation-75028-0776b998-6f5a-4710-8095-fb4248bf1d63-435.json
 create mode 100644 specs/artifacts/2026-10-05-connection-workspace-authority/file-row-live/runtime-evidence-38/task-observation-75028-0776b998-6f5a-4710-8095-fb4248bf1d63-436.json
 create mode 100644 specs/artifacts/2026-10-05-connection-workspace-authority/file-row-live/runtime-evidence-38/task-observation-75028-0776b998-6f5a-4710-8095-fb4248bf1d63-437.json
 create mode 100644 specs/artifacts/2026-10-05-connection-workspace-authority/file-row-live/runtime-evidence-38/task-observation-75028-0776b998-6f5a-4710-8095-fb4248bf1d63-438.json
 create mode 100644 specs/artifacts/2026-10-05-connection-workspace-authority/file-row-live/runtime-evidence-38/task-observation-75028-0776b998-6f5a-4710-8095-fb4248bf1d63-439.json
 create mode 100644 specs/artifacts/2026-10-05-connection-workspace-authority/file-row-live/runtime-evidence-38/task-observation-75028-0776b998-6f5a-4710-8095-fb4248bf1d63-44.json
 create mode 100644 specs/artifacts/2026-10-05-connection-workspace-authority/file-row-live/runtime-evidence-38/task-observation-75028-0776b998-6f5a-4710-8095-fb4248bf1d63-440.json
 create mode 100644 specs/artifacts/2026-10-05-connection-workspace-authority/file-row-live/runtime-evidence-38/task-observation-75028-0776b998-6f5a-4710-8095-fb4248bf1d63-441.json
 create mode 100644 specs/artifacts/2026-10-05-connection-workspace-authority/file-row-live/runtime-evidence-38/task-observation-75028-0776b998-6f5a-4710-8095-fb4248bf1d63-442.json
 create mode 100644 specs/artifacts/2026-10-05-connection-workspace-authority/file-row-live/runtime-evidence-38/task-observation-75028-0776b998-6f5a-4710-8095-fb4248bf1d63-443.json
 create mode 100644 specs/artifacts/2026-10-05-connection-workspace-authority/file-row-live/runtime-evidence-38/task-observation-75028-0776b998-6f5a-4710-8095-fb4248bf1d63-444.json
 create mode 100644 specs/artifacts/2026-10-05-connection-workspace-authority/file-row-live/runtime-evidence-38/task-observation-75028-0776b998-6f5a-4710-8095-fb4248bf1d63-445.json
 create mode 100644 specs/artifacts/2026-10-05-connection-workspace-authority/file-row-live/runtime-evidence-38/task-observation-75028-0776b998-6f5a-4710-8095-fb4248bf1d63-446.json
 create mode 100644 specs/artifacts/2026-10-05-connection-workspace-authority/file-row-live/runtime-evidence-38/task-observation-75028-0776b998-6f5a-4710-8095-fb4248bf1d63-447.json
 create mode 100644 specs/artifacts/2026-10-05-connection-workspace-authority/file-row-live/runtime-evidence-38/task-observation-75028-0776b998-6f5a-4710-8095-fb4248bf1d63-448.json
 create mode 100644 specs/artifacts/2026-10-05-connection-workspace-authority/file-row-live/runtime-evidence-38/task-observation-75028-0776b998-6f5a-4710-8095-fb4248bf1d63-449.json
 create mode 100644 specs/artifacts/2026-10-05-connection-workspace-authority/file-row-live/runtime-evidence-38/task-observation-75028-0776b998-6f5a-4710-8095-fb4248bf1d63-45.json
 create mode 100644 specs/artifacts/2026-10-05-connection-workspace-authority/file-row-live/runtime-evidence-38/task-observation-75028-0776b998-6f5a-4710-8095-fb4248bf1d63-450.json
 create mode 100644 specs/artifacts/2026-10-05-connection-workspace-authority/file-row-live/runtime-evidence-38/task-observation-75028-0776b998-6f5a-4710-8095-fb4248bf1d63-451.json
 create mode 100644 specs/artifacts/2026-10-05-connection-workspace-authority/file-row-live/runtime-evidence-38/task-observation-75028-0776b998-6f5a-4710-8095-fb4248bf1d63-452.json
 create mode 100644 specs/artifacts/2026-10-05-connection-workspace-authority/file-row-live/runtime-evidence-38/task-observation-75028-0776b998-6f5a-4710-8095-fb4248bf1d63-453.json
 create mode 100644 specs/artifacts/2026-10-05-connection-workspace-authority/file-row-live/runtime-evidence-38/task-observation-75028-0776b998-6f5a-4710-8095-fb4248bf1d63-454.json
 create mode 100644 specs/artifacts/2026-10-05-connection-workspace-authority/file-row-live/runtime-evidence-38/task-observation-75028-0776b998-6f5a-4710-8095-fb4248bf1d63-455.json
 create mode 100644 specs/artifacts/2026-10-05-connection-workspace-authority/file-row-live/runtime-evidence-38/task-observation-75028-0776b998-6f5a-4710-8095-fb4248bf1d63-456.json
 create mode 100644 specs/artifacts/2026-10-05-connection-workspace-authority/file-row-live/runtime-evidence-38/task-observation-75028-0776b998-6f5a-4710-8095-fb4248bf1d63-457.json
 create mode 100644 specs/artifacts/2026-10-05-connection-workspace-authority/file-row-live/runtime-evidence-38/task-observation-75028-0776b998-6f5a-4710-8095-fb4248bf1d63-458.json
 create mode 100644 specs/artifacts/2026-10-05-connection-workspace-authority/file-row-live/runtime-evidence-38/task-observation-75028-0776b998-6f5a-4710-8095-fb4248bf1d63-459.json
 create mode 100644 specs/artifacts/2026-10-05-connection-workspace-authority/file-row-live/runtime-evidence-38/task-observation-75028-0776b998-6f5a-4710-8095-fb4248bf1d63-46.json
 create mode 100644 specs/artifacts/2026-10-05-connection-workspace-authority/file-row-live/runtime-evidence-38/task-observation-75028-0776b998-6f5a-4710-8095-fb4248bf1d63-460.json
 create mode 100644 specs/artifacts/2026-10-05-connection-workspace-authority/file-row-live/runtime-evidence-38/task-observation-75028-0776b998-6f5a-4710-8095-fb4248bf1d63-461.json
 create mode 100644 specs/artifacts/2026-10-05-connection-workspace-authority/file-row-live/runtime-evidence-38/task-observation-75028-0776b998-6f5a-4710-8095-fb4248bf1d63-462.json
 create mode 100644 specs/artifacts/2026-10-05-connection-workspace-authority/file-row-live/runtime-evidence-38/task-observation-75028-0776b998-6f5a-4710-8095-fb4248bf1d63-463.json
 create mode 100644 specs/artifacts/2026-10-05-connection-workspace-authority/file-row-live/runtime-evidence-38/task-observation-75028-0776b998-6f5a-4710-8095-fb4248bf1d63-464.json
 create mode 100644 specs/artifacts/2026-10-05-connection-workspace-authority/file-row-live/runtime-evidence-38/task-observation-75028-0776b998-6f5a-4710-8095-fb4248bf1d63-465.json
 create mode 100644 specs/artifacts/2026-10-05-connection-workspace-authority/file-row-live/runtime-evidence-38/task-observation-75028-0776b998-6f5a-4710-8095-fb4248bf1d63-466.json
 create mode 100644 specs/artifacts/2026-10-05-connection-workspace-authority/file-row-live/runtime-evidence-38/task-observation-75028-0776b998-6f5a-4710-8095-fb4248bf1d63-467.json
 create mode 100644 specs/artifacts/2026-10-05-connection-workspace-authority/file-row-live/runtime-evidence-38/task-observation-75028-0776b998-6f5a-4710-8095-fb4248bf1d63-468.json
 create mode 100644 specs/artifacts/2026-10-05-connection-workspace-authority/file-row-live/runtime-evidence-38/task-observation-75028-0776b998-6f5a-4710-8095-fb4248bf1d63-469.json
 create mode 100644 specs/artifacts/2026-10-05-connection-workspace-authority/file-row-live/runtime-evidence-38/task-observation-75028-0776b998-6f5a-4710-8095-fb4248bf1d63-47.json
 create mode 100644 specs/artifacts/2026-10-05-connection-workspace-authority/file-row-live/runtime-evidence-38/task-observation-75028-0776b998-6f5a-4710-8095-fb4248bf1d63-470.json
 create mode 100644 specs/artifacts/2026-10-05-connection-workspace-authority/file-row-live/runtime-evidence-38/task-observation-75028-0776b998-6f5a-4710-8095-fb4248bf1d63-471.json
 create mode 100644 specs/artifacts/2026-10-05-connection-workspace-authority/file-row-live/runtime-evidence-38/task-observation-75028-0776b998-6f5a-4710-8095-fb4248bf1d63-472.json
 create mode 100644 specs/artifacts/2026-10-05-connection-workspace-authority/file-row-live/runtime-evidence-38/task-observation-75028-0776b998-6f5a-4710-8095-fb4248bf1d63-473.json
 create mode 100644 specs/artifacts/2026-10-05-connection-workspace-authority/file-row-live/runtime-evidence-38/task-observation-75028-0776b998-6f5a-4710-8095-fb4248bf1d63-474.json
 create mode 100644 specs/artifacts/2026-10-05-connection-workspace-authority/file-row-live/runtime-evidence-38/task-observation-75028-0776b998-6f5a-4710-8095-fb4248bf1d63-475.json
 create mode 100644 specs/artifacts/2026-10-05-connection-workspace-authority/file-row-live/runtime-evidence-38/task-observation-75028-0776b998-6f5a-4710-8095-fb4248bf1d63-476.json
 create mode 100644 specs/artifacts/2026-10-05-connection-workspace-authority/file-row-live/runtime-evidence-38/task-observation-75028-0776b998-6f5a-4710-8095-fb4248bf1d63-477.json
 create mode 100644 specs/artifacts/2026-10-05-connection-workspace-authority/file-row-live/runtime-evidence-38/task-observation-75028-0776b998-6f5a-4710-8095-fb4248bf1d63-478.json
 create mode 100644 specs/artifacts/2026-10-05-connection-workspace-authority/file-row-live/runtime-evidence-38/task-observation-75028-0776b998-6f5a-4710-8095-fb4248bf1d63-479.json
 create mode 100644 specs/artifacts/2026-10-05-connection-workspace-authority/file-row-live/runtime-evidence-38/task-observation-75028-0776b998-6f5a-4710-8095-fb4248bf1d63-48.json
 create mode 100644 specs/artifacts/2026-10-05-connection-workspace-authority/file-row-live/runtime-evidence-38/task-observation-75028-0776b998-6f5a-4710-8095-fb4248bf1d63-480.json
 create mode 100644 specs/artifacts/2026-10-05-connection-workspace-authority/file-row-live/runtime-evidence-38/task-observation-75028-0776b998-6f5a-4710-8095-fb4248bf1d63-481.json
 create mode 100644 specs/artifacts/2026-10-05-connection-workspace-authority/file-row-live/runtime-evidence-38/task-observation-75028-0776b998-6f5a-4710-8095-fb4248bf1d63-482.json
 create mode 100644 specs/artifacts/2026-10-05-connection-workspace-authority/file-row-live/runtime-evidence-38/task-observation-75028-0776b998-6f5a-4710-8095-fb4248bf1d63-483.json
 create mode 100644 specs/artifacts/2026-10-05-connection-workspace-authority/file-row-live/runtime-evidence-38/task-observation-75028-0776b998-6f5a-4710-8095-fb4248bf1d63-484.json
 create mode 100644 specs/artifacts/2026-10-05-connection-workspace-authority/file-row-live/runtime-evidence-38/task-observation-75028-0776b998-6f5a-4710-8095-fb4248bf1d63-485.json
 create mode 100644 specs/artifacts/2026-10-05-connection-workspace-authority/file-row-live/runtime-evidence-38/task-observation-75028-0776b998-6f5a-4710-8095-fb4248bf1d63-486.json
 create mode 100644 specs/artifacts/2026-10-05-connection-workspace-authority/file-row-live/runtime-evidence-38/task-observation-75028-0776b998-6f5a-4710-8095-fb4248bf1d63-487.json
 create mode 100644 specs/artifacts/2026-10-05-connection-workspace-authority/file-row-live/runtime-evidence-38/task-observation-75028-0776b998-6f5a-4710-8095-fb4248bf1d63-488.json
 create mode 100644 specs/artifacts/2026-10-05-connection-workspace-authority/file-row-live/runtime-evidence-38/task-observation-75028-0776b998-6f5a-4710-8095-fb4248bf1d63-489.json
 create mode 100644 specs/artifacts/2026-10-05-connection-workspace-authority/file-row-live/runtime-evidence-38/task-observation-75028-0776b998-6f5a-4710-8095-fb4248bf1d63-49.json
 create mode 100644 specs/artifacts/2026-10-05-connection-workspace-authority/file-row-live/runtime-evidence-38/task-observation-75028-0776b998-6f5a-4710-8095-fb4248bf1d63-490.json
 create mode 100644 specs/artifacts/2026-10-05-connection-workspace-authority/file-row-live/runtime-evidence-38/task-observation-75028-0776b998-6f5a-4710-8095-fb4248bf1d63-491.json
 create mode 100644 specs/artifacts/2026-10-05-connection-workspace-authority/file-row-live/runtime-evidence-38/task-observation-75028-0776b998-6f5a-4710-8095-fb4248bf1d63-492.json
 create mode 100644 specs/artifacts/2026-10-05-connection-workspace-authority/file-row-live/runtime-evidence-38/task-observation-75028-0776b998-6f5a-4710-8095-fb4248bf1d63-493.json
 create mode 100644 specs/artifacts/2026-10-05-connection-workspace-authority/file-row-live/runtime-evidence-38/task-observation-75028-0776b998-6f5a-4710-8095-fb4248bf1d63-494.json
 create mode 100644 specs/artifacts/2026-10-05-connection-workspace-authority/file-row-live/runtime-evidence-38/task-observation-75028-0776b998-6f5a-4710-8095-fb4248bf1d63-495.json
 create mode 100644 specs/artifacts/2026-10-05-connection-workspace-authority/file-row-live/runtime-evidence-38/task-observation-75028-0776b998-6f5a-4710-8095-fb4248bf1d63-496.json
 create mode 100644 specs/artifacts/2026-10-05-connection-workspace-authority/file-row-live/runtime-evidence-38/task-observation-75028-0776b998-6f5a-4710-8095-fb4248bf1d63-497.json
 create mode 100644 specs/artifacts/2026-10-05-connection-workspace-authority/file-row-live/runtime-evidence-38/task-observation-75028-0776b998-6f5a-4710-8095-fb4248bf1d63-498.json
 create mode 100644 specs/artifacts/2026-10-05-connection-workspace-authority/file-row-live/runtime-evidence-38/task-observation-75028-0776b998-6f5a-4710-8095-fb4248bf1d63-499.json
 create mode 100644 specs/artifacts/2026-10-05-connection-workspace-authority/file-row-live/runtime-evidence-38/task-observation-75028-0776b998-6f5a-4710-8095-fb4248bf1d63-5.json
 create mode 100644 specs/artifacts/2026-10-05-connection-workspace-authority/file-row-live/runtime-evidence-38/task-observation-75028-0776b998-6f5a-4710-8095-fb4248bf1d63-50.json
 create mode 100644 specs/artifacts/2026-10-05-connection-workspace-authority/file-row-live/runtime-evidence-38/task-observation-75028-0776b998-6f5a-4710-8095-fb4248bf1d63-500.json
 create mode 100644 specs/artifacts/2026-10-05-connection-workspace-authority/file-row-live/runtime-evidence-38/task-observation-75028-0776b998-6f5a-4710-8095-fb4248bf1d63-501.json
 create mode 100644 specs/artifacts/2026-10-05-connection-workspace-authority/file-row-live/runtime-evidence-38/task-observation-75028-0776b998-6f5a-4710-8095-fb4248bf1d63-502.json
 create mode 100644 specs/artifacts/2026-10-05-connection-workspace-authority/file-row-live/runtime-evidence-38/task-observation-75028-0776b998-6f5a-4710-8095-fb4248bf1d63-503.json
 create mode 100644 specs/artifacts/2026-10-05-connection-workspace-authority/file-row-live/runtime-evidence-38/task-observation-75028-0776b998-6f5a-4710-8095-fb4248bf1d63-504.json
 create mode 100644 specs/artifacts/2026-10-05-connection-workspace-authority/file-row-live/runtime-evidence-38/task-observation-75028-0776b998-6f5a-4710-8095-fb4248bf1d63-505.json
 create mode 100644 specs/artifacts/2026-10-05-connection-workspace-authority/file-row-live/runtime-evidence-38/task-observation-75028-0776b998-6f5a-4710-8095-fb4248bf1d63-506.json
 create mode 100644 specs/artifacts/2026-10-05-connection-workspace-authority/file-row-live/runtime-evidence-38/task-observation-75028-0776b998-6f5a-4710-8095-fb4248bf1d63-507.json
 create mode 100644 specs/artifacts/2026-10-05-connection-workspace-authority/file-row-live/runtime-evidence-38/task-observation-75028-0776b998-6f5a-4710-8095-fb4248bf1d63-508.json
 create mode 100644 specs/artifacts/2026-10-05-connection-workspace-authority/file-row-live/runtime-evidence-38/task-observation-75028-0776b998-6f5a-4710-8095-fb4248bf1d63-509.json
 create mode 100644 specs/artifacts/2026-10-05-connection-workspace-authority/file-row-live/runtime-evidence-38/task-observation-75028-0776b998-6f5a-4710-8095-fb4248bf1d63-51.json
 create mode 100644 specs/artifacts/2026-10-05-connection-workspace-authority/file-row-live/runtime-evidence-38/task-observation-75028-0776b998-6f5a-4710-8095-fb4248bf1d63-510.json
 create mode 100644 specs/artifacts/2026-10-05-connection-workspace-authority/file-row-live/runtime-evidence-38/task-observation-75028-0776b998-6f5a-4710-8095-fb4248bf1d63-511.json
 create mode 100644 specs/artifacts/2026-10-05-connection-workspace-authority/file-row-live/runtime-evidence-38/task-observation-75028-0776b998-6f5a-4710-8095-fb4248bf1d63-512.json
 create mode 100644 specs/artifacts/2026-10-05-connection-workspace-authority/file-row-live/runtime-evidence-38/task-observation-75028-0776b998-6f5a-4710-8095-fb4248bf1d63-513.json
 create mode 100644 specs/artifacts/2026-10-05-connection-workspace-authority/file-row-live/runtime-evidence-38/task-observation-75028-0776b998-6f5a-4710-8095-fb4248bf1d63-514.json
 create mode 100644 specs/artifacts/2026-10-05-connection-workspace-authority/file-row-live/runtime-evidence-38/task-observation-75028-0776b998-6f5a-4710-8095-fb4248bf1d63-515.json
 create mode 100644 specs/artifacts/2026-10-05-connection-workspace-authority/file-row-live/runtime-evidence-38/task-observation-75028-0776b998-6f5a-4710-8095-fb4248bf1d63-516.json
 create mode 100644 specs/artifacts/2026-10-05-connection-workspace-authority/file-row-live/runtime-evidence-38/task-observation-75028-0776b998-6f5a-4710-8095-fb4248bf1d63-517.json
 create mode 100644 specs/artifacts/2026-10-05-connection-workspace-authority/file-row-live/runtime-evidence-38/task-observation-75028-0776b998-6f5a-4710-8095-fb4248bf1d63-518.json
 create mode 100644 specs/artifacts/2026-10-05-connection-workspace-authority/file-row-live/runtime-evidence-38/task-observation-75028-0776b998-6f5a-4710-8095-fb4248bf1d63-519.json
 create mode 100644 specs/artifacts/2026-10-05-connection-workspace-authority/file-row-live/runtime-evidence-38/task-observation-75028-0776b998-6f5a-4710-8095-fb4248bf1d63-52.json
 create mode 100644 specs/artifacts/2026-10-05-connection-workspace-authority/file-row-live/runtime-evidence-38/task-observation-75028-0776b998-6f5a-4710-8095-fb4248bf1d63-520.json
 create mode 100644 specs/artifacts/2026-10-05-connection-workspace-authority/file-row-live/runtime-evidence-38/task-observation-75028-0776b998-6f5a-4710-8095-fb4248bf1d63-521.json
 create mode 100644 specs/artifacts/2026-10-05-connection-workspace-authority/file-row-live/runtime-evidence-38/task-observation-75028-0776b998-6f5a-4710-8095-fb4248bf1d63-522.json
 create mode 100644 specs/artifacts/2026-10-05-connection-workspace-authority/file-row-live/runtime-evidence-38/task-observation-75028-0776b998-6f5a-4710-8095-fb4248bf1d63-523.json
 create mode 100644 specs/artifacts/2026-10-05-connection-workspace-authority/file-row-live/runtime-evidence-38/task-observation-75028-0776b998-6f5a-4710-8095-fb4248bf1d63-524.json
 create mode 100644 specs/artifacts/2026-10-05-connection-workspace-authority/file-row-live/runtime-evidence-38/task-observation-75028-0776b998-6f5a-4710-8095-fb4248bf1d63-525.json
 create mode 100644 specs/artifacts/2026-10-05-connection-workspace-authority/file-row-live/runtime-evidence-38/task-observation-75028-0776b998-6f5a-4710-8095-fb4248bf1d63-526.json
 create mode 100644 specs/artifacts/2026-10-05-connection-workspace-authority/file-row-live/runtime-evidence-38/task-observation-75028-0776b998-6f5a-4710-8095-fb4248bf1d63-527.json
 create mode 100644 specs/artifacts/2026-10-05-connection-workspace-authority/file-row-live/runtime-evidence-38/task-observation-75028-0776b998-6f5a-4710-8095-fb4248bf1d63-528.json
 create mode 100644 specs/artifacts/2026-10-05-connection-workspace-authority/file-row-live/runtime-evidence-38/task-observation-75028-0776b998-6f5a-4710-8095-fb4248bf1d63-529.json
 create mode 100644 specs/artifacts/2026-10-05-connection-workspace-authority/file-row-live/runtime-evidence-38/task-observation-75028-0776b998-6f5a-4710-8095-fb4248bf1d63-53.json
 create mode 100644 specs/artifacts/2026-10-05-connection-workspace-authority/file-row-live/runtime-evidence-38/task-observation-75028-0776b998-6f5a-4710-8095-fb4248bf1d63-530.json
 create mode 100644 specs/artifacts/2026-10-05-connection-workspace-authority/file-row-live/runtime-evidence-38/task-observation-75028-0776b998-6f5a-4710-8095-fb4248bf1d63-531.json
 create mode 100644 specs/artifacts/2026-10-05-connection-workspace-authority/file-row-live/runtime-evidence-38/task-observation-75028-0776b998-6f5a-4710-8095-fb4248bf1d63-532.json
 create mode 100644 specs/artifacts/2026-10-05-connection-workspace-authority/file-row-live/runtime-evidence-38/task-observation-75028-0776b998-6f5a-4710-8095-fb4248bf1d63-533.json
 create mode 100644 specs/artifacts/2026-10-05-connection-workspace-authority/file-row-live/runtime-evidence-38/task-observation-75028-0776b998-6f5a-4710-8095-fb4248bf1d63-534.json
 create mode 100644 specs/artifacts/2026-10-05-connection-workspace-authority/file-row-live/runtime-evidence-38/task-observation-75028-0776b998-6f5a-4710-8095-fb4248bf1d63-535.json
 create mode 100644 specs/artifacts/2026-10-05-connection-workspace-authority/file-row-live/runtime-evidence-38/task-observation-75028-0776b998-6f5a-4710-8095-fb4248bf1d63-536.json
 create mode 100644 specs/artifacts/2026-10-05-connection-workspace-authority/file-row-live/runtime-evidence-38/task-observation-75028-0776b998-6f5a-4710-8095-fb4248bf1d63-537.json
 create mode 100644 specs/artifacts/2026-10-05-connection-workspace-authority/file-row-live/runtime-evidence-38/task-observation-75028-0776b998-6f5a-4710-8095-fb4248bf1d63-538.json
 create mode 100644 specs/artifacts/2026-10-05-connection-workspace-authority/file-row-live/runtime-evidence-38/task-observation-75028-0776b998-6f5a-4710-8095-fb4248bf1d63-539.json
 create mode 100644 specs/artifacts/2026-10-05-connection-workspace-authority/file-row-live/runtime-evidence-38/task-observation-75028-0776b998-6f5a-4710-8095-fb4248bf1d63-54.json
 create mode 100644 specs/artifacts/2026-10-05-connection-workspace-authority/file-row-live/runtime-evidence-38/task-observation-75028-0776b998-6f5a-4710-8095-fb4248bf1d63-540.json
 create mode 100644 specs/artifacts/2026-10-05-connection-workspace-authority/file-row-live/runtime-evidence-38/task-observation-75028-0776b998-6f5a-4710-8095-fb4248bf1d63-541.json
 create mode 100644 specs/artifacts/2026-10-05-connection-workspace-authority/file-row-live/runtime-evidence-38/task-observation-75028-0776b998-6f5a-4710-8095-fb4248bf1d63-542.json
 create mode 100644 specs/artifacts/2026-10-05-connection-workspace-authority/file-row-live/runtime-evidence-38/task-observation-75028-0776b998-6f5a-4710-8095-fb4248bf1d63-543.json
 create mode 100644 specs/artifacts/2026-10-05-connection-workspace-authority/file-row-live/runtime-evidence-38/task-observation-75028-0776b998-6f5a-4710-8095-fb4248bf1d63-544.json
 create mode 100644 specs/artifacts/2026-10-05-connection-workspace-authority/file-row-live/runtime-evidence-38/task-observation-75028-0776b998-6f5a-4710-8095-fb4248bf1d63-545.json
 create mode 100644 specs/artifacts/2026-10-05-connection-workspace-authority/file-row-live/runtime-evidence-38/task-observation-75028-0776b998-6f5a-4710-8095-fb4248bf1d63-546.json
 create mode 100644 specs/artifacts/2026-10-05-connection-workspace-authority/file-row-live/runtime-evidence-38/task-observation-75028-0776b998-6f5a-4710-8095-fb4248bf1d63-547.json
 create mode 100644 specs/artifacts/2026-10-05-connection-workspace-authority/file-row-live/runtime-evidence-38/task-observation-75028-0776b998-6f5a-4710-8095-fb4248bf1d63-548.json
 create mode 100644 specs/artifacts/2026-10-05-connection-workspace-authority/file-row-live/runtime-evidence-38/task-observation-75028-0776b998-6f5a-4710-8095-fb4248bf1d63-549.json
 create mode 100644 specs/artifacts/2026-10-05-connection-workspace-authority/file-row-live/runtime-evidence-38/task-observation-75028-0776b998-6f5a-4710-8095-fb4248bf1d63-55.json
 create mode 100644 specs/artifacts/2026-10-05-connection-workspace-authority/file-row-live/runtime-evidence-38/task-observation-75028-0776b998-6f5a-4710-8095-fb4248bf1d63-550.json
 create mode 100644 specs/artifacts/2026-10-05-connection-workspace-authority/file-row-live/runtime-evidence-38/task-observation-75028-0776b998-6f5a-4710-8095-fb4248bf1d63-551.json
 create mode 100644 specs/artifacts/2026-10-05-connection-workspace-authority/file-row-live/runtime-evidence-38/task-observation-75028-0776b998-6f5a-4710-8095-fb4248bf1d63-552.json
 create mode 100644 specs/artifacts/2026-10-05-connection-workspace-authority/file-row-live/runtime-evidence-38/task-observation-75028-0776b998-6f5a-4710-8095-fb4248bf1d63-553.json
 create mode 100644 specs/artifacts/2026-10-05-connection-workspace-authority/file-row-live/runtime-evidence-38/task-observation-75028-0776b998-6f5a-4710-8095-fb4248bf1d63-554.json
 create mode 100644 specs/artifacts/2026-10-05-connection-workspace-authority/file-row-live/runtime-evidence-38/task-observation-75028-0776b998-6f5a-4710-8095-fb4248bf1d63-555.json
 create mode 100644 specs/artifacts/2026-10-05-connection-workspace-authority/file-row-live/runtime-evidence-38/task-observation-75028-0776b998-6f5a-4710-8095-fb4248bf1d63-556.json
 create mode 100644 specs/artifacts/2026-10-05-connection-workspace-authority/file-row-live/runtime-evidence-38/task-observation-75028-0776b998-6f5a-4710-8095-fb4248bf1d63-557.json
 create mode 100644 specs/artifacts/2026-10-05-connection-workspace-authority/file-row-live/runtime-evidence-38/task-observation-75028-0776b998-6f5a-4710-8095-fb4248bf1d63-558.json
 create mode 100644 specs/artifacts/2026-10-05-connection-workspace-authority/file-row-live/runtime-evidence-38/task-observation-75028-0776b998-6f5a-4710-8095-fb4248bf1d63-559.json
 create mode 100644 specs/artifacts/2026-10-05-connection-workspace-authority/file-row-live/runtime-evidence-38/task-observation-75028-0776b998-6f5a-4710-8095-fb4248bf1d63-56.json
 create mode 100644 specs/artifacts/2026-10-05-connection-workspace-authority/file-row-live/runtime-evidence-38/task-observation-75028-0776b998-6f5a-4710-8095-fb4248bf1d63-560.json
 create mode 100644 specs/artifacts/2026-10-05-connection-workspace-authority/file-row-live/runtime-evidence-38/task-observation-75028-0776b998-6f5a-4710-8095-fb4248bf1d63-561.json
 create mode 100644 specs/artifacts/2026-10-05-connection-workspace-authority/file-row-live/runtime-evidence-38/task-observation-75028-0776b998-6f5a-4710-8095-fb4248bf1d63-562.json
 create mode 100644 specs/artifacts/2026-10-05-connection-workspace-authority/file-row-live/runtime-evidence-38/task-observation-75028-0776b998-6f5a-4710-8095-fb4248bf1d63-563.json
 create mode 100644 specs/artifacts/2026-10-05-connection-workspace-authority/file-row-live/runtime-evidence-38/task-observation-75028-0776b998-6f5a-4710-8095-fb4248bf1d63-564.json
 create mode 100644 specs/artifacts/2026-10-05-connection-workspace-authority/file-row-live/runtime-evidence-38/task-observation-75028-0776b998-6f5a-4710-8095-fb4248bf1d63-565.json
 create mode 100644 specs/artifacts/2026-10-05-connection-workspace-authority/file-row-live/runtime-evidence-38/task-observation-75028-0776b998-6f5a-4710-8095-fb4248bf1d63-566.json
 create mode 100644 specs/artifacts/2026-10-05-connection-workspace-authority/file-row-live/runtime-evidence-38/task-observation-75028-0776b998-6f5a-4710-8095-fb4248bf1d63-567.json
 create mode 100644 specs/artifacts/2026-10-05-connection-workspace-authority/file-row-live/runtime-evidence-38/task-observation-75028-0776b998-6f5a-4710-8095-fb4248bf1d63-568.json
 create mode 100644 specs/artifacts/2026-10-05-connection-workspace-authority/file-row-live/runtime-evidence-38/task-observation-75028-0776b998-6f5a-4710-8095-fb4248bf1d63-569.json
 create mode 100644 specs/artifacts/2026-10-05-connection-workspace-authority/file-row-live/runtime-evidence-38/task-observation-75028-0776b998-6f5a-4710-8095-fb4248bf1d63-57.json
 create mode 100644 specs/artifacts/2026-10-05-connection-workspace-authority/file-row-live/runtime-evidence-38/task-observation-75028-0776b998-6f5a-4710-8095-fb4248bf1d63-570.json
 create mode 100644 specs/artifacts/2026-10-05-connection-workspace-authority/file-row-live/runtime-evidence-38/task-observation-75028-0776b998-6f5a-4710-8095-fb4248bf1d63-571.json
 create mode 100644 specs/artifacts/2026-10-05-connection-workspace-authority/file-row-live/runtime-evidence-38/task-observation-75028-0776b998-6f5a-4710-8095-fb4248bf1d63-572.json
 create mode 100644 specs/artifacts/2026-10-05-connection-workspace-authority/file-row-live/runtime-evidence-38/task-observation-75028-0776b998-6f5a-4710-8095-fb4248bf1d63-573.json
 create mode 100644 specs/artifacts/2026-10-05-connection-workspace-authority/file-row-live/runtime-evidence-38/task-observation-75028-0776b998-6f5a-4710-8095-fb4248bf1d63-574.json
 create mode 100644 specs/artifacts/2026-10-05-connection-workspace-authority/file-row-live/runtime-evidence-38/task-observation-75028-0776b998-6f5a-4710-8095-fb4248bf1d63-575.json
 create mode 100644 specs/artifacts/2026-10-05-connection-workspace-authority/file-row-live/runtime-evidence-38/task-observation-75028-0776b998-6f5a-4710-8095-fb4248bf1d63-576.json
 create mode 100644 specs/artifacts/2026-10-05-connection-workspace-authority/file-row-live/runtime-evidence-38/task-observation-75028-0776b998-6f5a-4710-8095-fb4248bf1d63-577.json
 create mode 100644 specs/artifacts/2026-10-05-connection-workspace-authority/file-row-live/runtime-evidence-38/task-observation-75028-0776b998-6f5a-4710-8095-fb4248bf1d63-578.json
 create mode 100644 specs/artifacts/2026-10-05-connection-workspace-authority/file-row-live/runtime-evidence-38/task-observation-75028-0776b998-6f5a-4710-8095-fb4248bf1d63-579.json
 create mode 100644 specs/artifacts/2026-10-05-connection-workspace-authority/file-row-live/runtime-evidence-38/task-observation-75028-0776b998-6f5a-4710-8095-fb4248bf1d63-58.json
 create mode 100644 specs/artifacts/2026-10-05-connection-workspace-authority/file-row-live/runtime-evidence-38/task-observation-75028-0776b998-6f5a-4710-8095-fb4248bf1d63-580.json
 create mode 100644 specs/artifacts/2026-10-05-connection-workspace-authority/file-row-live/runtime-evidence-38/task-observation-75028-0776b998-6f5a-4710-8095-fb4248bf1d63-581.json
 create mode 100644 specs/artifacts/2026-10-05-connection-workspace-authority/file-row-live/runtime-evidence-38/task-observation-75028-0776b998-6f5a-4710-8095-fb4248bf1d63-582.json
 create mode 100644 specs/artifacts/2026-10-05-connection-workspace-authority/file-row-live/runtime-evidence-38/task-observation-75028-0776b998-6f5a-4710-8095-fb4248bf1d63-583.json
 create mode 100644 specs/artifacts/2026-10-05-connection-workspace-authority/file-row-live/runtime-evidence-38/task-observation-75028-0776b998-6f5a-4710-8095-fb4248bf1d63-584.json
 create mode 100644 specs/artifacts/2026-10-05-connection-workspace-authority/file-row-live/runtime-evidence-38/task-observation-75028-0776b998-6f5a-4710-8095-fb4248bf1d63-585.json
 create mode 100644 specs/artifacts/2026-10-05-connection-workspace-authority/file-row-live/runtime-evidence-38/task-observation-75028-0776b998-6f5a-4710-8095-fb4248bf1d63-586.json
 create mode 100644 specs/artifacts/2026-10-05-connection-workspace-authority/file-row-live/runtime-evidence-38/task-observation-75028-0776b998-6f5a-4710-8095-fb4248bf1d63-587.json
 create mode 100644 specs/artifacts/2026-10-05-connection-workspace-authority/file-row-live/runtime-evidence-38/task-observation-75028-0776b998-6f5a-4710-8095-fb4248bf1d63-588.json
 create mode 100644 specs/artifacts/2026-10-05-connection-workspace-authority/file-row-live/runtime-evidence-38/task-observation-75028-0776b998-6f5a-4710-8095-fb4248bf1d63-589.json
 create mode 100644 specs/artifacts/2026-10-05-connection-workspace-authority/file-row-live/runtime-evidence-38/task-observation-75028-0776b998-6f5a-4710-8095-fb4248bf1d63-59.json
 create mode 100644 specs/artifacts/2026-10-05-connection-workspace-authority/file-row-live/runtime-evidence-38/task-observation-75028-0776b998-6f5a-4710-8095-fb4248bf1d63-590.json
 create mode 100644 specs/artifacts/2026-10-05-connection-workspace-authority/file-row-live/runtime-evidence-38/task-observation-75028-0776b998-6f5a-4710-8095-fb4248bf1d63-591.json
 create mode 100644 specs/artifacts/2026-10-05-connection-workspace-authority/file-row-live/runtime-evidence-38/task-observation-75028-0776b998-6f5a-4710-8095-fb4248bf1d63-592.json
 create mode 100644 specs/artifacts/2026-10-05-connection-workspace-authority/file-row-live/runtime-evidence-38/task-observation-75028-0776b998-6f5a-4710-8095-fb4248bf1d63-593.json
 create mode 100644 specs/artifacts/2026-10-05-connection-workspace-authority/file-row-live/runtime-evidence-38/task-observation-75028-0776b998-6f5a-4710-8095-fb4248bf1d63-594.json
 create mode 100644 specs/artifacts/2026-10-05-connection-workspace-authority/file-row-live/runtime-evidence-38/task-observation-75028-0776b998-6f5a-4710-8095-fb4248bf1d63-595.json
 create mode 100644 specs/artifacts/2026-10-05-connection-workspace-authority/file-row-live/runtime-evidence-38/task-observation-75028-0776b998-6f5a-4710-8095-fb4248bf1d63-596.json
 create mode 100644 specs/artifacts/2026-10-05-connection-workspace-authority/file-row-live/runtime-evidence-38/task-observation-75028-0776b998-6f5a-4710-8095-fb4248bf1d63-597.json
 create mode 100644 specs/artifacts/2026-10-05-connection-workspace-authority/file-row-live/runtime-evidence-38/task-observation-75028-0776b998-6f5a-4710-8095-fb4248bf1d63-598.json
 create mode 100644 specs/artifacts/2026-10-05-connection-workspace-authority/file-row-live/runtime-evidence-38/task-observation-75028-0776b998-6f5a-4710-8095-fb4248bf1d63-599.json
 create mode 100644 specs/artifacts/2026-10-05-connection-workspace-authority/file-row-live/runtime-evidence-38/task-observation-75028-0776b998-6f5a-4710-8095-fb4248bf1d63-6.json
 create mode 100644 specs/artifacts/2026-10-05-connection-workspace-authority/file-row-live/runtime-evidence-38/task-observation-75028-0776b998-6f5a-4710-8095-fb4248bf1d63-60.json
 create mode 100644 specs/artifacts/2026-10-05-connection-workspace-authority/file-row-live/runtime-evidence-38/task-observation-75028-0776b998-6f5a-4710-8095-fb4248bf1d63-600.json
 create mode 100644 specs/artifacts/2026-10-05-connection-workspace-authority/file-row-live/runtime-evidence-38/task-observation-75028-0776b998-6f5a-4710-8095-fb4248bf1d63-601.json
 create mode 100644 specs/artifacts/2026-10-05-connection-workspace-authority/file-row-live/runtime-evidence-38/task-observation-75028-0776b998-6f5a-4710-8095-fb4248bf1d63-602.json
 create mode 100644 specs/artifacts/2026-10-05-connection-workspace-authority/file-row-live/runtime-evidence-38/task-observation-75028-0776b998-6f5a-4710-8095-fb4248bf1d63-603.json
 create mode 100644 specs/artifacts/2026-10-05-connection-workspace-authority/file-row-live/runtime-evidence-38/task-observation-75028-0776b998-6f5a-4710-8095-fb4248bf1d63-604.json
 create mode 100644 specs/artifacts/2026-10-05-connection-workspace-authority/file-row-live/runtime-evidence-38/task-observation-75028-0776b998-6f5a-4710-8095-fb4248bf1d63-605.json
 create mode 100644 specs/artifacts/2026-10-05-connection-workspace-authority/file-row-live/runtime-evidence-38/task-observation-75028-0776b998-6f5a-4710-8095-fb4248bf1d63-606.json
 create mode 100644 specs/artifacts/2026-10-05-connection-workspace-authority/file-row-live/runtime-evidence-38/task-observation-75028-0776b998-6f5a-4710-8095-fb4248bf1d63-607.json
 create mode 100644 specs/artifacts/2026-10-05-connection-workspace-authority/file-row-live/runtime-evidence-38/task-observation-75028-0776b998-6f5a-4710-8095-fb4248bf1d63-608.json
 create mode 100644 specs/artifacts/2026-10-05-connection-workspace-authority/file-row-live/runtime-evidence-38/task-observation-75028-0776b998-6f5a-4710-8095-fb4248bf1d63-609.json
 create mode 100644 specs/artifacts/2026-10-05-connection-workspace-authority/file-row-live/runtime-evidence-38/task-observation-75028-0776b998-6f5a-4710-8095-fb4248bf1d63-61.json
 create mode 100644 specs/artifacts/2026-10-05-connection-workspace-authority/file-row-live/runtime-evidence-38/task-observation-75028-0776b998-6f5a-4710-8095-fb4248bf1d63-610.json
 create mode 100644 specs/artifacts/2026-10-05-connection-workspace-authority/file-row-live/runtime-evidence-38/task-observation-75028-0776b998-6f5a-4710-8095-fb4248bf1d63-611.json
 create mode 100644 specs/artifacts/2026-10-05-connection-workspace-authority/file-row-live/runtime-evidence-38/task-observation-75028-0776b998-6f5a-4710-8095-fb4248bf1d63-612.json
 create mode 100644 specs/artifacts/2026-10-05-connection-workspace-authority/file-row-live/runtime-evidence-38/task-observation-75028-0776b998-6f5a-4710-8095-fb4248bf1d63-613.json
 create mode 100644 specs/artifacts/2026-10-05-connection-workspace-authority/file-row-live/runtime-evidence-38/task-observation-75028-0776b998-6f5a-4710-8095-fb4248bf1d63-614.json
 create mode 100644 specs/artifacts/2026-10-05-connection-workspace-authority/file-row-live/runtime-evidence-38/task-observation-75028-0776b998-6f5a-4710-8095-fb4248bf1d63-615.json
 create mode 100644 specs/artifacts/2026-10-05-connection-workspace-authority/file-row-live/runtime-evidence-38/task-observation-75028-0776b998-6f5a-4710-8095-fb4248bf1d63-616.json
 create mode 100644 specs/artifacts/2026-10-05-connection-workspace-authority/file-row-live/runtime-evidence-38/task-observation-75028-0776b998-6f5a-4710-8095-fb4248bf1d63-617.json
 create mode 100644 specs/artifacts/2026-10-05-connection-workspace-authority/file-row-live/runtime-evidence-38/task-observation-75028-0776b998-6f5a-4710-8095-fb4248bf1d63-618.json
 create mode 100644 specs/artifacts/2026-10-05-connection-workspace-authority/file-row-live/runtime-evidence-38/task-observation-75028-0776b998-6f5a-4710-8095-fb4248bf1d63-619.json
 create mode 100644 specs/artifacts/2026-10-05-connection-workspace-authority/file-row-live/runtime-evidence-38/task-observation-75028-0776b998-6f5a-4710-8095-fb4248bf1d63-62.json
 create mode 100644 specs/artifacts/2026-10-05-connection-workspace-authority/file-row-live/runtime-evidence-38/task-observation-75028-0776b998-6f5a-4710-8095-fb4248bf1d63-620.json
 create mode 100644 specs/artifacts/2026-10-05-connection-workspace-authority/file-row-live/runtime-evidence-38/task-observation-75028-0776b998-6f5a-4710-8095-fb4248bf1d63-621.json
 create mode 100644 specs/artifacts/2026-10-05-connection-workspace-authority/file-row-live/runtime-evidence-38/task-observation-75028-0776b998-6f5a-4710-8095-fb4248bf1d63-622.json
 create mode 100644 specs/artifacts/2026-10-05-connection-workspace-authority/file-row-live/runtime-evidence-38/task-observation-75028-0776b998-6f5a-4710-8095-fb4248bf1d63-623.json
 create mode 100644 specs/artifacts/2026-10-05-connection-workspace-authority/file-row-live/runtime-evidence-38/task-observation-75028-0776b998-6f5a-4710-8095-fb4248bf1d63-624.json
 create mode 100644 specs/artifacts/2026-10-05-connection-workspace-authority/file-row-live/runtime-evidence-38/task-observation-75028-0776b998-6f5a-4710-8095-fb4248bf1d63-625.json
 create mode 100644 specs/artifacts/2026-10-05-connection-workspace-authority/file-row-live/runtime-evidence-38/task-observation-75028-0776b998-6f5a-4710-8095-fb4248bf1d63-626.json
 create mode 100644 specs/artifacts/2026-10-05-connection-workspace-authority/file-row-live/runtime-evidence-38/task-observation-75028-0776b998-6f5a-4710-8095-fb4248bf1d63-627.json
 create mode 100644 specs/artifacts/2026-10-05-connection-workspace-authority/file-row-live/runtime-evidence-38/task-observation-75028-0776b998-6f5a-4710-8095-fb4248bf1d63-628.json
 create mode 100644 specs/artifacts/2026-10-05-connection-workspace-authority/file-row-live/runtime-evidence-38/task-observation-75028-0776b998-6f5a-4710-8095-fb4248bf1d63-629.json
 create mode 100644 specs/artifacts/2026-10-05-connection-workspace-authority/file-row-live/runtime-evidence-38/task-observation-75028-0776b998-6f5a-4710-8095-fb4248bf1d63-63.json
 create mode 100644 specs/artifacts/2026-10-05-connection-workspace-authority/file-row-live/runtime-evidence-38/task-observation-75028-0776b998-6f5a-4710-8095-fb4248bf1d63-630.json
 create mode 100644 specs/artifacts/2026-10-05-connection-workspace-authority/file-row-live/runtime-evidence-38/task-observation-75028-0776b998-6f5a-4710-8095-fb4248bf1d63-631.json
 create mode 100644 specs/artifacts/2026-10-05-connection-workspace-authority/file-row-live/runtime-evidence-38/task-observation-75028-0776b998-6f5a-4710-8095-fb4248bf1d63-632.json
 create mode 100644 specs/artifacts/2026-10-05-connection-workspace-authority/file-row-live/runtime-evidence-38/task-observation-75028-0776b998-6f5a-4710-8095-fb4248bf1d63-633.json
 create mode 100644 specs/artifacts/2026-10-05-connection-workspace-authority/file-row-live/runtime-evidence-38/task-observation-75028-0776b998-6f5a-4710-8095-fb4248bf1d63-634.json
 create mode 100644 specs/artifacts/2026-10-05-connection-workspace-authority/file-row-live/runtime-evidence-38/task-observation-75028-0776b998-6f5a-4710-8095-fb4248bf1d63-635.json
 create mode 100644 specs/artifacts/2026-10-05-connection-workspace-authority/file-row-live/runtime-evidence-38/task-observation-75028-0776b998-6f5a-4710-8095-fb4248bf1d63-636.json
 create mode 100644 specs/artifacts/2026-10-05-connection-workspace-authority/file-row-live/runtime-evidence-38/task-observation-75028-0776b998-6f5a-4710-8095-fb4248bf1d63-637.json
 create mode 100644 specs/artifacts/2026-10-05-connection-workspace-authority/file-row-live/runtime-evidence-38/task-observation-75028-0776b998-6f5a-4710-8095-fb4248bf1d63-638.json
 create mode 100644 specs/artifacts/2026-10-05-connection-workspace-authority/file-row-live/runtime-evidence-38/task-observation-75028-0776b998-6f5a-4710-8095-fb4248bf1d63-639.json
 create mode 100644 specs/artifacts/2026-10-05-connection-workspace-authority/file-row-live/runtime-evidence-38/task-observation-75028-0776b998-6f5a-4710-8095-fb4248bf1d63-64.json
 create mode 100644 specs/artifacts/2026-10-05-connection-workspace-authority/file-row-live/runtime-evidence-38/task-observation-75028-0776b998-6f5a-4710-8095-fb4248bf1d63-640.json
 create mode 100644 specs/artifacts/2026-10-05-connection-workspace-authority/file-row-live/runtime-evidence-38/task-observation-75028-0776b998-6f5a-4710-8095-fb4248bf1d63-641.json
 create mode 100644 specs/artifacts/2026-10-05-connection-workspace-authority/file-row-live/runtime-evidence-38/task-observation-75028-0776b998-6f5a-4710-8095-fb4248bf1d63-642.json
 create mode 100644 specs/artifacts/2026-10-05-connection-workspace-authority/file-row-live/runtime-evidence-38/task-observation-75028-0776b998-6f5a-4710-8095-fb4248bf1d63-643.json
 create mode 100644 specs/artifacts/2026-10-05-connection-workspace-authority/file-row-live/runtime-evidence-38/task-observation-75028-0776b998-6f5a-4710-8095-fb4248bf1d63-644.json
 create mode 100644 specs/artifacts/2026-10-05-connection-workspace-authority/file-row-live/runtime-evidence-38/task-observation-75028-0776b998-6f5a-4710-8095-fb4248bf1d63-645.json
 create mode 100644 specs/artifacts/2026-10-05-connection-workspace-authority/file-row-live/runtime-evidence-38/task-observation-75028-0776b998-6f5a-4710-8095-fb4248bf1d63-646.json
 create mode 100644 specs/artifacts/2026-10-05-connection-workspace-authority/file-row-live/runtime-evidence-38/task-observation-75028-0776b998-6f5a-4710-8095-fb4248bf1d63-647.json
 create mode 100644 specs/artifacts/2026-10-05-connection-workspace-authority/file-row-live/runtime-evidence-38/task-observation-75028-0776b998-6f5a-4710-8095-fb4248bf1d63-648.json
 create mode 100644 specs/artifacts/2026-10-05-connection-workspace-authority/file-row-live/runtime-evidence-38/task-observation-75028-0776b998-6f5a-4710-8095-fb4248bf1d63-649.json
 create mode 100644 specs/artifacts/2026-10-05-connection-workspace-authority/file-row-live/runtime-evidence-38/task-observation-75028-0776b998-6f5a-4710-8095-fb4248bf1d63-65.json
 create mode 100644 specs/artifacts/2026-10-05-connection-workspace-authority/file-row-live/runtime-evidence-38/task-observation-75028-0776b998-6f5a-4710-8095-fb4248bf1d63-650.json
 create mode 100644 specs/artifacts/2026-10-05-connection-workspace-authority/file-row-live/runtime-evidence-38/task-observation-75028-0776b998-6f5a-4710-8095-fb4248bf1d63-651.json
 create mode 100644 specs/artifacts/2026-10-05-connection-workspace-authority/file-row-live/runtime-evidence-38/task-observation-75028-0776b998-6f5a-4710-8095-fb4248bf1d63-652.json
 create mode 100644 specs/artifacts/2026-10-05-connection-workspace-authority/file-row-live/runtime-evidence-38/task-observation-75028-0776b998-6f5a-4710-8095-fb4248bf1d63-653.json
 create mode 100644 specs/artifacts/2026-10-05-connection-workspace-authority/file-row-live/runtime-evidence-38/task-observation-75028-0776b998-6f5a-4710-8095-fb4248bf1d63-654.json
 create mode 100644 specs/artifacts/2026-10-05-connection-workspace-authority/file-row-live/runtime-evidence-38/task-observation-75028-0776b998-6f5a-4710-8095-fb4248bf1d63-655.json
 create mode 100644 specs/artifacts/2026-10-05-connection-workspace-authority/file-row-live/runtime-evidence-38/task-observation-75028-0776b998-6f5a-4710-8095-fb4248bf1d63-656.json
 create mode 100644 specs/artifacts/2026-10-05-connection-workspace-authority/file-row-live/runtime-evidence-38/task-observation-75028-0776b998-6f5a-4710-8095-fb4248bf1d63-657.json
 create mode 100644 specs/artifacts/2026-10-05-connection-workspace-authority/file-row-live/runtime-evidence-38/task-observation-75028-0776b998-6f5a-4710-8095-fb4248bf1d63-658.json
 create mode 100644 specs/artifacts/2026-10-05-connection-workspace-authority/file-row-live/runtime-evidence-38/task-observation-75028-0776b998-6f5a-4710-8095-fb4248bf1d63-659.json
 create mode 100644 specs/artifacts/2026-10-05-connection-workspace-authority/file-row-live/runtime-evidence-38/task-observation-75028-0776b998-6f5a-4710-8095-fb4248bf1d63-66.json
 create mode 100644 specs/artifacts/2026-10-05-connection-workspace-authority/file-row-live/runtime-evidence-38/task-observation-75028-0776b998-6f5a-4710-8095-fb4248bf1d63-660.json
 create mode 100644 specs/artifacts/2026-10-05-connection-workspace-authority/file-row-live/runtime-evidence-38/task-observation-75028-0776b998-6f5a-4710-8095-fb4248bf1d63-661.json
 create mode 100644 specs/artifacts/2026-10-05-connection-workspace-authority/file-row-live/runtime-evidence-38/task-observation-75028-0776b998-6f5a-4710-8095-fb4248bf1d63-662.json
 create mode 100644 specs/artifacts/2026-10-05-connection-workspace-authority/file-row-live/runtime-evidence-38/task-observation-75028-0776b998-6f5a-4710-8095-fb4248bf1d63-663.json
 create mode 100644 specs/artifacts/2026-10-05-connection-workspace-authority/file-row-live/runtime-evidence-38/task-observation-75028-0776b998-6f5a-4710-8095-fb4248bf1d63-664.json
 create mode 100644 specs/artifacts/2026-10-05-connection-workspace-authority/file-row-live/runtime-evidence-38/task-observation-75028-0776b998-6f5a-4710-8095-fb4248bf1d63-665.json
 create mode 100644 specs/artifacts/2026-10-05-connection-workspace-authority/file-row-live/runtime-evidence-38/task-observation-75028-0776b998-6f5a-4710-8095-fb4248bf1d63-666.json
 create mode 100644 specs/artifacts/2026-10-05-connection-workspace-authority/file-row-live/runtime-evidence-38/task-observation-75028-0776b998-6f5a-4710-8095-fb4248bf1d63-667.json
 create mode 100644 specs/artifacts/2026-10-05-connection-workspace-authority/file-row-live/runtime-evidence-38/task-observation-75028-0776b998-6f5a-4710-8095-fb4248bf1d63-668.json
 create mode 100644 specs/artifacts/2026-10-05-connection-workspace-authority/file-row-live/runtime-evidence-38/task-observation-75028-0776b998-6f5a-4710-8095-fb4248bf1d63-669.json
 create mode 100644 specs/artifacts/2026-10-05-connection-workspace-authority/file-row-live/runtime-evidence-38/task-observation-75028-0776b998-6f5a-4710-8095-fb4248bf1d63-67.json
 create mode 100644 specs/artifacts/2026-10-05-connection-workspace-authority/file-row-live/runtime-evidence-38/task-observation-75028-0776b998-6f5a-4710-8095-fb4248bf1d63-68.json
 create mode 100644 specs/artifacts/2026-10-05-connection-workspace-authority/file-row-live/runtime-evidence-38/task-observation-75028-0776b998-6f5a-4710-8095-fb4248bf1d63-69.json
 create mode 100644 specs/artifacts/2026-10-05-connection-workspace-authority/file-row-live/runtime-evidence-38/task-observation-75028-0776b998-6f5a-4710-8095-fb4248bf1d63-7.json
 create mode 100644 specs/artifacts/2026-10-05-connection-workspace-authority/file-row-live/runtime-evidence-38/task-observation-75028-0776b998-6f5a-4710-8095-fb4248bf1d63-70.json
 create mode 100644 specs/artifacts/2026-10-05-connection-workspace-authority/file-row-live/runtime-evidence-38/task-observation-75028-0776b998-6f5a-4710-8095-fb4248bf1d63-71.json
 create mode 100644 specs/artifacts/2026-10-05-connection-workspace-authority/file-row-live/runtime-evidence-38/task-observation-75028-0776b998-6f5a-4710-8095-fb4248bf1d63-72.json
 create mode 100644 specs/artifacts/2026-10-05-connection-workspace-authority/file-row-live/runtime-evidence-38/task-observation-75028-0776b998-6f5a-4710-8095-fb4248bf1d63-73.json
 create mode 100644 specs/artifacts/2026-10-05-connection-workspace-authority/file-row-live/runtime-evidence-38/task-observation-75028-0776b998-6f5a-4710-8095-fb4248bf1d63-74.json
 create mode 100644 specs/artifacts/2026-10-05-connection-workspace-authority/file-row-live/runtime-evidence-38/task-observation-75028-0776b998-6f5a-4710-8095-fb4248bf1d63-75.json
 create mode 100644 specs/artifacts/2026-10-05-connection-workspace-authority/file-row-live/runtime-evidence-38/task-observation-75028-0776b998-6f5a-4710-8095-fb4248bf1d63-76.json
 create mode 100644 specs/artifacts/2026-10-05-connection-workspace-authority/file-row-live/runtime-evidence-38/task-observation-75028-0776b998-6f5a-4710-8095-fb4248bf1d63-77.json
 create mode 100644 specs/artifacts/2026-10-05-connection-workspace-authority/file-row-live/runtime-evidence-38/task-observation-75028-0776b998-6f5a-4710-8095-fb4248bf1d63-78.json
 create mode 100644 specs/artifacts/2026-10-05-connection-workspace-authority/file-row-live/runtime-evidence-38/task-observation-75028-0776b998-6f5a-4710-8095-fb4248bf1d63-79.json
 create mode 100644 specs/artifacts/2026-10-05-connection-workspace-authority/file-row-live/runtime-evidence-38/task-observation-75028-0776b998-6f5a-4710-8095-fb4248bf1d63-8.json
 create mode 100644 specs/artifacts/2026-10-05-connection-workspace-authority/file-row-live/runtime-evidence-38/task-observation-75028-0776b998-6f5a-4710-8095-fb4248bf1d63-80.json
 create mode 100644 specs/artifacts/2026-10-05-connection-workspace-authority/file-row-live/runtime-evidence-38/task-observation-75028-0776b998-6f5a-4710-8095-fb4248bf1d63-81.json
 create mode 100644 specs/artifacts/2026-10-05-connection-workspace-authority/file-row-live/runtime-evidence-38/task-observation-75028-0776b998-6f5a-4710-8095-fb4248bf1d63-82.json
 create mode 100644 specs/artifacts/2026-10-05-connection-workspace-authority/file-row-live/runtime-evidence-38/task-observation-75028-0776b998-6f5a-4710-8095-fb4248bf1d63-83.json
 create mode 100644 specs/artifacts/2026-10-05-connection-workspace-authority/file-row-live/runtime-evidence-38/task-observation-75028-0776b998-6f5a-4710-8095-fb4248bf1d63-84.json
 create mode 100644 specs/artifacts/2026-10-05-connection-workspace-authority/file-row-live/runtime-evidence-38/task-observation-75028-0776b998-6f5a-4710-8095-fb4248bf1d63-85.json
 create mode 100644 specs/artifacts/2026-10-05-connection-workspace-authority/file-row-live/runtime-evidence-38/task-observation-75028-0776b998-6f5a-4710-8095-fb4248bf1d63-86.json
 create mode 100644 specs/artifacts/2026-10-05-connection-workspace-authority/file-row-live/runtime-evidence-38/task-observation-75028-0776b998-6f5a-4710-8095-fb4248bf1d63-87.json
 create mode 100644 specs/artifacts/2026-10-05-connection-workspace-authority/file-row-live/runtime-evidence-38/task-observation-75028-0776b998-6f5a-4710-8095-fb4248bf1d63-88.json
 create mode 100644 specs/artifacts/2026-10-05-connection-workspace-authority/file-row-live/runtime-evidence-38/task-observation-75028-0776b998-6f5a-4710-8095-fb4248bf1d63-89.json
 create mode 100644 specs/artifacts/2026-10-05-connection-workspace-authority/file-row-live/runtime-evidence-38/task-observation-75028-0776b998-6f5a-4710-8095-fb4248bf1d63-9.json
 create mode 100644 specs/artifacts/2026-10-05-connection-workspace-authority/file-row-live/runtime-evidence-38/task-observation-75028-0776b998-6f5a-4710-8095-fb4248bf1d63-90.json
 create mode 100644 specs/artifacts/2026-10-05-connection-workspace-authority/file-row-live/runtime-evidence-38/task-observation-75028-0776b998-6f5a-4710-8095-fb4248bf1d63-91.json
 create mode 100644 specs/artifacts/2026-10-05-connection-workspace-authority/file-row-live/runtime-evidence-38/task-observation-75028-0776b998-6f5a-4710-8095-fb4248bf1d63-92.json
 create mode 100644 specs/artifacts/2026-10-05-connection-workspace-authority/file-row-live/runtime-evidence-38/task-observation-75028-0776b998-6f5a-4710-8095-fb4248bf1d63-93.json
 create mode 100644 specs/artifacts/2026-10-05-connection-workspace-authority/file-row-live/runtime-evidence-38/task-observation-75028-0776b998-6f5a-4710-8095-fb4248bf1d63-94.json
 create mode 100644 specs/artifacts/2026-10-05-connection-workspace-authority/file-row-live/runtime-evidence-38/task-observation-75028-0776b998-6f5a-4710-8095-fb4248bf1d63-95.json
 create mode 100644 specs/artifacts/2026-10-05-connection-workspace-authority/file-row-live/runtime-evidence-38/task-observation-75028-0776b998-6f5a-4710-8095-fb4248bf1d63-96.json
 create mode 100644 specs/artifacts/2026-10-05-connection-workspace-authority/file-row-live/runtime-evidence-38/task-observation-75028-0776b998-6f5a-4710-8095-fb4248bf1d63-97.json
 create mode 100644 specs/artifacts/2026-10-05-connection-workspace-authority/file-row-live/runtime-evidence-38/task-observation-75028-0776b998-6f5a-4710-8095-fb4248bf1d63-98.json
 create mode 100644 specs/artifacts/2026-10-05-connection-workspace-authority/file-row-live/runtime-evidence-38/task-observation-75028-0776b998-6f5a-4710-8095-fb4248bf1d63-99.json
 create mode 100644 specs/artifacts/2026-10-05-connection-workspace-authority/file-row-live/runtime-evidence-38/task-occurrence-admitted.json
 create mode 100644 specs/artifacts/2026-10-05-connection-workspace-authority/file-row-live/runtime-evidence-38/task-selection.json
