Auto packing the repository in background for optimum performance.
See "git help gc" for manual housekeeping.
[main 54679fc7] fix: retain file row focus through live evidence updates
 1229 files changed, 54418 insertions(+), 54 deletions(-)
 create mode 100644 packages/overlay/test/diff-change-group-identity.test.ts
 create mode 100644 specs/artifacts/2026-10-05-connection-workspace-authority/file-row-stability-plan.md
 create mode 100644 specs/artifacts/2026-10-05-connection-workspace-authority/file-row-stability/README.md
 create mode 100644 specs/artifacts/2026-10-05-connection-workspace-authority/file-row-stability/actual-39-downloaded-notes.txt
 create mode 100644 specs/artifacts/2026-10-05-connection-workspace-authority/file-row-stability/actual-39-filter-escape.png
 create mode 100644 specs/artifacts/2026-10-05-connection-workspace-authority/file-row-stability/actual-39-filter-escape.txt
 create mode 100644 specs/artifacts/2026-10-05-connection-workspace-authority/file-row-stability/actual-39-filter.png
 create mode 100644 specs/artifacts/2026-10-05-connection-workspace-authority/file-row-stability/actual-39-filter.txt
 create mode 100644 specs/artifacts/2026-10-05-connection-workspace-authority/file-row-stability/actual-39-formal-notes-download.png
 create mode 100644 specs/artifacts/2026-10-05-connection-workspace-authority/file-row-stability/actual-39-formal-notes-download.txt
 create mode 100644 specs/artifacts/2026-10-05-connection-workspace-authority/file-row-stability/actual-39-formal-notes-preview.png
 create mode 100644 specs/artifacts/2026-10-05-connection-workspace-authority/file-row-stability/actual-39-formal-notes-preview.txt
 create mode 100644 specs/artifacts/2026-10-05-connection-workspace-authority/file-row-stability/actual-39-launch.log
 create mode 100644 specs/artifacts/2026-10-05-connection-workspace-authority/file-row-stability/actual-39-live-focus-after.png
 create mode 100644 specs/artifacts/2026-10-05-connection-workspace-authority/file-row-stability/actual-39-live-focus-after.txt
 create mode 100644 specs/artifacts/2026-10-05-connection-workspace-authority/file-row-stability/actual-39-live-focus-before.png
 create mode 100644 specs/artifacts/2026-10-05-connection-workspace-authority/file-row-stability/actual-39-live-focus-before.txt
 create mode 100644 specs/artifacts/2026-10-05-connection-workspace-authority/file-row-stability/actual-39-live-notes-enter.png
 create mode 100644 specs/artifacts/2026-10-05-connection-workspace-authority/file-row-stability/actual-39-live-notes-enter.txt
 create mode 100644 specs/artifacts/2026-10-05-connection-workspace-authority/file-row-stability/actual-39-live-notes-resolved.png
 create mode 100644 specs/artifacts/2026-10-05-connection-workspace-authority/file-row-stability/actual-39-materialized-8bd286c6602ed774d8fe013af3d110d141ce7a1166df317a7195a46c9e9e2d0b-notes.txt
 create mode 100644 specs/artifacts/2026-10-05-connection-workspace-authority/file-row-stability/actual-39-materialized-91d5d1acf4e0de3211d4a9ac6f5f5753ec6cbe6fad377999e8cbe027de86e67e-hello.txt
 create mode 100644 specs/artifacts/2026-10-05-connection-workspace-authority/file-row-stability/actual-39-notes-download-result.json
 create mode 100644 specs/artifacts/2026-10-05-connection-workspace-authority/file-row-stability/actual-39-notes-downloads-before.json
 create mode 100644 specs/artifacts/2026-10-05-connection-workspace-authority/file-row-stability/actual-39-readonly-facts.json
 create mode 100644 specs/artifacts/2026-10-05-connection-workspace-authority/file-row-stability/actual-39-readonly.log
 create mode 100644 specs/artifacts/2026-10-05-connection-workspace-authority/file-row-stability/actual-39-real-qualification.json
 create mode 100644 specs/artifacts/2026-10-05-connection-workspace-authority/file-row-stability/actual-39-root-closure.json
 create mode 100644 specs/artifacts/2026-10-05-connection-workspace-authority/file-row-stability/actual-39-running.png
 create mode 100644 specs/artifacts/2026-10-05-connection-workspace-authority/file-row-stability/actual-39-running.txt
 create mode 100644 specs/artifacts/2026-10-05-connection-workspace-authority/file-row-stability/actual-39-shutdown.log
 create mode 100644 specs/artifacts/2026-10-05-connection-workspace-authority/file-row-stability/actual-39-task-accepted-cli.json
 create mode 100644 specs/artifacts/2026-10-05-connection-workspace-authority/file-row-stability/actual-39-task-create-first.log
 create mode 100644 specs/artifacts/2026-10-05-connection-workspace-authority/file-row-stability/actual-39-task-request-input.json
 create mode 100644 specs/artifacts/2026-10-05-connection-workspace-authority/file-row-stability/actual-39-task-selection.json
 create mode 100644 specs/artifacts/2026-10-05-connection-workspace-authority/file-row-stability/actual-39-terminal-review.png
 create mode 100644 specs/artifacts/2026-10-05-connection-workspace-authority/file-row-stability/actual-39-terminal-review.txt
 create mode 100644 specs/artifacts/2026-10-05-connection-workspace-authority/file-row-stability/actual-39-terminal-space-before.txt
 create mode 100644 specs/artifacts/2026-10-05-connection-workspace-authority/file-row-stability/actual-39-terminal-space.png
 create mode 100644 specs/artifacts/2026-10-05-connection-workspace-authority/file-row-stability/actual-39-terminal-space.txt
 create mode 100644 specs/artifacts/2026-10-05-connection-workspace-authority/file-row-stability/before-FileChangesView.tsx
 create mode 100644 specs/artifacts/2026-10-05-connection-workspace-authority/file-row-stability/before-diff.ts
 create mode 100644 specs/artifacts/2026-10-05-connection-workspace-authority/file-row-stability/before-file-change-summary.ts
 create mode 100644 specs/artifacts/2026-10-05-connection-workspace-authority/file-row-stability/build-first.log
 create mode 100644 specs/artifacts/2026-10-05-connection-workspace-authority/file-row-stability/docs-admission.log
 create mode 100644 specs/artifacts/2026-10-05-connection-workspace-authority/file-row-stability/docs-final.log
 create mode 100644 specs/artifacts/2026-10-05-connection-workspace-authority/file-row-stability/docs-plan.log
 create mode 100644 specs/artifacts/2026-10-05-connection-workspace-authority/file-row-stability/docs-source.log
 create mode 100644 specs/artifacts/2026-10-05-connection-workspace-authority/file-row-stability/file-row-stability-39-chain-supervision-73032-1.json
 create mode 100644 specs/artifacts/2026-10-05-connection-workspace-authority/file-row-stability/file-row-stability-39-chain-supervision-73032-10.json
 create mode 100644 specs/artifacts/2026-10-05-connection-workspace-authority/file-row-stability/file-row-stability-39-chain-supervision-73032-100.json
 create mode 100644 specs/artifacts/2026-10-05-connection-workspace-authority/file-row-stability/file-row-stability-39-chain-supervision-73032-101.json
 create mode 100644 specs/artifacts/2026-10-05-connection-workspace-authority/file-row-stability/file-row-stability-39-chain-supervision-73032-102.json
 create mode 100644 specs/artifacts/2026-10-05-connection-workspace-authority/file-row-stability/file-row-stability-39-chain-supervision-73032-103.json
 create mode 100644 specs/artifacts/2026-10-05-connection-workspace-authority/file-row-stability/file-row-stability-39-chain-supervision-73032-104.json
 create mode 100644 specs/artifacts/2026-10-05-connection-workspace-authority/file-row-stability/file-row-stability-39-chain-supervision-73032-105.json
 create mode 100644 specs/artifacts/2026-10-05-connection-workspace-authority/file-row-stability/file-row-stability-39-chain-supervision-73032-106.json
 create mode 100644 specs/artifacts/2026-10-05-connection-workspace-authority/file-row-stability/file-row-stability-39-chain-supervision-73032-107.json
 create mode 100644 specs/artifacts/2026-10-05-connection-workspace-authority/file-row-stability/file-row-stability-39-chain-supervision-73032-108.json
 create mode 100644 specs/artifacts/2026-10-05-connection-workspace-authority/file-row-stability/file-row-stability-39-chain-supervision-73032-109.json
 create mode 100644 specs/artifacts/2026-10-05-connection-workspace-authority/file-row-stability/file-row-stability-39-chain-supervision-73032-11.json
 create mode 100644 specs/artifacts/2026-10-05-connection-workspace-authority/file-row-stability/file-row-stability-39-chain-supervision-73032-110.json
 create mode 100644 specs/artifacts/2026-10-05-connection-workspace-authority/file-row-stability/file-row-stability-39-chain-supervision-73032-111.json
 create mode 100644 specs/artifacts/2026-10-05-connection-workspace-authority/file-row-stability/file-row-stability-39-chain-supervision-73032-112.json
 create mode 100644 specs/artifacts/2026-10-05-connection-workspace-authority/file-row-stability/file-row-stability-39-chain-supervision-73032-113.json
 create mode 100644 specs/artifacts/2026-10-05-connection-workspace-authority/file-row-stability/file-row-stability-39-chain-supervision-73032-114.json
 create mode 100644 specs/artifacts/2026-10-05-connection-workspace-authority/file-row-stability/file-row-stability-39-chain-supervision-73032-115.json
 create mode 100644 specs/artifacts/2026-10-05-connection-workspace-authority/file-row-stability/file-row-stability-39-chain-supervision-73032-116.json
 create mode 100644 specs/artifacts/2026-10-05-connection-workspace-authority/file-row-stability/file-row-stability-39-chain-supervision-73032-117.json
 create mode 100644 specs/artifacts/2026-10-05-connection-workspace-authority/file-row-stability/file-row-stability-39-chain-supervision-73032-118.json
 create mode 100644 specs/artifacts/2026-10-05-connection-workspace-authority/file-row-stability/file-row-stability-39-chain-supervision-73032-119.json
 create mode 100644 specs/artifacts/2026-10-05-connection-workspace-authority/file-row-stability/file-row-stability-39-chain-supervision-73032-12.json
 create mode 100644 specs/artifacts/2026-10-05-connection-workspace-authority/file-row-stability/file-row-stability-39-chain-supervision-73032-120.json
 create mode 100644 specs/artifacts/2026-10-05-connection-workspace-authority/file-row-stability/file-row-stability-39-chain-supervision-73032-121.json
 create mode 100644 specs/artifacts/2026-10-05-connection-workspace-authority/file-row-stability/file-row-stability-39-chain-supervision-73032-122.json
 create mode 100644 specs/artifacts/2026-10-05-connection-workspace-authority/file-row-stability/file-row-stability-39-chain-supervision-73032-123.json
 create mode 100644 specs/artifacts/2026-10-05-connection-workspace-authority/file-row-stability/file-row-stability-39-chain-supervision-73032-124.json
 create mode 100644 specs/artifacts/2026-10-05-connection-workspace-authority/file-row-stability/file-row-stability-39-chain-supervision-73032-125.json
 create mode 100644 specs/artifacts/2026-10-05-connection-workspace-authority/file-row-stability/file-row-stability-39-chain-supervision-73032-126.json
 create mode 100644 specs/artifacts/2026-10-05-connection-workspace-authority/file-row-stability/file-row-stability-39-chain-supervision-73032-127.json
 create mode 100644 specs/artifacts/2026-10-05-connection-workspace-authority/file-row-stability/file-row-stability-39-chain-supervision-73032-128.json
 create mode 100644 specs/artifacts/2026-10-05-connection-workspace-authority/file-row-stability/file-row-stability-39-chain-supervision-73032-129.json
 create mode 100644 specs/artifacts/2026-10-05-connection-workspace-authority/file-row-stability/file-row-stability-39-chain-supervision-73032-13.json
 create mode 100644 specs/artifacts/2026-10-05-connection-workspace-authority/file-row-stability/file-row-stability-39-chain-supervision-73032-130.json
 create mode 100644 specs/artifacts/2026-10-05-connection-workspace-authority/file-row-stability/file-row-stability-39-chain-supervision-73032-131.json
 create mode 100644 specs/artifacts/2026-10-05-connection-workspace-authority/file-row-stability/file-row-stability-39-chain-supervision-73032-132.json
 create mode 100644 specs/artifacts/2026-10-05-connection-workspace-authority/file-row-stability/file-row-stability-39-chain-supervision-73032-133.json
 create mode 100644 specs/artifacts/2026-10-05-connection-workspace-authority/file-row-stability/file-row-stability-39-chain-supervision-73032-134.json
 create mode 100644 specs/artifacts/2026-10-05-connection-workspace-authority/file-row-stability/file-row-stability-39-chain-supervision-73032-135.json
 create mode 100644 specs/artifacts/2026-10-05-connection-workspace-authority/file-row-stability/file-row-stability-39-chain-supervision-73032-136.json
 create mode 100644 specs/artifacts/2026-10-05-connection-workspace-authority/file-row-stability/file-row-stability-39-chain-supervision-73032-137.json
 create mode 100644 specs/artifacts/2026-10-05-connection-workspace-authority/file-row-stability/file-row-stability-39-chain-supervision-73032-138.json
 create mode 100644 specs/artifacts/2026-10-05-connection-workspace-authority/file-row-stability/file-row-stability-39-chain-supervision-73032-139.json
 create mode 100644 specs/artifacts/2026-10-05-connection-workspace-authority/file-row-stability/file-row-stability-39-chain-supervision-73032-14.json
 create mode 100644 specs/artifacts/2026-10-05-connection-workspace-authority/file-row-stability/file-row-stability-39-chain-supervision-73032-140.json
 create mode 100644 specs/artifacts/2026-10-05-connection-workspace-authority/file-row-stability/file-row-stability-39-chain-supervision-73032-141.json
 create mode 100644 specs/artifacts/2026-10-05-connection-workspace-authority/file-row-stability/file-row-stability-39-chain-supervision-73032-142.json
 create mode 100644 specs/artifacts/2026-10-05-connection-workspace-authority/file-row-stability/file-row-stability-39-chain-supervision-73032-143.json
 create mode 100644 specs/artifacts/2026-10-05-connection-workspace-authority/file-row-stability/file-row-stability-39-chain-supervision-73032-144.json
 create mode 100644 specs/artifacts/2026-10-05-connection-workspace-authority/file-row-stability/file-row-stability-39-chain-supervision-73032-145.json
 create mode 100644 specs/artifacts/2026-10-05-connection-workspace-authority/file-row-stability/file-row-stability-39-chain-supervision-73032-15.json
 create mode 100644 specs/artifacts/2026-10-05-connection-workspace-authority/file-row-stability/file-row-stability-39-chain-supervision-73032-16.json
 create mode 100644 specs/artifacts/2026-10-05-connection-workspace-authority/file-row-stability/file-row-stability-39-chain-supervision-73032-17.json
 create mode 100644 specs/artifacts/2026-10-05-connection-workspace-authority/file-row-stability/file-row-stability-39-chain-supervision-73032-18.json
 create mode 100644 specs/artifacts/2026-10-05-connection-workspace-authority/file-row-stability/file-row-stability-39-chain-supervision-73032-19.json
 create mode 100644 specs/artifacts/2026-10-05-connection-workspace-authority/file-row-stability/file-row-stability-39-chain-supervision-73032-2.json
 create mode 100644 specs/artifacts/2026-10-05-connection-workspace-authority/file-row-stability/file-row-stability-39-chain-supervision-73032-20.json
 create mode 100644 specs/artifacts/2026-10-05-connection-workspace-authority/file-row-stability/file-row-stability-39-chain-supervision-73032-21.json
 create mode 100644 specs/artifacts/2026-10-05-connection-workspace-authority/file-row-stability/file-row-stability-39-chain-supervision-73032-22.json
 create mode 100644 specs/artifacts/2026-10-05-connection-workspace-authority/file-row-stability/file-row-stability-39-chain-supervision-73032-23.json
 create mode 100644 specs/artifacts/2026-10-05-connection-workspace-authority/file-row-stability/file-row-stability-39-chain-supervision-73032-24.json
 create mode 100644 specs/artifacts/2026-10-05-connection-workspace-authority/file-row-stability/file-row-stability-39-chain-supervision-73032-25.json
 create mode 100644 specs/artifacts/2026-10-05-connection-workspace-authority/file-row-stability/file-row-stability-39-chain-supervision-73032-26.json
 create mode 100644 specs/artifacts/2026-10-05-connection-workspace-authority/file-row-stability/file-row-stability-39-chain-supervision-73032-27.json
 create mode 100644 specs/artifacts/2026-10-05-connection-workspace-authority/file-row-stability/file-row-stability-39-chain-supervision-73032-28.json
 create mode 100644 specs/artifacts/2026-10-05-connection-workspace-authority/file-row-stability/file-row-stability-39-chain-supervision-73032-29.json
 create mode 100644 specs/artifacts/2026-10-05-connection-workspace-authority/file-row-stability/file-row-stability-39-chain-supervision-73032-3.json
 create mode 100644 specs/artifacts/2026-10-05-connection-workspace-authority/file-row-stability/file-row-stability-39-chain-supervision-73032-30.json
 create mode 100644 specs/artifacts/2026-10-05-connection-workspace-authority/file-row-stability/file-row-stability-39-chain-supervision-73032-31.json
 create mode 100644 specs/artifacts/2026-10-05-connection-workspace-authority/file-row-stability/file-row-stability-39-chain-supervision-73032-32.json
 create mode 100644 specs/artifacts/2026-10-05-connection-workspace-authority/file-row-stability/file-row-stability-39-chain-supervision-73032-33.json
 create mode 100644 specs/artifacts/2026-10-05-connection-workspace-authority/file-row-stability/file-row-stability-39-chain-supervision-73032-34.json
 create mode 100644 specs/artifacts/2026-10-05-connection-workspace-authority/file-row-stability/file-row-stability-39-chain-supervision-73032-35.json
 create mode 100644 specs/artifacts/2026-10-05-connection-workspace-authority/file-row-stability/file-row-stability-39-chain-supervision-73032-36.json
 create mode 100644 specs/artifacts/2026-10-05-connection-workspace-authority/file-row-stability/file-row-stability-39-chain-supervision-73032-37.json
 create mode 100644 specs/artifacts/2026-10-05-connection-workspace-authority/file-row-stability/file-row-stability-39-chain-supervision-73032-38.json
 create mode 100644 specs/artifacts/2026-10-05-connection-workspace-authority/file-row-stability/file-row-stability-39-chain-supervision-73032-39.json
 create mode 100644 specs/artifacts/2026-10-05-connection-workspace-authority/file-row-stability/file-row-stability-39-chain-supervision-73032-4.json
 create mode 100644 specs/artifacts/2026-10-05-connection-workspace-authority/file-row-stability/file-row-stability-39-chain-supervision-73032-40.json
 create mode 100644 specs/artifacts/2026-10-05-connection-workspace-authority/file-row-stability/file-row-stability-39-chain-supervision-73032-41.json
 create mode 100644 specs/artifacts/2026-10-05-connection-workspace-authority/file-row-stability/file-row-stability-39-chain-supervision-73032-42.json
 create mode 100644 specs/artifacts/2026-10-05-connection-workspace-authority/file-row-stability/file-row-stability-39-chain-supervision-73032-43.json
 create mode 100644 specs/artifacts/2026-10-05-connection-workspace-authority/file-row-stability/file-row-stability-39-chain-supervision-73032-44.json
 create mode 100644 specs/artifacts/2026-10-05-connection-workspace-authority/file-row-stability/file-row-stability-39-chain-supervision-73032-45.json
 create mode 100644 specs/artifacts/2026-10-05-connection-workspace-authority/file-row-stability/file-row-stability-39-chain-supervision-73032-46.json
 create mode 100644 specs/artifacts/2026-10-05-connection-workspace-authority/file-row-stability/file-row-stability-39-chain-supervision-73032-47.json
 create mode 100644 specs/artifacts/2026-10-05-connection-workspace-authority/file-row-stability/file-row-stability-39-chain-supervision-73032-48.json
 create mode 100644 specs/artifacts/2026-10-05-connection-workspace-authority/file-row-stability/file-row-stability-39-chain-supervision-73032-49.json
 create mode 100644 specs/artifacts/2026-10-05-connection-workspace-authority/file-row-stability/file-row-stability-39-chain-supervision-73032-5.json
 create mode 100644 specs/artifacts/2026-10-05-connection-workspace-authority/file-row-stability/file-row-stability-39-chain-supervision-73032-50.json
 create mode 100644 specs/artifacts/2026-10-05-connection-workspace-authority/file-row-stability/file-row-stability-39-chain-supervision-73032-51.json
 create mode 100644 specs/artifacts/2026-10-05-connection-workspace-authority/file-row-stability/file-row-stability-39-chain-supervision-73032-52.json
 create mode 100644 specs/artifacts/2026-10-05-connection-workspace-authority/file-row-stability/file-row-stability-39-chain-supervision-73032-53.json
 create mode 100644 specs/artifacts/2026-10-05-connection-workspace-authority/file-row-stability/file-row-stability-39-chain-supervision-73032-54.json
 create mode 100644 specs/artifacts/2026-10-05-connection-workspace-authority/file-row-stability/file-row-stability-39-chain-supervision-73032-55.json
 create mode 100644 specs/artifacts/2026-10-05-connection-workspace-authority/file-row-stability/file-row-stability-39-chain-supervision-73032-56.json
 create mode 100644 specs/artifacts/2026-10-05-connection-workspace-authority/file-row-stability/file-row-stability-39-chain-supervision-73032-57.json
 create mode 100644 specs/artifacts/2026-10-05-connection-workspace-authority/file-row-stability/file-row-stability-39-chain-supervision-73032-58.json
 create mode 100644 specs/artifacts/2026-10-05-connection-workspace-authority/file-row-stability/file-row-stability-39-chain-supervision-73032-59.json
 create mode 100644 specs/artifacts/2026-10-05-connection-workspace-authority/file-row-stability/file-row-stability-39-chain-supervision-73032-6.json
 create mode 100644 specs/artifacts/2026-10-05-connection-workspace-authority/file-row-stability/file-row-stability-39-chain-supervision-73032-60.json
 create mode 100644 specs/artifacts/2026-10-05-connection-workspace-authority/file-row-stability/file-row-stability-39-chain-supervision-73032-61.json
 create mode 100644 specs/artifacts/2026-10-05-connection-workspace-authority/file-row-stability/file-row-stability-39-chain-supervision-73032-62.json
 create mode 100644 specs/artifacts/2026-10-05-connection-workspace-authority/file-row-stability/file-row-stability-39-chain-supervision-73032-63.json
 create mode 100644 specs/artifacts/2026-10-05-connection-workspace-authority/file-row-stability/file-row-stability-39-chain-supervision-73032-64.json
 create mode 100644 specs/artifacts/2026-10-05-connection-workspace-authority/file-row-stability/file-row-stability-39-chain-supervision-73032-65.json
 create mode 100644 specs/artifacts/2026-10-05-connection-workspace-authority/file-row-stability/file-row-stability-39-chain-supervision-73032-66.json
 create mode 100644 specs/artifacts/2026-10-05-connection-workspace-authority/file-row-stability/file-row-stability-39-chain-supervision-73032-67.json
 create mode 100644 specs/artifacts/2026-10-05-connection-workspace-authority/file-row-stability/file-row-stability-39-chain-supervision-73032-68.json
 create mode 100644 specs/artifacts/2026-10-05-connection-workspace-authority/file-row-stability/file-row-stability-39-chain-supervision-73032-69.json
 create mode 100644 specs/artifacts/2026-10-05-connection-workspace-authority/file-row-stability/file-row-stability-39-chain-supervision-73032-7.json
 create mode 100644 specs/artifacts/2026-10-05-connection-workspace-authority/file-row-stability/file-row-stability-39-chain-supervision-73032-70.json
 create mode 100644 specs/artifacts/2026-10-05-connection-workspace-authority/file-row-stability/file-row-stability-39-chain-supervision-73032-71.json
 create mode 100644 specs/artifacts/2026-10-05-connection-workspace-authority/file-row-stability/file-row-stability-39-chain-supervision-73032-72.json
 create mode 100644 specs/artifacts/2026-10-05-connection-workspace-authority/file-row-stability/file-row-stability-39-chain-supervision-73032-73.json
 create mode 100644 specs/artifacts/2026-10-05-connection-workspace-authority/file-row-stability/file-row-stability-39-chain-supervision-73032-74.json
 create mode 100644 specs/artifacts/2026-10-05-connection-workspace-authority/file-row-stability/file-row-stability-39-chain-supervision-73032-75.json
 create mode 100644 specs/artifacts/2026-10-05-connection-workspace-authority/file-row-stability/file-row-stability-39-chain-supervision-73032-76.json
 create mode 100644 specs/artifacts/2026-10-05-connection-workspace-authority/file-row-stability/file-row-stability-39-chain-supervision-73032-77.json
 create mode 100644 specs/artifacts/2026-10-05-connection-workspace-authority/file-row-stability/file-row-stability-39-chain-supervision-73032-78.json
 create mode 100644 specs/artifacts/2026-10-05-connection-workspace-authority/file-row-stability/file-row-stability-39-chain-supervision-73032-79.json
 create mode 100644 specs/artifacts/2026-10-05-connection-workspace-authority/file-row-stability/file-row-stability-39-chain-supervision-73032-8.json
 create mode 100644 specs/artifacts/2026-10-05-connection-workspace-authority/file-row-stability/file-row-stability-39-chain-supervision-73032-80.json
 create mode 100644 specs/artifacts/2026-10-05-connection-workspace-authority/file-row-stability/file-row-stability-39-chain-supervision-73032-81.json
 create mode 100644 specs/artifacts/2026-10-05-connection-workspace-authority/file-row-stability/file-row-stability-39-chain-supervision-73032-82.json
 create mode 100644 specs/artifacts/2026-10-05-connection-workspace-authority/file-row-stability/file-row-stability-39-chain-supervision-73032-83.json
 create mode 100644 specs/artifacts/2026-10-05-connection-workspace-authority/file-row-stability/file-row-stability-39-chain-supervision-73032-84.json
 create mode 100644 specs/artifacts/2026-10-05-connection-workspace-authority/file-row-stability/file-row-stability-39-chain-supervision-73032-85.json
 create mode 100644 specs/artifacts/2026-10-05-connection-workspace-authority/file-row-stability/file-row-stability-39-chain-supervision-73032-86.json
 create mode 100644 specs/artifacts/2026-10-05-connection-workspace-authority/file-row-stability/file-row-stability-39-chain-supervision-73032-87.json
 create mode 100644 specs/artifacts/2026-10-05-connection-workspace-authority/file-row-stability/file-row-stability-39-chain-supervision-73032-88.json
 create mode 100644 specs/artifacts/2026-10-05-connection-workspace-authority/file-row-stability/file-row-stability-39-chain-supervision-73032-89.json
 create mode 100644 specs/artifacts/2026-10-05-connection-workspace-authority/file-row-stability/file-row-stability-39-chain-supervision-73032-9.json
 create mode 100644 specs/artifacts/2026-10-05-connection-workspace-authority/file-row-stability/file-row-stability-39-chain-supervision-73032-90.json
 create mode 100644 specs/artifacts/2026-10-05-connection-workspace-authority/file-row-stability/file-row-stability-39-chain-supervision-73032-91.json
 create mode 100644 specs/artifacts/2026-10-05-connection-workspace-authority/file-row-stability/file-row-stability-39-chain-supervision-73032-92.json
 create mode 100644 specs/artifacts/2026-10-05-connection-workspace-authority/file-row-stability/file-row-stability-39-chain-supervision-73032-93.json
 create mode 100644 specs/artifacts/2026-10-05-connection-workspace-authority/file-row-stability/file-row-stability-39-chain-supervision-73032-94.json
 create mode 100644 specs/artifacts/2026-10-05-connection-workspace-authority/file-row-stability/file-row-stability-39-chain-supervision-73032-95.json
 create mode 100644 specs/artifacts/2026-10-05-connection-workspace-authority/file-row-stability/file-row-stability-39-chain-supervision-73032-96.json
 create mode 100644 specs/artifacts/2026-10-05-connection-workspace-authority/file-row-stability/file-row-stability-39-chain-supervision-73032-97.json
 create mode 100644 specs/artifacts/2026-10-05-connection-workspace-authority/file-row-stability/file-row-stability-39-chain-supervision-73032-98.json
 create mode 100644 specs/artifacts/2026-10-05-connection-workspace-authority/file-row-stability/file-row-stability-39-chain-supervision-73032-99.json
 create mode 100644 specs/artifacts/2026-10-05-connection-workspace-authority/file-row-stability/file-row-stability-39-final-provider-audit.json
 create mode 100644 specs/artifacts/2026-10-05-connection-workspace-authority/file-row-stability/file-row-stability-39-physical-terminal-and-pair-cleanup.json
 create mode 100644 specs/artifacts/2026-10-05-connection-workspace-authority/file-row-stability/file-row-stability-39-settlement-owner.json
 create mode 100644 specs/artifacts/2026-10-05-connection-workspace-authority/file-row-stability/file-row-stability-39-shutdown-admission.json
 create mode 100644 specs/artifacts/2026-10-05-connection-workspace-authority/file-row-stability/format.log
 create mode 100644 specs/artifacts/2026-10-05-connection-workspace-authority/file-row-stability/prior-38-normal-commit.log
 create mode 100644 specs/artifacts/2026-10-05-connection-workspace-authority/file-row-stability/prior-38-normal-fetch.log
 create mode 100644 specs/artifacts/2026-10-05-connection-workspace-authority/file-row-stability/prior-38-normal-merge.log
 create mode 100644 specs/artifacts/2026-10-05-connection-workspace-authority/file-row-stability/prior-38-normal-outgoing.log
 create mode 100644 specs/artifacts/2026-10-05-connection-workspace-authority/file-row-stability/prior-38-normal-push.log
 create mode 100644 specs/artifacts/2026-10-05-connection-workspace-authority/file-row-stability/runtime-evidence-39/authority-ready.json
 create mode 100644 specs/artifacts/2026-10-05-connection-workspace-authority/file-row-stability/runtime-evidence-39/launch-owner.json
 create mode 100644 specs/artifacts/2026-10-05-connection-workspace-authority/file-row-stability/runtime-evidence-39/managed-parent-ready.json
 create mode 100644 specs/artifacts/2026-10-05-connection-workspace-authority/file-row-stability/runtime-evidence-39/native-host-ready.json
 create mode 100644 specs/artifacts/2026-10-05-connection-workspace-authority/file-row-stability/runtime-evidence-39/native-host-settled.json
 create mode 100644 specs/artifacts/2026-10-05-connection-workspace-authority/file-row-stability/runtime-evidence-39/owned-config-hierarchy.json
 create mode 100644 specs/artifacts/2026-10-05-connection-workspace-authority/file-row-stability/runtime-evidence-39/preflight-ready.json
 create mode 100644 specs/artifacts/2026-10-05-connection-workspace-authority/file-row-stability/runtime-evidence-39/project-baseline.json
 create mode 100644 specs/artifacts/2026-10-05-connection-workspace-authority/file-row-stability/runtime-evidence-39/provider-20328-4e4eb2cc-a2af-4228-8c05-3e697dae39c4-1.json
 create mode 100644 specs/artifacts/2026-10-05-connection-workspace-authority/file-row-stability/runtime-evidence-39/provider-20328-4e4eb2cc-a2af-4228-8c05-3e697dae39c4-10.json
 create mode 100644 specs/artifacts/2026-10-05-connection-workspace-authority/file-row-stability/runtime-evidence-39/provider-20328-4e4eb2cc-a2af-4228-8c05-3e697dae39c4-100.json
 create mode 100644 specs/artifacts/2026-10-05-connection-workspace-authority/file-row-stability/runtime-evidence-39/provider-20328-4e4eb2cc-a2af-4228-8c05-3e697dae39c4-101.json
 create mode 100644 specs/artifacts/2026-10-05-connection-workspace-authority/file-row-stability/runtime-evidence-39/provider-20328-4e4eb2cc-a2af-4228-8c05-3e697dae39c4-102.json
 create mode 100644 specs/artifacts/2026-10-05-connection-workspace-authority/file-row-stability/runtime-evidence-39/provider-20328-4e4eb2cc-a2af-4228-8c05-3e697dae39c4-103.json
 create mode 100644 specs/artifacts/2026-10-05-connection-workspace-authority/file-row-stability/runtime-evidence-39/provider-20328-4e4eb2cc-a2af-4228-8c05-3e697dae39c4-104.json
 create mode 100644 specs/artifacts/2026-10-05-connection-workspace-authority/file-row-stability/runtime-evidence-39/provider-20328-4e4eb2cc-a2af-4228-8c05-3e697dae39c4-105.json
 create mode 100644 specs/artifacts/2026-10-05-connection-workspace-authority/file-row-stability/runtime-evidence-39/provider-20328-4e4eb2cc-a2af-4228-8c05-3e697dae39c4-106.json
 create mode 100644 specs/artifacts/2026-10-05-connection-workspace-authority/file-row-stability/runtime-evidence-39/provider-20328-4e4eb2cc-a2af-4228-8c05-3e697dae39c4-107.json
 create mode 100644 specs/artifacts/2026-10-05-connection-workspace-authority/file-row-stability/runtime-evidence-39/provider-20328-4e4eb2cc-a2af-4228-8c05-3e697dae39c4-108.json
 create mode 100644 specs/artifacts/2026-10-05-connection-workspace-authority/file-row-stability/runtime-evidence-39/provider-20328-4e4eb2cc-a2af-4228-8c05-3e697dae39c4-109.json
 create mode 100644 specs/artifacts/2026-10-05-connection-workspace-authority/file-row-stability/runtime-evidence-39/provider-20328-4e4eb2cc-a2af-4228-8c05-3e697dae39c4-11.json
 create mode 100644 specs/artifacts/2026-10-05-connection-workspace-authority/file-row-stability/runtime-evidence-39/provider-20328-4e4eb2cc-a2af-4228-8c05-3e697dae39c4-110.json
 create mode 100644 specs/artifacts/2026-10-05-connection-workspace-authority/file-row-stability/runtime-evidence-39/provider-20328-4e4eb2cc-a2af-4228-8c05-3e697dae39c4-111.json
 create mode 100644 specs/artifacts/2026-10-05-connection-workspace-authority/file-row-stability/runtime-evidence-39/provider-20328-4e4eb2cc-a2af-4228-8c05-3e697dae39c4-112.json
 create mode 100644 specs/artifacts/2026-10-05-connection-workspace-authority/file-row-stability/runtime-evidence-39/provider-20328-4e4eb2cc-a2af-4228-8c05-3e697dae39c4-113.json
 create mode 100644 specs/artifacts/2026-10-05-connection-workspace-authority/file-row-stability/runtime-evidence-39/provider-20328-4e4eb2cc-a2af-4228-8c05-3e697dae39c4-114.json
 create mode 100644 specs/artifacts/2026-10-05-connection-workspace-authority/file-row-stability/runtime-evidence-39/provider-20328-4e4eb2cc-a2af-4228-8c05-3e697dae39c4-115.json
 create mode 100644 specs/artifacts/2026-10-05-connection-workspace-authority/file-row-stability/runtime-evidence-39/provider-20328-4e4eb2cc-a2af-4228-8c05-3e697dae39c4-116.json
 create mode 100644 specs/artifacts/2026-10-05-connection-workspace-authority/file-row-stability/runtime-evidence-39/provider-20328-4e4eb2cc-a2af-4228-8c05-3e697dae39c4-117.json
 create mode 100644 specs/artifacts/2026-10-05-connection-workspace-authority/file-row-stability/runtime-evidence-39/provider-20328-4e4eb2cc-a2af-4228-8c05-3e697dae39c4-118.json
 create mode 100644 specs/artifacts/2026-10-05-connection-workspace-authority/file-row-stability/runtime-evidence-39/provider-20328-4e4eb2cc-a2af-4228-8c05-3e697dae39c4-119.json
 create mode 100644 specs/artifacts/2026-10-05-connection-workspace-authority/file-row-stability/runtime-evidence-39/provider-20328-4e4eb2cc-a2af-4228-8c05-3e697dae39c4-12.json
 create mode 100644 specs/artifacts/2026-10-05-connection-workspace-authority/file-row-stability/runtime-evidence-39/provider-20328-4e4eb2cc-a2af-4228-8c05-3e697dae39c4-120.json
 create mode 100644 specs/artifacts/2026-10-05-connection-workspace-authority/file-row-stability/runtime-evidence-39/provider-20328-4e4eb2cc-a2af-4228-8c05-3e697dae39c4-121.json
 create mode 100644 specs/artifacts/2026-10-05-connection-workspace-authority/file-row-stability/runtime-evidence-39/provider-20328-4e4eb2cc-a2af-4228-8c05-3e697dae39c4-122.json
 create mode 100644 specs/artifacts/2026-10-05-connection-workspace-authority/file-row-stability/runtime-evidence-39/provider-20328-4e4eb2cc-a2af-4228-8c05-3e697dae39c4-123.json
 create mode 100644 specs/artifacts/2026-10-05-connection-workspace-authority/file-row-stability/runtime-evidence-39/provider-20328-4e4eb2cc-a2af-4228-8c05-3e697dae39c4-124.json
 create mode 100644 specs/artifacts/2026-10-05-connection-workspace-authority/file-row-stability/runtime-evidence-39/provider-20328-4e4eb2cc-a2af-4228-8c05-3e697dae39c4-125.json
 create mode 100644 specs/artifacts/2026-10-05-connection-workspace-authority/file-row-stability/runtime-evidence-39/provider-20328-4e4eb2cc-a2af-4228-8c05-3e697dae39c4-126.json
 create mode 100644 specs/artifacts/2026-10-05-connection-workspace-authority/file-row-stability/runtime-evidence-39/provider-20328-4e4eb2cc-a2af-4228-8c05-3e697dae39c4-127.json
 create mode 100644 specs/artifacts/2026-10-05-connection-workspace-authority/file-row-stability/runtime-evidence-39/provider-20328-4e4eb2cc-a2af-4228-8c05-3e697dae39c4-128.json
 create mode 100644 specs/artifacts/2026-10-05-connection-workspace-authority/file-row-stability/runtime-evidence-39/provider-20328-4e4eb2cc-a2af-4228-8c05-3e697dae39c4-129.json
 create mode 100644 specs/artifacts/2026-10-05-connection-workspace-authority/file-row-stability/runtime-evidence-39/provider-20328-4e4eb2cc-a2af-4228-8c05-3e697dae39c4-13.json
 create mode 100644 specs/artifacts/2026-10-05-connection-workspace-authority/file-row-stability/runtime-evidence-39/provider-20328-4e4eb2cc-a2af-4228-8c05-3e697dae39c4-130.json
 create mode 100644 specs/artifacts/2026-10-05-connection-workspace-authority/file-row-stability/runtime-evidence-39/provider-20328-4e4eb2cc-a2af-4228-8c05-3e697dae39c4-131.json
 create mode 100644 specs/artifacts/2026-10-05-connection-workspace-authority/file-row-stability/runtime-evidence-39/provider-20328-4e4eb2cc-a2af-4228-8c05-3e697dae39c4-132.json
 create mode 100644 specs/artifacts/2026-10-05-connection-workspace-authority/file-row-stability/runtime-evidence-39/provider-20328-4e4eb2cc-a2af-4228-8c05-3e697dae39c4-133.json
 create mode 100644 specs/artifacts/2026-10-05-connection-workspace-authority/file-row-stability/runtime-evidence-39/provider-20328-4e4eb2cc-a2af-4228-8c05-3e697dae39c4-134.json
 create mode 100644 specs/artifacts/2026-10-05-connection-workspace-authority/file-row-stability/runtime-evidence-39/provider-20328-4e4eb2cc-a2af-4228-8c05-3e697dae39c4-135.json
 create mode 100644 specs/artifacts/2026-10-05-connection-workspace-authority/file-row-stability/runtime-evidence-39/provider-20328-4e4eb2cc-a2af-4228-8c05-3e697dae39c4-136.json
 create mode 100644 specs/artifacts/2026-10-05-connection-workspace-authority/file-row-stability/runtime-evidence-39/provider-20328-4e4eb2cc-a2af-4228-8c05-3e697dae39c4-137.json
 create mode 100644 specs/artifacts/2026-10-05-connection-workspace-authority/file-row-stability/runtime-evidence-39/provider-20328-4e4eb2cc-a2af-4228-8c05-3e697dae39c4-138.json
 create mode 100644 specs/artifacts/2026-10-05-connection-workspace-authority/file-row-stability/runtime-evidence-39/provider-20328-4e4eb2cc-a2af-4228-8c05-3e697dae39c4-139.json
 create mode 100644 specs/artifacts/2026-10-05-connection-workspace-authority/file-row-stability/runtime-evidence-39/provider-20328-4e4eb2cc-a2af-4228-8c05-3e697dae39c4-14.json
 create mode 100644 specs/artifacts/2026-10-05-connection-workspace-authority/file-row-stability/runtime-evidence-39/provider-20328-4e4eb2cc-a2af-4228-8c05-3e697dae39c4-140.json
 create mode 100644 specs/artifacts/2026-10-05-connection-workspace-authority/file-row-stability/runtime-evidence-39/provider-20328-4e4eb2cc-a2af-4228-8c05-3e697dae39c4-141.json
 create mode 100644 specs/artifacts/2026-10-05-connection-workspace-authority/file-row-stability/runtime-evidence-39/provider-20328-4e4eb2cc-a2af-4228-8c05-3e697dae39c4-142.json
 create mode 100644 specs/artifacts/2026-10-05-connection-workspace-authority/file-row-stability/runtime-evidence-39/provider-20328-4e4eb2cc-a2af-4228-8c05-3e697dae39c4-143.json
 create mode 100644 specs/artifacts/2026-10-05-connection-workspace-authority/file-row-stability/runtime-evidence-39/provider-20328-4e4eb2cc-a2af-4228-8c05-3e697dae39c4-144.json
 create mode 100644 specs/artifacts/2026-10-05-connection-workspace-authority/file-row-stability/runtime-evidence-39/provider-20328-4e4eb2cc-a2af-4228-8c05-3e697dae39c4-145.json
 create mode 100644 specs/artifacts/2026-10-05-connection-workspace-authority/file-row-stability/runtime-evidence-39/provider-20328-4e4eb2cc-a2af-4228-8c05-3e697dae39c4-146.json
 create mode 100644 specs/artifacts/2026-10-05-connection-workspace-authority/file-row-stability/runtime-evidence-39/provider-20328-4e4eb2cc-a2af-4228-8c05-3e697dae39c4-147.json
 create mode 100644 specs/artifacts/2026-10-05-connection-workspace-authority/file-row-stability/runtime-evidence-39/provider-20328-4e4eb2cc-a2af-4228-8c05-3e697dae39c4-148.json
 create mode 100644 specs/artifacts/2026-10-05-connection-workspace-authority/file-row-stability/runtime-evidence-39/provider-20328-4e4eb2cc-a2af-4228-8c05-3e697dae39c4-149.json
 create mode 100644 specs/artifacts/2026-10-05-connection-workspace-authority/file-row-stability/runtime-evidence-39/provider-20328-4e4eb2cc-a2af-4228-8c05-3e697dae39c4-15.json
 create mode 100644 specs/artifacts/2026-10-05-connection-workspace-authority/file-row-stability/runtime-evidence-39/provider-20328-4e4eb2cc-a2af-4228-8c05-3e697dae39c4-150.json
 create mode 100644 specs/artifacts/2026-10-05-connection-workspace-authority/file-row-stability/runtime-evidence-39/provider-20328-4e4eb2cc-a2af-4228-8c05-3e697dae39c4-151.json
 create mode 100644 specs/artifacts/2026-10-05-connection-workspace-authority/file-row-stability/runtime-evidence-39/provider-20328-4e4eb2cc-a2af-4228-8c05-3e697dae39c4-152.json
 create mode 100644 specs/artifacts/2026-10-05-connection-workspace-authority/file-row-stability/runtime-evidence-39/provider-20328-4e4eb2cc-a2af-4228-8c05-3e697dae39c4-153.json
 create mode 100644 specs/artifacts/2026-10-05-connection-workspace-authority/file-row-stability/runtime-evidence-39/provider-20328-4e4eb2cc-a2af-4228-8c05-3e697dae39c4-154.json
 create mode 100644 specs/artifacts/2026-10-05-connection-workspace-authority/file-row-stability/runtime-evidence-39/provider-20328-4e4eb2cc-a2af-4228-8c05-3e697dae39c4-155.json
 create mode 100644 specs/artifacts/2026-10-05-connection-workspace-authority/file-row-stability/runtime-evidence-39/provider-20328-4e4eb2cc-a2af-4228-8c05-3e697dae39c4-156.json
 create mode 100644 specs/artifacts/2026-10-05-connection-workspace-authority/file-row-stability/runtime-evidence-39/provider-20328-4e4eb2cc-a2af-4228-8c05-3e697dae39c4-157.json
 create mode 100644 specs/artifacts/2026-10-05-connection-workspace-authority/file-row-stability/runtime-evidence-39/provider-20328-4e4eb2cc-a2af-4228-8c05-3e697dae39c4-158.json
 create mode 100644 specs/artifacts/2026-10-05-connection-workspace-authority/file-row-stability/runtime-evidence-39/provider-20328-4e4eb2cc-a2af-4228-8c05-3e697dae39c4-159.json
 create mode 100644 specs/artifacts/2026-10-05-connection-workspace-authority/file-row-stability/runtime-evidence-39/provider-20328-4e4eb2cc-a2af-4228-8c05-3e697dae39c4-16.json
 create mode 100644 specs/artifacts/2026-10-05-connection-workspace-authority/file-row-stability/runtime-evidence-39/provider-20328-4e4eb2cc-a2af-4228-8c05-3e697dae39c4-160.json
 create mode 100644 specs/artifacts/2026-10-05-connection-workspace-authority/file-row-stability/runtime-evidence-39/provider-20328-4e4eb2cc-a2af-4228-8c05-3e697dae39c4-161.json
 create mode 100644 specs/artifacts/2026-10-05-connection-workspace-authority/file-row-stability/runtime-evidence-39/provider-20328-4e4eb2cc-a2af-4228-8c05-3e697dae39c4-162.json
 create mode 100644 specs/artifacts/2026-10-05-connection-workspace-authority/file-row-stability/runtime-evidence-39/provider-20328-4e4eb2cc-a2af-4228-8c05-3e697dae39c4-163.json
 create mode 100644 specs/artifacts/2026-10-05-connection-workspace-authority/file-row-stability/runtime-evidence-39/provider-20328-4e4eb2cc-a2af-4228-8c05-3e697dae39c4-164.json
 create mode 100644 specs/artifacts/2026-10-05-connection-workspace-authority/file-row-stability/runtime-evidence-39/provider-20328-4e4eb2cc-a2af-4228-8c05-3e697dae39c4-165.json
 create mode 100644 specs/artifacts/2026-10-05-connection-workspace-authority/file-row-stability/runtime-evidence-39/provider-20328-4e4eb2cc-a2af-4228-8c05-3e697dae39c4-166.json
 create mode 100644 specs/artifacts/2026-10-05-connection-workspace-authority/file-row-stability/runtime-evidence-39/provider-20328-4e4eb2cc-a2af-4228-8c05-3e697dae39c4-167.json
 create mode 100644 specs/artifacts/2026-10-05-connection-workspace-authority/file-row-stability/runtime-evidence-39/provider-20328-4e4eb2cc-a2af-4228-8c05-3e697dae39c4-168.json
 create mode 100644 specs/artifacts/2026-10-05-connection-workspace-authority/file-row-stability/runtime-evidence-39/provider-20328-4e4eb2cc-a2af-4228-8c05-3e697dae39c4-169.json
 create mode 100644 specs/artifacts/2026-10-05-connection-workspace-authority/file-row-stability/runtime-evidence-39/provider-20328-4e4eb2cc-a2af-4228-8c05-3e697dae39c4-17.json
 create mode 100644 specs/artifacts/2026-10-05-connection-workspace-authority/file-row-stability/runtime-evidence-39/provider-20328-4e4eb2cc-a2af-4228-8c05-3e697dae39c4-170.json
 create mode 100644 specs/artifacts/2026-10-05-connection-workspace-authority/file-row-stability/runtime-evidence-39/provider-20328-4e4eb2cc-a2af-4228-8c05-3e697dae39c4-171.json
 create mode 100644 specs/artifacts/2026-10-05-connection-workspace-authority/file-row-stability/runtime-evidence-39/provider-20328-4e4eb2cc-a2af-4228-8c05-3e697dae39c4-172.json
 create mode 100644 specs/artifacts/2026-10-05-connection-workspace-authority/file-row-stability/runtime-evidence-39/provider-20328-4e4eb2cc-a2af-4228-8c05-3e697dae39c4-173.json
 create mode 100644 specs/artifacts/2026-10-05-connection-workspace-authority/file-row-stability/runtime-evidence-39/provider-20328-4e4eb2cc-a2af-4228-8c05-3e697dae39c4-174.json
 create mode 100644 specs/artifacts/2026-10-05-connection-workspace-authority/file-row-stability/runtime-evidence-39/provider-20328-4e4eb2cc-a2af-4228-8c05-3e697dae39c4-175.json
 create mode 100644 specs/artifacts/2026-10-05-connection-workspace-authority/file-row-stability/runtime-evidence-39/provider-20328-4e4eb2cc-a2af-4228-8c05-3e697dae39c4-176.json
 create mode 100644 specs/artifacts/2026-10-05-connection-workspace-authority/file-row-stability/runtime-evidence-39/provider-20328-4e4eb2cc-a2af-4228-8c05-3e697dae39c4-177.json
 create mode 100644 specs/artifacts/2026-10-05-connection-workspace-authority/file-row-stability/runtime-evidence-39/provider-20328-4e4eb2cc-a2af-4228-8c05-3e697dae39c4-178.json
 create mode 100644 specs/artifacts/2026-10-05-connection-workspace-authority/file-row-stability/runtime-evidence-39/provider-20328-4e4eb2cc-a2af-4228-8c05-3e697dae39c4-179.json
 create mode 100644 specs/artifacts/2026-10-05-connection-workspace-authority/file-row-stability/runtime-evidence-39/provider-20328-4e4eb2cc-a2af-4228-8c05-3e697dae39c4-18.json
 create mode 100644 specs/artifacts/2026-10-05-connection-workspace-authority/file-row-stability/runtime-evidence-39/provider-20328-4e4eb2cc-a2af-4228-8c05-3e697dae39c4-180.json
 create mode 100644 specs/artifacts/2026-10-05-connection-workspace-authority/file-row-stability/runtime-evidence-39/provider-20328-4e4eb2cc-a2af-4228-8c05-3e697dae39c4-181.json
 create mode 100644 specs/artifacts/2026-10-05-connection-workspace-authority/file-row-stability/runtime-evidence-39/provider-20328-4e4eb2cc-a2af-4228-8c05-3e697dae39c4-182.json
 create mode 100644 specs/artifacts/2026-10-05-connection-workspace-authority/file-row-stability/runtime-evidence-39/provider-20328-4e4eb2cc-a2af-4228-8c05-3e697dae39c4-183.json
 create mode 100644 specs/artifacts/2026-10-05-connection-workspace-authority/file-row-stability/runtime-evidence-39/provider-20328-4e4eb2cc-a2af-4228-8c05-3e697dae39c4-184.json
 create mode 100644 specs/artifacts/2026-10-05-connection-workspace-authority/file-row-stability/runtime-evidence-39/provider-20328-4e4eb2cc-a2af-4228-8c05-3e697dae39c4-185.json
 create mode 100644 specs/artifacts/2026-10-05-connection-workspace-authority/file-row-stability/runtime-evidence-39/provider-20328-4e4eb2cc-a2af-4228-8c05-3e697dae39c4-186.json
 create mode 100644 specs/artifacts/2026-10-05-connection-workspace-authority/file-row-stability/runtime-evidence-39/provider-20328-4e4eb2cc-a2af-4228-8c05-3e697dae39c4-187.json
 create mode 100644 specs/artifacts/2026-10-05-connection-workspace-authority/file-row-stability/runtime-evidence-39/provider-20328-4e4eb2cc-a2af-4228-8c05-3e697dae39c4-19.json
 create mode 100644 specs/artifacts/2026-10-05-connection-workspace-authority/file-row-stability/runtime-evidence-39/provider-20328-4e4eb2cc-a2af-4228-8c05-3e697dae39c4-2.json
 create mode 100644 specs/artifacts/2026-10-05-connection-workspace-authority/file-row-stability/runtime-evidence-39/provider-20328-4e4eb2cc-a2af-4228-8c05-3e697dae39c4-20.json
 create mode 100644 specs/artifacts/2026-10-05-connection-workspace-authority/file-row-stability/runtime-evidence-39/provider-20328-4e4eb2cc-a2af-4228-8c05-3e697dae39c4-21.json
 create mode 100644 specs/artifacts/2026-10-05-connection-workspace-authority/file-row-stability/runtime-evidence-39/provider-20328-4e4eb2cc-a2af-4228-8c05-3e697dae39c4-22.json
 create mode 100644 specs/artifacts/2026-10-05-connection-workspace-authority/file-row-stability/runtime-evidence-39/provider-20328-4e4eb2cc-a2af-4228-8c05-3e697dae39c4-23.json
 create mode 100644 specs/artifacts/2026-10-05-connection-workspace-authority/file-row-stability/runtime-evidence-39/provider-20328-4e4eb2cc-a2af-4228-8c05-3e697dae39c4-24.json
 create mode 100644 specs/artifacts/2026-10-05-connection-workspace-authority/file-row-stability/runtime-evidence-39/provider-20328-4e4eb2cc-a2af-4228-8c05-3e697dae39c4-25.json
 create mode 100644 specs/artifacts/2026-10-05-connection-workspace-authority/file-row-stability/runtime-evidence-39/provider-20328-4e4eb2cc-a2af-4228-8c05-3e697dae39c4-26.json
 create mode 100644 specs/artifacts/2026-10-05-connection-workspace-authority/file-row-stability/runtime-evidence-39/provider-20328-4e4eb2cc-a2af-4228-8c05-3e697dae39c4-27.json
 create mode 100644 specs/artifacts/2026-10-05-connection-workspace-authority/file-row-stability/runtime-evidence-39/provider-20328-4e4eb2cc-a2af-4228-8c05-3e697dae39c4-28.json
 create mode 100644 specs/artifacts/2026-10-05-connection-workspace-authority/file-row-stability/runtime-evidence-39/provider-20328-4e4eb2cc-a2af-4228-8c05-3e697dae39c4-29.json
 create mode 100644 specs/artifacts/2026-10-05-connection-workspace-authority/file-row-stability/runtime-evidence-39/provider-20328-4e4eb2cc-a2af-4228-8c05-3e697dae39c4-3.json
 create mode 100644 specs/artifacts/2026-10-05-connection-workspace-authority/file-row-stability/runtime-evidence-39/provider-20328-4e4eb2cc-a2af-4228-8c05-3e697dae39c4-30.json
 create mode 100644 specs/artifacts/2026-10-05-connection-workspace-authority/file-row-stability/runtime-evidence-39/provider-20328-4e4eb2cc-a2af-4228-8c05-3e697dae39c4-31.json
 create mode 100644 specs/artifacts/2026-10-05-connection-workspace-authority/file-row-stability/runtime-evidence-39/provider-20328-4e4eb2cc-a2af-4228-8c05-3e697dae39c4-32.json
 create mode 100644 specs/artifacts/2026-10-05-connection-workspace-authority/file-row-stability/runtime-evidence-39/provider-20328-4e4eb2cc-a2af-4228-8c05-3e697dae39c4-33.json
 create mode 100644 specs/artifacts/2026-10-05-connection-workspace-authority/file-row-stability/runtime-evidence-39/provider-20328-4e4eb2cc-a2af-4228-8c05-3e697dae39c4-34.json
 create mode 100644 specs/artifacts/2026-10-05-connection-workspace-authority/file-row-stability/runtime-evidence-39/provider-20328-4e4eb2cc-a2af-4228-8c05-3e697dae39c4-35.json
 create mode 100644 specs/artifacts/2026-10-05-connection-workspace-authority/file-row-stability/runtime-evidence-39/provider-20328-4e4eb2cc-a2af-4228-8c05-3e697dae39c4-36.json
 create mode 100644 specs/artifacts/2026-10-05-connection-workspace-authority/file-row-stability/runtime-evidence-39/provider-20328-4e4eb2cc-a2af-4228-8c05-3e697dae39c4-37.json
 create mode 100644 specs/artifacts/2026-10-05-connection-workspace-authority/file-row-stability/runtime-evidence-39/provider-20328-4e4eb2cc-a2af-4228-8c05-3e697dae39c4-38.json
 create mode 100644 specs/artifacts/2026-10-05-connection-workspace-authority/file-row-stability/runtime-evidence-39/provider-20328-4e4eb2cc-a2af-4228-8c05-3e697dae39c4-39.json
 create mode 100644 specs/artifacts/2026-10-05-connection-workspace-authority/file-row-stability/runtime-evidence-39/provider-20328-4e4eb2cc-a2af-4228-8c05-3e697dae39c4-4.json
 create mode 100644 specs/artifacts/2026-10-05-connection-workspace-authority/file-row-stability/runtime-evidence-39/provider-20328-4e4eb2cc-a2af-4228-8c05-3e697dae39c4-40.json
 create mode 100644 specs/artifacts/2026-10-05-connection-workspace-authority/file-row-stability/runtime-evidence-39/provider-20328-4e4eb2cc-a2af-4228-8c05-3e697dae39c4-41.json
 create mode 100644 specs/artifacts/2026-10-05-connection-workspace-authority/file-row-stability/runtime-evidence-39/provider-20328-4e4eb2cc-a2af-4228-8c05-3e697dae39c4-42.json
 create mode 100644 specs/artifacts/2026-10-05-connection-workspace-authority/file-row-stability/runtime-evidence-39/provider-20328-4e4eb2cc-a2af-4228-8c05-3e697dae39c4-43.json
 create mode 100644 specs/artifacts/2026-10-05-connection-workspace-authority/file-row-stability/runtime-evidence-39/provider-20328-4e4eb2cc-a2af-4228-8c05-3e697dae39c4-44.json
 create mode 100644 specs/artifacts/2026-10-05-connection-workspace-authority/file-row-stability/runtime-evidence-39/provider-20328-4e4eb2cc-a2af-4228-8c05-3e697dae39c4-45.json
 create mode 100644 specs/artifacts/2026-10-05-connection-workspace-authority/file-row-stability/runtime-evidence-39/provider-20328-4e4eb2cc-a2af-4228-8c05-3e697dae39c4-46.json
 create mode 100644 specs/artifacts/2026-10-05-connection-workspace-authority/file-row-stability/runtime-evidence-39/provider-20328-4e4eb2cc-a2af-4228-8c05-3e697dae39c4-47.json
 create mode 100644 specs/artifacts/2026-10-05-connection-workspace-authority/file-row-stability/runtime-evidence-39/provider-20328-4e4eb2cc-a2af-4228-8c05-3e697dae39c4-48.json
 create mode 100644 specs/artifacts/2026-10-05-connection-workspace-authority/file-row-stability/runtime-evidence-39/provider-20328-4e4eb2cc-a2af-4228-8c05-3e697dae39c4-49.json
 create mode 100644 specs/artifacts/2026-10-05-connection-workspace-authority/file-row-stability/runtime-evidence-39/provider-20328-4e4eb2cc-a2af-4228-8c05-3e697dae39c4-5.json
 create mode 100644 specs/artifacts/2026-10-05-connection-workspace-authority/file-row-stability/runtime-evidence-39/provider-20328-4e4eb2cc-a2af-4228-8c05-3e697dae39c4-50.json
 create mode 100644 specs/artifacts/2026-10-05-connection-workspace-authority/file-row-stability/runtime-evidence-39/provider-20328-4e4eb2cc-a2af-4228-8c05-3e697dae39c4-51.json
 create mode 100644 specs/artifacts/2026-10-05-connection-workspace-authority/file-row-stability/runtime-evidence-39/provider-20328-4e4eb2cc-a2af-4228-8c05-3e697dae39c4-52.json
 create mode 100644 specs/artifacts/2026-10-05-connection-workspace-authority/file-row-stability/runtime-evidence-39/provider-20328-4e4eb2cc-a2af-4228-8c05-3e697dae39c4-53.json
 create mode 100644 specs/artifacts/2026-10-05-connection-workspace-authority/file-row-stability/runtime-evidence-39/provider-20328-4e4eb2cc-a2af-4228-8c05-3e697dae39c4-54.json
 create mode 100644 specs/artifacts/2026-10-05-connection-workspace-authority/file-row-stability/runtime-evidence-39/provider-20328-4e4eb2cc-a2af-4228-8c05-3e697dae39c4-55.json
 create mode 100644 specs/artifacts/2026-10-05-connection-workspace-authority/file-row-stability/runtime-evidence-39/provider-20328-4e4eb2cc-a2af-4228-8c05-3e697dae39c4-56.json
 create mode 100644 specs/artifacts/2026-10-05-connection-workspace-authority/file-row-stability/runtime-evidence-39/provider-20328-4e4eb2cc-a2af-4228-8c05-3e697dae39c4-57.json
 create mode 100644 specs/artifacts/2026-10-05-connection-workspace-authority/file-row-stability/runtime-evidence-39/provider-20328-4e4eb2cc-a2af-4228-8c05-3e697dae39c4-58.json
 create mode 100644 specs/artifacts/2026-10-05-connection-workspace-authority/file-row-stability/runtime-evidence-39/provider-20328-4e4eb2cc-a2af-4228-8c05-3e697dae39c4-59.json
 create mode 100644 specs/artifacts/2026-10-05-connection-workspace-authority/file-row-stability/runtime-evidence-39/provider-20328-4e4eb2cc-a2af-4228-8c05-3e697dae39c4-6.json
 create mode 100644 specs/artifacts/2026-10-05-connection-workspace-authority/file-row-stability/runtime-evidence-39/provider-20328-4e4eb2cc-a2af-4228-8c05-3e697dae39c4-60.json
 create mode 100644 specs/artifacts/2026-10-05-connection-workspace-authority/file-row-stability/runtime-evidence-39/provider-20328-4e4eb2cc-a2af-4228-8c05-3e697dae39c4-61.json
 create mode 100644 specs/artifacts/2026-10-05-connection-workspace-authority/file-row-stability/runtime-evidence-39/provider-20328-4e4eb2cc-a2af-4228-8c05-3e697dae39c4-62.json
 create mode 100644 specs/artifacts/2026-10-05-connection-workspace-authority/file-row-stability/runtime-evidence-39/provider-20328-4e4eb2cc-a2af-4228-8c05-3e697dae39c4-63.json
 create mode 100644 specs/artifacts/2026-10-05-connection-workspace-authority/file-row-stability/runtime-evidence-39/provider-20328-4e4eb2cc-a2af-4228-8c05-3e697dae39c4-64.json
 create mode 100644 specs/artifacts/2026-10-05-connection-workspace-authority/file-row-stability/runtime-evidence-39/provider-20328-4e4eb2cc-a2af-4228-8c05-3e697dae39c4-65.json
 create mode 100644 specs/artifacts/2026-10-05-connection-workspace-authority/file-row-stability/runtime-evidence-39/provider-20328-4e4eb2cc-a2af-4228-8c05-3e697dae39c4-66.json
 create mode 100644 specs/artifacts/2026-10-05-connection-workspace-authority/file-row-stability/runtime-evidence-39/provider-20328-4e4eb2cc-a2af-4228-8c05-3e697dae39c4-67.json
 create mode 100644 specs/artifacts/2026-10-05-connection-workspace-authority/file-row-stability/runtime-evidence-39/provider-20328-4e4eb2cc-a2af-4228-8c05-3e697dae39c4-68.json
 create mode 100644 specs/artifacts/2026-10-05-connection-workspace-authority/file-row-stability/runtime-evidence-39/provider-20328-4e4eb2cc-a2af-4228-8c05-3e697dae39c4-69.json
 create mode 100644 specs/artifacts/2026-10-05-connection-workspace-authority/file-row-stability/runtime-evidence-39/provider-20328-4e4eb2cc-a2af-4228-8c05-3e697dae39c4-7.json
 create mode 100644 specs/artifacts/2026-10-05-connection-workspace-authority/file-row-stability/runtime-evidence-39/provider-20328-4e4eb2cc-a2af-4228-8c05-3e697dae39c4-70.json
 create mode 100644 specs/artifacts/2026-10-05-connection-workspace-authority/file-row-stability/runtime-evidence-39/provider-20328-4e4eb2cc-a2af-4228-8c05-3e697dae39c4-71.json
 create mode 100644 specs/artifacts/2026-10-05-connection-workspace-authority/file-row-stability/runtime-evidence-39/provider-20328-4e4eb2cc-a2af-4228-8c05-3e697dae39c4-72.json
 create mode 100644 specs/artifacts/2026-10-05-connection-workspace-authority/file-row-stability/runtime-evidence-39/provider-20328-4e4eb2cc-a2af-4228-8c05-3e697dae39c4-73.json
 create mode 100644 specs/artifacts/2026-10-05-connection-workspace-authority/file-row-stability/runtime-evidence-39/provider-20328-4e4eb2cc-a2af-4228-8c05-3e697dae39c4-74.json
 create mode 100644 specs/artifacts/2026-10-05-connection-workspace-authority/file-row-stability/runtime-evidence-39/provider-20328-4e4eb2cc-a2af-4228-8c05-3e697dae39c4-75.json
 create mode 100644 specs/artifacts/2026-10-05-connection-workspace-authority/file-row-stability/runtime-evidence-39/provider-20328-4e4eb2cc-a2af-4228-8c05-3e697dae39c4-76.json
 create mode 100644 specs/artifacts/2026-10-05-connection-workspace-authority/file-row-stability/runtime-evidence-39/provider-20328-4e4eb2cc-a2af-4228-8c05-3e697dae39c4-77.json
 create mode 100644 specs/artifacts/2026-10-05-connection-workspace-authority/file-row-stability/runtime-evidence-39/provider-20328-4e4eb2cc-a2af-4228-8c05-3e697dae39c4-78.json
 create mode 100644 specs/artifacts/2026-10-05-connection-workspace-authority/file-row-stability/runtime-evidence-39/provider-20328-4e4eb2cc-a2af-4228-8c05-3e697dae39c4-79.json
 create mode 100644 specs/artifacts/2026-10-05-connection-workspace-authority/file-row-stability/runtime-evidence-39/provider-20328-4e4eb2cc-a2af-4228-8c05-3e697dae39c4-8.json
 create mode 100644 specs/artifacts/2026-10-05-connection-workspace-authority/file-row-stability/runtime-evidence-39/provider-20328-4e4eb2cc-a2af-4228-8c05-3e697dae39c4-80.json
 create mode 100644 specs/artifacts/2026-10-05-connection-workspace-authority/file-row-stability/runtime-evidence-39/provider-20328-4e4eb2cc-a2af-4228-8c05-3e697dae39c4-81.json
 create mode 100644 specs/artifacts/2026-10-05-connection-workspace-authority/file-row-stability/runtime-evidence-39/provider-20328-4e4eb2cc-a2af-4228-8c05-3e697dae39c4-82.json
 create mode 100644 specs/artifacts/2026-10-05-connection-workspace-authority/file-row-stability/runtime-evidence-39/provider-20328-4e4eb2cc-a2af-4228-8c05-3e697dae39c4-83.json
 create mode 100644 specs/artifacts/2026-10-05-connection-workspace-authority/file-row-stability/runtime-evidence-39/provider-20328-4e4eb2cc-a2af-4228-8c05-3e697dae39c4-84.json
 create mode 100644 specs/artifacts/2026-10-05-connection-workspace-authority/file-row-stability/runtime-evidence-39/provider-20328-4e4eb2cc-a2af-4228-8c05-3e697dae39c4-85.json
 create mode 100644 specs/artifacts/2026-10-05-connection-workspace-authority/file-row-stability/runtime-evidence-39/provider-20328-4e4eb2cc-a2af-4228-8c05-3e697dae39c4-86.json
 create mode 100644 specs/artifacts/2026-10-05-connection-workspace-authority/file-row-stability/runtime-evidence-39/provider-20328-4e4eb2cc-a2af-4228-8c05-3e697dae39c4-87.json
 create mode 100644 specs/artifacts/2026-10-05-connection-workspace-authority/file-row-stability/runtime-evidence-39/provider-20328-4e4eb2cc-a2af-4228-8c05-3e697dae39c4-88.json
 create mode 100644 specs/artifacts/2026-10-05-connection-workspace-authority/file-row-stability/runtime-evidence-39/provider-20328-4e4eb2cc-a2af-4228-8c05-3e697dae39c4-89.json
 create mode 100644 specs/artifacts/2026-10-05-connection-workspace-authority/file-row-stability/runtime-evidence-39/provider-20328-4e4eb2cc-a2af-4228-8c05-3e697dae39c4-9.json
 create mode 100644 specs/artifacts/2026-10-05-connection-workspace-authority/file-row-stability/runtime-evidence-39/provider-20328-4e4eb2cc-a2af-4228-8c05-3e697dae39c4-90.json
 create mode 100644 specs/artifacts/2026-10-05-connection-workspace-authority/file-row-stability/runtime-evidence-39/provider-20328-4e4eb2cc-a2af-4228-8c05-3e697dae39c4-91.json
 create mode 100644 specs/artifacts/2026-10-05-connection-workspace-authority/file-row-stability/runtime-evidence-39/provider-20328-4e4eb2cc-a2af-4228-8c05-3e697dae39c4-92.json
 create mode 100644 specs/artifacts/2026-10-05-connection-workspace-authority/file-row-stability/runtime-evidence-39/provider-20328-4e4eb2cc-a2af-4228-8c05-3e697dae39c4-93.json
 create mode 100644 specs/artifacts/2026-10-05-connection-workspace-authority/file-row-stability/runtime-evidence-39/provider-20328-4e4eb2cc-a2af-4228-8c05-3e697dae39c4-94.json
 create mode 100644 specs/artifacts/2026-10-05-connection-workspace-authority/file-row-stability/runtime-evidence-39/provider-20328-4e4eb2cc-a2af-4228-8c05-3e697dae39c4-95.json
 create mode 100644 specs/artifacts/2026-10-05-connection-workspace-authority/file-row-stability/runtime-evidence-39/provider-20328-4e4eb2cc-a2af-4228-8c05-3e697dae39c4-96.json
 create mode 100644 specs/artifacts/2026-10-05-connection-workspace-authority/file-row-stability/runtime-evidence-39/provider-20328-4e4eb2cc-a2af-4228-8c05-3e697dae39c4-97.json
 create mode 100644 specs/artifacts/2026-10-05-connection-workspace-authority/file-row-stability/runtime-evidence-39/provider-20328-4e4eb2cc-a2af-4228-8c05-3e697dae39c4-98.json
 create mode 100644 specs/artifacts/2026-10-05-connection-workspace-authority/file-row-stability/runtime-evidence-39/provider-20328-4e4eb2cc-a2af-4228-8c05-3e697dae39c4-99.json
 create mode 100644 specs/artifacts/2026-10-05-connection-workspace-authority/file-row-stability/runtime-evidence-39/provider-pair-staging.json
 create mode 100644 specs/artifacts/2026-10-05-connection-workspace-authority/file-row-stability/runtime-evidence-39/qa-package-installed.json
 create mode 100644 specs/artifacts/2026-10-05-connection-workspace-authority/file-row-stability/runtime-evidence-39/startup.json
 create mode 100644 specs/artifacts/2026-10-05-connection-workspace-authority/file-row-stability/runtime-evidence-39/stderr.log
 create mode 100644 specs/artifacts/2026-10-05-connection-workspace-authority/file-row-stability/runtime-evidence-39/stdout.log
 create mode 100644 specs/artifacts/2026-10-05-connection-workspace-authority/file-row-stability/runtime-evidence-39/supervision-settlement-trigger.json
 create mode 100644 specs/artifacts/2026-10-05-connection-workspace-authority/file-row-stability/runtime-evidence-39/task-boundary-admitted.json
 create mode 100644 specs/artifacts/2026-10-05-connection-workspace-authority/file-row-stability/runtime-evidence-39/task-complete.json
 create mode 100644 specs/artifacts/2026-10-05-connection-workspace-authority/file-row-stability/runtime-evidence-39/task-observation-20328-64cdf18e-f941-4983-a1e1-43bb466a2995-1.json
 create mode 100644 specs/artifacts/2026-10-05-connection-workspace-authority/file-row-stability/runtime-evidence-39/task-observation-20328-64cdf18e-f941-4983-a1e1-43bb466a2995-10.json
 create mode 100644 specs/artifacts/2026-10-05-connection-workspace-authority/file-row-stability/runtime-evidence-39/task-observation-20328-64cdf18e-f941-4983-a1e1-43bb466a2995-100.json
 create mode 100644 specs/artifacts/2026-10-05-connection-workspace-authority/file-row-stability/runtime-evidence-39/task-observation-20328-64cdf18e-f941-4983-a1e1-43bb466a2995-101.json
 create mode 100644 specs/artifacts/2026-10-05-connection-workspace-authority/file-row-stability/runtime-evidence-39/task-observation-20328-64cdf18e-f941-4983-a1e1-43bb466a2995-102.json
 create mode 100644 specs/artifacts/2026-10-05-connection-workspace-authority/file-row-stability/runtime-evidence-39/task-observation-20328-64cdf18e-f941-4983-a1e1-43bb466a2995-103.json
 create mode 100644 specs/artifacts/2026-10-05-connection-workspace-authority/file-row-stability/runtime-evidence-39/task-observation-20328-64cdf18e-f941-4983-a1e1-43bb466a2995-104.json
 create mode 100644 specs/artifacts/2026-10-05-connection-workspace-authority/file-row-stability/runtime-evidence-39/task-observation-20328-64cdf18e-f941-4983-a1e1-43bb466a2995-105.json
 create mode 100644 specs/artifacts/2026-10-05-connection-workspace-authority/file-row-stability/runtime-evidence-39/task-observation-20328-64cdf18e-f941-4983-a1e1-43bb466a2995-106.json
 create mode 100644 specs/artifacts/2026-10-05-connection-workspace-authority/file-row-stability/runtime-evidence-39/task-observation-20328-64cdf18e-f941-4983-a1e1-43bb466a2995-107.json
 create mode 100644 specs/artifacts/2026-10-05-connection-workspace-authority/file-row-stability/runtime-evidence-39/task-observation-20328-64cdf18e-f941-4983-a1e1-43bb466a2995-108.json
 create mode 100644 specs/artifacts/2026-10-05-connection-workspace-authority/file-row-stability/runtime-evidence-39/task-observation-20328-64cdf18e-f941-4983-a1e1-43bb466a2995-109.json
 create mode 100644 specs/artifacts/2026-10-05-connection-workspace-authority/file-row-stability/runtime-evidence-39/task-observation-20328-64cdf18e-f941-4983-a1e1-43bb466a2995-11.json
 create mode 100644 specs/artifacts/2026-10-05-connection-workspace-authority/file-row-stability/runtime-evidence-39/task-observation-20328-64cdf18e-f941-4983-a1e1-43bb466a2995-110.json
 create mode 100644 specs/artifacts/2026-10-05-connection-workspace-authority/file-row-stability/runtime-evidence-39/task-observation-20328-64cdf18e-f941-4983-a1e1-43bb466a2995-111.json
 create mode 100644 specs/artifacts/2026-10-05-connection-workspace-authority/file-row-stability/runtime-evidence-39/task-observation-20328-64cdf18e-f941-4983-a1e1-43bb466a2995-112.json
 create mode 100644 specs/artifacts/2026-10-05-connection-workspace-authority/file-row-stability/runtime-evidence-39/task-observation-20328-64cdf18e-f941-4983-a1e1-43bb466a2995-113.json
 create mode 100644 specs/artifacts/2026-10-05-connection-workspace-authority/file-row-stability/runtime-evidence-39/task-observation-20328-64cdf18e-f941-4983-a1e1-43bb466a2995-114.json
 create mode 100644 specs/artifacts/2026-10-05-connection-workspace-authority/file-row-stability/runtime-evidence-39/task-observation-20328-64cdf18e-f941-4983-a1e1-43bb466a2995-115.json
 create mode 100644 specs/artifacts/2026-10-05-connection-workspace-authority/file-row-stability/runtime-evidence-39/task-observation-20328-64cdf18e-f941-4983-a1e1-43bb466a2995-116.json
 create mode 100644 specs/artifacts/2026-10-05-connection-workspace-authority/file-row-stability/runtime-evidence-39/task-observation-20328-64cdf18e-f941-4983-a1e1-43bb466a2995-117.json
 create mode 100644 specs/artifacts/2026-10-05-connection-workspace-authority/file-row-stability/runtime-evidence-39/task-observation-20328-64cdf18e-f941-4983-a1e1-43bb466a2995-118.json
 create mode 100644 specs/artifacts/2026-10-05-connection-workspace-authority/file-row-stability/runtime-evidence-39/task-observation-20328-64cdf18e-f941-4983-a1e1-43bb466a2995-119.json
 create mode 100644 specs/artifacts/2026-10-05-connection-workspace-authority/file-row-stability/runtime-evidence-39/task-observation-20328-64cdf18e-f941-4983-a1e1-43bb466a2995-12.json
 create mode 100644 specs/artifacts/2026-10-05-connection-workspace-authority/file-row-stability/runtime-evidence-39/task-observation-20328-64cdf18e-f941-4983-a1e1-43bb466a2995-120.json
 create mode 100644 specs/artifacts/2026-10-05-connection-workspace-authority/file-row-stability/runtime-evidence-39/task-observation-20328-64cdf18e-f941-4983-a1e1-43bb466a2995-121.json
 create mode 100644 specs/artifacts/2026-10-05-connection-workspace-authority/file-row-stability/runtime-evidence-39/task-observation-20328-64cdf18e-f941-4983-a1e1-43bb466a2995-122.json
 create mode 100644 specs/artifacts/2026-10-05-connection-workspace-authority/file-row-stability/runtime-evidence-39/task-observation-20328-64cdf18e-f941-4983-a1e1-43bb466a2995-123.json
 create mode 100644 specs/artifacts/2026-10-05-connection-workspace-authority/file-row-stability/runtime-evidence-39/task-observation-20328-64cdf18e-f941-4983-a1e1-43bb466a2995-124.json
 create mode 100644 specs/artifacts/2026-10-05-connection-workspace-authority/file-row-stability/runtime-evidence-39/task-observation-20328-64cdf18e-f941-4983-a1e1-43bb466a2995-125.json
 create mode 100644 specs/artifacts/2026-10-05-connection-workspace-authority/file-row-stability/runtime-evidence-39/task-observation-20328-64cdf18e-f941-4983-a1e1-43bb466a2995-126.json
 create mode 100644 specs/artifacts/2026-10-05-connection-workspace-authority/file-row-stability/runtime-evidence-39/task-observation-20328-64cdf18e-f941-4983-a1e1-43bb466a2995-127.json
 create mode 100644 specs/artifacts/2026-10-05-connection-workspace-authority/file-row-stability/runtime-evidence-39/task-observation-20328-64cdf18e-f941-4983-a1e1-43bb466a2995-128.json
 create mode 100644 specs/artifacts/2026-10-05-connection-workspace-authority/file-row-stability/runtime-evidence-39/task-observation-20328-64cdf18e-f941-4983-a1e1-43bb466a2995-129.json
 create mode 100644 specs/artifacts/2026-10-05-connection-workspace-authority/file-row-stability/runtime-evidence-39/task-observation-20328-64cdf18e-f941-4983-a1e1-43bb466a2995-13.json
 create mode 100644 specs/artifacts/2026-10-05-connection-workspace-authority/file-row-stability/runtime-evidence-39/task-observation-20328-64cdf18e-f941-4983-a1e1-43bb466a2995-130.json
 create mode 100644 specs/artifacts/2026-10-05-connection-workspace-authority/file-row-stability/runtime-evidence-39/task-observation-20328-64cdf18e-f941-4983-a1e1-43bb466a2995-131.json
 create mode 100644 specs/artifacts/2026-10-05-connection-workspace-authority/file-row-stability/runtime-evidence-39/task-observation-20328-64cdf18e-f941-4983-a1e1-43bb466a2995-132.json
 create mode 100644 specs/artifacts/2026-10-05-connection-workspace-authority/file-row-stability/runtime-evidence-39/task-observation-20328-64cdf18e-f941-4983-a1e1-43bb466a2995-133.json
 create mode 100644 specs/artifacts/2026-10-05-connection-workspace-authority/file-row-stability/runtime-evidence-39/task-observation-20328-64cdf18e-f941-4983-a1e1-43bb466a2995-134.json
 create mode 100644 specs/artifacts/2026-10-05-connection-workspace-authority/file-row-stability/runtime-evidence-39/task-observation-20328-64cdf18e-f941-4983-a1e1-43bb466a2995-135.json
 create mode 100644 specs/artifacts/2026-10-05-connection-workspace-authority/file-row-stability/runtime-evidence-39/task-observation-20328-64cdf18e-f941-4983-a1e1-43bb466a2995-136.json
 create mode 100644 specs/artifacts/2026-10-05-connection-workspace-authority/file-row-stability/runtime-evidence-39/task-observation-20328-64cdf18e-f941-4983-a1e1-43bb466a2995-137.json
 create mode 100644 specs/artifacts/2026-10-05-connection-workspace-authority/file-row-stability/runtime-evidence-39/task-observation-20328-64cdf18e-f941-4983-a1e1-43bb466a2995-138.json
 create mode 100644 specs/artifacts/2026-10-05-connection-workspace-authority/file-row-stability/runtime-evidence-39/task-observation-20328-64cdf18e-f941-4983-a1e1-43bb466a2995-139.json
 create mode 100644 specs/artifacts/2026-10-05-connection-workspace-authority/file-row-stability/runtime-evidence-39/task-observation-20328-64cdf18e-f941-4983-a1e1-43bb466a2995-14.json
 create mode 100644 specs/artifacts/2026-10-05-connection-workspace-authority/file-row-stability/runtime-evidence-39/task-observation-20328-64cdf18e-f941-4983-a1e1-43bb466a2995-140.json
 create mode 100644 specs/artifacts/2026-10-05-connection-workspace-authority/file-row-stability/runtime-evidence-39/task-observation-20328-64cdf18e-f941-4983-a1e1-43bb466a2995-141.json
 create mode 100644 specs/artifacts/2026-10-05-connection-workspace-authority/file-row-stability/runtime-evidence-39/task-observation-20328-64cdf18e-f941-4983-a1e1-43bb466a2995-142.json
 create mode 100644 specs/artifacts/2026-10-05-connection-workspace-authority/file-row-stability/runtime-evidence-39/task-observation-20328-64cdf18e-f941-4983-a1e1-43bb466a2995-143.json
 create mode 100644 specs/artifacts/2026-10-05-connection-workspace-authority/file-row-stability/runtime-evidence-39/task-observation-20328-64cdf18e-f941-4983-a1e1-43bb466a2995-144.json
 create mode 100644 specs/artifacts/2026-10-05-connection-workspace-authority/file-row-stability/runtime-evidence-39/task-observation-20328-64cdf18e-f941-4983-a1e1-43bb466a2995-145.json
 create mode 100644 specs/artifacts/2026-10-05-connection-workspace-authority/file-row-stability/runtime-evidence-39/task-observation-20328-64cdf18e-f941-4983-a1e1-43bb466a2995-146.json
 create mode 100644 specs/artifacts/2026-10-05-connection-workspace-authority/file-row-stability/runtime-evidence-39/task-observation-20328-64cdf18e-f941-4983-a1e1-43bb466a2995-147.json
 create mode 100644 specs/artifacts/2026-10-05-connection-workspace-authority/file-row-stability/runtime-evidence-39/task-observation-20328-64cdf18e-f941-4983-a1e1-43bb466a2995-148.json
 create mode 100644 specs/artifacts/2026-10-05-connection-workspace-authority/file-row-stability/runtime-evidence-39/task-observation-20328-64cdf18e-f941-4983-a1e1-43bb466a2995-149.json
 create mode 100644 specs/artifacts/2026-10-05-connection-workspace-authority/file-row-stability/runtime-evidence-39/task-observation-20328-64cdf18e-f941-4983-a1e1-43bb466a2995-15.json
 create mode 100644 specs/artifacts/2026-10-05-connection-workspace-authority/file-row-stability/runtime-evidence-39/task-observation-20328-64cdf18e-f941-4983-a1e1-43bb466a2995-150.json
 create mode 100644 specs/artifacts/2026-10-05-connection-workspace-authority/file-row-stability/runtime-evidence-39/task-observation-20328-64cdf18e-f941-4983-a1e1-43bb466a2995-151.json
 create mode 100644 specs/artifacts/2026-10-05-connection-workspace-authority/file-row-stability/runtime-evidence-39/task-observation-20328-64cdf18e-f941-4983-a1e1-43bb466a2995-152.json
 create mode 100644 specs/artifacts/2026-10-05-connection-workspace-authority/file-row-stability/runtime-evidence-39/task-observation-20328-64cdf18e-f941-4983-a1e1-43bb466a2995-153.json
 create mode 100644 specs/artifacts/2026-10-05-connection-workspace-authority/file-row-stability/runtime-evidence-39/task-observation-20328-64cdf18e-f941-4983-a1e1-43bb466a2995-154.json
 create mode 100644 specs/artifacts/2026-10-05-connection-workspace-authority/file-row-stability/runtime-evidence-39/task-observation-20328-64cdf18e-f941-4983-a1e1-43bb466a2995-155.json
 create mode 100644 specs/artifacts/2026-10-05-connection-workspace-authority/file-row-stability/runtime-evidence-39/task-observation-20328-64cdf18e-f941-4983-a1e1-43bb466a2995-156.json
 create mode 100644 specs/artifacts/2026-10-05-connection-workspace-authority/file-row-stability/runtime-evidence-39/task-observation-20328-64cdf18e-f941-4983-a1e1-43bb466a2995-157.json
 create mode 100644 specs/artifacts/2026-10-05-connection-workspace-authority/file-row-stability/runtime-evidence-39/task-observation-20328-64cdf18e-f941-4983-a1e1-43bb466a2995-158.json
 create mode 100644 specs/artifacts/2026-10-05-connection-workspace-authority/file-row-stability/runtime-evidence-39/task-observation-20328-64cdf18e-f941-4983-a1e1-43bb466a2995-159.json
 create mode 100644 specs/artifacts/2026-10-05-connection-workspace-authority/file-row-stability/runtime-evidence-39/task-observation-20328-64cdf18e-f941-4983-a1e1-43bb466a2995-16.json
 create mode 100644 specs/artifacts/2026-10-05-connection-workspace-authority/file-row-stability/runtime-evidence-39/task-observation-20328-64cdf18e-f941-4983-a1e1-43bb466a2995-160.json
 create mode 100644 specs/artifacts/2026-10-05-connection-workspace-authority/file-row-stability/runtime-evidence-39/task-observation-20328-64cdf18e-f941-4983-a1e1-43bb466a2995-161.json
 create mode 100644 specs/artifacts/2026-10-05-connection-workspace-authority/file-row-stability/runtime-evidence-39/task-observation-20328-64cdf18e-f941-4983-a1e1-43bb466a2995-162.json
 create mode 100644 specs/artifacts/2026-10-05-connection-workspace-authority/file-row-stability/runtime-evidence-39/task-observation-20328-64cdf18e-f941-4983-a1e1-43bb466a2995-163.json
 create mode 100644 specs/artifacts/2026-10-05-connection-workspace-authority/file-row-stability/runtime-evidence-39/task-observation-20328-64cdf18e-f941-4983-a1e1-43bb466a2995-164.json
 create mode 100644 specs/artifacts/2026-10-05-connection-workspace-authority/file-row-stability/runtime-evidence-39/task-observation-20328-64cdf18e-f941-4983-a1e1-43bb466a2995-165.json
 create mode 100644 specs/artifacts/2026-10-05-connection-workspace-authority/file-row-stability/runtime-evidence-39/task-observation-20328-64cdf18e-f941-4983-a1e1-43bb466a2995-166.json
 create mode 100644 specs/artifacts/2026-10-05-connection-workspace-authority/file-row-stability/runtime-evidence-39/task-observation-20328-64cdf18e-f941-4983-a1e1-43bb466a2995-167.json
 create mode 100644 specs/artifacts/2026-10-05-connection-workspace-authority/file-row-stability/runtime-evidence-39/task-observation-20328-64cdf18e-f941-4983-a1e1-43bb466a2995-168.json
 create mode 100644 specs/artifacts/2026-10-05-connection-workspace-authority/file-row-stability/runtime-evidence-39/task-observation-20328-64cdf18e-f941-4983-a1e1-43bb466a2995-169.json
 create mode 100644 specs/artifacts/2026-10-05-connection-workspace-authority/file-row-stability/runtime-evidence-39/task-observation-20328-64cdf18e-f941-4983-a1e1-43bb466a2995-17.json
 create mode 100644 specs/artifacts/2026-10-05-connection-workspace-authority/file-row-stability/runtime-evidence-39/task-observation-20328-64cdf18e-f941-4983-a1e1-43bb466a2995-170.json
 create mode 100644 specs/artifacts/2026-10-05-connection-workspace-authority/file-row-stability/runtime-evidence-39/task-observation-20328-64cdf18e-f941-4983-a1e1-43bb466a2995-171.json
 create mode 100644 specs/artifacts/2026-10-05-connection-workspace-authority/file-row-stability/runtime-evidence-39/task-observation-20328-64cdf18e-f941-4983-a1e1-43bb466a2995-172.json
 create mode 100644 specs/artifacts/2026-10-05-connection-workspace-authority/file-row-stability/runtime-evidence-39/task-observation-20328-64cdf18e-f941-4983-a1e1-43bb466a2995-173.json
 create mode 100644 specs/artifacts/2026-10-05-connection-workspace-authority/file-row-stability/runtime-evidence-39/task-observation-20328-64cdf18e-f941-4983-a1e1-43bb466a2995-174.json
 create mode 100644 specs/artifacts/2026-10-05-connection-workspace-authority/file-row-stability/runtime-evidence-39/task-observation-20328-64cdf18e-f941-4983-a1e1-43bb466a2995-175.json
 create mode 100644 specs/artifacts/2026-10-05-connection-workspace-authority/file-row-stability/runtime-evidence-39/task-observation-20328-64cdf18e-f941-4983-a1e1-43bb466a2995-176.json
 create mode 100644 specs/artifacts/2026-10-05-connection-workspace-authority/file-row-stability/runtime-evidence-39/task-observation-20328-64cdf18e-f941-4983-a1e1-43bb466a2995-177.json
 create mode 100644 specs/artifacts/2026-10-05-connection-workspace-authority/file-row-stability/runtime-evidence-39/task-observation-20328-64cdf18e-f941-4983-a1e1-43bb466a2995-178.json
 create mode 100644 specs/artifacts/2026-10-05-connection-workspace-authority/file-row-stability/runtime-evidence-39/task-observation-20328-64cdf18e-f941-4983-a1e1-43bb466a2995-179.json
 create mode 100644 specs/artifacts/2026-10-05-connection-workspace-authority/file-row-stability/runtime-evidence-39/task-observation-20328-64cdf18e-f941-4983-a1e1-43bb466a2995-18.json
 create mode 100644 specs/artifacts/2026-10-05-connection-workspace-authority/file-row-stability/runtime-evidence-39/task-observation-20328-64cdf18e-f941-4983-a1e1-43bb466a2995-180.json
 create mode 100644 specs/artifacts/2026-10-05-connection-workspace-authority/file-row-stability/runtime-evidence-39/task-observation-20328-64cdf18e-f941-4983-a1e1-43bb466a2995-181.json
 create mode 100644 specs/artifacts/2026-10-05-connection-workspace-authority/file-row-stability/runtime-evidence-39/task-observation-20328-64cdf18e-f941-4983-a1e1-43bb466a2995-182.json
 create mode 100644 specs/artifacts/2026-10-05-connection-workspace-authority/file-row-stability/runtime-evidence-39/task-observation-20328-64cdf18e-f941-4983-a1e1-43bb466a2995-183.json
 create mode 100644 specs/artifacts/2026-10-05-connection-workspace-authority/file-row-stability/runtime-evidence-39/task-observation-20328-64cdf18e-f941-4983-a1e1-43bb466a2995-184.json
 create mode 100644 specs/artifacts/2026-10-05-connection-workspace-authority/file-row-stability/runtime-evidence-39/task-observation-20328-64cdf18e-f941-4983-a1e1-43bb466a2995-185.json
 create mode 100644 specs/artifacts/2026-10-05-connection-workspace-authority/file-row-stability/runtime-evidence-39/task-observation-20328-64cdf18e-f941-4983-a1e1-43bb466a2995-186.json
 create mode 100644 specs/artifacts/2026-10-05-connection-workspace-authority/file-row-stability/runtime-evidence-39/task-observation-20328-64cdf18e-f941-4983-a1e1-43bb466a2995-187.json
 create mode 100644 specs/artifacts/2026-10-05-connection-workspace-authority/file-row-stability/runtime-evidence-39/task-observation-20328-64cdf18e-f941-4983-a1e1-43bb466a2995-188.json
 create mode 100644 specs/artifacts/2026-10-05-connection-workspace-authority/file-row-stability/runtime-evidence-39/task-observation-20328-64cdf18e-f941-4983-a1e1-43bb466a2995-189.json
 create mode 100644 specs/artifacts/2026-10-05-connection-workspace-authority/file-row-stability/runtime-evidence-39/task-observation-20328-64cdf18e-f941-4983-a1e1-43bb466a2995-19.json
 create mode 100644 specs/artifacts/2026-10-05-connection-workspace-authority/file-row-stability/runtime-evidence-39/task-observation-20328-64cdf18e-f941-4983-a1e1-43bb466a2995-190.json
 create mode 100644 specs/artifacts/2026-10-05-connection-workspace-authority/file-row-stability/runtime-evidence-39/task-observation-20328-64cdf18e-f941-4983-a1e1-43bb466a2995-191.json
 create mode 100644 specs/artifacts/2026-10-05-connection-workspace-authority/file-row-stability/runtime-evidence-39/task-observation-20328-64cdf18e-f941-4983-a1e1-43bb466a2995-192.json
 create mode 100644 specs/artifacts/2026-10-05-connection-workspace-authority/file-row-stability/runtime-evidence-39/task-observation-20328-64cdf18e-f941-4983-a1e1-43bb466a2995-193.json
 create mode 100644 specs/artifacts/2026-10-05-connection-workspace-authority/file-row-stability/runtime-evidence-39/task-observation-20328-64cdf18e-f941-4983-a1e1-43bb466a2995-194.json
 create mode 100644 specs/artifacts/2026-10-05-connection-workspace-authority/file-row-stability/runtime-evidence-39/task-observation-20328-64cdf18e-f941-4983-a1e1-43bb466a2995-195.json
 create mode 100644 specs/artifacts/2026-10-05-connection-workspace-authority/file-row-stability/runtime-evidence-39/task-observation-20328-64cdf18e-f941-4983-a1e1-43bb466a2995-196.json
 create mode 100644 specs/artifacts/2026-10-05-connection-workspace-authority/file-row-stability/runtime-evidence-39/task-observation-20328-64cdf18e-f941-4983-a1e1-43bb466a2995-197.json
 create mode 100644 specs/artifacts/2026-10-05-connection-workspace-authority/file-row-stability/runtime-evidence-39/task-observation-20328-64cdf18e-f941-4983-a1e1-43bb466a2995-198.json
 create mode 100644 specs/artifacts/2026-10-05-connection-workspace-authority/file-row-stability/runtime-evidence-39/task-observation-20328-64cdf18e-f941-4983-a1e1-43bb466a2995-199.json
 create mode 100644 specs/artifacts/2026-10-05-connection-workspace-authority/file-row-stability/runtime-evidence-39/task-observation-20328-64cdf18e-f941-4983-a1e1-43bb466a2995-2.json
 create mode 100644 specs/artifacts/2026-10-05-connection-workspace-authority/file-row-stability/runtime-evidence-39/task-observation-20328-64cdf18e-f941-4983-a1e1-43bb466a2995-20.json
 create mode 100644 specs/artifacts/2026-10-05-connection-workspace-authority/file-row-stability/runtime-evidence-39/task-observation-20328-64cdf18e-f941-4983-a1e1-43bb466a2995-200.json
 create mode 100644 specs/artifacts/2026-10-05-connection-workspace-authority/file-row-stability/runtime-evidence-39/task-observation-20328-64cdf18e-f941-4983-a1e1-43bb466a2995-201.json
 create mode 100644 specs/artifacts/2026-10-05-connection-workspace-authority/file-row-stability/runtime-evidence-39/task-observation-20328-64cdf18e-f941-4983-a1e1-43bb466a2995-202.json
 create mode 100644 specs/artifacts/2026-10-05-connection-workspace-authority/file-row-stability/runtime-evidence-39/task-observation-20328-64cdf18e-f941-4983-a1e1-43bb466a2995-203.json
 create mode 100644 specs/artifacts/2026-10-05-connection-workspace-authority/file-row-stability/runtime-evidence-39/task-observation-20328-64cdf18e-f941-4983-a1e1-43bb466a2995-204.json
 create mode 100644 specs/artifacts/2026-10-05-connection-workspace-authority/file-row-stability/runtime-evidence-39/task-observation-20328-64cdf18e-f941-4983-a1e1-43bb466a2995-205.json
 create mode 100644 specs/artifacts/2026-10-05-connection-workspace-authority/file-row-stability/runtime-evidence-39/task-observation-20328-64cdf18e-f941-4983-a1e1-43bb466a2995-206.json
 create mode 100644 specs/artifacts/2026-10-05-connection-workspace-authority/file-row-stability/runtime-evidence-39/task-observation-20328-64cdf18e-f941-4983-a1e1-43bb466a2995-207.json
 create mode 100644 specs/artifacts/2026-10-05-connection-workspace-authority/file-row-stability/runtime-evidence-39/task-observation-20328-64cdf18e-f941-4983-a1e1-43bb466a2995-208.json
 create mode 100644 specs/artifacts/2026-10-05-connection-workspace-authority/file-row-stability/runtime-evidence-39/task-observation-20328-64cdf18e-f941-4983-a1e1-43bb466a2995-209.json
 create mode 100644 specs/artifacts/2026-10-05-connection-workspace-authority/file-row-stability/runtime-evidence-39/task-observation-20328-64cdf18e-f941-4983-a1e1-43bb466a2995-21.json
 create mode 100644 specs/artifacts/2026-10-05-connection-workspace-authority/file-row-stability/runtime-evidence-39/task-observation-20328-64cdf18e-f941-4983-a1e1-43bb466a2995-210.json
 create mode 100644 specs/artifacts/2026-10-05-connection-workspace-authority/file-row-stability/runtime-evidence-39/task-observation-20328-64cdf18e-f941-4983-a1e1-43bb466a2995-211.json
 create mode 100644 specs/artifacts/2026-10-05-connection-workspace-authority/file-row-stability/runtime-evidence-39/task-observation-20328-64cdf18e-f941-4983-a1e1-43bb466a2995-212.json
 create mode 100644 specs/artifacts/2026-10-05-connection-workspace-authority/file-row-stability/runtime-evidence-39/task-observation-20328-64cdf18e-f941-4983-a1e1-43bb466a2995-213.json
 create mode 100644 specs/artifacts/2026-10-05-connection-workspace-authority/file-row-stability/runtime-evidence-39/task-observation-20328-64cdf18e-f941-4983-a1e1-43bb466a2995-214.json
 create mode 100644 specs/artifacts/2026-10-05-connection-workspace-authority/file-row-stability/runtime-evidence-39/task-observation-20328-64cdf18e-f941-4983-a1e1-43bb466a2995-215.json
 create mode 100644 specs/artifacts/2026-10-05-connection-workspace-authority/file-row-stability/runtime-evidence-39/task-observation-20328-64cdf18e-f941-4983-a1e1-43bb466a2995-216.json
 create mode 100644 specs/artifacts/2026-10-05-connection-workspace-authority/file-row-stability/runtime-evidence-39/task-observation-20328-64cdf18e-f941-4983-a1e1-43bb466a2995-217.json
 create mode 100644 specs/artifacts/2026-10-05-connection-workspace-authority/file-row-stability/runtime-evidence-39/task-observation-20328-64cdf18e-f941-4983-a1e1-43bb466a2995-218.json
 create mode 100644 specs/artifacts/2026-10-05-connection-workspace-authority/file-row-stability/runtime-evidence-39/task-observation-20328-64cdf18e-f941-4983-a1e1-43bb466a2995-219.json
 create mode 100644 specs/artifacts/2026-10-05-connection-workspace-authority/file-row-stability/runtime-evidence-39/task-observation-20328-64cdf18e-f941-4983-a1e1-43bb466a2995-22.json
 create mode 100644 specs/artifacts/2026-10-05-connection-workspace-authority/file-row-stability/runtime-evidence-39/task-observation-20328-64cdf18e-f941-4983-a1e1-43bb466a2995-220.json
 create mode 100644 specs/artifacts/2026-10-05-connection-workspace-authority/file-row-stability/runtime-evidence-39/task-observation-20328-64cdf18e-f941-4983-a1e1-43bb466a2995-221.json
 create mode 100644 specs/artifacts/2026-10-05-connection-workspace-authority/file-row-stability/runtime-evidence-39/task-observation-20328-64cdf18e-f941-4983-a1e1-43bb466a2995-222.json
 create mode 100644 specs/artifacts/2026-10-05-connection-workspace-authority/file-row-stability/runtime-evidence-39/task-observation-20328-64cdf18e-f941-4983-a1e1-43bb466a2995-223.json
 create mode 100644 specs/artifacts/2026-10-05-connection-workspace-authority/file-row-stability/runtime-evidence-39/task-observation-20328-64cdf18e-f941-4983-a1e1-43bb466a2995-224.json
 create mode 100644 specs/artifacts/2026-10-05-connection-workspace-authority/file-row-stability/runtime-evidence-39/task-observation-20328-64cdf18e-f941-4983-a1e1-43bb466a2995-225.json
 create mode 100644 specs/artifacts/2026-10-05-connection-workspace-authority/file-row-stability/runtime-evidence-39/task-observation-20328-64cdf18e-f941-4983-a1e1-43bb466a2995-226.json
 create mode 100644 specs/artifacts/2026-10-05-connection-workspace-authority/file-row-stability/runtime-evidence-39/task-observation-20328-64cdf18e-f941-4983-a1e1-43bb466a2995-227.json
 create mode 100644 specs/artifacts/2026-10-05-connection-workspace-authority/file-row-stability/runtime-evidence-39/task-observation-20328-64cdf18e-f941-4983-a1e1-43bb466a2995-228.json
 create mode 100644 specs/artifacts/2026-10-05-connection-workspace-authority/file-row-stability/runtime-evidence-39/task-observation-20328-64cdf18e-f941-4983-a1e1-43bb466a2995-229.json
 create mode 100644 specs/artifacts/2026-10-05-connection-workspace-authority/file-row-stability/runtime-evidence-39/task-observation-20328-64cdf18e-f941-4983-a1e1-43bb466a2995-23.json
 create mode 100644 specs/artifacts/2026-10-05-connection-workspace-authority/file-row-stability/runtime-evidence-39/task-observation-20328-64cdf18e-f941-4983-a1e1-43bb466a2995-230.json
 create mode 100644 specs/artifacts/2026-10-05-connection-workspace-authority/file-row-stability/runtime-evidence-39/task-observation-20328-64cdf18e-f941-4983-a1e1-43bb466a2995-231.json
 create mode 100644 specs/artifacts/2026-10-05-connection-workspace-authority/file-row-stability/runtime-evidence-39/task-observation-20328-64cdf18e-f941-4983-a1e1-43bb466a2995-232.json
 create mode 100644 specs/artifacts/2026-10-05-connection-workspace-authority/file-row-stability/runtime-evidence-39/task-observation-20328-64cdf18e-f941-4983-a1e1-43bb466a2995-233.json
 create mode 100644 specs/artifacts/2026-10-05-connection-workspace-authority/file-row-stability/runtime-evidence-39/task-observation-20328-64cdf18e-f941-4983-a1e1-43bb466a2995-234.json
 create mode 100644 specs/artifacts/2026-10-05-connection-workspace-authority/file-row-stability/runtime-evidence-39/task-observation-20328-64cdf18e-f941-4983-a1e1-43bb466a2995-235.json
 create mode 100644 specs/artifacts/2026-10-05-connection-workspace-authority/file-row-stability/runtime-evidence-39/task-observation-20328-64cdf18e-f941-4983-a1e1-43bb466a2995-236.json
 create mode 100644 specs/artifacts/2026-10-05-connection-workspace-authority/file-row-stability/runtime-evidence-39/task-observation-20328-64cdf18e-f941-4983-a1e1-43bb466a2995-237.json
 create mode 100644 specs/artifacts/2026-10-05-connection-workspace-authority/file-row-stability/runtime-evidence-39/task-observation-20328-64cdf18e-f941-4983-a1e1-43bb466a2995-238.json
 create mode 100644 specs/artifacts/2026-10-05-connection-workspace-authority/file-row-stability/runtime-evidence-39/task-observation-20328-64cdf18e-f941-4983-a1e1-43bb466a2995-239.json
 create mode 100644 specs/artifacts/2026-10-05-connection-workspace-authority/file-row-stability/runtime-evidence-39/task-observation-20328-64cdf18e-f941-4983-a1e1-43bb466a2995-24.json
 create mode 100644 specs/artifacts/2026-10-05-connection-workspace-authority/file-row-stability/runtime-evidence-39/task-observation-20328-64cdf18e-f941-4983-a1e1-43bb466a2995-240.json
 create mode 100644 specs/artifacts/2026-10-05-connection-workspace-authority/file-row-stability/runtime-evidence-39/task-observation-20328-64cdf18e-f941-4983-a1e1-43bb466a2995-241.json
 create mode 100644 specs/artifacts/2026-10-05-connection-workspace-authority/file-row-stability/runtime-evidence-39/task-observation-20328-64cdf18e-f941-4983-a1e1-43bb466a2995-242.json
 create mode 100644 specs/artifacts/2026-10-05-connection-workspace-authority/file-row-stability/runtime-evidence-39/task-observation-20328-64cdf18e-f941-4983-a1e1-43bb466a2995-243.json
 create mode 100644 specs/artifacts/2026-10-05-connection-workspace-authority/file-row-stability/runtime-evidence-39/task-observation-20328-64cdf18e-f941-4983-a1e1-43bb466a2995-244.json
 create mode 100644 specs/artifacts/2026-10-05-connection-workspace-authority/file-row-stability/runtime-evidence-39/task-observation-20328-64cdf18e-f941-4983-a1e1-43bb466a2995-245.json
 create mode 100644 specs/artifacts/2026-10-05-connection-workspace-authority/file-row-stability/runtime-evidence-39/task-observation-20328-64cdf18e-f941-4983-a1e1-43bb466a2995-246.json
 create mode 100644 specs/artifacts/2026-10-05-connection-workspace-authority/file-row-stability/runtime-evidence-39/task-observation-20328-64cdf18e-f941-4983-a1e1-43bb466a2995-247.json
 create mode 100644 specs/artifacts/2026-10-05-connection-workspace-authority/file-row-stability/runtime-evidence-39/task-observation-20328-64cdf18e-f941-4983-a1e1-43bb466a2995-248.json
 create mode 100644 specs/artifacts/2026-10-05-connection-workspace-authority/file-row-stability/runtime-evidence-39/task-observation-20328-64cdf18e-f941-4983-a1e1-43bb466a2995-249.json
 create mode 100644 specs/artifacts/2026-10-05-connection-workspace-authority/file-row-stability/runtime-evidence-39/task-observation-20328-64cdf18e-f941-4983-a1e1-43bb466a2995-25.json
 create mode 100644 specs/artifacts/2026-10-05-connection-workspace-authority/file-row-stability/runtime-evidence-39/task-observation-20328-64cdf18e-f941-4983-a1e1-43bb466a2995-250.json
 create mode 100644 specs/artifacts/2026-10-05-connection-workspace-authority/file-row-stability/runtime-evidence-39/task-observation-20328-64cdf18e-f941-4983-a1e1-43bb466a2995-251.json
 create mode 100644 specs/artifacts/2026-10-05-connection-workspace-authority/file-row-stability/runtime-evidence-39/task-observation-20328-64cdf18e-f941-4983-a1e1-43bb466a2995-252.json
 create mode 100644 specs/artifacts/2026-10-05-connection-workspace-authority/file-row-stability/runtime-evidence-39/task-observation-20328-64cdf18e-f941-4983-a1e1-43bb466a2995-253.json
 create mode 100644 specs/artifacts/2026-10-05-connection-workspace-authority/file-row-stability/runtime-evidence-39/task-observation-20328-64cdf18e-f941-4983-a1e1-43bb466a2995-254.json
 create mode 100644 specs/artifacts/2026-10-05-connection-workspace-authority/file-row-stability/runtime-evidence-39/task-observation-20328-64cdf18e-f941-4983-a1e1-43bb466a2995-255.json
 create mode 100644 specs/artifacts/2026-10-05-connection-workspace-authority/file-row-stability/runtime-evidence-39/task-observation-20328-64cdf18e-f941-4983-a1e1-43bb466a2995-256.json
 create mode 100644 specs/artifacts/2026-10-05-connection-workspace-authority/file-row-stability/runtime-evidence-39/task-observation-20328-64cdf18e-f941-4983-a1e1-43bb466a2995-257.json
 create mode 100644 specs/artifacts/2026-10-05-connection-workspace-authority/file-row-stability/runtime-evidence-39/task-observation-20328-64cdf18e-f941-4983-a1e1-43bb466a2995-258.json
 create mode 100644 specs/artifacts/2026-10-05-connection-workspace-authority/file-row-stability/runtime-evidence-39/task-observation-20328-64cdf18e-f941-4983-a1e1-43bb466a2995-259.json
 create mode 100644 specs/artifacts/2026-10-05-connection-workspace-authority/file-row-stability/runtime-evidence-39/task-observation-20328-64cdf18e-f941-4983-a1e1-43bb466a2995-26.json
 create mode 100644 specs/artifacts/2026-10-05-connection-workspace-authority/file-row-stability/runtime-evidence-39/task-observation-20328-64cdf18e-f941-4983-a1e1-43bb466a2995-260.json
 create mode 100644 specs/artifacts/2026-10-05-connection-workspace-authority/file-row-stability/runtime-evidence-39/task-observation-20328-64cdf18e-f941-4983-a1e1-43bb466a2995-261.json
 create mode 100644 specs/artifacts/2026-10-05-connection-workspace-authority/file-row-stability/runtime-evidence-39/task-observation-20328-64cdf18e-f941-4983-a1e1-43bb466a2995-262.json
 create mode 100644 specs/artifacts/2026-10-05-connection-workspace-authority/file-row-stability/runtime-evidence-39/task-observation-20328-64cdf18e-f941-4983-a1e1-43bb466a2995-263.json
 create mode 100644 specs/artifacts/2026-10-05-connection-workspace-authority/file-row-stability/runtime-evidence-39/task-observation-20328-64cdf18e-f941-4983-a1e1-43bb466a2995-264.json
 create mode 100644 specs/artifacts/2026-10-05-connection-workspace-authority/file-row-stability/runtime-evidence-39/task-observation-20328-64cdf18e-f941-4983-a1e1-43bb466a2995-265.json
 create mode 100644 specs/artifacts/2026-10-05-connection-workspace-authority/file-row-stability/runtime-evidence-39/task-observation-20328-64cdf18e-f941-4983-a1e1-43bb466a2995-266.json
 create mode 100644 specs/artifacts/2026-10-05-connection-workspace-authority/file-row-stability/runtime-evidence-39/task-observation-20328-64cdf18e-f941-4983-a1e1-43bb466a2995-267.json
 create mode 100644 specs/artifacts/2026-10-05-connection-workspace-authority/file-row-stability/runtime-evidence-39/task-observation-20328-64cdf18e-f941-4983-a1e1-43bb466a2995-268.json
 create mode 100644 specs/artifacts/2026-10-05-connection-workspace-authority/file-row-stability/runtime-evidence-39/task-observation-20328-64cdf18e-f941-4983-a1e1-43bb466a2995-269.json
 create mode 100644 specs/artifacts/2026-10-05-connection-workspace-authority/file-row-stability/runtime-evidence-39/task-observation-20328-64cdf18e-f941-4983-a1e1-43bb466a2995-27.json
 create mode 100644 specs/artifacts/2026-10-05-connection-workspace-authority/file-row-stability/runtime-evidence-39/task-observation-20328-64cdf18e-f941-4983-a1e1-43bb466a2995-270.json
 create mode 100644 specs/artifacts/2026-10-05-connection-workspace-authority/file-row-stability/runtime-evidence-39/task-observation-20328-64cdf18e-f941-4983-a1e1-43bb466a2995-271.json
 create mode 100644 specs/artifacts/2026-10-05-connection-workspace-authority/file-row-stability/runtime-evidence-39/task-observation-20328-64cdf18e-f941-4983-a1e1-43bb466a2995-272.json
 create mode 100644 specs/artifacts/2026-10-05-connection-workspace-authority/file-row-stability/runtime-evidence-39/task-observation-20328-64cdf18e-f941-4983-a1e1-43bb466a2995-273.json
 create mode 100644 specs/artifacts/2026-10-05-connection-workspace-authority/file-row-stability/runtime-evidence-39/task-observation-20328-64cdf18e-f941-4983-a1e1-43bb466a2995-274.json
 create mode 100644 specs/artifacts/2026-10-05-connection-workspace-authority/file-row-stability/runtime-evidence-39/task-observation-20328-64cdf18e-f941-4983-a1e1-43bb466a2995-275.json
 create mode 100644 specs/artifacts/2026-10-05-connection-workspace-authority/file-row-stability/runtime-evidence-39/task-observation-20328-64cdf18e-f941-4983-a1e1-43bb466a2995-276.json
 create mode 100644 specs/artifacts/2026-10-05-connection-workspace-authority/file-row-stability/runtime-evidence-39/task-observation-20328-64cdf18e-f941-4983-a1e1-43bb466a2995-277.json
 create mode 100644 specs/artifacts/2026-10-05-connection-workspace-authority/file-row-stability/runtime-evidence-39/task-observation-20328-64cdf18e-f941-4983-a1e1-43bb466a2995-278.json
 create mode 100644 specs/artifacts/2026-10-05-connection-workspace-authority/file-row-stability/runtime-evidence-39/task-observation-20328-64cdf18e-f941-4983-a1e1-43bb466a2995-279.json
 create mode 100644 specs/artifacts/2026-10-05-connection-workspace-authority/file-row-stability/runtime-evidence-39/task-observation-20328-64cdf18e-f941-4983-a1e1-43bb466a2995-28.json
 create mode 100644 specs/artifacts/2026-10-05-connection-workspace-authority/file-row-stability/runtime-evidence-39/task-observation-20328-64cdf18e-f941-4983-a1e1-43bb466a2995-280.json
 create mode 100644 specs/artifacts/2026-10-05-connection-workspace-authority/file-row-stability/runtime-evidence-39/task-observation-20328-64cdf18e-f941-4983-a1e1-43bb466a2995-281.json
 create mode 100644 specs/artifacts/2026-10-05-connection-workspace-authority/file-row-stability/runtime-evidence-39/task-observation-20328-64cdf18e-f941-4983-a1e1-43bb466a2995-282.json
 create mode 100644 specs/artifacts/2026-10-05-connection-workspace-authority/file-row-stability/runtime-evidence-39/task-observation-20328-64cdf18e-f941-4983-a1e1-43bb466a2995-283.json
 create mode 100644 specs/artifacts/2026-10-05-connection-workspace-authority/file-row-stability/runtime-evidence-39/task-observation-20328-64cdf18e-f941-4983-a1e1-43bb466a2995-284.json
 create mode 100644 specs/artifacts/2026-10-05-connection-workspace-authority/file-row-stability/runtime-evidence-39/task-observation-20328-64cdf18e-f941-4983-a1e1-43bb466a2995-285.json
 create mode 100644 specs/artifacts/2026-10-05-connection-workspace-authority/file-row-stability/runtime-evidence-39/task-observation-20328-64cdf18e-f941-4983-a1e1-43bb466a2995-286.json
 create mode 100644 specs/artifacts/2026-10-05-connection-workspace-authority/file-row-stability/runtime-evidence-39/task-observation-20328-64cdf18e-f941-4983-a1e1-43bb466a2995-287.json
 create mode 100644 specs/artifacts/2026-10-05-connection-workspace-authority/file-row-stability/runtime-evidence-39/task-observation-20328-64cdf18e-f941-4983-a1e1-43bb466a2995-288.json
 create mode 100644 specs/artifacts/2026-10-05-connection-workspace-authority/file-row-stability/runtime-evidence-39/task-observation-20328-64cdf18e-f941-4983-a1e1-43bb466a2995-289.json
 create mode 100644 specs/artifacts/2026-10-05-connection-workspace-authority/file-row-stability/runtime-evidence-39/task-observation-20328-64cdf18e-f941-4983-a1e1-43bb466a2995-29.json
 create mode 100644 specs/artifacts/2026-10-05-connection-workspace-authority/file-row-stability/runtime-evidence-39/task-observation-20328-64cdf18e-f941-4983-a1e1-43bb466a2995-290.json
 create mode 100644 specs/artifacts/2026-10-05-connection-workspace-authority/file-row-stability/runtime-evidence-39/task-observation-20328-64cdf18e-f941-4983-a1e1-43bb466a2995-291.json
 create mode 100644 specs/artifacts/2026-10-05-connection-workspace-authority/file-row-stability/runtime-evidence-39/task-observation-20328-64cdf18e-f941-4983-a1e1-43bb466a2995-292.json
 create mode 100644 specs/artifacts/2026-10-05-connection-workspace-authority/file-row-stability/runtime-evidence-39/task-observation-20328-64cdf18e-f941-4983-a1e1-43bb466a2995-293.json
 create mode 100644 specs/artifacts/2026-10-05-connection-workspace-authority/file-row-stability/runtime-evidence-39/task-observation-20328-64cdf18e-f941-4983-a1e1-43bb466a2995-294.json
 create mode 100644 specs/artifacts/2026-10-05-connection-workspace-authority/file-row-stability/runtime-evidence-39/task-observation-20328-64cdf18e-f941-4983-a1e1-43bb466a2995-295.json
 create mode 100644 specs/artifacts/2026-10-05-connection-workspace-authority/file-row-stability/runtime-evidence-39/task-observation-20328-64cdf18e-f941-4983-a1e1-43bb466a2995-296.json
 create mode 100644 specs/artifacts/2026-10-05-connection-workspace-authority/file-row-stability/runtime-evidence-39/task-observation-20328-64cdf18e-f941-4983-a1e1-43bb466a2995-297.json
 create mode 100644 specs/artifacts/2026-10-05-connection-workspace-authority/file-row-stability/runtime-evidence-39/task-observation-20328-64cdf18e-f941-4983-a1e1-43bb466a2995-298.json
 create mode 100644 specs/artifacts/2026-10-05-connection-workspace-authority/file-row-stability/runtime-evidence-39/task-observation-20328-64cdf18e-f941-4983-a1e1-43bb466a2995-299.json
 create mode 100644 specs/artifacts/2026-10-05-connection-workspace-authority/file-row-stability/runtime-evidence-39/task-observation-20328-64cdf18e-f941-4983-a1e1-43bb466a2995-3.json
 create mode 100644 specs/artifacts/2026-10-05-connection-workspace-authority/file-row-stability/runtime-evidence-39/task-observation-20328-64cdf18e-f941-4983-a1e1-43bb466a2995-30.json
 create mode 100644 specs/artifacts/2026-10-05-connection-workspace-authority/file-row-stability/runtime-evidence-39/task-observation-20328-64cdf18e-f941-4983-a1e1-43bb466a2995-300.json
 create mode 100644 specs/artifacts/2026-10-05-connection-workspace-authority/file-row-stability/runtime-evidence-39/task-observation-20328-64cdf18e-f941-4983-a1e1-43bb466a2995-301.json
 create mode 100644 specs/artifacts/2026-10-05-connection-workspace-authority/file-row-stability/runtime-evidence-39/task-observation-20328-64cdf18e-f941-4983-a1e1-43bb466a2995-302.json
 create mode 100644 specs/artifacts/2026-10-05-connection-workspace-authority/file-row-stability/runtime-evidence-39/task-observation-20328-64cdf18e-f941-4983-a1e1-43bb466a2995-303.json
 create mode 100644 specs/artifacts/2026-10-05-connection-workspace-authority/file-row-stability/runtime-evidence-39/task-observation-20328-64cdf18e-f941-4983-a1e1-43bb466a2995-304.json
 create mode 100644 specs/artifacts/2026-10-05-connection-workspace-authority/file-row-stability/runtime-evidence-39/task-observation-20328-64cdf18e-f941-4983-a1e1-43bb466a2995-305.json
 create mode 100644 specs/artifacts/2026-10-05-connection-workspace-authority/file-row-stability/runtime-evidence-39/task-observation-20328-64cdf18e-f941-4983-a1e1-43bb466a2995-306.json
 create mode 100644 specs/artifacts/2026-10-05-connection-workspace-authority/file-row-stability/runtime-evidence-39/task-observation-20328-64cdf18e-f941-4983-a1e1-43bb466a2995-307.json
 create mode 100644 specs/artifacts/2026-10-05-connection-workspace-authority/file-row-stability/runtime-evidence-39/task-observation-20328-64cdf18e-f941-4983-a1e1-43bb466a2995-308.json
 create mode 100644 specs/artifacts/2026-10-05-connection-workspace-authority/file-row-stability/runtime-evidence-39/task-observation-20328-64cdf18e-f941-4983-a1e1-43bb466a2995-309.json
 create mode 100644 specs/artifacts/2026-10-05-connection-workspace-authority/file-row-stability/runtime-evidence-39/task-observation-20328-64cdf18e-f941-4983-a1e1-43bb466a2995-31.json
 create mode 100644 specs/artifacts/2026-10-05-connection-workspace-authority/file-row-stability/runtime-evidence-39/task-observation-20328-64cdf18e-f941-4983-a1e1-43bb466a2995-310.json
 create mode 100644 specs/artifacts/2026-10-05-connection-workspace-authority/file-row-stability/runtime-evidence-39/task-observation-20328-64cdf18e-f941-4983-a1e1-43bb466a2995-311.json
 create mode 100644 specs/artifacts/2026-10-05-connection-workspace-authority/file-row-stability/runtime-evidence-39/task-observation-20328-64cdf18e-f941-4983-a1e1-43bb466a2995-312.json
 create mode 100644 specs/artifacts/2026-10-05-connection-workspace-authority/file-row-stability/runtime-evidence-39/task-observation-20328-64cdf18e-f941-4983-a1e1-43bb466a2995-313.json
 create mode 100644 specs/artifacts/2026-10-05-connection-workspace-authority/file-row-stability/runtime-evidence-39/task-observation-20328-64cdf18e-f941-4983-a1e1-43bb466a2995-314.json
 create mode 100644 specs/artifacts/2026-10-05-connection-workspace-authority/file-row-stability/runtime-evidence-39/task-observation-20328-64cdf18e-f941-4983-a1e1-43bb466a2995-315.json
 create mode 100644 specs/artifacts/2026-10-05-connection-workspace-authority/file-row-stability/runtime-evidence-39/task-observation-20328-64cdf18e-f941-4983-a1e1-43bb466a2995-316.json
 create mode 100644 specs/artifacts/2026-10-05-connection-workspace-authority/file-row-stability/runtime-evidence-39/task-observation-20328-64cdf18e-f941-4983-a1e1-43bb466a2995-317.json
 create mode 100644 specs/artifacts/2026-10-05-connection-workspace-authority/file-row-stability/runtime-evidence-39/task-observation-20328-64cdf18e-f941-4983-a1e1-43bb466a2995-318.json
 create mode 100644 specs/artifacts/2026-10-05-connection-workspace-authority/file-row-stability/runtime-evidence-39/task-observation-20328-64cdf18e-f941-4983-a1e1-43bb466a2995-319.json
 create mode 100644 specs/artifacts/2026-10-05-connection-workspace-authority/file-row-stability/runtime-evidence-39/task-observation-20328-64cdf18e-f941-4983-a1e1-43bb466a2995-32.json
 create mode 100644 specs/artifacts/2026-10-05-connection-workspace-authority/file-row-stability/runtime-evidence-39/task-observation-20328-64cdf18e-f941-4983-a1e1-43bb466a2995-320.json
 create mode 100644 specs/artifacts/2026-10-05-connection-workspace-authority/file-row-stability/runtime-evidence-39/task-observation-20328-64cdf18e-f941-4983-a1e1-43bb466a2995-321.json
 create mode 100644 specs/artifacts/2026-10-05-connection-workspace-authority/file-row-stability/runtime-evidence-39/task-observation-20328-64cdf18e-f941-4983-a1e1-43bb466a2995-322.json
 create mode 100644 specs/artifacts/2026-10-05-connection-workspace-authority/file-row-stability/runtime-evidence-39/task-observation-20328-64cdf18e-f941-4983-a1e1-43bb466a2995-323.json
 create mode 100644 specs/artifacts/2026-10-05-connection-workspace-authority/file-row-stability/runtime-evidence-39/task-observation-20328-64cdf18e-f941-4983-a1e1-43bb466a2995-324.json
 create mode 100644 specs/artifacts/2026-10-05-connection-workspace-authority/file-row-stability/runtime-evidence-39/task-observation-20328-64cdf18e-f941-4983-a1e1-43bb466a2995-325.json
 create mode 100644 specs/artifacts/2026-10-05-connection-workspace-authority/file-row-stability/runtime-evidence-39/task-observation-20328-64cdf18e-f941-4983-a1e1-43bb466a2995-326.json
 create mode 100644 specs/artifacts/2026-10-05-connection-workspace-authority/file-row-stability/runtime-evidence-39/task-observation-20328-64cdf18e-f941-4983-a1e1-43bb466a2995-327.json
 create mode 100644 specs/artifacts/2026-10-05-connection-workspace-authority/file-row-stability/runtime-evidence-39/task-observation-20328-64cdf18e-f941-4983-a1e1-43bb466a2995-328.json
 create mode 100644 specs/artifacts/2026-10-05-connection-workspace-authority/file-row-stability/runtime-evidence-39/task-observation-20328-64cdf18e-f941-4983-a1e1-43bb466a2995-329.json
 create mode 100644 specs/artifacts/2026-10-05-connection-workspace-authority/file-row-stability/runtime-evidence-39/task-observation-20328-64cdf18e-f941-4983-a1e1-43bb466a2995-33.json
 create mode 100644 specs/artifacts/2026-10-05-connection-workspace-authority/file-row-stability/runtime-evidence-39/task-observation-20328-64cdf18e-f941-4983-a1e1-43bb466a2995-330.json
 create mode 100644 specs/artifacts/2026-10-05-connection-workspace-authority/file-row-stability/runtime-evidence-39/task-observation-20328-64cdf18e-f941-4983-a1e1-43bb466a2995-331.json
 create mode 100644 specs/artifacts/2026-10-05-connection-workspace-authority/file-row-stability/runtime-evidence-39/task-observation-20328-64cdf18e-f941-4983-a1e1-43bb466a2995-332.json
 create mode 100644 specs/artifacts/2026-10-05-connection-workspace-authority/file-row-stability/runtime-evidence-39/task-observation-20328-64cdf18e-f941-4983-a1e1-43bb466a2995-333.json
 create mode 100644 specs/artifacts/2026-10-05-connection-workspace-authority/file-row-stability/runtime-evidence-39/task-observation-20328-64cdf18e-f941-4983-a1e1-43bb466a2995-334.json
 create mode 100644 specs/artifacts/2026-10-05-connection-workspace-authority/file-row-stability/runtime-evidence-39/task-observation-20328-64cdf18e-f941-4983-a1e1-43bb466a2995-335.json
 create mode 100644 specs/artifacts/2026-10-05-connection-workspace-authority/file-row-stability/runtime-evidence-39/task-observation-20328-64cdf18e-f941-4983-a1e1-43bb466a2995-336.json
 create mode 100644 specs/artifacts/2026-10-05-connection-workspace-authority/file-row-stability/runtime-evidence-39/task-observation-20328-64cdf18e-f941-4983-a1e1-43bb466a2995-337.json
 create mode 100644 specs/artifacts/2026-10-05-connection-workspace-authority/file-row-stability/runtime-evidence-39/task-observation-20328-64cdf18e-f941-4983-a1e1-43bb466a2995-338.json
 create mode 100644 specs/artifacts/2026-10-05-connection-workspace-authority/file-row-stability/runtime-evidence-39/task-observation-20328-64cdf18e-f941-4983-a1e1-43bb466a2995-339.json
 create mode 100644 specs/artifacts/2026-10-05-connection-workspace-authority/file-row-stability/runtime-evidence-39/task-observation-20328-64cdf18e-f941-4983-a1e1-43bb466a2995-34.json
 create mode 100644 specs/artifacts/2026-10-05-connection-workspace-authority/file-row-stability/runtime-evidence-39/task-observation-20328-64cdf18e-f941-4983-a1e1-43bb466a2995-340.json
 create mode 100644 specs/artifacts/2026-10-05-connection-workspace-authority/file-row-stability/runtime-evidence-39/task-observation-20328-64cdf18e-f941-4983-a1e1-43bb466a2995-341.json
 create mode 100644 specs/artifacts/2026-10-05-connection-workspace-authority/file-row-stability/runtime-evidence-39/task-observation-20328-64cdf18e-f941-4983-a1e1-43bb466a2995-342.json
 create mode 100644 specs/artifacts/2026-10-05-connection-workspace-authority/file-row-stability/runtime-evidence-39/task-observation-20328-64cdf18e-f941-4983-a1e1-43bb466a2995-343.json
 create mode 100644 specs/artifacts/2026-10-05-connection-workspace-authority/file-row-stability/runtime-evidence-39/task-observation-20328-64cdf18e-f941-4983-a1e1-43bb466a2995-344.json
 create mode 100644 specs/artifacts/2026-10-05-connection-workspace-authority/file-row-stability/runtime-evidence-39/task-observation-20328-64cdf18e-f941-4983-a1e1-43bb466a2995-345.json
 create mode 100644 specs/artifacts/2026-10-05-connection-workspace-authority/file-row-stability/runtime-evidence-39/task-observation-20328-64cdf18e-f941-4983-a1e1-43bb466a2995-346.json
 create mode 100644 specs/artifacts/2026-10-05-connection-workspace-authority/file-row-stability/runtime-evidence-39/task-observation-20328-64cdf18e-f941-4983-a1e1-43bb466a2995-347.json
 create mode 100644 specs/artifacts/2026-10-05-connection-workspace-authority/file-row-stability/runtime-evidence-39/task-observation-20328-64cdf18e-f941-4983-a1e1-43bb466a2995-348.json
 create mode 100644 specs/artifacts/2026-10-05-connection-workspace-authority/file-row-stability/runtime-evidence-39/task-observation-20328-64cdf18e-f941-4983-a1e1-43bb466a2995-349.json
 create mode 100644 specs/artifacts/2026-10-05-connection-workspace-authority/file-row-stability/runtime-evidence-39/task-observation-20328-64cdf18e-f941-4983-a1e1-43bb466a2995-35.json
 create mode 100644 specs/artifacts/2026-10-05-connection-workspace-authority/file-row-stability/runtime-evidence-39/task-observation-20328-64cdf18e-f941-4983-a1e1-43bb466a2995-350.json
 create mode 100644 specs/artifacts/2026-10-05-connection-workspace-authority/file-row-stability/runtime-evidence-39/task-observation-20328-64cdf18e-f941-4983-a1e1-43bb466a2995-351.json
 create mode 100644 specs/artifacts/2026-10-05-connection-workspace-authority/file-row-stability/runtime-evidence-39/task-observation-20328-64cdf18e-f941-4983-a1e1-43bb466a2995-352.json
 create mode 100644 specs/artifacts/2026-10-05-connection-workspace-authority/file-row-stability/runtime-evidence-39/task-observation-20328-64cdf18e-f941-4983-a1e1-43bb466a2995-353.json
 create mode 100644 specs/artifacts/2026-10-05-connection-workspace-authority/file-row-stability/runtime-evidence-39/task-observation-20328-64cdf18e-f941-4983-a1e1-43bb466a2995-354.json
 create mode 100644 specs/artifacts/2026-10-05-connection-workspace-authority/file-row-stability/runtime-evidence-39/task-observation-20328-64cdf18e-f941-4983-a1e1-43bb466a2995-355.json
 create mode 100644 specs/artifacts/2026-10-05-connection-workspace-authority/file-row-stability/runtime-evidence-39/task-observation-20328-64cdf18e-f941-4983-a1e1-43bb466a2995-356.json
 create mode 100644 specs/artifacts/2026-10-05-connection-workspace-authority/file-row-stability/runtime-evidence-39/task-observation-20328-64cdf18e-f941-4983-a1e1-43bb466a2995-357.json
 create mode 100644 specs/artifacts/2026-10-05-connection-workspace-authority/file-row-stability/runtime-evidence-39/task-observation-20328-64cdf18e-f941-4983-a1e1-43bb466a2995-358.json
 create mode 100644 specs/artifacts/2026-10-05-connection-workspace-authority/file-row-stability/runtime-evidence-39/task-observation-20328-64cdf18e-f941-4983-a1e1-43bb466a2995-359.json
 create mode 100644 specs/artifacts/2026-10-05-connection-workspace-authority/file-row-stability/runtime-evidence-39/task-observation-20328-64cdf18e-f941-4983-a1e1-43bb466a2995-36.json
 create mode 100644 specs/artifacts/2026-10-05-connection-workspace-authority/file-row-stability/runtime-evidence-39/task-observation-20328-64cdf18e-f941-4983-a1e1-43bb466a2995-360.json
 create mode 100644 specs/artifacts/2026-10-05-connection-workspace-authority/file-row-stability/runtime-evidence-39/task-observation-20328-64cdf18e-f941-4983-a1e1-43bb466a2995-361.json
 create mode 100644 specs/artifacts/2026-10-05-connection-workspace-authority/file-row-stability/runtime-evidence-39/task-observation-20328-64cdf18e-f941-4983-a1e1-43bb466a2995-362.json
 create mode 100644 specs/artifacts/2026-10-05-connection-workspace-authority/file-row-stability/runtime-evidence-39/task-observation-20328-64cdf18e-f941-4983-a1e1-43bb466a2995-363.json
 create mode 100644 specs/artifacts/2026-10-05-connection-workspace-authority/file-row-stability/runtime-evidence-39/task-observation-20328-64cdf18e-f941-4983-a1e1-43bb466a2995-364.json
 create mode 100644 specs/artifacts/2026-10-05-connection-workspace-authority/file-row-stability/runtime-evidence-39/task-observation-20328-64cdf18e-f941-4983-a1e1-43bb466a2995-365.json
 create mode 100644 specs/artifacts/2026-10-05-connection-workspace-authority/file-row-stability/runtime-evidence-39/task-observation-20328-64cdf18e-f941-4983-a1e1-43bb466a2995-366.json
 create mode 100644 specs/artifacts/2026-10-05-connection-workspace-authority/file-row-stability/runtime-evidence-39/task-observation-20328-64cdf18e-f941-4983-a1e1-43bb466a2995-367.json
 create mode 100644 specs/artifacts/2026-10-05-connection-workspace-authority/file-row-stability/runtime-evidence-39/task-observation-20328-64cdf18e-f941-4983-a1e1-43bb466a2995-368.json
 create mode 100644 specs/artifacts/2026-10-05-connection-workspace-authority/file-row-stability/runtime-evidence-39/task-observation-20328-64cdf18e-f941-4983-a1e1-43bb466a2995-369.json
 create mode 100644 specs/artifacts/2026-10-05-connection-workspace-authority/file-row-stability/runtime-evidence-39/task-observation-20328-64cdf18e-f941-4983-a1e1-43bb466a2995-37.json
 create mode 100644 specs/artifacts/2026-10-05-connection-workspace-authority/file-row-stability/runtime-evidence-39/task-observation-20328-64cdf18e-f941-4983-a1e1-43bb466a2995-370.json
 create mode 100644 specs/artifacts/2026-10-05-connection-workspace-authority/file-row-stability/runtime-evidence-39/task-observation-20328-64cdf18e-f941-4983-a1e1-43bb466a2995-371.json
 create mode 100644 specs/artifacts/2026-10-05-connection-workspace-authority/file-row-stability/runtime-evidence-39/task-observation-20328-64cdf18e-f941-4983-a1e1-43bb466a2995-372.json
 create mode 100644 specs/artifacts/2026-10-05-connection-workspace-authority/file-row-stability/runtime-evidence-39/task-observation-20328-64cdf18e-f941-4983-a1e1-43bb466a2995-373.json
 create mode 100644 specs/artifacts/2026-10-05-connection-workspace-authority/file-row-stability/runtime-evidence-39/task-observation-20328-64cdf18e-f941-4983-a1e1-43bb466a2995-374.json
 create mode 100644 specs/artifacts/2026-10-05-connection-workspace-authority/file-row-stability/runtime-evidence-39/task-observation-20328-64cdf18e-f941-4983-a1e1-43bb466a2995-375.json
 create mode 100644 specs/artifacts/2026-10-05-connection-workspace-authority/file-row-stability/runtime-evidence-39/task-observation-20328-64cdf18e-f941-4983-a1e1-43bb466a2995-376.json
 create mode 100644 specs/artifacts/2026-10-05-connection-workspace-authority/file-row-stability/runtime-evidence-39/task-observation-20328-64cdf18e-f941-4983-a1e1-43bb466a2995-377.json
 create mode 100644 specs/artifacts/2026-10-05-connection-workspace-authority/file-row-stability/runtime-evidence-39/task-observation-20328-64cdf18e-f941-4983-a1e1-43bb466a2995-378.json
 create mode 100644 specs/artifacts/2026-10-05-connection-workspace-authority/file-row-stability/runtime-evidence-39/task-observation-20328-64cdf18e-f941-4983-a1e1-43bb466a2995-379.json
 create mode 100644 specs/artifacts/2026-10-05-connection-workspace-authority/file-row-stability/runtime-evidence-39/task-observation-20328-64cdf18e-f941-4983-a1e1-43bb466a2995-38.json
 create mode 100644 specs/artifacts/2026-10-05-connection-workspace-authority/file-row-stability/runtime-evidence-39/task-observation-20328-64cdf18e-f941-4983-a1e1-43bb466a2995-380.json
 create mode 100644 specs/artifacts/2026-10-05-connection-workspace-authority/file-row-stability/runtime-evidence-39/task-observation-20328-64cdf18e-f941-4983-a1e1-43bb466a2995-381.json
 create mode 100644 specs/artifacts/2026-10-05-connection-workspace-authority/file-row-stability/runtime-evidence-39/task-observation-20328-64cdf18e-f941-4983-a1e1-43bb466a2995-382.json
 create mode 100644 specs/artifacts/2026-10-05-connection-workspace-authority/file-row-stability/runtime-evidence-39/task-observation-20328-64cdf18e-f941-4983-a1e1-43bb466a2995-383.json
 create mode 100644 specs/artifacts/2026-10-05-connection-workspace-authority/file-row-stability/runtime-evidence-39/task-observation-20328-64cdf18e-f941-4983-a1e1-43bb466a2995-384.json
 create mode 100644 specs/artifacts/2026-10-05-connection-workspace-authority/file-row-stability/runtime-evidence-39/task-observation-20328-64cdf18e-f941-4983-a1e1-43bb466a2995-385.json
 create mode 100644 specs/artifacts/2026-10-05-connection-workspace-authority/file-row-stability/runtime-evidence-39/task-observation-20328-64cdf18e-f941-4983-a1e1-43bb466a2995-386.json
 create mode 100644 specs/artifacts/2026-10-05-connection-workspace-authority/file-row-stability/runtime-evidence-39/task-observation-20328-64cdf18e-f941-4983-a1e1-43bb466a2995-387.json
 create mode 100644 specs/artifacts/2026-10-05-connection-workspace-authority/file-row-stability/runtime-evidence-39/task-observation-20328-64cdf18e-f941-4983-a1e1-43bb466a2995-388.json
 create mode 100644 specs/artifacts/2026-10-05-connection-workspace-authority/file-row-stability/runtime-evidence-39/task-observation-20328-64cdf18e-f941-4983-a1e1-43bb466a2995-389.json
 create mode 100644 specs/artifacts/2026-10-05-connection-workspace-authority/file-row-stability/runtime-evidence-39/task-observation-20328-64cdf18e-f941-4983-a1e1-43bb466a2995-39.json
 create mode 100644 specs/artifacts/2026-10-05-connection-workspace-authority/file-row-stability/runtime-evidence-39/task-observation-20328-64cdf18e-f941-4983-a1e1-43bb466a2995-390.json
 create mode 100644 specs/artifacts/2026-10-05-connection-workspace-authority/file-row-stability/runtime-evidence-39/task-observation-20328-64cdf18e-f941-4983-a1e1-43bb466a2995-391.json
 create mode 100644 specs/artifacts/2026-10-05-connection-workspace-authority/file-row-stability/runtime-evidence-39/task-observation-20328-64cdf18e-f941-4983-a1e1-43bb466a2995-392.json
 create mode 100644 specs/artifacts/2026-10-05-connection-workspace-authority/file-row-stability/runtime-evidence-39/task-observation-20328-64cdf18e-f941-4983-a1e1-43bb466a2995-393.json
 create mode 100644 specs/artifacts/2026-10-05-connection-workspace-authority/file-row-stability/runtime-evidence-39/task-observation-20328-64cdf18e-f941-4983-a1e1-43bb466a2995-394.json
 create mode 100644 specs/artifacts/2026-10-05-connection-workspace-authority/file-row-stability/runtime-evidence-39/task-observation-20328-64cdf18e-f941-4983-a1e1-43bb466a2995-395.json
 create mode 100644 specs/artifacts/2026-10-05-connection-workspace-authority/file-row-stability/runtime-evidence-39/task-observation-20328-64cdf18e-f941-4983-a1e1-43bb466a2995-396.json
 create mode 100644 specs/artifacts/2026-10-05-connection-workspace-authority/file-row-stability/runtime-evidence-39/task-observation-20328-64cdf18e-f941-4983-a1e1-43bb466a2995-397.json
 create mode 100644 specs/artifacts/2026-10-05-connection-workspace-authority/file-row-stability/runtime-evidence-39/task-observation-20328-64cdf18e-f941-4983-a1e1-43bb466a2995-398.json
 create mode 100644 specs/artifacts/2026-10-05-connection-workspace-authority/file-row-stability/runtime-evidence-39/task-observation-20328-64cdf18e-f941-4983-a1e1-43bb466a2995-399.json
 create mode 100644 specs/artifacts/2026-10-05-connection-workspace-authority/file-row-stability/runtime-evidence-39/task-observation-20328-64cdf18e-f941-4983-a1e1-43bb466a2995-4.json
 create mode 100644 specs/artifacts/2026-10-05-connection-workspace-authority/file-row-stability/runtime-evidence-39/task-observation-20328-64cdf18e-f941-4983-a1e1-43bb466a2995-40.json
 create mode 100644 specs/artifacts/2026-10-05-connection-workspace-authority/file-row-stability/runtime-evidence-39/task-observation-20328-64cdf18e-f941-4983-a1e1-43bb466a2995-400.json
 create mode 100644 specs/artifacts/2026-10-05-connection-workspace-authority/file-row-stability/runtime-evidence-39/task-observation-20328-64cdf18e-f941-4983-a1e1-43bb466a2995-401.json
 create mode 100644 specs/artifacts/2026-10-05-connection-workspace-authority/file-row-stability/runtime-evidence-39/task-observation-20328-64cdf18e-f941-4983-a1e1-43bb466a2995-402.json
 create mode 100644 specs/artifacts/2026-10-05-connection-workspace-authority/file-row-stability/runtime-evidence-39/task-observation-20328-64cdf18e-f941-4983-a1e1-43bb466a2995-403.json
 create mode 100644 specs/artifacts/2026-10-05-connection-workspace-authority/file-row-stability/runtime-evidence-39/task-observation-20328-64cdf18e-f941-4983-a1e1-43bb466a2995-404.json
 create mode 100644 specs/artifacts/2026-10-05-connection-workspace-authority/file-row-stability/runtime-evidence-39/task-observation-20328-64cdf18e-f941-4983-a1e1-43bb466a2995-405.json
 create mode 100644 specs/artifacts/2026-10-05-connection-workspace-authority/file-row-stability/runtime-evidence-39/task-observation-20328-64cdf18e-f941-4983-a1e1-43bb466a2995-406.json
 create mode 100644 specs/artifacts/2026-10-05-connection-workspace-authority/file-row-stability/runtime-evidence-39/task-observation-20328-64cdf18e-f941-4983-a1e1-43bb466a2995-407.json
 create mode 100644 specs/artifacts/2026-10-05-connection-workspace-authority/file-row-stability/runtime-evidence-39/task-observation-20328-64cdf18e-f941-4983-a1e1-43bb466a2995-408.json
 create mode 100644 specs/artifacts/2026-10-05-connection-workspace-authority/file-row-stability/runtime-evidence-39/task-observation-20328-64cdf18e-f941-4983-a1e1-43bb466a2995-409.json
 create mode 100644 specs/artifacts/2026-10-05-connection-workspace-authority/file-row-stability/runtime-evidence-39/task-observation-20328-64cdf18e-f941-4983-a1e1-43bb466a2995-41.json
 create mode 100644 specs/artifacts/2026-10-05-connection-workspace-authority/file-row-stability/runtime-evidence-39/task-observation-20328-64cdf18e-f941-4983-a1e1-43bb466a2995-410.json
 create mode 100644 specs/artifacts/2026-10-05-connection-workspace-authority/file-row-stability/runtime-evidence-39/task-observation-20328-64cdf18e-f941-4983-a1e1-43bb466a2995-411.json
 create mode 100644 specs/artifacts/2026-10-05-connection-workspace-authority/file-row-stability/runtime-evidence-39/task-observation-20328-64cdf18e-f941-4983-a1e1-43bb466a2995-412.json
 create mode 100644 specs/artifacts/2026-10-05-connection-workspace-authority/file-row-stability/runtime-evidence-39/task-observation-20328-64cdf18e-f941-4983-a1e1-43bb466a2995-413.json
 create mode 100644 specs/artifacts/2026-10-05-connection-workspace-authority/file-row-stability/runtime-evidence-39/task-observation-20328-64cdf18e-f941-4983-a1e1-43bb466a2995-414.json
 create mode 100644 specs/artifacts/2026-10-05-connection-workspace-authority/file-row-stability/runtime-evidence-39/task-observation-20328-64cdf18e-f941-4983-a1e1-43bb466a2995-415.json
 create mode 100644 specs/artifacts/2026-10-05-connection-workspace-authority/file-row-stability/runtime-evidence-39/task-observation-20328-64cdf18e-f941-4983-a1e1-43bb466a2995-416.json
 create mode 100644 specs/artifacts/2026-10-05-connection-workspace-authority/file-row-stability/runtime-evidence-39/task-observation-20328-64cdf18e-f941-4983-a1e1-43bb466a2995-417.json
 create mode 100644 specs/artifacts/2026-10-05-connection-workspace-authority/file-row-stability/runtime-evidence-39/task-observation-20328-64cdf18e-f941-4983-a1e1-43bb466a2995-418.json
 create mode 100644 specs/artifacts/2026-10-05-connection-workspace-authority/file-row-stability/runtime-evidence-39/task-observation-20328-64cdf18e-f941-4983-a1e1-43bb466a2995-419.json
 create mode 100644 specs/artifacts/2026-10-05-connection-workspace-authority/file-row-stability/runtime-evidence-39/task-observation-20328-64cdf18e-f941-4983-a1e1-43bb466a2995-42.json
 create mode 100644 specs/artifacts/2026-10-05-connection-workspace-authority/file-row-stability/runtime-evidence-39/task-observation-20328-64cdf18e-f941-4983-a1e1-43bb466a2995-420.json
 create mode 100644 specs/artifacts/2026-10-05-connection-workspace-authority/file-row-stability/runtime-evidence-39/task-observation-20328-64cdf18e-f941-4983-a1e1-43bb466a2995-421.json
 create mode 100644 specs/artifacts/2026-10-05-connection-workspace-authority/file-row-stability/runtime-evidence-39/task-observation-20328-64cdf18e-f941-4983-a1e1-43bb466a2995-422.json
 create mode 100644 specs/artifacts/2026-10-05-connection-workspace-authority/file-row-stability/runtime-evidence-39/task-observation-20328-64cdf18e-f941-4983-a1e1-43bb466a2995-423.json
 create mode 100644 specs/artifacts/2026-10-05-connection-workspace-authority/file-row-stability/runtime-evidence-39/task-observation-20328-64cdf18e-f941-4983-a1e1-43bb466a2995-424.json
 create mode 100644 specs/artifacts/2026-10-05-connection-workspace-authority/file-row-stability/runtime-evidence-39/task-observation-20328-64cdf18e-f941-4983-a1e1-43bb466a2995-425.json
 create mode 100644 specs/artifacts/2026-10-05-connection-workspace-authority/file-row-stability/runtime-evidence-39/task-observation-20328-64cdf18e-f941-4983-a1e1-43bb466a2995-426.json
 create mode 100644 specs/artifacts/2026-10-05-connection-workspace-authority/file-row-stability/runtime-evidence-39/task-observation-20328-64cdf18e-f941-4983-a1e1-43bb466a2995-427.json
 create mode 100644 specs/artifacts/2026-10-05-connection-workspace-authority/file-row-stability/runtime-evidence-39/task-observation-20328-64cdf18e-f941-4983-a1e1-43bb466a2995-428.json
 create mode 100644 specs/artifacts/2026-10-05-connection-workspace-authority/file-row-stability/runtime-evidence-39/task-observation-20328-64cdf18e-f941-4983-a1e1-43bb466a2995-429.json
 create mode 100644 specs/artifacts/2026-10-05-connection-workspace-authority/file-row-stability/runtime-evidence-39/task-observation-20328-64cdf18e-f941-4983-a1e1-43bb466a2995-43.json
 create mode 100644 specs/artifacts/2026-10-05-connection-workspace-authority/file-row-stability/runtime-evidence-39/task-observation-20328-64cdf18e-f941-4983-a1e1-43bb466a2995-430.json
 create mode 100644 specs/artifacts/2026-10-05-connection-workspace-authority/file-row-stability/runtime-evidence-39/task-observation-20328-64cdf18e-f941-4983-a1e1-43bb466a2995-431.json
 create mode 100644 specs/artifacts/2026-10-05-connection-workspace-authority/file-row-stability/runtime-evidence-39/task-observation-20328-64cdf18e-f941-4983-a1e1-43bb466a2995-432.json
 create mode 100644 specs/artifacts/2026-10-05-connection-workspace-authority/file-row-stability/runtime-evidence-39/task-observation-20328-64cdf18e-f941-4983-a1e1-43bb466a2995-433.json
 create mode 100644 specs/artifacts/2026-10-05-connection-workspace-authority/file-row-stability/runtime-evidence-39/task-observation-20328-64cdf18e-f941-4983-a1e1-43bb466a2995-434.json
 create mode 100644 specs/artifacts/2026-10-05-connection-workspace-authority/file-row-stability/runtime-evidence-39/task-observation-20328-64cdf18e-f941-4983-a1e1-43bb466a2995-435.json
 create mode 100644 specs/artifacts/2026-10-05-connection-workspace-authority/file-row-stability/runtime-evidence-39/task-observation-20328-64cdf18e-f941-4983-a1e1-43bb466a2995-436.json
 create mode 100644 specs/artifacts/2026-10-05-connection-workspace-authority/file-row-stability/runtime-evidence-39/task-observation-20328-64cdf18e-f941-4983-a1e1-43bb466a2995-437.json
 create mode 100644 specs/artifacts/2026-10-05-connection-workspace-authority/file-row-stability/runtime-evidence-39/task-observation-20328-64cdf18e-f941-4983-a1e1-43bb466a2995-438.json
 create mode 100644 specs/artifacts/2026-10-05-connection-workspace-authority/file-row-stability/runtime-evidence-39/task-observation-20328-64cdf18e-f941-4983-a1e1-43bb466a2995-439.json
 create mode 100644 specs/artifacts/2026-10-05-connection-workspace-authority/file-row-stability/runtime-evidence-39/task-observation-20328-64cdf18e-f941-4983-a1e1-43bb466a2995-44.json
 create mode 100644 specs/artifacts/2026-10-05-connection-workspace-authority/file-row-stability/runtime-evidence-39/task-observation-20328-64cdf18e-f941-4983-a1e1-43bb466a2995-440.json
 create mode 100644 specs/artifacts/2026-10-05-connection-workspace-authority/file-row-stability/runtime-evidence-39/task-observation-20328-64cdf18e-f941-4983-a1e1-43bb466a2995-441.json
 create mode 100644 specs/artifacts/2026-10-05-connection-workspace-authority/file-row-stability/runtime-evidence-39/task-observation-20328-64cdf18e-f941-4983-a1e1-43bb466a2995-442.json
 create mode 100644 specs/artifacts/2026-10-05-connection-workspace-authority/file-row-stability/runtime-evidence-39/task-observation-20328-64cdf18e-f941-4983-a1e1-43bb466a2995-443.json
 create mode 100644 specs/artifacts/2026-10-05-connection-workspace-authority/file-row-stability/runtime-evidence-39/task-observation-20328-64cdf18e-f941-4983-a1e1-43bb466a2995-444.json
 create mode 100644 specs/artifacts/2026-10-05-connection-workspace-authority/file-row-stability/runtime-evidence-39/task-observation-20328-64cdf18e-f941-4983-a1e1-43bb466a2995-445.json
 create mode 100644 specs/artifacts/2026-10-05-connection-workspace-authority/file-row-stability/runtime-evidence-39/task-observation-20328-64cdf18e-f941-4983-a1e1-43bb466a2995-446.json
 create mode 100644 specs/artifacts/2026-10-05-connection-workspace-authority/file-row-stability/runtime-evidence-39/task-observation-20328-64cdf18e-f941-4983-a1e1-43bb466a2995-447.json
 create mode 100644 specs/artifacts/2026-10-05-connection-workspace-authority/file-row-stability/runtime-evidence-39/task-observation-20328-64cdf18e-f941-4983-a1e1-43bb466a2995-448.json
 create mode 100644 specs/artifacts/2026-10-05-connection-workspace-authority/file-row-stability/runtime-evidence-39/task-observation-20328-64cdf18e-f941-4983-a1e1-43bb466a2995-449.json
 create mode 100644 specs/artifacts/2026-10-05-connection-workspace-authority/file-row-stability/runtime-evidence-39/task-observation-20328-64cdf18e-f941-4983-a1e1-43bb466a2995-45.json
 create mode 100644 specs/artifacts/2026-10-05-connection-workspace-authority/file-row-stability/runtime-evidence-39/task-observation-20328-64cdf18e-f941-4983-a1e1-43bb466a2995-450.json
 create mode 100644 specs/artifacts/2026-10-05-connection-workspace-authority/file-row-stability/runtime-evidence-39/task-observation-20328-64cdf18e-f941-4983-a1e1-43bb466a2995-451.json
 create mode 100644 specs/artifacts/2026-10-05-connection-workspace-authority/file-row-stability/runtime-evidence-39/task-observation-20328-64cdf18e-f941-4983-a1e1-43bb466a2995-452.json
 create mode 100644 specs/artifacts/2026-10-05-connection-workspace-authority/file-row-stability/runtime-evidence-39/task-observation-20328-64cdf18e-f941-4983-a1e1-43bb466a2995-453.json
 create mode 100644 specs/artifacts/2026-10-05-connection-workspace-authority/file-row-stability/runtime-evidence-39/task-observation-20328-64cdf18e-f941-4983-a1e1-43bb466a2995-454.json
 create mode 100644 specs/artifacts/2026-10-05-connection-workspace-authority/file-row-stability/runtime-evidence-39/task-observation-20328-64cdf18e-f941-4983-a1e1-43bb466a2995-455.json
 create mode 100644 specs/artifacts/2026-10-05-connection-workspace-authority/file-row-stability/runtime-evidence-39/task-observation-20328-64cdf18e-f941-4983-a1e1-43bb466a2995-456.json
 create mode 100644 specs/artifacts/2026-10-05-connection-workspace-authority/file-row-stability/runtime-evidence-39/task-observation-20328-64cdf18e-f941-4983-a1e1-43bb466a2995-457.json
 create mode 100644 specs/artifacts/2026-10-05-connection-workspace-authority/file-row-stability/runtime-evidence-39/task-observation-20328-64cdf18e-f941-4983-a1e1-43bb466a2995-458.json
 create mode 100644 specs/artifacts/2026-10-05-connection-workspace-authority/file-row-stability/runtime-evidence-39/task-observation-20328-64cdf18e-f941-4983-a1e1-43bb466a2995-459.json
 create mode 100644 specs/artifacts/2026-10-05-connection-workspace-authority/file-row-stability/runtime-evidence-39/task-observation-20328-64cdf18e-f941-4983-a1e1-43bb466a2995-46.json
 create mode 100644 specs/artifacts/2026-10-05-connection-workspace-authority/file-row-stability/runtime-evidence-39/task-observation-20328-64cdf18e-f941-4983-a1e1-43bb466a2995-460.json
 create mode 100644 specs/artifacts/2026-10-05-connection-workspace-authority/file-row-stability/runtime-evidence-39/task-observation-20328-64cdf18e-f941-4983-a1e1-43bb466a2995-461.json
 create mode 100644 specs/artifacts/2026-10-05-connection-workspace-authority/file-row-stability/runtime-evidence-39/task-observation-20328-64cdf18e-f941-4983-a1e1-43bb466a2995-462.json
 create mode 100644 specs/artifacts/2026-10-05-connection-workspace-authority/file-row-stability/runtime-evidence-39/task-observation-20328-64cdf18e-f941-4983-a1e1-43bb466a2995-463.json
 create mode 100644 specs/artifacts/2026-10-05-connection-workspace-authority/file-row-stability/runtime-evidence-39/task-observation-20328-64cdf18e-f941-4983-a1e1-43bb466a2995-464.json
 create mode 100644 specs/artifacts/2026-10-05-connection-workspace-authority/file-row-stability/runtime-evidence-39/task-observation-20328-64cdf18e-f941-4983-a1e1-43bb466a2995-465.json
 create mode 100644 specs/artifacts/2026-10-05-connection-workspace-authority/file-row-stability/runtime-evidence-39/task-observation-20328-64cdf18e-f941-4983-a1e1-43bb466a2995-466.json
 create mode 100644 specs/artifacts/2026-10-05-connection-workspace-authority/file-row-stability/runtime-evidence-39/task-observation-20328-64cdf18e-f941-4983-a1e1-43bb466a2995-467.json
 create mode 100644 specs/artifacts/2026-10-05-connection-workspace-authority/file-row-stability/runtime-evidence-39/task-observation-20328-64cdf18e-f941-4983-a1e1-43bb466a2995-468.json
 create mode 100644 specs/artifacts/2026-10-05-connection-workspace-authority/file-row-stability/runtime-evidence-39/task-observation-20328-64cdf18e-f941-4983-a1e1-43bb466a2995-469.json
 create mode 100644 specs/artifacts/2026-10-05-connection-workspace-authority/file-row-stability/runtime-evidence-39/task-observation-20328-64cdf18e-f941-4983-a1e1-43bb466a2995-47.json
 create mode 100644 specs/artifacts/2026-10-05-connection-workspace-authority/file-row-stability/runtime-evidence-39/task-observation-20328-64cdf18e-f941-4983-a1e1-43bb466a2995-470.json
 create mode 100644 specs/artifacts/2026-10-05-connection-workspace-authority/file-row-stability/runtime-evidence-39/task-observation-20328-64cdf18e-f941-4983-a1e1-43bb466a2995-471.json
 create mode 100644 specs/artifacts/2026-10-05-connection-workspace-authority/file-row-stability/runtime-evidence-39/task-observation-20328-64cdf18e-f941-4983-a1e1-43bb466a2995-472.json
 create mode 100644 specs/artifacts/2026-10-05-connection-workspace-authority/file-row-stability/runtime-evidence-39/task-observation-20328-64cdf18e-f941-4983-a1e1-43bb466a2995-473.json
 create mode 100644 specs/artifacts/2026-10-05-connection-workspace-authority/file-row-stability/runtime-evidence-39/task-observation-20328-64cdf18e-f941-4983-a1e1-43bb466a2995-474.json
 create mode 100644 specs/artifacts/2026-10-05-connection-workspace-authority/file-row-stability/runtime-evidence-39/task-observation-20328-64cdf18e-f941-4983-a1e1-43bb466a2995-475.json
 create mode 100644 specs/artifacts/2026-10-05-connection-workspace-authority/file-row-stability/runtime-evidence-39/task-observation-20328-64cdf18e-f941-4983-a1e1-43bb466a2995-476.json
 create mode 100644 specs/artifacts/2026-10-05-connection-workspace-authority/file-row-stability/runtime-evidence-39/task-observation-20328-64cdf18e-f941-4983-a1e1-43bb466a2995-477.json
 create mode 100644 specs/artifacts/2026-10-05-connection-workspace-authority/file-row-stability/runtime-evidence-39/task-observation-20328-64cdf18e-f941-4983-a1e1-43bb466a2995-478.json
 create mode 100644 specs/artifacts/2026-10-05-connection-workspace-authority/file-row-stability/runtime-evidence-39/task-observation-20328-64cdf18e-f941-4983-a1e1-43bb466a2995-479.json
 create mode 100644 specs/artifacts/2026-10-05-connection-workspace-authority/file-row-stability/runtime-evidence-39/task-observation-20328-64cdf18e-f941-4983-a1e1-43bb466a2995-48.json
 create mode 100644 specs/artifacts/2026-10-05-connection-workspace-authority/file-row-stability/runtime-evidence-39/task-observation-20328-64cdf18e-f941-4983-a1e1-43bb466a2995-480.json
 create mode 100644 specs/artifacts/2026-10-05-connection-workspace-authority/file-row-stability/runtime-evidence-39/task-observation-20328-64cdf18e-f941-4983-a1e1-43bb466a2995-481.json
 create mode 100644 specs/artifacts/2026-10-05-connection-workspace-authority/file-row-stability/runtime-evidence-39/task-observation-20328-64cdf18e-f941-4983-a1e1-43bb466a2995-482.json
 create mode 100644 specs/artifacts/2026-10-05-connection-workspace-authority/file-row-stability/runtime-evidence-39/task-observation-20328-64cdf18e-f941-4983-a1e1-43bb466a2995-483.json
 create mode 100644 specs/artifacts/2026-10-05-connection-workspace-authority/file-row-stability/runtime-evidence-39/task-observation-20328-64cdf18e-f941-4983-a1e1-43bb466a2995-484.json
 create mode 100644 specs/artifacts/2026-10-05-connection-workspace-authority/file-row-stability/runtime-evidence-39/task-observation-20328-64cdf18e-f941-4983-a1e1-43bb466a2995-485.json
 create mode 100644 specs/artifacts/2026-10-05-connection-workspace-authority/file-row-stability/runtime-evidence-39/task-observation-20328-64cdf18e-f941-4983-a1e1-43bb466a2995-486.json
 create mode 100644 specs/artifacts/2026-10-05-connection-workspace-authority/file-row-stability/runtime-evidence-39/task-observation-20328-64cdf18e-f941-4983-a1e1-43bb466a2995-487.json
 create mode 100644 specs/artifacts/2026-10-05-connection-workspace-authority/file-row-stability/runtime-evidence-39/task-observation-20328-64cdf18e-f941-4983-a1e1-43bb466a2995-488.json
 create mode 100644 specs/artifacts/2026-10-05-connection-workspace-authority/file-row-stability/runtime-evidence-39/task-observation-20328-64cdf18e-f941-4983-a1e1-43bb466a2995-489.json
 create mode 100644 specs/artifacts/2026-10-05-connection-workspace-authority/file-row-stability/runtime-evidence-39/task-observation-20328-64cdf18e-f941-4983-a1e1-43bb466a2995-49.json
 create mode 100644 specs/artifacts/2026-10-05-connection-workspace-authority/file-row-stability/runtime-evidence-39/task-observation-20328-64cdf18e-f941-4983-a1e1-43bb466a2995-490.json
 create mode 100644 specs/artifacts/2026-10-05-connection-workspace-authority/file-row-stability/runtime-evidence-39/task-observation-20328-64cdf18e-f941-4983-a1e1-43bb466a2995-491.json
 create mode 100644 specs/artifacts/2026-10-05-connection-workspace-authority/file-row-stability/runtime-evidence-39/task-observation-20328-64cdf18e-f941-4983-a1e1-43bb466a2995-492.json
 create mode 100644 specs/artifacts/2026-10-05-connection-workspace-authority/file-row-stability/runtime-evidence-39/task-observation-20328-64cdf18e-f941-4983-a1e1-43bb466a2995-493.json
 create mode 100644 specs/artifacts/2026-10-05-connection-workspace-authority/file-row-stability/runtime-evidence-39/task-observation-20328-64cdf18e-f941-4983-a1e1-43bb466a2995-494.json
 create mode 100644 specs/artifacts/2026-10-05-connection-workspace-authority/file-row-stability/runtime-evidence-39/task-observation-20328-64cdf18e-f941-4983-a1e1-43bb466a2995-495.json
 create mode 100644 specs/artifacts/2026-10-05-connection-workspace-authority/file-row-stability/runtime-evidence-39/task-observation-20328-64cdf18e-f941-4983-a1e1-43bb466a2995-496.json
 create mode 100644 specs/artifacts/2026-10-05-connection-workspace-authority/file-row-stability/runtime-evidence-39/task-observation-20328-64cdf18e-f941-4983-a1e1-43bb466a2995-497.json
 create mode 100644 specs/artifacts/2026-10-05-connection-workspace-authority/file-row-stability/runtime-evidence-39/task-observation-20328-64cdf18e-f941-4983-a1e1-43bb466a2995-498.json
 create mode 100644 specs/artifacts/2026-10-05-connection-workspace-authority/file-row-stability/runtime-evidence-39/task-observation-20328-64cdf18e-f941-4983-a1e1-43bb466a2995-499.json
 create mode 100644 specs/artifacts/2026-10-05-connection-workspace-authority/file-row-stability/runtime-evidence-39/task-observation-20328-64cdf18e-f941-4983-a1e1-43bb466a2995-5.json
 create mode 100644 specs/artifacts/2026-10-05-connection-workspace-authority/file-row-stability/runtime-evidence-39/task-observation-20328-64cdf18e-f941-4983-a1e1-43bb466a2995-50.json
 create mode 100644 specs/artifacts/2026-10-05-connection-workspace-authority/file-row-stability/runtime-evidence-39/task-observation-20328-64cdf18e-f941-4983-a1e1-43bb466a2995-500.json
 create mode 100644 specs/artifacts/2026-10-05-connection-workspace-authority/file-row-stability/runtime-evidence-39/task-observation-20328-64cdf18e-f941-4983-a1e1-43bb466a2995-501.json
 create mode 100644 specs/artifacts/2026-10-05-connection-workspace-authority/file-row-stability/runtime-evidence-39/task-observation-20328-64cdf18e-f941-4983-a1e1-43bb466a2995-502.json
 create mode 100644 specs/artifacts/2026-10-05-connection-workspace-authority/file-row-stability/runtime-evidence-39/task-observation-20328-64cdf18e-f941-4983-a1e1-43bb466a2995-503.json
 create mode 100644 specs/artifacts/2026-10-05-connection-workspace-authority/file-row-stability/runtime-evidence-39/task-observation-20328-64cdf18e-f941-4983-a1e1-43bb466a2995-504.json
 create mode 100644 specs/artifacts/2026-10-05-connection-workspace-authority/file-row-stability/runtime-evidence-39/task-observation-20328-64cdf18e-f941-4983-a1e1-43bb466a2995-505.json
 create mode 100644 specs/artifacts/2026-10-05-connection-workspace-authority/file-row-stability/runtime-evidence-39/task-observation-20328-64cdf18e-f941-4983-a1e1-43bb466a2995-506.json
 create mode 100644 specs/artifacts/2026-10-05-connection-workspace-authority/file-row-stability/runtime-evidence-39/task-observation-20328-64cdf18e-f941-4983-a1e1-43bb466a2995-507.json
 create mode 100644 specs/artifacts/2026-10-05-connection-workspace-authority/file-row-stability/runtime-evidence-39/task-observation-20328-64cdf18e-f941-4983-a1e1-43bb466a2995-508.json
 create mode 100644 specs/artifacts/2026-10-05-connection-workspace-authority/file-row-stability/runtime-evidence-39/task-observation-20328-64cdf18e-f941-4983-a1e1-43bb466a2995-509.json
 create mode 100644 specs/artifacts/2026-10-05-connection-workspace-authority/file-row-stability/runtime-evidence-39/task-observation-20328-64cdf18e-f941-4983-a1e1-43bb466a2995-51.json
 create mode 100644 specs/artifacts/2026-10-05-connection-workspace-authority/file-row-stability/runtime-evidence-39/task-observation-20328-64cdf18e-f941-4983-a1e1-43bb466a2995-510.json
 create mode 100644 specs/artifacts/2026-10-05-connection-workspace-authority/file-row-stability/runtime-evidence-39/task-observation-20328-64cdf18e-f941-4983-a1e1-43bb466a2995-511.json
 create mode 100644 specs/artifacts/2026-10-05-connection-workspace-authority/file-row-stability/runtime-evidence-39/task-observation-20328-64cdf18e-f941-4983-a1e1-43bb466a2995-512.json
 create mode 100644 specs/artifacts/2026-10-05-connection-workspace-authority/file-row-stability/runtime-evidence-39/task-observation-20328-64cdf18e-f941-4983-a1e1-43bb466a2995-513.json
 create mode 100644 specs/artifacts/2026-10-05-connection-workspace-authority/file-row-stability/runtime-evidence-39/task-observation-20328-64cdf18e-f941-4983-a1e1-43bb466a2995-514.json
 create mode 100644 specs/artifacts/2026-10-05-connection-workspace-authority/file-row-stability/runtime-evidence-39/task-observation-20328-64cdf18e-f941-4983-a1e1-43bb466a2995-515.json
 create mode 100644 specs/artifacts/2026-10-05-connection-workspace-authority/file-row-stability/runtime-evidence-39/task-observation-20328-64cdf18e-f941-4983-a1e1-43bb466a2995-516.json
 create mode 100644 specs/artifacts/2026-10-05-connection-workspace-authority/file-row-stability/runtime-evidence-39/task-observation-20328-64cdf18e-f941-4983-a1e1-43bb466a2995-517.json
 create mode 100644 specs/artifacts/2026-10-05-connection-workspace-authority/file-row-stability/runtime-evidence-39/task-observation-20328-64cdf18e-f941-4983-a1e1-43bb466a2995-518.json
 create mode 100644 specs/artifacts/2026-10-05-connection-workspace-authority/file-row-stability/runtime-evidence-39/task-observation-20328-64cdf18e-f941-4983-a1e1-43bb466a2995-519.json
 create mode 100644 specs/artifacts/2026-10-05-connection-workspace-authority/file-row-stability/runtime-evidence-39/task-observation-20328-64cdf18e-f941-4983-a1e1-43bb466a2995-52.json
 create mode 100644 specs/artifacts/2026-10-05-connection-workspace-authority/file-row-stability/runtime-evidence-39/task-observation-20328-64cdf18e-f941-4983-a1e1-43bb466a2995-520.json
 create mode 100644 specs/artifacts/2026-10-05-connection-workspace-authority/file-row-stability/runtime-evidence-39/task-observation-20328-64cdf18e-f941-4983-a1e1-43bb466a2995-521.json
 create mode 100644 specs/artifacts/2026-10-05-connection-workspace-authority/file-row-stability/runtime-evidence-39/task-observation-20328-64cdf18e-f941-4983-a1e1-43bb466a2995-522.json
 create mode 100644 specs/artifacts/2026-10-05-connection-workspace-authority/file-row-stability/runtime-evidence-39/task-observation-20328-64cdf18e-f941-4983-a1e1-43bb466a2995-523.json
 create mode 100644 specs/artifacts/2026-10-05-connection-workspace-authority/file-row-stability/runtime-evidence-39/task-observation-20328-64cdf18e-f941-4983-a1e1-43bb466a2995-524.json
 create mode 100644 specs/artifacts/2026-10-05-connection-workspace-authority/file-row-stability/runtime-evidence-39/task-observation-20328-64cdf18e-f941-4983-a1e1-43bb466a2995-525.json
 create mode 100644 specs/artifacts/2026-10-05-connection-workspace-authority/file-row-stability/runtime-evidence-39/task-observation-20328-64cdf18e-f941-4983-a1e1-43bb466a2995-526.json
 create mode 100644 specs/artifacts/2026-10-05-connection-workspace-authority/file-row-stability/runtime-evidence-39/task-observation-20328-64cdf18e-f941-4983-a1e1-43bb466a2995-527.json
 create mode 100644 specs/artifacts/2026-10-05-connection-workspace-authority/file-row-stability/runtime-evidence-39/task-observation-20328-64cdf18e-f941-4983-a1e1-43bb466a2995-528.json
 create mode 100644 specs/artifacts/2026-10-05-connection-workspace-authority/file-row-stability/runtime-evidence-39/task-observation-20328-64cdf18e-f941-4983-a1e1-43bb466a2995-529.json
 create mode 100644 specs/artifacts/2026-10-05-connection-workspace-authority/file-row-stability/runtime-evidence-39/task-observation-20328-64cdf18e-f941-4983-a1e1-43bb466a2995-53.json
 create mode 100644 specs/artifacts/2026-10-05-connection-workspace-authority/file-row-stability/runtime-evidence-39/task-observation-20328-64cdf18e-f941-4983-a1e1-43bb466a2995-530.json
 create mode 100644 specs/artifacts/2026-10-05-connection-workspace-authority/file-row-stability/runtime-evidence-39/task-observation-20328-64cdf18e-f941-4983-a1e1-43bb466a2995-531.json
 create mode 100644 specs/artifacts/2026-10-05-connection-workspace-authority/file-row-stability/runtime-evidence-39/task-observation-20328-64cdf18e-f941-4983-a1e1-43bb466a2995-532.json
 create mode 100644 specs/artifacts/2026-10-05-connection-workspace-authority/file-row-stability/runtime-evidence-39/task-observation-20328-64cdf18e-f941-4983-a1e1-43bb466a2995-533.json
 create mode 100644 specs/artifacts/2026-10-05-connection-workspace-authority/file-row-stability/runtime-evidence-39/task-observation-20328-64cdf18e-f941-4983-a1e1-43bb466a2995-534.json
 create mode 100644 specs/artifacts/2026-10-05-connection-workspace-authority/file-row-stability/runtime-evidence-39/task-observation-20328-64cdf18e-f941-4983-a1e1-43bb466a2995-535.json
 create mode 100644 specs/artifacts/2026-10-05-connection-workspace-authority/file-row-stability/runtime-evidence-39/task-observation-20328-64cdf18e-f941-4983-a1e1-43bb466a2995-536.json
 create mode 100644 specs/artifacts/2026-10-05-connection-workspace-authority/file-row-stability/runtime-evidence-39/task-observation-20328-64cdf18e-f941-4983-a1e1-43bb466a2995-537.json
 create mode 100644 specs/artifacts/2026-10-05-connection-workspace-authority/file-row-stability/runtime-evidence-39/task-observation-20328-64cdf18e-f941-4983-a1e1-43bb466a2995-538.json
 create mode 100644 specs/artifacts/2026-10-05-connection-workspace-authority/file-row-stability/runtime-evidence-39/task-observation-20328-64cdf18e-f941-4983-a1e1-43bb466a2995-539.json
 create mode 100644 specs/artifacts/2026-10-05-connection-workspace-authority/file-row-stability/runtime-evidence-39/task-observation-20328-64cdf18e-f941-4983-a1e1-43bb466a2995-54.json
 create mode 100644 specs/artifacts/2026-10-05-connection-workspace-authority/file-row-stability/runtime-evidence-39/task-observation-20328-64cdf18e-f941-4983-a1e1-43bb466a2995-540.json
 create mode 100644 specs/artifacts/2026-10-05-connection-workspace-authority/file-row-stability/runtime-evidence-39/task-observation-20328-64cdf18e-f941-4983-a1e1-43bb466a2995-541.json
 create mode 100644 specs/artifacts/2026-10-05-connection-workspace-authority/file-row-stability/runtime-evidence-39/task-observation-20328-64cdf18e-f941-4983-a1e1-43bb466a2995-542.json
 create mode 100644 specs/artifacts/2026-10-05-connection-workspace-authority/file-row-stability/runtime-evidence-39/task-observation-20328-64cdf18e-f941-4983-a1e1-43bb466a2995-543.json
 create mode 100644 specs/artifacts/2026-10-05-connection-workspace-authority/file-row-stability/runtime-evidence-39/task-observation-20328-64cdf18e-f941-4983-a1e1-43bb466a2995-544.json
 create mode 100644 specs/artifacts/2026-10-05-connection-workspace-authority/file-row-stability/runtime-evidence-39/task-observation-20328-64cdf18e-f941-4983-a1e1-43bb466a2995-545.json
 create mode 100644 specs/artifacts/2026-10-05-connection-workspace-authority/file-row-stability/runtime-evidence-39/task-observation-20328-64cdf18e-f941-4983-a1e1-43bb466a2995-546.json
 create mode 100644 specs/artifacts/2026-10-05-connection-workspace-authority/file-row-stability/runtime-evidence-39/task-observation-20328-64cdf18e-f941-4983-a1e1-43bb466a2995-547.json
 create mode 100644 specs/artifacts/2026-10-05-connection-workspace-authority/file-row-stability/runtime-evidence-39/task-observation-20328-64cdf18e-f941-4983-a1e1-43bb466a2995-548.json
 create mode 100644 specs/artifacts/2026-10-05-connection-workspace-authority/file-row-stability/runtime-evidence-39/task-observation-20328-64cdf18e-f941-4983-a1e1-43bb466a2995-549.json
 create mode 100644 specs/artifacts/2026-10-05-connection-workspace-authority/file-row-stability/runtime-evidence-39/task-observation-20328-64cdf18e-f941-4983-a1e1-43bb466a2995-55.json
 create mode 100644 specs/artifacts/2026-10-05-connection-workspace-authority/file-row-stability/runtime-evidence-39/task-observation-20328-64cdf18e-f941-4983-a1e1-43bb466a2995-550.json
 create mode 100644 specs/artifacts/2026-10-05-connection-workspace-authority/file-row-stability/runtime-evidence-39/task-observation-20328-64cdf18e-f941-4983-a1e1-43bb466a2995-551.json
 create mode 100644 specs/artifacts/2026-10-05-connection-workspace-authority/file-row-stability/runtime-evidence-39/task-observation-20328-64cdf18e-f941-4983-a1e1-43bb466a2995-552.json
 create mode 100644 specs/artifacts/2026-10-05-connection-workspace-authority/file-row-stability/runtime-evidence-39/task-observation-20328-64cdf18e-f941-4983-a1e1-43bb466a2995-553.json
 create mode 100644 specs/artifacts/2026-10-05-connection-workspace-authority/file-row-stability/runtime-evidence-39/task-observation-20328-64cdf18e-f941-4983-a1e1-43bb466a2995-554.json
 create mode 100644 specs/artifacts/2026-10-05-connection-workspace-authority/file-row-stability/runtime-evidence-39/task-observation-20328-64cdf18e-f941-4983-a1e1-43bb466a2995-555.json
 create mode 100644 specs/artifacts/2026-10-05-connection-workspace-authority/file-row-stability/runtime-evidence-39/task-observation-20328-64cdf18e-f941-4983-a1e1-43bb466a2995-556.json
 create mode 100644 specs/artifacts/2026-10-05-connection-workspace-authority/file-row-stability/runtime-evidence-39/task-observation-20328-64cdf18e-f941-4983-a1e1-43bb466a2995-557.json
 create mode 100644 specs/artifacts/2026-10-05-connection-workspace-authority/file-row-stability/runtime-evidence-39/task-observation-20328-64cdf18e-f941-4983-a1e1-43bb466a2995-558.json
 create mode 100644 specs/artifacts/2026-10-05-connection-workspace-authority/file-row-stability/runtime-evidence-39/task-observation-20328-64cdf18e-f941-4983-a1e1-43bb466a2995-559.json
 create mode 100644 specs/artifacts/2026-10-05-connection-workspace-authority/file-row-stability/runtime-evidence-39/task-observation-20328-64cdf18e-f941-4983-a1e1-43bb466a2995-56.json
 create mode 100644 specs/artifacts/2026-10-05-connection-workspace-authority/file-row-stability/runtime-evidence-39/task-observation-20328-64cdf18e-f941-4983-a1e1-43bb466a2995-560.json
 create mode 100644 specs/artifacts/2026-10-05-connection-workspace-authority/file-row-stability/runtime-evidence-39/task-observation-20328-64cdf18e-f941-4983-a1e1-43bb466a2995-561.json
 create mode 100644 specs/artifacts/2026-10-05-connection-workspace-authority/file-row-stability/runtime-evidence-39/task-observation-20328-64cdf18e-f941-4983-a1e1-43bb466a2995-562.json
 create mode 100644 specs/artifacts/2026-10-05-connection-workspace-authority/file-row-stability/runtime-evidence-39/task-observation-20328-64cdf18e-f941-4983-a1e1-43bb466a2995-563.json
 create mode 100644 specs/artifacts/2026-10-05-connection-workspace-authority/file-row-stability/runtime-evidence-39/task-observation-20328-64cdf18e-f941-4983-a1e1-43bb466a2995-564.json
 create mode 100644 specs/artifacts/2026-10-05-connection-workspace-authority/file-row-stability/runtime-evidence-39/task-observation-20328-64cdf18e-f941-4983-a1e1-43bb466a2995-565.json
 create mode 100644 specs/artifacts/2026-10-05-connection-workspace-authority/file-row-stability/runtime-evidence-39/task-observation-20328-64cdf18e-f941-4983-a1e1-43bb466a2995-566.json
 create mode 100644 specs/artifacts/2026-10-05-connection-workspace-authority/file-row-stability/runtime-evidence-39/task-observation-20328-64cdf18e-f941-4983-a1e1-43bb466a2995-567.json
 create mode 100644 specs/artifacts/2026-10-05-connection-workspace-authority/file-row-stability/runtime-evidence-39/task-observation-20328-64cdf18e-f941-4983-a1e1-43bb466a2995-568.json
 create mode 100644 specs/artifacts/2026-10-05-connection-workspace-authority/file-row-stability/runtime-evidence-39/task-observation-20328-64cdf18e-f941-4983-a1e1-43bb466a2995-569.json
 create mode 100644 specs/artifacts/2026-10-05-connection-workspace-authority/file-row-stability/runtime-evidence-39/task-observation-20328-64cdf18e-f941-4983-a1e1-43bb466a2995-57.json
 create mode 100644 specs/artifacts/2026-10-05-connection-workspace-authority/file-row-stability/runtime-evidence-39/task-observation-20328-64cdf18e-f941-4983-a1e1-43bb466a2995-570.json
 create mode 100644 specs/artifacts/2026-10-05-connection-workspace-authority/file-row-stability/runtime-evidence-39/task-observation-20328-64cdf18e-f941-4983-a1e1-43bb466a2995-571.json
 create mode 100644 specs/artifacts/2026-10-05-connection-workspace-authority/file-row-stability/runtime-evidence-39/task-observation-20328-64cdf18e-f941-4983-a1e1-43bb466a2995-572.json
 create mode 100644 specs/artifacts/2026-10-05-connection-workspace-authority/file-row-stability/runtime-evidence-39/task-observation-20328-64cdf18e-f941-4983-a1e1-43bb466a2995-573.json
 create mode 100644 specs/artifacts/2026-10-05-connection-workspace-authority/file-row-stability/runtime-evidence-39/task-observation-20328-64cdf18e-f941-4983-a1e1-43bb466a2995-574.json
 create mode 100644 specs/artifacts/2026-10-05-connection-workspace-authority/file-row-stability/runtime-evidence-39/task-observation-20328-64cdf18e-f941-4983-a1e1-43bb466a2995-575.json
 create mode 100644 specs/artifacts/2026-10-05-connection-workspace-authority/file-row-stability/runtime-evidence-39/task-observation-20328-64cdf18e-f941-4983-a1e1-43bb466a2995-576.json
 create mode 100644 specs/artifacts/2026-10-05-connection-workspace-authority/file-row-stability/runtime-evidence-39/task-observation-20328-64cdf18e-f941-4983-a1e1-43bb466a2995-577.json
 create mode 100644 specs/artifacts/2026-10-05-connection-workspace-authority/file-row-stability/runtime-evidence-39/task-observation-20328-64cdf18e-f941-4983-a1e1-43bb466a2995-578.json
 create mode 100644 specs/artifacts/2026-10-05-connection-workspace-authority/file-row-stability/runtime-evidence-39/task-observation-20328-64cdf18e-f941-4983-a1e1-43bb466a2995-579.json
 create mode 100644 specs/artifacts/2026-10-05-connection-workspace-authority/file-row-stability/runtime-evidence-39/task-observation-20328-64cdf18e-f941-4983-a1e1-43bb466a2995-58.json
 create mode 100644 specs/artifacts/2026-10-05-connection-workspace-authority/file-row-stability/runtime-evidence-39/task-observation-20328-64cdf18e-f941-4983-a1e1-43bb466a2995-580.json
 create mode 100644 specs/artifacts/2026-10-05-connection-workspace-authority/file-row-stability/runtime-evidence-39/task-observation-20328-64cdf18e-f941-4983-a1e1-43bb466a2995-581.json
 create mode 100644 specs/artifacts/2026-10-05-connection-workspace-authority/file-row-stability/runtime-evidence-39/task-observation-20328-64cdf18e-f941-4983-a1e1-43bb466a2995-582.json
 create mode 100644 specs/artifacts/2026-10-05-connection-workspace-authority/file-row-stability/runtime-evidence-39/task-observation-20328-64cdf18e-f941-4983-a1e1-43bb466a2995-583.json
 create mode 100644 specs/artifacts/2026-10-05-connection-workspace-authority/file-row-stability/runtime-evidence-39/task-observation-20328-64cdf18e-f941-4983-a1e1-43bb466a2995-584.json
 create mode 100644 specs/artifacts/2026-10-05-connection-workspace-authority/file-row-stability/runtime-evidence-39/task-observation-20328-64cdf18e-f941-4983-a1e1-43bb466a2995-585.json
 create mode 100644 specs/artifacts/2026-10-05-connection-workspace-authority/file-row-stability/runtime-evidence-39/task-observation-20328-64cdf18e-f941-4983-a1e1-43bb466a2995-586.json
 create mode 100644 specs/artifacts/2026-10-05-connection-workspace-authority/file-row-stability/runtime-evidence-39/task-observation-20328-64cdf18e-f941-4983-a1e1-43bb466a2995-587.json
 create mode 100644 specs/artifacts/2026-10-05-connection-workspace-authority/file-row-stability/runtime-evidence-39/task-observation-20328-64cdf18e-f941-4983-a1e1-43bb466a2995-588.json
 create mode 100644 specs/artifacts/2026-10-05-connection-workspace-authority/file-row-stability/runtime-evidence-39/task-observation-20328-64cdf18e-f941-4983-a1e1-43bb466a2995-589.json
 create mode 100644 specs/artifacts/2026-10-05-connection-workspace-authority/file-row-stability/runtime-evidence-39/task-observation-20328-64cdf18e-f941-4983-a1e1-43bb466a2995-59.json
 create mode 100644 specs/artifacts/2026-10-05-connection-workspace-authority/file-row-stability/runtime-evidence-39/task-observation-20328-64cdf18e-f941-4983-a1e1-43bb466a2995-590.json
 create mode 100644 specs/artifacts/2026-10-05-connection-workspace-authority/file-row-stability/runtime-evidence-39/task-observation-20328-64cdf18e-f941-4983-a1e1-43bb466a2995-591.json
 create mode 100644 specs/artifacts/2026-10-05-connection-workspace-authority/file-row-stability/runtime-evidence-39/task-observation-20328-64cdf18e-f941-4983-a1e1-43bb466a2995-592.json
 create mode 100644 specs/artifacts/2026-10-05-connection-workspace-authority/file-row-stability/runtime-evidence-39/task-observation-20328-64cdf18e-f941-4983-a1e1-43bb466a2995-593.json
 create mode 100644 specs/artifacts/2026-10-05-connection-workspace-authority/file-row-stability/runtime-evidence-39/task-observation-20328-64cdf18e-f941-4983-a1e1-43bb466a2995-594.json
 create mode 100644 specs/artifacts/2026-10-05-connection-workspace-authority/file-row-stability/runtime-evidence-39/task-observation-20328-64cdf18e-f941-4983-a1e1-43bb466a2995-595.json
 create mode 100644 specs/artifacts/2026-10-05-connection-workspace-authority/file-row-stability/runtime-evidence-39/task-observation-20328-64cdf18e-f941-4983-a1e1-43bb466a2995-596.json
 create mode 100644 specs/artifacts/2026-10-05-connection-workspace-authority/file-row-stability/runtime-evidence-39/task-observation-20328-64cdf18e-f941-4983-a1e1-43bb466a2995-597.json
 create mode 100644 specs/artifacts/2026-10-05-connection-workspace-authority/file-row-stability/runtime-evidence-39/task-observation-20328-64cdf18e-f941-4983-a1e1-43bb466a2995-598.json
 create mode 100644 specs/artifacts/2026-10-05-connection-workspace-authority/file-row-stability/runtime-evidence-39/task-observation-20328-64cdf18e-f941-4983-a1e1-43bb466a2995-599.json
 create mode 100644 specs/artifacts/2026-10-05-connection-workspace-authority/file-row-stability/runtime-evidence-39/task-observation-20328-64cdf18e-f941-4983-a1e1-43bb466a2995-6.json
 create mode 100644 specs/artifacts/2026-10-05-connection-workspace-authority/file-row-stability/runtime-evidence-39/task-observation-20328-64cdf18e-f941-4983-a1e1-43bb466a2995-60.json
 create mode 100644 specs/artifacts/2026-10-05-connection-workspace-authority/file-row-stability/runtime-evidence-39/task-observation-20328-64cdf18e-f941-4983-a1e1-43bb466a2995-600.json
 create mode 100644 specs/artifacts/2026-10-05-connection-workspace-authority/file-row-stability/runtime-evidence-39/task-observation-20328-64cdf18e-f941-4983-a1e1-43bb466a2995-601.json
 create mode 100644 specs/artifacts/2026-10-05-connection-workspace-authority/file-row-stability/runtime-evidence-39/task-observation-20328-64cdf18e-f941-4983-a1e1-43bb466a2995-602.json
 create mode 100644 specs/artifacts/2026-10-05-connection-workspace-authority/file-row-stability/runtime-evidence-39/task-observation-20328-64cdf18e-f941-4983-a1e1-43bb466a2995-603.json
 create mode 100644 specs/artifacts/2026-10-05-connection-workspace-authority/file-row-stability/runtime-evidence-39/task-observation-20328-64cdf18e-f941-4983-a1e1-43bb466a2995-604.json
 create mode 100644 specs/artifacts/2026-10-05-connection-workspace-authority/file-row-stability/runtime-evidence-39/task-observation-20328-64cdf18e-f941-4983-a1e1-43bb466a2995-605.json
 create mode 100644 specs/artifacts/2026-10-05-connection-workspace-authority/file-row-stability/runtime-evidence-39/task-observation-20328-64cdf18e-f941-4983-a1e1-43bb466a2995-606.json
 create mode 100644 specs/artifacts/2026-10-05-connection-workspace-authority/file-row-stability/runtime-evidence-39/task-observation-20328-64cdf18e-f941-4983-a1e1-43bb466a2995-607.json
 create mode 100644 specs/artifacts/2026-10-05-connection-workspace-authority/file-row-stability/runtime-evidence-39/task-observation-20328-64cdf18e-f941-4983-a1e1-43bb466a2995-608.json
 create mode 100644 specs/artifacts/2026-10-05-connection-workspace-authority/file-row-stability/runtime-evidence-39/task-observation-20328-64cdf18e-f941-4983-a1e1-43bb466a2995-609.json
 create mode 100644 specs/artifacts/2026-10-05-connection-workspace-authority/file-row-stability/runtime-evidence-39/task-observation-20328-64cdf18e-f941-4983-a1e1-43bb466a2995-61.json
 create mode 100644 specs/artifacts/2026-10-05-connection-workspace-authority/file-row-stability/runtime-evidence-39/task-observation-20328-64cdf18e-f941-4983-a1e1-43bb466a2995-610.json
 create mode 100644 specs/artifacts/2026-10-05-connection-workspace-authority/file-row-stability/runtime-evidence-39/task-observation-20328-64cdf18e-f941-4983-a1e1-43bb466a2995-611.json
 create mode 100644 specs/artifacts/2026-10-05-connection-workspace-authority/file-row-stability/runtime-evidence-39/task-observation-20328-64cdf18e-f941-4983-a1e1-43bb466a2995-612.json
 create mode 100644 specs/artifacts/2026-10-05-connection-workspace-authority/file-row-stability/runtime-evidence-39/task-observation-20328-64cdf18e-f941-4983-a1e1-43bb466a2995-613.json
 create mode 100644 specs/artifacts/2026-10-05-connection-workspace-authority/file-row-stability/runtime-evidence-39/task-observation-20328-64cdf18e-f941-4983-a1e1-43bb466a2995-614.json
 create mode 100644 specs/artifacts/2026-10-05-connection-workspace-authority/file-row-stability/runtime-evidence-39/task-observation-20328-64cdf18e-f941-4983-a1e1-43bb466a2995-615.json
 create mode 100644 specs/artifacts/2026-10-05-connection-workspace-authority/file-row-stability/runtime-evidence-39/task-observation-20328-64cdf18e-f941-4983-a1e1-43bb466a2995-616.json
 create mode 100644 specs/artifacts/2026-10-05-connection-workspace-authority/file-row-stability/runtime-evidence-39/task-observation-20328-64cdf18e-f941-4983-a1e1-43bb466a2995-617.json
 create mode 100644 specs/artifacts/2026-10-05-connection-workspace-authority/file-row-stability/runtime-evidence-39/task-observation-20328-64cdf18e-f941-4983-a1e1-43bb466a2995-618.json
 create mode 100644 specs/artifacts/2026-10-05-connection-workspace-authority/file-row-stability/runtime-evidence-39/task-observation-20328-64cdf18e-f941-4983-a1e1-43bb466a2995-619.json
 create mode 100644 specs/artifacts/2026-10-05-connection-workspace-authority/file-row-stability/runtime-evidence-39/task-observation-20328-64cdf18e-f941-4983-a1e1-43bb466a2995-62.json
 create mode 100644 specs/artifacts/2026-10-05-connection-workspace-authority/file-row-stability/runtime-evidence-39/task-observation-20328-64cdf18e-f941-4983-a1e1-43bb466a2995-620.json
 create mode 100644 specs/artifacts/2026-10-05-connection-workspace-authority/file-row-stability/runtime-evidence-39/task-observation-20328-64cdf18e-f941-4983-a1e1-43bb466a2995-621.json
 create mode 100644 specs/artifacts/2026-10-05-connection-workspace-authority/file-row-stability/runtime-evidence-39/task-observation-20328-64cdf18e-f941-4983-a1e1-43bb466a2995-622.json
 create mode 100644 specs/artifacts/2026-10-05-connection-workspace-authority/file-row-stability/runtime-evidence-39/task-observation-20328-64cdf18e-f941-4983-a1e1-43bb466a2995-623.json
 create mode 100644 specs/artifacts/2026-10-05-connection-workspace-authority/file-row-stability/runtime-evidence-39/task-observation-20328-64cdf18e-f941-4983-a1e1-43bb466a2995-624.json
 create mode 100644 specs/artifacts/2026-10-05-connection-workspace-authority/file-row-stability/runtime-evidence-39/task-observation-20328-64cdf18e-f941-4983-a1e1-43bb466a2995-625.json
 create mode 100644 specs/artifacts/2026-10-05-connection-workspace-authority/file-row-stability/runtime-evidence-39/task-observation-20328-64cdf18e-f941-4983-a1e1-43bb466a2995-626.json
 create mode 100644 specs/artifacts/2026-10-05-connection-workspace-authority/file-row-stability/runtime-evidence-39/task-observation-20328-64cdf18e-f941-4983-a1e1-43bb466a2995-627.json
 create mode 100644 specs/artifacts/2026-10-05-connection-workspace-authority/file-row-stability/runtime-evidence-39/task-observation-20328-64cdf18e-f941-4983-a1e1-43bb466a2995-628.json
 create mode 100644 specs/artifacts/2026-10-05-connection-workspace-authority/file-row-stability/runtime-evidence-39/task-observation-20328-64cdf18e-f941-4983-a1e1-43bb466a2995-629.json
 create mode 100644 specs/artifacts/2026-10-05-connection-workspace-authority/file-row-stability/runtime-evidence-39/task-observation-20328-64cdf18e-f941-4983-a1e1-43bb466a2995-63.json
 create mode 100644 specs/artifacts/2026-10-05-connection-workspace-authority/file-row-stability/runtime-evidence-39/task-observation-20328-64cdf18e-f941-4983-a1e1-43bb466a2995-630.json
 create mode 100644 specs/artifacts/2026-10-05-connection-workspace-authority/file-row-stability/runtime-evidence-39/task-observation-20328-64cdf18e-f941-4983-a1e1-43bb466a2995-631.json
 create mode 100644 specs/artifacts/2026-10-05-connection-workspace-authority/file-row-stability/runtime-evidence-39/task-observation-20328-64cdf18e-f941-4983-a1e1-43bb466a2995-632.json
 create mode 100644 specs/artifacts/2026-10-05-connection-workspace-authority/file-row-stability/runtime-evidence-39/task-observation-20328-64cdf18e-f941-4983-a1e1-43bb466a2995-633.json
 create mode 100644 specs/artifacts/2026-10-05-connection-workspace-authority/file-row-stability/runtime-evidence-39/task-observation-20328-64cdf18e-f941-4983-a1e1-43bb466a2995-634.json
 create mode 100644 specs/artifacts/2026-10-05-connection-workspace-authority/file-row-stability/runtime-evidence-39/task-observation-20328-64cdf18e-f941-4983-a1e1-43bb466a2995-635.json
 create mode 100644 specs/artifacts/2026-10-05-connection-workspace-authority/file-row-stability/runtime-evidence-39/task-observation-20328-64cdf18e-f941-4983-a1e1-43bb466a2995-636.json
 create mode 100644 specs/artifacts/2026-10-05-connection-workspace-authority/file-row-stability/runtime-evidence-39/task-observation-20328-64cdf18e-f941-4983-a1e1-43bb466a2995-637.json
 create mode 100644 specs/artifacts/2026-10-05-connection-workspace-authority/file-row-stability/runtime-evidence-39/task-observation-20328-64cdf18e-f941-4983-a1e1-43bb466a2995-638.json
 create mode 100644 specs/artifacts/2026-10-05-connection-workspace-authority/file-row-stability/runtime-evidence-39/task-observation-20328-64cdf18e-f941-4983-a1e1-43bb466a2995-639.json
 create mode 100644 specs/artifacts/2026-10-05-connection-workspace-authority/file-row-stability/runtime-evidence-39/task-observation-20328-64cdf18e-f941-4983-a1e1-43bb466a2995-64.json
 create mode 100644 specs/artifacts/2026-10-05-connection-workspace-authority/file-row-stability/runtime-evidence-39/task-observation-20328-64cdf18e-f941-4983-a1e1-43bb466a2995-640.json
 create mode 100644 specs/artifacts/2026-10-05-connection-workspace-authority/file-row-stability/runtime-evidence-39/task-observation-20328-64cdf18e-f941-4983-a1e1-43bb466a2995-641.json
 create mode 100644 specs/artifacts/2026-10-05-connection-workspace-authority/file-row-stability/runtime-evidence-39/task-observation-20328-64cdf18e-f941-4983-a1e1-43bb466a2995-642.json
 create mode 100644 specs/artifacts/2026-10-05-connection-workspace-authority/file-row-stability/runtime-evidence-39/task-observation-20328-64cdf18e-f941-4983-a1e1-43bb466a2995-643.json
 create mode 100644 specs/artifacts/2026-10-05-connection-workspace-authority/file-row-stability/runtime-evidence-39/task-observation-20328-64cdf18e-f941-4983-a1e1-43bb466a2995-644.json
 create mode 100644 specs/artifacts/2026-10-05-connection-workspace-authority/file-row-stability/runtime-evidence-39/task-observation-20328-64cdf18e-f941-4983-a1e1-43bb466a2995-645.json
 create mode 100644 specs/artifacts/2026-10-05-connection-workspace-authority/file-row-stability/runtime-evidence-39/task-observation-20328-64cdf18e-f941-4983-a1e1-43bb466a2995-646.json
 create mode 100644 specs/artifacts/2026-10-05-connection-workspace-authority/file-row-stability/runtime-evidence-39/task-observation-20328-64cdf18e-f941-4983-a1e1-43bb466a2995-647.json
 create mode 100644 specs/artifacts/2026-10-05-connection-workspace-authority/file-row-stability/runtime-evidence-39/task-observation-20328-64cdf18e-f941-4983-a1e1-43bb466a2995-648.json
 create mode 100644 specs/artifacts/2026-10-05-connection-workspace-authority/file-row-stability/runtime-evidence-39/task-observation-20328-64cdf18e-f941-4983-a1e1-43bb466a2995-649.json
 create mode 100644 specs/artifacts/2026-10-05-connection-workspace-authority/file-row-stability/runtime-evidence-39/task-observation-20328-64cdf18e-f941-4983-a1e1-43bb466a2995-65.json
 create mode 100644 specs/artifacts/2026-10-05-connection-workspace-authority/file-row-stability/runtime-evidence-39/task-observation-20328-64cdf18e-f941-4983-a1e1-43bb466a2995-650.json
 create mode 100644 specs/artifacts/2026-10-05-connection-workspace-authority/file-row-stability/runtime-evidence-39/task-observation-20328-64cdf18e-f941-4983-a1e1-43bb466a2995-651.json
 create mode 100644 specs/artifacts/2026-10-05-connection-workspace-authority/file-row-stability/runtime-evidence-39/task-observation-20328-64cdf18e-f941-4983-a1e1-43bb466a2995-652.json
 create mode 100644 specs/artifacts/2026-10-05-connection-workspace-authority/file-row-stability/runtime-evidence-39/task-observation-20328-64cdf18e-f941-4983-a1e1-43bb466a2995-653.json
 create mode 100644 specs/artifacts/2026-10-05-connection-workspace-authority/file-row-stability/runtime-evidence-39/task-observation-20328-64cdf18e-f941-4983-a1e1-43bb466a2995-654.json
 create mode 100644 specs/artifacts/2026-10-05-connection-workspace-authority/file-row-stability/runtime-evidence-39/task-observation-20328-64cdf18e-f941-4983-a1e1-43bb466a2995-655.json
 create mode 100644 specs/artifacts/2026-10-05-connection-workspace-authority/file-row-stability/runtime-evidence-39/task-observation-20328-64cdf18e-f941-4983-a1e1-43bb466a2995-656.json
 create mode 100644 specs/artifacts/2026-10-05-connection-workspace-authority/file-row-stability/runtime-evidence-39/task-observation-20328-64cdf18e-f941-4983-a1e1-43bb466a2995-657.json
 create mode 100644 specs/artifacts/2026-10-05-connection-workspace-authority/file-row-stability/runtime-evidence-39/task-observation-20328-64cdf18e-f941-4983-a1e1-43bb466a2995-658.json
 create mode 100644 specs/artifacts/2026-10-05-connection-workspace-authority/file-row-stability/runtime-evidence-39/task-observation-20328-64cdf18e-f941-4983-a1e1-43bb466a2995-659.json
 create mode 100644 specs/artifacts/2026-10-05-connection-workspace-authority/file-row-stability/runtime-evidence-39/task-observation-20328-64cdf18e-f941-4983-a1e1-43bb466a2995-66.json
 create mode 100644 specs/artifacts/2026-10-05-connection-workspace-authority/file-row-stability/runtime-evidence-39/task-observation-20328-64cdf18e-f941-4983-a1e1-43bb466a2995-660.json
 create mode 100644 specs/artifacts/2026-10-05-connection-workspace-authority/file-row-stability/runtime-evidence-39/task-observation-20328-64cdf18e-f941-4983-a1e1-43bb466a2995-661.json
 create mode 100644 specs/artifacts/2026-10-05-connection-workspace-authority/file-row-stability/runtime-evidence-39/task-observation-20328-64cdf18e-f941-4983-a1e1-43bb466a2995-662.json
 create mode 100644 specs/artifacts/2026-10-05-connection-workspace-authority/file-row-stability/runtime-evidence-39/task-observation-20328-64cdf18e-f941-4983-a1e1-43bb466a2995-663.json
 create mode 100644 specs/artifacts/2026-10-05-connection-workspace-authority/file-row-stability/runtime-evidence-39/task-observation-20328-64cdf18e-f941-4983-a1e1-43bb466a2995-664.json
 create mode 100644 specs/artifacts/2026-10-05-connection-workspace-authority/file-row-stability/runtime-evidence-39/task-observation-20328-64cdf18e-f941-4983-a1e1-43bb466a2995-665.json
 create mode 100644 specs/artifacts/2026-10-05-connection-workspace-authority/file-row-stability/runtime-evidence-39/task-observation-20328-64cdf18e-f941-4983-a1e1-43bb466a2995-666.json
 create mode 100644 specs/artifacts/2026-10-05-connection-workspace-authority/file-row-stability/runtime-evidence-39/task-observation-20328-64cdf18e-f941-4983-a1e1-43bb466a2995-667.json
 create mode 100644 specs/artifacts/2026-10-05-connection-workspace-authority/file-row-stability/runtime-evidence-39/task-observation-20328-64cdf18e-f941-4983-a1e1-43bb466a2995-668.json
 create mode 100644 specs/artifacts/2026-10-05-connection-workspace-authority/file-row-stability/runtime-evidence-39/task-observation-20328-64cdf18e-f941-4983-a1e1-43bb466a2995-669.json
 create mode 100644 specs/artifacts/2026-10-05-connection-workspace-authority/file-row-stability/runtime-evidence-39/task-observation-20328-64cdf18e-f941-4983-a1e1-43bb466a2995-67.json
 create mode 100644 specs/artifacts/2026-10-05-connection-workspace-authority/file-row-stability/runtime-evidence-39/task-observation-20328-64cdf18e-f941-4983-a1e1-43bb466a2995-670.json
 create mode 100644 specs/artifacts/2026-10-05-connection-workspace-authority/file-row-stability/runtime-evidence-39/task-observation-20328-64cdf18e-f941-4983-a1e1-43bb466a2995-671.json
 create mode 100644 specs/artifacts/2026-10-05-connection-workspace-authority/file-row-stability/runtime-evidence-39/task-observation-20328-64cdf18e-f941-4983-a1e1-43bb466a2995-672.json
 create mode 100644 specs/artifacts/2026-10-05-connection-workspace-authority/file-row-stability/runtime-evidence-39/task-observation-20328-64cdf18e-f941-4983-a1e1-43bb466a2995-673.json
 create mode 100644 specs/artifacts/2026-10-05-connection-workspace-authority/file-row-stability/runtime-evidence-39/task-observation-20328-64cdf18e-f941-4983-a1e1-43bb466a2995-674.json
 create mode 100644 specs/artifacts/2026-10-05-connection-workspace-authority/file-row-stability/runtime-evidence-39/task-observation-20328-64cdf18e-f941-4983-a1e1-43bb466a2995-675.json
 create mode 100644 specs/artifacts/2026-10-05-connection-workspace-authority/file-row-stability/runtime-evidence-39/task-observation-20328-64cdf18e-f941-4983-a1e1-43bb466a2995-676.json
 create mode 100644 specs/artifacts/2026-10-05-connection-workspace-authority/file-row-stability/runtime-evidence-39/task-observation-20328-64cdf18e-f941-4983-a1e1-43bb466a2995-677.json
 create mode 100644 specs/artifacts/2026-10-05-connection-workspace-authority/file-row-stability/runtime-evidence-39/task-observation-20328-64cdf18e-f941-4983-a1e1-43bb466a2995-678.json
 create mode 100644 specs/artifacts/2026-10-05-connection-workspace-authority/file-row-stability/runtime-evidence-39/task-observation-20328-64cdf18e-f941-4983-a1e1-43bb466a2995-679.json
 create mode 100644 specs/artifacts/2026-10-05-connection-workspace-authority/file-row-stability/runtime-evidence-39/task-observation-20328-64cdf18e-f941-4983-a1e1-43bb466a2995-68.json
 create mode 100644 specs/artifacts/2026-10-05-connection-workspace-authority/file-row-stability/runtime-evidence-39/task-observation-20328-64cdf18e-f941-4983-a1e1-43bb466a2995-680.json
 create mode 100644 specs/artifacts/2026-10-05-connection-workspace-authority/file-row-stability/runtime-evidence-39/task-observation-20328-64cdf18e-f941-4983-a1e1-43bb466a2995-681.json
 create mode 100644 specs/artifacts/2026-10-05-connection-workspace-authority/file-row-stability/runtime-evidence-39/task-observation-20328-64cdf18e-f941-4983-a1e1-43bb466a2995-682.json
 create mode 100644 specs/artifacts/2026-10-05-connection-workspace-authority/file-row-stability/runtime-evidence-39/task-observation-20328-64cdf18e-f941-4983-a1e1-43bb466a2995-683.json
 create mode 100644 specs/artifacts/2026-10-05-connection-workspace-authority/file-row-stability/runtime-evidence-39/task-observation-20328-64cdf18e-f941-4983-a1e1-43bb466a2995-684.json
 create mode 100644 specs/artifacts/2026-10-05-connection-workspace-authority/file-row-stability/runtime-evidence-39/task-observation-20328-64cdf18e-f941-4983-a1e1-43bb466a2995-685.json
 create mode 100644 specs/artifacts/2026-10-05-connection-workspace-authority/file-row-stability/runtime-evidence-39/task-observation-20328-64cdf18e-f941-4983-a1e1-43bb466a2995-686.json
 create mode 100644 specs/artifacts/2026-10-05-connection-workspace-authority/file-row-stability/runtime-evidence-39/task-observation-20328-64cdf18e-f941-4983-a1e1-43bb466a2995-687.json
 create mode 100644 specs/artifacts/2026-10-05-connection-workspace-authority/file-row-stability/runtime-evidence-39/task-observation-20328-64cdf18e-f941-4983-a1e1-43bb466a2995-688.json
 create mode 100644 specs/artifacts/2026-10-05-connection-workspace-authority/file-row-stability/runtime-evidence-39/task-observation-20328-64cdf18e-f941-4983-a1e1-43bb466a2995-689.json
 create mode 100644 specs/artifacts/2026-10-05-connection-workspace-authority/file-row-stability/runtime-evidence-39/task-observation-20328-64cdf18e-f941-4983-a1e1-43bb466a2995-69.json
 create mode 100644 specs/artifacts/2026-10-05-connection-workspace-authority/file-row-stability/runtime-evidence-39/task-observation-20328-64cdf18e-f941-4983-a1e1-43bb466a2995-690.json
 create mode 100644 specs/artifacts/2026-10-05-connection-workspace-authority/file-row-stability/runtime-evidence-39/task-observation-20328-64cdf18e-f941-4983-a1e1-43bb466a2995-691.json
 create mode 100644 specs/artifacts/2026-10-05-connection-workspace-authority/file-row-stability/runtime-evidence-39/task-observation-20328-64cdf18e-f941-4983-a1e1-43bb466a2995-692.json
 create mode 100644 specs/artifacts/2026-10-05-connection-workspace-authority/file-row-stability/runtime-evidence-39/task-observation-20328-64cdf18e-f941-4983-a1e1-43bb466a2995-693.json
 create mode 100644 specs/artifacts/2026-10-05-connection-workspace-authority/file-row-stability/runtime-evidence-39/task-observation-20328-64cdf18e-f941-4983-a1e1-43bb466a2995-694.json
 create mode 100644 specs/artifacts/2026-10-05-connection-workspace-authority/file-row-stability/runtime-evidence-39/task-observation-20328-64cdf18e-f941-4983-a1e1-43bb466a2995-695.json
 create mode 100644 specs/artifacts/2026-10-05-connection-workspace-authority/file-row-stability/runtime-evidence-39/task-observation-20328-64cdf18e-f941-4983-a1e1-43bb466a2995-696.json
 create mode 100644 specs/artifacts/2026-10-05-connection-workspace-authority/file-row-stability/runtime-evidence-39/task-observation-20328-64cdf18e-f941-4983-a1e1-43bb466a2995-697.json
 create mode 100644 specs/artifacts/2026-10-05-connection-workspace-authority/file-row-stability/runtime-evidence-39/task-observation-20328-64cdf18e-f941-4983-a1e1-43bb466a2995-698.json
 create mode 100644 specs/artifacts/2026-10-05-connection-workspace-authority/file-row-stability/runtime-evidence-39/task-observation-20328-64cdf18e-f941-4983-a1e1-43bb466a2995-699.json
 create mode 100644 specs/artifacts/2026-10-05-connection-workspace-authority/file-row-stability/runtime-evidence-39/task-observation-20328-64cdf18e-f941-4983-a1e1-43bb466a2995-7.json
 create mode 100644 specs/artifacts/2026-10-05-connection-workspace-authority/file-row-stability/runtime-evidence-39/task-observation-20328-64cdf18e-f941-4983-a1e1-43bb466a2995-70.json
 create mode 100644 specs/artifacts/2026-10-05-connection-workspace-authority/file-row-stability/runtime-evidence-39/task-observation-20328-64cdf18e-f941-4983-a1e1-43bb466a2995-700.json
 create mode 100644 specs/artifacts/2026-10-05-connection-workspace-authority/file-row-stability/runtime-evidence-39/task-observation-20328-64cdf18e-f941-4983-a1e1-43bb466a2995-701.json
 create mode 100644 specs/artifacts/2026-10-05-connection-workspace-authority/file-row-stability/runtime-evidence-39/task-observation-20328-64cdf18e-f941-4983-a1e1-43bb466a2995-702.json
 create mode 100644 specs/artifacts/2026-10-05-connection-workspace-authority/file-row-stability/runtime-evidence-39/task-observation-20328-64cdf18e-f941-4983-a1e1-43bb466a2995-703.json
 create mode 100644 specs/artifacts/2026-10-05-connection-workspace-authority/file-row-stability/runtime-evidence-39/task-observation-20328-64cdf18e-f941-4983-a1e1-43bb466a2995-704.json
 create mode 100644 specs/artifacts/2026-10-05-connection-workspace-authority/file-row-stability/runtime-evidence-39/task-observation-20328-64cdf18e-f941-4983-a1e1-43bb466a2995-705.json
 create mode 100644 specs/artifacts/2026-10-05-connection-workspace-authority/file-row-stability/runtime-evidence-39/task-observation-20328-64cdf18e-f941-4983-a1e1-43bb466a2995-706.json
 create mode 100644 specs/artifacts/2026-10-05-connection-workspace-authority/file-row-stability/runtime-evidence-39/task-observation-20328-64cdf18e-f941-4983-a1e1-43bb466a2995-707.json
 create mode 100644 specs/artifacts/2026-10-05-connection-workspace-authority/file-row-stability/runtime-evidence-39/task-observation-20328-64cdf18e-f941-4983-a1e1-43bb466a2995-708.json
 create mode 100644 specs/artifacts/2026-10-05-connection-workspace-authority/file-row-stability/runtime-evidence-39/task-observation-20328-64cdf18e-f941-4983-a1e1-43bb466a2995-709.json
 create mode 100644 specs/artifacts/2026-10-05-connection-workspace-authority/file-row-stability/runtime-evidence-39/task-observation-20328-64cdf18e-f941-4983-a1e1-43bb466a2995-71.json
 create mode 100644 specs/artifacts/2026-10-05-connection-workspace-authority/file-row-stability/runtime-evidence-39/task-observation-20328-64cdf18e-f941-4983-a1e1-43bb466a2995-710.json
 create mode 100644 specs/artifacts/2026-10-05-connection-workspace-authority/file-row-stability/runtime-evidence-39/task-observation-20328-64cdf18e-f941-4983-a1e1-43bb466a2995-711.json
 create mode 100644 specs/artifacts/2026-10-05-connection-workspace-authority/file-row-stability/runtime-evidence-39/task-observation-20328-64cdf18e-f941-4983-a1e1-43bb466a2995-712.json
 create mode 100644 specs/artifacts/2026-10-05-connection-workspace-authority/file-row-stability/runtime-evidence-39/task-observation-20328-64cdf18e-f941-4983-a1e1-43bb466a2995-713.json
 create mode 100644 specs/artifacts/2026-10-05-connection-workspace-authority/file-row-stability/runtime-evidence-39/task-observation-20328-64cdf18e-f941-4983-a1e1-43bb466a2995-714.json
 create mode 100644 specs/artifacts/2026-10-05-connection-workspace-authority/file-row-stability/runtime-evidence-39/task-observation-20328-64cdf18e-f941-4983-a1e1-43bb466a2995-715.json
 create mode 100644 specs/artifacts/2026-10-05-connection-workspace-authority/file-row-stability/runtime-evidence-39/task-observation-20328-64cdf18e-f941-4983-a1e1-43bb466a2995-716.json
 create mode 100644 specs/artifacts/2026-10-05-connection-workspace-authority/file-row-stability/runtime-evidence-39/task-observation-20328-64cdf18e-f941-4983-a1e1-43bb466a2995-717.json
 create mode 100644 specs/artifacts/2026-10-05-connection-workspace-authority/file-row-stability/runtime-evidence-39/task-observation-20328-64cdf18e-f941-4983-a1e1-43bb466a2995-718.json
 create mode 100644 specs/artifacts/2026-10-05-connection-workspace-authority/file-row-stability/runtime-evidence-39/task-observation-20328-64cdf18e-f941-4983-a1e1-43bb466a2995-719.json
 create mode 100644 specs/artifacts/2026-10-05-connection-workspace-authority/file-row-stability/runtime-evidence-39/task-observation-20328-64cdf18e-f941-4983-a1e1-43bb466a2995-72.json
 create mode 100644 specs/artifacts/2026-10-05-connection-workspace-authority/file-row-stability/runtime-evidence-39/task-observation-20328-64cdf18e-f941-4983-a1e1-43bb466a2995-720.json
 create mode 100644 specs/artifacts/2026-10-05-connection-workspace-authority/file-row-stability/runtime-evidence-39/task-observation-20328-64cdf18e-f941-4983-a1e1-43bb466a2995-721.json
 create mode 100644 specs/artifacts/2026-10-05-connection-workspace-authority/file-row-stability/runtime-evidence-39/task-observation-20328-64cdf18e-f941-4983-a1e1-43bb466a2995-722.json
 create mode 100644 specs/artifacts/2026-10-05-connection-workspace-authority/file-row-stability/runtime-evidence-39/task-observation-20328-64cdf18e-f941-4983-a1e1-43bb466a2995-723.json
 create mode 100644 specs/artifacts/2026-10-05-connection-workspace-authority/file-row-stability/runtime-evidence-39/task-observation-20328-64cdf18e-f941-4983-a1e1-43bb466a2995-724.json
 create mode 100644 specs/artifacts/2026-10-05-connection-workspace-authority/file-row-stability/runtime-evidence-39/task-observation-20328-64cdf18e-f941-4983-a1e1-43bb466a2995-725.json
 create mode 100644 specs/artifacts/2026-10-05-connection-workspace-authority/file-row-stability/runtime-evidence-39/task-observation-20328-64cdf18e-f941-4983-a1e1-43bb466a2995-726.json
 create mode 100644 specs/artifacts/2026-10-05-connection-workspace-authority/file-row-stability/runtime-evidence-39/task-observation-20328-64cdf18e-f941-4983-a1e1-43bb466a2995-727.json
 create mode 100644 specs/artifacts/2026-10-05-connection-workspace-authority/file-row-stability/runtime-evidence-39/task-observation-20328-64cdf18e-f941-4983-a1e1-43bb466a2995-728.json
 create mode 100644 specs/artifacts/2026-10-05-connection-workspace-authority/file-row-stability/runtime-evidence-39/task-observation-20328-64cdf18e-f941-4983-a1e1-43bb466a2995-729.json
 create mode 100644 specs/artifacts/2026-10-05-connection-workspace-authority/file-row-stability/runtime-evidence-39/task-observation-20328-64cdf18e-f941-4983-a1e1-43bb466a2995-73.json
 create mode 100644 specs/artifacts/2026-10-05-connection-workspace-authority/file-row-stability/runtime-evidence-39/task-observation-20328-64cdf18e-f941-4983-a1e1-43bb466a2995-730.json
 create mode 100644 specs/artifacts/2026-10-05-connection-workspace-authority/file-row-stability/runtime-evidence-39/task-observation-20328-64cdf18e-f941-4983-a1e1-43bb466a2995-731.json
 create mode 100644 specs/artifacts/2026-10-05-connection-workspace-authority/file-row-stability/runtime-evidence-39/task-observation-20328-64cdf18e-f941-4983-a1e1-43bb466a2995-732.json
 create mode 100644 specs/artifacts/2026-10-05-connection-workspace-authority/file-row-stability/runtime-evidence-39/task-observation-20328-64cdf18e-f941-4983-a1e1-43bb466a2995-733.json
 create mode 100644 specs/artifacts/2026-10-05-connection-workspace-authority/file-row-stability/runtime-evidence-39/task-observation-20328-64cdf18e-f941-4983-a1e1-43bb466a2995-734.json
 create mode 100644 specs/artifacts/2026-10-05-connection-workspace-authority/file-row-stability/runtime-evidence-39/task-observation-20328-64cdf18e-f941-4983-a1e1-43bb466a2995-735.json
 create mode 100644 specs/artifacts/2026-10-05-connection-workspace-authority/file-row-stability/runtime-evidence-39/task-observation-20328-64cdf18e-f941-4983-a1e1-43bb466a2995-736.json
 create mode 100644 specs/artifacts/2026-10-05-connection-workspace-authority/file-row-stability/runtime-evidence-39/task-observation-20328-64cdf18e-f941-4983-a1e1-43bb466a2995-737.json
 create mode 100644 specs/artifacts/2026-10-05-connection-workspace-authority/file-row-stability/runtime-evidence-39/task-observation-20328-64cdf18e-f941-4983-a1e1-43bb466a2995-738.json
 create mode 100644 specs/artifacts/2026-10-05-connection-workspace-authority/file-row-stability/runtime-evidence-39/task-observation-20328-64cdf18e-f941-4983-a1e1-43bb466a2995-739.json
 create mode 100644 specs/artifacts/2026-10-05-connection-workspace-authority/file-row-stability/runtime-evidence-39/task-observation-20328-64cdf18e-f941-4983-a1e1-43bb466a2995-74.json
 create mode 100644 specs/artifacts/2026-10-05-connection-workspace-authority/file-row-stability/runtime-evidence-39/task-observation-20328-64cdf18e-f941-4983-a1e1-43bb466a2995-740.json
 create mode 100644 specs/artifacts/2026-10-05-connection-workspace-authority/file-row-stability/runtime-evidence-39/task-observation-20328-64cdf18e-f941-4983-a1e1-43bb466a2995-741.json
 create mode 100644 specs/artifacts/2026-10-05-connection-workspace-authority/file-row-stability/runtime-evidence-39/task-observation-20328-64cdf18e-f941-4983-a1e1-43bb466a2995-742.json
 create mode 100644 specs/artifacts/2026-10-05-connection-workspace-authority/file-row-stability/runtime-evidence-39/task-observation-20328-64cdf18e-f941-4983-a1e1-43bb466a2995-743.json
 create mode 100644 specs/artifacts/2026-10-05-connection-workspace-authority/file-row-stability/runtime-evidence-39/task-observation-20328-64cdf18e-f941-4983-a1e1-43bb466a2995-744.json
 create mode 100644 specs/artifacts/2026-10-05-connection-workspace-authority/file-row-stability/runtime-evidence-39/task-observation-20328-64cdf18e-f941-4983-a1e1-43bb466a2995-745.json
 create mode 100644 specs/artifacts/2026-10-05-connection-workspace-authority/file-row-stability/runtime-evidence-39/task-observation-20328-64cdf18e-f941-4983-a1e1-43bb466a2995-746.json
 create mode 100644 specs/artifacts/2026-10-05-connection-workspace-authority/file-row-stability/runtime-evidence-39/task-observation-20328-64cdf18e-f941-4983-a1e1-43bb466a2995-747.json
 create mode 100644 specs/artifacts/2026-10-05-connection-workspace-authority/file-row-stability/runtime-evidence-39/task-observation-20328-64cdf18e-f941-4983-a1e1-43bb466a2995-748.json
 create mode 100644 specs/artifacts/2026-10-05-connection-workspace-authority/file-row-stability/runtime-evidence-39/task-observation-20328-64cdf18e-f941-4983-a1e1-43bb466a2995-749.json
 create mode 100644 specs/artifacts/2026-10-05-connection-workspace-authority/file-row-stability/runtime-evidence-39/task-observation-20328-64cdf18e-f941-4983-a1e1-43bb466a2995-75.json
 create mode 100644 specs/artifacts/2026-10-05-connection-workspace-authority/file-row-stability/runtime-evidence-39/task-observation-20328-64cdf18e-f941-4983-a1e1-43bb466a2995-750.json
 create mode 100644 specs/artifacts/2026-10-05-connection-workspace-authority/file-row-stability/runtime-evidence-39/task-observation-20328-64cdf18e-f941-4983-a1e1-43bb466a2995-751.json
 create mode 100644 specs/artifacts/2026-10-05-connection-workspace-authority/file-row-stability/runtime-evidence-39/task-observation-20328-64cdf18e-f941-4983-a1e1-43bb466a2995-752.json
 create mode 100644 specs/artifacts/2026-10-05-connection-workspace-authority/file-row-stability/runtime-evidence-39/task-observation-20328-64cdf18e-f941-4983-a1e1-43bb466a2995-753.json
 create mode 100644 specs/artifacts/2026-10-05-connection-workspace-authority/file-row-stability/runtime-evidence-39/task-observation-20328-64cdf18e-f941-4983-a1e1-43bb466a2995-754.json
 create mode 100644 specs/artifacts/2026-10-05-connection-workspace-authority/file-row-stability/runtime-evidence-39/task-observation-20328-64cdf18e-f941-4983-a1e1-43bb466a2995-755.json
 create mode 100644 specs/artifacts/2026-10-05-connection-workspace-authority/file-row-stability/runtime-evidence-39/task-observation-20328-64cdf18e-f941-4983-a1e1-43bb466a2995-756.json
 create mode 100644 specs/artifacts/2026-10-05-connection-workspace-authority/file-row-stability/runtime-evidence-39/task-observation-20328-64cdf18e-f941-4983-a1e1-43bb466a2995-757.json
 create mode 100644 specs/artifacts/2026-10-05-connection-workspace-authority/file-row-stability/runtime-evidence-39/task-observation-20328-64cdf18e-f941-4983-a1e1-43bb466a2995-758.json
 create mode 100644 specs/artifacts/2026-10-05-connection-workspace-authority/file-row-stability/runtime-evidence-39/task-observation-20328-64cdf18e-f941-4983-a1e1-43bb466a2995-759.json
 create mode 100644 specs/artifacts/2026-10-05-connection-workspace-authority/file-row-stability/runtime-evidence-39/task-observation-20328-64cdf18e-f941-4983-a1e1-43bb466a2995-76.json
 create mode 100644 specs/artifacts/2026-10-05-connection-workspace-authority/file-row-stability/runtime-evidence-39/task-observation-20328-64cdf18e-f941-4983-a1e1-43bb466a2995-760.json
 create mode 100644 specs/artifacts/2026-10-05-connection-workspace-authority/file-row-stability/runtime-evidence-39/task-observation-20328-64cdf18e-f941-4983-a1e1-43bb466a2995-761.json
 create mode 100644 specs/artifacts/2026-10-05-connection-workspace-authority/file-row-stability/runtime-evidence-39/task-observation-20328-64cdf18e-f941-4983-a1e1-43bb466a2995-762.json
 create mode 100644 specs/artifacts/2026-10-05-connection-workspace-authority/file-row-stability/runtime-evidence-39/task-observation-20328-64cdf18e-f941-4983-a1e1-43bb466a2995-763.json
 create mode 100644 specs/artifacts/2026-10-05-connection-workspace-authority/file-row-stability/runtime-evidence-39/task-observation-20328-64cdf18e-f941-4983-a1e1-43bb466a2995-764.json
 create mode 100644 specs/artifacts/2026-10-05-connection-workspace-authority/file-row-stability/runtime-evidence-39/task-observation-20328-64cdf18e-f941-4983-a1e1-43bb466a2995-765.json
 create mode 100644 specs/artifacts/2026-10-05-connection-workspace-authority/file-row-stability/runtime-evidence-39/task-observation-20328-64cdf18e-f941-4983-a1e1-43bb466a2995-766.json
 create mode 100644 specs/artifacts/2026-10-05-connection-workspace-authority/file-row-stability/runtime-evidence-39/task-observation-20328-64cdf18e-f941-4983-a1e1-43bb466a2995-767.json
 create mode 100644 specs/artifacts/2026-10-05-connection-workspace-authority/file-row-stability/runtime-evidence-39/task-observation-20328-64cdf18e-f941-4983-a1e1-43bb466a2995-768.json
 create mode 100644 specs/artifacts/2026-10-05-connection-workspace-authority/file-row-stability/runtime-evidence-39/task-observation-20328-64cdf18e-f941-4983-a1e1-43bb466a2995-769.json
 create mode 100644 specs/artifacts/2026-10-05-connection-workspace-authority/file-row-stability/runtime-evidence-39/task-observation-20328-64cdf18e-f941-4983-a1e1-43bb466a2995-77.json
 create mode 100644 specs/artifacts/2026-10-05-connection-workspace-authority/file-row-stability/runtime-evidence-39/task-observation-20328-64cdf18e-f941-4983-a1e1-43bb466a2995-770.json
 create mode 100644 specs/artifacts/2026-10-05-connection-workspace-authority/file-row-stability/runtime-evidence-39/task-observation-20328-64cdf18e-f941-4983-a1e1-43bb466a2995-771.json
 create mode 100644 specs/artifacts/2026-10-05-connection-workspace-authority/file-row-stability/runtime-evidence-39/task-observation-20328-64cdf18e-f941-4983-a1e1-43bb466a2995-772.json
 create mode 100644 specs/artifacts/2026-10-05-connection-workspace-authority/file-row-stability/runtime-evidence-39/task-observation-20328-64cdf18e-f941-4983-a1e1-43bb466a2995-773.json
 create mode 100644 specs/artifacts/2026-10-05-connection-workspace-authority/file-row-stability/runtime-evidence-39/task-observation-20328-64cdf18e-f941-4983-a1e1-43bb466a2995-774.json
 create mode 100644 specs/artifacts/2026-10-05-connection-workspace-authority/file-row-stability/runtime-evidence-39/task-observation-20328-64cdf18e-f941-4983-a1e1-43bb466a2995-775.json
 create mode 100644 specs/artifacts/2026-10-05-connection-workspace-authority/file-row-stability/runtime-evidence-39/task-observation-20328-64cdf18e-f941-4983-a1e1-43bb466a2995-776.json
 create mode 100644 specs/artifacts/2026-10-05-connection-workspace-authority/file-row-stability/runtime-evidence-39/task-observation-20328-64cdf18e-f941-4983-a1e1-43bb466a2995-777.json
 create mode 100644 specs/artifacts/2026-10-05-connection-workspace-authority/file-row-stability/runtime-evidence-39/task-observation-20328-64cdf18e-f941-4983-a1e1-43bb466a2995-778.json
 create mode 100644 specs/artifacts/2026-10-05-connection-workspace-authority/file-row-stability/runtime-evidence-39/task-observation-20328-64cdf18e-f941-4983-a1e1-43bb466a2995-779.json
 create mode 100644 specs/artifacts/2026-10-05-connection-workspace-authority/file-row-stability/runtime-evidence-39/task-observation-20328-64cdf18e-f941-4983-a1e1-43bb466a2995-78.json
 create mode 100644 specs/artifacts/2026-10-05-connection-workspace-authority/file-row-stability/runtime-evidence-39/task-observation-20328-64cdf18e-f941-4983-a1e1-43bb466a2995-780.json
 create mode 100644 specs/artifacts/2026-10-05-connection-workspace-authority/file-row-stability/runtime-evidence-39/task-observation-20328-64cdf18e-f941-4983-a1e1-43bb466a2995-781.json
 create mode 100644 specs/artifacts/2026-10-05-connection-workspace-authority/file-row-stability/runtime-evidence-39/task-observation-20328-64cdf18e-f941-4983-a1e1-43bb466a2995-782.json
 create mode 100644 specs/artifacts/2026-10-05-connection-workspace-authority/file-row-stability/runtime-evidence-39/task-observation-20328-64cdf18e-f941-4983-a1e1-43bb466a2995-783.json
 create mode 100644 specs/artifacts/2026-10-05-connection-workspace-authority/file-row-stability/runtime-evidence-39/task-observation-20328-64cdf18e-f941-4983-a1e1-43bb466a2995-784.json
 create mode 100644 specs/artifacts/2026-10-05-connection-workspace-authority/file-row-stability/runtime-evidence-39/task-observation-20328-64cdf18e-f941-4983-a1e1-43bb466a2995-785.json
 create mode 100644 specs/artifacts/2026-10-05-connection-workspace-authority/file-row-stability/runtime-evidence-39/task-observation-20328-64cdf18e-f941-4983-a1e1-43bb466a2995-786.json
 create mode 100644 specs/artifacts/2026-10-05-connection-workspace-authority/file-row-stability/runtime-evidence-39/task-observation-20328-64cdf18e-f941-4983-a1e1-43bb466a2995-787.json
 create mode 100644 specs/artifacts/2026-10-05-connection-workspace-authority/file-row-stability/runtime-evidence-39/task-observation-20328-64cdf18e-f941-4983-a1e1-43bb466a2995-788.json
 create mode 100644 specs/artifacts/2026-10-05-connection-workspace-authority/file-row-stability/runtime-evidence-39/task-observation-20328-64cdf18e-f941-4983-a1e1-43bb466a2995-789.json
 create mode 100644 specs/artifacts/2026-10-05-connection-workspace-authority/file-row-stability/runtime-evidence-39/task-observation-20328-64cdf18e-f941-4983-a1e1-43bb466a2995-79.json
 create mode 100644 specs/artifacts/2026-10-05-connection-workspace-authority/file-row-stability/runtime-evidence-39/task-observation-20328-64cdf18e-f941-4983-a1e1-43bb466a2995-790.json
 create mode 100644 specs/artifacts/2026-10-05-connection-workspace-authority/file-row-stability/runtime-evidence-39/task-observation-20328-64cdf18e-f941-4983-a1e1-43bb466a2995-791.json
 create mode 100644 specs/artifacts/2026-10-05-connection-workspace-authority/file-row-stability/runtime-evidence-39/task-observation-20328-64cdf18e-f941-4983-a1e1-43bb466a2995-792.json
 create mode 100644 specs/artifacts/2026-10-05-connection-workspace-authority/file-row-stability/runtime-evidence-39/task-observation-20328-64cdf18e-f941-4983-a1e1-43bb466a2995-793.json
 create mode 100644 specs/artifacts/2026-10-05-connection-workspace-authority/file-row-stability/runtime-evidence-39/task-observation-20328-64cdf18e-f941-4983-a1e1-43bb466a2995-794.json
 create mode 100644 specs/artifacts/2026-10-05-connection-workspace-authority/file-row-stability/runtime-evidence-39/task-observation-20328-64cdf18e-f941-4983-a1e1-43bb466a2995-795.json
 create mode 100644 specs/artifacts/2026-10-05-connection-workspace-authority/file-row-stability/runtime-evidence-39/task-observation-20328-64cdf18e-f941-4983-a1e1-43bb466a2995-796.json
 create mode 100644 specs/artifacts/2026-10-05-connection-workspace-authority/file-row-stability/runtime-evidence-39/task-observation-20328-64cdf18e-f941-4983-a1e1-43bb466a2995-797.json
 create mode 100644 specs/artifacts/2026-10-05-connection-workspace-authority/file-row-stability/runtime-evidence-39/task-observation-20328-64cdf18e-f941-4983-a1e1-43bb466a2995-798.json
 create mode 100644 specs/artifacts/2026-10-05-connection-workspace-authority/file-row-stability/runtime-evidence-39/task-observation-20328-64cdf18e-f941-4983-a1e1-43bb466a2995-799.json
 create mode 100644 specs/artifacts/2026-10-05-connection-workspace-authority/file-row-stability/runtime-evidence-39/task-observation-20328-64cdf18e-f941-4983-a1e1-43bb466a2995-8.json
 create mode 100644 specs/artifacts/2026-10-05-connection-workspace-authority/file-row-stability/runtime-evidence-39/task-observation-20328-64cdf18e-f941-4983-a1e1-43bb466a2995-80.json
 create mode 100644 specs/artifacts/2026-10-05-connection-workspace-authority/file-row-stability/runtime-evidence-39/task-observation-20328-64cdf18e-f941-4983-a1e1-43bb466a2995-800.json
 create mode 100644 specs/artifacts/2026-10-05-connection-workspace-authority/file-row-stability/runtime-evidence-39/task-observation-20328-64cdf18e-f941-4983-a1e1-43bb466a2995-801.json
 create mode 100644 specs/artifacts/2026-10-05-connection-workspace-authority/file-row-stability/runtime-evidence-39/task-observation-20328-64cdf18e-f941-4983-a1e1-43bb466a2995-802.json
 create mode 100644 specs/artifacts/2026-10-05-connection-workspace-authority/file-row-stability/runtime-evidence-39/task-observation-20328-64cdf18e-f941-4983-a1e1-43bb466a2995-803.json
 create mode 100644 specs/artifacts/2026-10-05-connection-workspace-authority/file-row-stability/runtime-evidence-39/task-observation-20328-64cdf18e-f941-4983-a1e1-43bb466a2995-804.json
 create mode 100644 specs/artifacts/2026-10-05-connection-workspace-authority/file-row-stability/runtime-evidence-39/task-observation-20328-64cdf18e-f941-4983-a1e1-43bb466a2995-805.json
 create mode 100644 specs/artifacts/2026-10-05-connection-workspace-authority/file-row-stability/runtime-evidence-39/task-observation-20328-64cdf18e-f941-4983-a1e1-43bb466a2995-806.json
 create mode 100644 specs/artifacts/2026-10-05-connection-workspace-authority/file-row-stability/runtime-evidence-39/task-observation-20328-64cdf18e-f941-4983-a1e1-43bb466a2995-807.json
 create mode 100644 specs/artifacts/2026-10-05-connection-workspace-authority/file-row-stability/runtime-evidence-39/task-observation-20328-64cdf18e-f941-4983-a1e1-43bb466a2995-808.json
 create mode 100644 specs/artifacts/2026-10-05-connection-workspace-authority/file-row-stability/runtime-evidence-39/task-observation-20328-64cdf18e-f941-4983-a1e1-43bb466a2995-809.json
 create mode 100644 specs/artifacts/2026-10-05-connection-workspace-authority/file-row-stability/runtime-evidence-39/task-observation-20328-64cdf18e-f941-4983-a1e1-43bb466a2995-81.json
 create mode 100644 specs/artifacts/2026-10-05-connection-workspace-authority/file-row-stability/runtime-evidence-39/task-observation-20328-64cdf18e-f941-4983-a1e1-43bb466a2995-810.json
 create mode 100644 specs/artifacts/2026-10-05-connection-workspace-authority/file-row-stability/runtime-evidence-39/task-observation-20328-64cdf18e-f941-4983-a1e1-43bb466a2995-82.json
 create mode 100644 specs/artifacts/2026-10-05-connection-workspace-authority/file-row-stability/runtime-evidence-39/task-observation-20328-64cdf18e-f941-4983-a1e1-43bb466a2995-83.json
 create mode 100644 specs/artifacts/2026-10-05-connection-workspace-authority/file-row-stability/runtime-evidence-39/task-observation-20328-64cdf18e-f941-4983-a1e1-43bb466a2995-84.json
 create mode 100644 specs/artifacts/2026-10-05-connection-workspace-authority/file-row-stability/runtime-evidence-39/task-observation-20328-64cdf18e-f941-4983-a1e1-43bb466a2995-85.json
 create mode 100644 specs/artifacts/2026-10-05-connection-workspace-authority/file-row-stability/runtime-evidence-39/task-observation-20328-64cdf18e-f941-4983-a1e1-43bb466a2995-86.json
 create mode 100644 specs/artifacts/2026-10-05-connection-workspace-authority/file-row-stability/runtime-evidence-39/task-observation-20328-64cdf18e-f941-4983-a1e1-43bb466a2995-87.json
 create mode 100644 specs/artifacts/2026-10-05-connection-workspace-authority/file-row-stability/runtime-evidence-39/task-observation-20328-64cdf18e-f941-4983-a1e1-43bb466a2995-88.json
 create mode 100644 specs/artifacts/2026-10-05-connection-workspace-authority/file-row-stability/runtime-evidence-39/task-observation-20328-64cdf18e-f941-4983-a1e1-43bb466a2995-89.json
 create mode 100644 specs/artifacts/2026-10-05-connection-workspace-authority/file-row-stability/runtime-evidence-39/task-observation-20328-64cdf18e-f941-4983-a1e1-43bb466a2995-9.json
 create mode 100644 specs/artifacts/2026-10-05-connection-workspace-authority/file-row-stability/runtime-evidence-39/task-observation-20328-64cdf18e-f941-4983-a1e1-43bb466a2995-90.json
 create mode 100644 specs/artifacts/2026-10-05-connection-workspace-authority/file-row-stability/runtime-evidence-39/task-observation-20328-64cdf18e-f941-4983-a1e1-43bb466a2995-91.json
 create mode 100644 specs/artifacts/2026-10-05-connection-workspace-authority/file-row-stability/runtime-evidence-39/task-observation-20328-64cdf18e-f941-4983-a1e1-43bb466a2995-92.json
 create mode 100644 specs/artifacts/2026-10-05-connection-workspace-authority/file-row-stability/runtime-evidence-39/task-observation-20328-64cdf18e-f941-4983-a1e1-43bb466a2995-93.json
 create mode 100644 specs/artifacts/2026-10-05-connection-workspace-authority/file-row-stability/runtime-evidence-39/task-observation-20328-64cdf18e-f941-4983-a1e1-43bb466a2995-94.json
 create mode 100644 specs/artifacts/2026-10-05-connection-workspace-authority/file-row-stability/runtime-evidence-39/task-observation-20328-64cdf18e-f941-4983-a1e1-43bb466a2995-95.json
 create mode 100644 specs/artifacts/2026-10-05-connection-workspace-authority/file-row-stability/runtime-evidence-39/task-observation-20328-64cdf18e-f941-4983-a1e1-43bb466a2995-96.json
 create mode 100644 specs/artifacts/2026-10-05-connection-workspace-authority/file-row-stability/runtime-evidence-39/task-observation-20328-64cdf18e-f941-4983-a1e1-43bb466a2995-97.json
 create mode 100644 specs/artifacts/2026-10-05-connection-workspace-authority/file-row-stability/runtime-evidence-39/task-observation-20328-64cdf18e-f941-4983-a1e1-43bb466a2995-98.json
 create mode 100644 specs/artifacts/2026-10-05-connection-workspace-authority/file-row-stability/runtime-evidence-39/task-observation-20328-64cdf18e-f941-4983-a1e1-43bb466a2995-99.json
 create mode 100644 specs/artifacts/2026-10-05-connection-workspace-authority/file-row-stability/runtime-evidence-39/task-occurrence-admitted.json
 create mode 100644 specs/artifacts/2026-10-05-connection-workspace-authority/file-row-stability/runtime-evidence-39/task-selection.json
 create mode 100644 specs/artifacts/2026-10-05-connection-workspace-authority/file-row-stability/tests-final.log
 create mode 100644 specs/artifacts/2026-10-05-connection-workspace-authority/file-row-stability/tests-first.log
 create mode 100644 specs/artifacts/2026-10-05-connection-workspace-authority/file-row-stability/types-first.log
