
── Build Vite → dist-vite/ ──
vite v6.4.3 building for production...
transforming...
✓ 7266 modules transformed.
rendering chunks...
computing gzip size...
../dist-vite/native-menu.html                                                 0.64 kB │ gzip:     0.34 kB
../dist-vite/assets/opencorvus-logo-light-D2HTuSVO.svg                        6.43 kB │ gzip:     2.09 kB
../dist-vite/assets/opencorvus-logo-dark-DzLoBvHF.svg                         6.43 kB │ gzip:     2.09 kB
../dist-vite/assets/noto-sans-sc-88-wght-normal-ClNDOCGW.woff2                7.34 kB
../dist-vite/assets/geist-cyrillic-ext-wght-normal-DjL33-gN.woff2             7.42 kB
../dist-vite/assets/jetbrains-mono-vietnamese-wght-normal-Bt-aOZkq.woff2      7.50 kB
../dist-vite/assets/geist-vietnamese-wght-normal-6IgcOCM7.woff2               8.00 kB
../dist-vite/assets/noto-sans-sc-87-wght-normal-DYfJ-vGE.woff2                8.01 kB
../dist-vite/assets/noto-sans-sc-latin-ext-wght-normal-CqPqLCfe.woff2         8.24 kB
../dist-vite/assets/noto-sans-sc-91-wght-normal-CGekvDdH.woff2                8.70 kB
../dist-vite/assets/jetbrains-mono-greek-wght-normal-Bw9x6K1M.woff2           9.00 kB
../dist-vite/assets/noto-sans-sc-vietnamese-wght-normal-y5SU35Rl.woff2        9.10 kB
../dist-vite/assets/noto-sans-sc-90-wght-normal-BWcrRNoG.woff2                9.34 kB
../dist-vite/assets/noto-sans-sc-99-wght-normal-Q_IptJM5.woff2                9.70 kB
../dist-vite/assets/noto-sans-sc-cyrillic-wght-normal-CRA5_Pf1.woff2         10.01 kB
../dist-vite/assets/noto-sans-sc-89-wght-normal-IQU_KQA8.woff2               10.98 kB
../dist-vite/assets/noto-sans-sc-21-wght-normal-DIu_1ZBI.woff2               11.36 kB
../dist-vite/assets/noto-sans-sc-6-wght-normal-ozUCEY9O.woff2                11.46 kB
../dist-vite/index.html                                                      12.10 kB │ gzip:     2.92 kB
../dist-vite/assets/jetbrains-mono-cyrillic-wght-normal-D73BlboJ.woff2       12.11 kB
../dist-vite/assets/geist-cyrillic-wght-normal-BEAKL7Jp.woff2                15.08 kB
../dist-vite/assets/jetbrains-mono-latin-ext-wght-normal-DBQx-q_a.woff2      15.20 kB
../dist-vite/assets/geist-latin-ext-wght-normal-DC-KSUi6.woff2               16.51 kB
../dist-vite/assets/noto-sans-sc-5-wght-normal-DI846rD9.woff2                20.18 kB
../dist-vite/assets/noto-sans-sc-latin-wght-normal-DYAKOyvl.woff2            25.24 kB
../dist-vite/assets/noto-sans-sc-85-wght-normal-DBcDBu1n.woff2               26.90 kB
../dist-vite/assets/geist-latin-wght-normal-BgDaEnEv.woff2                   29.40 kB
../dist-vite/assets/noto-sans-sc-84-wght-normal-C7NxT478.woff2               32.61 kB
../dist-vite/assets/noto-sans-sc-80-wght-normal-BEFypWOO.woff2               32.63 kB
../dist-vite/assets/noto-sans-sc-86-wght-normal-CLJIoPpl.woff2               33.58 kB
../dist-vite/assets/noto-sans-sc-41-wght-normal-CZqajZnl.woff2               36.42 kB
../dist-vite/assets/noto-sans-sc-77-wght-normal-Dkbi3pye.woff2               36.79 kB
../dist-vite/assets/noto-sans-sc-73-wght-normal-DwSJRYPJ.woff2               39.31 kB
../dist-vite/assets/jetbrains-mono-latin-wght-normal-B9CIFXIH.woff2          40.40 kB
../dist-vite/assets/noto-sans-sc-79-wght-normal-DoJG4UTB.woff2               41.23 kB
../dist-vite/assets/noto-sans-sc-60-wght-normal-C1lngC61.woff2               41.43 kB
../dist-vite/assets/noto-sans-sc-64-wght-normal-CbIuD2Eg.woff2               41.54 kB
../dist-vite/assets/noto-sans-sc-68-wght-normal-c0FjfUaj.woff2               41.57 kB
../dist-vite/assets/noto-sans-sc-65-wght-normal-BGqvKda2.woff2               41.61 kB
../dist-vite/assets/noto-sans-sc-51-wght-normal-C2bq6hC8.woff2               41.62 kB
../dist-vite/assets/noto-sans-sc-36-wght-normal-CtU9CyKw.woff2               41.83 kB
../dist-vite/assets/noto-sans-sc-70-wght-normal-ColEcmtJ.woff2               42.24 kB
../dist-vite/assets/noto-sans-sc-83-wght-normal-C9UjAcMM.woff2               43.50 kB
../dist-vite/assets/noto-sans-sc-53-wght-normal-Bgkuo2tF.woff2               43.53 kB
../dist-vite/assets/noto-sans-sc-75-wght-normal-B0qL41rF.woff2               43.94 kB
../dist-vite/assets/noto-sans-sc-61-wght-normal-BxWkGF5M.woff2               45.28 kB
../dist-vite/assets/noto-sans-sc-42-wght-normal-CQ4lY28u.woff2               45.54 kB
../dist-vite/assets/noto-sans-sc-50-wght-normal-C5KfAmFp.woff2               45.88 kB
../dist-vite/assets/noto-sans-sc-82-wght-normal-DcxfR5OJ.woff2               46.18 kB
../dist-vite/assets/noto-sans-sc-118-wght-normal-BPEb0gM9.woff2              46.19 kB
../dist-vite/assets/noto-sans-sc-43-wght-normal-psppu0d8.woff2               46.62 kB
../dist-vite/assets/noto-sans-sc-40-wght-normal-BVn4-kgX.woff2               46.63 kB
../dist-vite/assets/noto-sans-sc-34-wght-normal-BF1rqDSt.woff2               46.89 kB
../dist-vite/assets/noto-sans-sc-72-wght-normal-D1VyfEG3.woff2               47.03 kB
../dist-vite/assets/noto-sans-sc-31-wght-normal-DW0t445S.woff2               47.22 kB
../dist-vite/assets/noto-sans-sc-33-wght-normal-BOTZYTjM.woff2               47.45 kB
../dist-vite/assets/noto-sans-sc-27-wght-normal-BP2pEGQH.woff2               47.49 kB
../dist-vite/assets/noto-sans-sc-81-wght-normal-ed_TZlfo.woff2               47.55 kB
../dist-vite/assets/noto-sans-sc-59-wght-normal-Azv2Ku9_.woff2               47.68 kB
../dist-vite/assets/noto-sans-sc-71-wght-normal-ChZfXpdg.woff2               47.90 kB
../dist-vite/assets/noto-sans-sc-55-wght-normal-BV_Oy6IF.woff2               48.13 kB
../dist-vite/assets/noto-sans-sc-76-wght-normal-BPLMO_2x.woff2               48.42 kB
../dist-vite/assets/noto-sans-sc-78-wght-normal-BFUXeSw6.woff2               49.16 kB
../dist-vite/assets/noto-sans-sc-63-wght-normal-4La5uKvS.woff2               49.18 kB
../dist-vite/assets/noto-sans-sc-28-wght-normal-BWPKDbtH.woff2               50.20 kB
../dist-vite/assets/noto-sans-sc-35-wght-normal-Bosspiyr.woff2               50.69 kB
../dist-vite/assets/noto-sans-sc-48-wght-normal-DFMjDDY6.woff2               50.76 kB
../dist-vite/assets/noto-sans-sc-26-wght-normal-YNOygvr_.woff2               50.89 kB
../dist-vite/assets/noto-sans-sc-39-wght-normal-Ddtm1XVC.woff2               51.78 kB
../dist-vite/assets/noto-sans-sc-52-wght-normal-P18e_Y0j.woff2               51.84 kB
../dist-vite/assets/noto-sans-sc-54-wght-normal-DL5lmlUd.woff2               52.00 kB
../dist-vite/assets/noto-sans-sc-117-wght-normal-Dsz3vkzU.woff2              52.46 kB
../dist-vite/assets/noto-sans-sc-32-wght-normal-ShbWPcei.woff2               52.55 kB
../dist-vite/assets/noto-sans-sc-67-wght-normal-CC-WRBV-.woff2               52.58 kB
../dist-vite/assets/noto-sans-sc-49-wght-normal-B7l_3BZr.woff2               52.84 kB
../dist-vite/assets/noto-sans-sc-66-wght-normal-BvNozWOY.woff2               52.87 kB
../dist-vite/assets/noto-sans-sc-116-wght-normal-vdFVzbO2.woff2              52.98 kB
../dist-vite/assets/noto-sans-sc-56-wght-normal-B4L7Hj8f.woff2               53.50 kB
../dist-vite/assets/noto-sans-sc-37-wght-normal-ghDiyiuv.woff2               53.53 kB
../dist-vite/assets/noto-sans-sc-29-wght-normal-45aVmHn_.woff2               54.01 kB
../dist-vite/assets/noto-sans-sc-44-wght-normal-cbKJlTUe.woff2               54.24 kB
../dist-vite/assets/noto-sans-sc-38-wght-normal-4Nz8k_dt.woff2               54.59 kB
../dist-vite/assets/noto-sans-sc-30-wght-normal-B8_s30jZ.woff2               54.66 kB
../dist-vite/assets/noto-sans-sc-57-wght-normal-DU8YBsDj.woff2               55.50 kB
../dist-vite/assets/noto-sans-sc-69-wght-normal-D596Jjl2.woff2               55.60 kB
../dist-vite/assets/noto-sans-sc-47-wght-normal-C5Kgg1_m.woff2               56.16 kB
../dist-vite/assets/noto-sans-sc-74-wght-normal-Cte7o1QG.woff2               56.42 kB
../dist-vite/assets/noto-sans-sc-115-wght-normal-BN__2iBG.woff2              56.51 kB
../dist-vite/assets/noto-sans-sc-23-wght-normal-4HrHKhpL.woff2               56.79 kB
../dist-vite/assets/noto-sans-sc-58-wght-normal-CE0BKS9u.woff2               57.65 kB
../dist-vite/assets/noto-sans-sc-112-wght-normal-CiZxJMyY.woff2              57.65 kB
../dist-vite/assets/noto-sans-sc-46-wght-normal-CErGc6Mt.woff2               57.67 kB
../dist-vite/assets/noto-sans-sc-114-wght-normal-CRH9SDZu.woff2              57.96 kB
../dist-vite/assets/noto-sans-sc-101-wght-normal-c94LAl5p.woff2              58.20 kB
../dist-vite/assets/noto-sans-sc-25-wght-normal-C3Jm6l7O.woff2               58.32 kB
../dist-vite/assets/noto-sans-sc-113-wght-normal-OgQXOX6x.woff2              58.65 kB
../dist-vite/assets/noto-sans-sc-62-wght-normal-CXXMAq-5.woff2               59.11 kB
../dist-vite/assets/noto-sans-sc-109-wght-normal-CnjNbNmw.woff2              60.37 kB
../dist-vite/assets/noto-sans-sc-102-wght-normal-C1RtbCZr.woff2              60.71 kB
../dist-vite/assets/noto-sans-sc-107-wght-normal-kFQzJDLH.woff2              61.08 kB
../dist-vite/assets/noto-sans-sc-110-wght-normal-D2JBr045.woff2              61.47 kB
../dist-vite/assets/noto-sans-sc-104-wght-normal-CJT2ioDJ.woff2              61.59 kB
../dist-vite/assets/noto-sans-sc-105-wght-normal-BFoiJwz2.woff2              61.83 kB
../dist-vite/assets/noto-sans-sc-24-wght-normal-B58DWgHS.woff2               62.58 kB
../dist-vite/assets/noto-sans-sc-106-wght-normal-D6uUHw3w.woff2              62.64 kB
../dist-vite/assets/noto-sans-sc-111-wght-normal-ClFr5QXM.woff2              62.66 kB
../dist-vite/assets/noto-sans-sc-103-wght-normal-DGHo20nu.woff2              63.86 kB
../dist-vite/assets/noto-sans-sc-100-wght-normal-DrqXJETY.woff2              64.55 kB
../dist-vite/assets/noto-sans-sc-108-wght-normal-7aXvqIa2.woff2              64.55 kB
../dist-vite/assets/noto-sans-sc-22-wght-normal-VXjdYcT-.woff2               65.38 kB
../dist-vite/assets/noto-sans-sc-45-wght-normal-MKIEVRIC.woff2               67.62 kB
../dist-vite/assets/noto-sans-sc-119-wght-normal-BfzSEbFz.woff2              76.80 kB
../dist-vite/assets/markdown-render.worker-CNm3C2eA.js                      153.23 kB
../dist-vite/assets/maplibre-gl-worker-Dgh8l3GG.js                          469.13 kB
../dist-vite/assets/pdf.worker.min-Cpi8b8z3.mjs                           1,050.96 kB
../dist-vite/assets/vega-embed-policy-MbavSdPc.css                            2.86 kB │ gzip:     1.02 kB
../dist-vite/assets/native-menu-C36K9GFk.css                                  3.85 kB │ gzip:     1.04 kB
../dist-vite/assets/TerminalArtifact-DOrYoP_4.css                             5.18 kB │ gzip:     1.91 kB
../dist-vite/assets/TimelineArtifact-lG7zfUUF.css                            19.64 kB │ gzip:     3.55 kB
../dist-vite/assets/PresentationArtifact-CcvFClYt.css                        61.65 kB │ gzip:    13.06 kB
../dist-vite/assets/SpreadsheetArtifact-rLuRc8xi.css                         82.33 kB │ gzip:    12.84 kB
../dist-vite/assets/MapArtifact-JR8eJ17e.css                                 83.02 kB │ gzip:    10.52 kB
../dist-vite/assets/native-menu-surface-contract-Cz1JyKPl.css               140.01 kB │ gzip:    49.76 kB
../dist-vite/assets/main-Yy88IPFU.css                                       534.68 kB │ gzip:    74.22 kB
../dist-vite/assets/colors-Cc3OSVma.js                                        0.11 kB │ gzip:     0.12 kB
../dist-vite/assets/channel-BKAYbgJk.js                                       0.12 kB │ gzip:     0.13 kB
../dist-vite/assets/range-OtVwhkKS.js                                         0.18 kB │ gzip:     0.17 kB
../dist-vite/assets/chunk-2Q5K7J3B-BM2fhuEJ.js                                0.20 kB │ gzip:     0.16 kB
../dist-vite/assets/chunk-JWPE2WC7-CbOsgOx8.js                                0.23 kB │ gzip:     0.17 kB
../dist-vite/assets/chunk-XXDRQBXY-HNuycHuo.js                                0.24 kB │ gzip:     0.21 kB
../dist-vite/assets/diff-DbItnlRl.js                                          0.31 kB │ gzip:     0.24 kB
../dist-vite/assets/chunk-5VM5RSS4-INv_QQbu.js                                0.37 kB │ gzip:     0.27 kB
../dist-vite/assets/init-Dmth1JHB.js                                          0.38 kB │ gzip:     0.19 kB
../dist-vite/assets/DocumentArtifact-B0zX7qwo.js                              0.44 kB │ gzip:     0.28 kB
../dist-vite/assets/chunk-KBJHAD2P-8DJ-5rQe.js                                0.51 kB │ gzip:     0.36 kB
../dist-vite/assets/pa-C54UG8eN-EW_8hrTF.js                                   0.53 kB │ gzip:     0.23 kB
../dist-vite/assets/stateDiagram-v2-UEYNNEHI-DJQD9igR.js                      0.54 kB │ gzip:     0.35 kB
../dist-vite/assets/or-50rxpoq4-B_XNinj_.js                                   0.57 kB │ gzip:     0.24 kB
../dist-vite/assets/gu-Bjl0l-cf-Bb_OSiMJ.js                                   0.58 kB │ gzip:     0.24 kB
../dist-vite/assets/classDiagram-JCYQIIEL-C1XTSKCi.js                         0.58 kB │ gzip:     0.37 kB
../dist-vite/assets/classDiagram-v2-OCEON4UE-C1XTSKCi.js                      0.58 kB │ gzip:     0.37 kB
../dist-vite/assets/brainfuck-C4LP7Hcl.js                                     0.61 kB │ gzip:     0.33 kB
../dist-vite/assets/hi-DsAaTPCC-lc1bUHMk.js                                   0.61 kB │ gzip:     0.25 kB
../dist-vite/assets/mr-CjWJPVmH-BKMRnoAc.js                                   0.61 kB │ gzip:     0.25 kB
../dist-vite/assets/as-BPtSu6VN-CYxxmKqh.js                                   0.63 kB │ gzip:     0.26 kB
../dist-vite/assets/bn-NCLZcWHi-CsgykzQM.js                                   0.63 kB │ gzip:     0.26 kB
../dist-vite/assets/te-B5Spl2Jk-DYnT8Dmf.js                                   0.63 kB │ gzip:     0.25 kB
../dist-vite/assets/kn-C6Lov-DP-D7dHjlY1.js                                   0.63 kB │ gzip:     0.26 kB
../dist-vite/assets/MediaArtifact-WcUMUef6.js                                 0.65 kB │ gzip:     0.36 kB
../dist-vite/assets/swimlanesDiagram-ULZ7WXOC-CJN6Y-Lw.js                     0.66 kB │ gzip:     0.42 kB
../dist-vite/assets/properties-C78fOPTZ.js                                    0.67 kB │ gzip:     0.35 kB
../dist-vite/assets/infoDiagram-6WML65LV-I-Ea4FeC.js                          0.70 kB │ gzip:     0.46 kB
../dist-vite/assets/ta-BcghgTbD-D3SGVeDl.js                                   0.71 kB │ gzip:     0.25 kB
../dist-vite/assets/SelectField-BGosrQ1J.js                                   0.74 kB │ gzip:     0.42 kB
../dist-vite/assets/cmake-BQqOBYOt.js                                         0.78 kB │ gzip:     0.46 kB
../dist-vite/assets/asciiarmor-Df11BRmG.js                                    0.79 kB │ gzip:     0.41 kB
../dist-vite/assets/ml-2xLVYkVY-CBhOFsDv.js                                   0.81 kB │ gzip:     0.30 kB
../dist-vite/assets/CodeArtifact-CBOd3nxQ.js                                  0.82 kB │ gzip:     0.46 kB
../dist-vite/assets/http-DBlCnlav.js                                          0.85 kB │ gzip:     0.41 kB
../dist-vite/assets/pi-B9cgjyG1-v-IB86gp.js                                   0.86 kB │ gzip:     0.35 kB
../dist-vite/assets/protobuf-ChK-085T.js                                      0.86 kB │ gzip:     0.52 kB
../dist-vite/assets/solr-DehyRSwq.js                                          0.87 kB │ gzip:     0.46 kB
../dist-vite/assets/troff-wAsdV37c.js                                         0.96 kB │ gzip:     0.44 kB
../dist-vite/assets/sizeCapture-X5ZJPWSS-B7yGZNmg.js                          1.05 kB │ gzip:     0.59 kB
../dist-vite/assets/spreadsheet-BCZA_wO0.js                                   1.14 kB │ gzip:     0.54 kB
../dist-vite/assets/toml-Bm5Em-hy.js                                          1.14 kB │ gzip:     0.54 kB
../dist-vite/assets/settings-status-labels-BE3NldlX.js                        1.23 kB │ gzip:     0.54 kB
../dist-vite/assets/zh-latn-pinyin-BdYb-Ey_-BpSBSv6m.js                       1.28 kB │ gzip:     0.22 kB
../dist-vite/assets/mbox-CNhZ1qSd.js                                          1.40 kB │ gzip:     0.66 kB
../dist-vite/assets/theme-color-CUI2M4P_.js                                   1.41 kB │ gzip:     0.72 kB
../dist-vite/assets/ArmedConfirmButton-C5LTjQnC.js                            1.47 kB │ gzip:     0.67 kB
../dist-vite/assets/ordinal-BK7YXZpB.js                                       1.47 kB │ gzip:     0.61 kB
../dist-vite/assets/eu-Ctv_kq9Z-DMhU9kwg.js                                   1.52 kB │ gzip:     0.22 kB
../dist-vite/assets/sieve-C3Gn_uJK.js                                         1.62 kB │ gzip:     0.77 kB
../dist-vite/assets/rpm-CTu-6PCP.js                                           1.62 kB │ gzip:     0.83 kB
../dist-vite/assets/_initCloneObject-4t7uJofY.js                              1.66 kB │ gzip:     0.84 kB
../dist-vite/assets/factor-kuTfRLto.js                                        1.67 kB │ gzip:     0.61 kB
../dist-vite/assets/railroadDiagram-AXF67PYL-CWN6i-l7.js                      1.72 kB │ gzip:     0.81 kB
../dist-vite/assets/z80-Hz9HOZM7.js                                           1.75 kB │ gzip:     0.81 kB
../dist-vite/assets/eiffel-CnydiIhH.js                                        1.81 kB │ gzip:     0.92 kB
../dist-vite/assets/AppearancePanel-BTb60GsM.js                               1.87 kB │ gzip:     0.77 kB
../dist-vite/assets/chunk-2GRJ4B5K-Dgkn1CZe.js                                1.89 kB │ gzip:     0.83 kB
../dist-vite/assets/elm-vLlmbW-K.js                                           1.89 kB │ gzip:     0.82 kB
../dist-vite/assets/mathematica-DTrFuWx2.js                                   1.92 kB │ gzip:     0.82 kB
../dist-vite/assets/abnfDiagram-N423BO3Z-D8ypFWCk.js                          1.92 kB │ gzip:     0.94 kB
../dist-vite/assets/ChartArtifact-CvWg0jka.js                                 1.93 kB │ gzip:     1.05 kB
../dist-vite/assets/dockerfile-BKs6k2Af.js                                    1.95 kB │ gzip:     0.67 kB
../dist-vite/assets/turtle-B1tBg_DP.js                                        1.98 kB │ gzip:     0.90 kB
../dist-vite/assets/ebnf-CDyGwa7X.js                                          1.99 kB │ gzip:     0.81 kB
../dist-vite/assets/DesktopUpdatePanel-CjlTjOYT.js                            2.00 kB │ gzip:     0.72 kB
../dist-vite/assets/smalltalk-CnHTOXQT.js                                     2.01 kB │ gzip:     0.85 kB
../dist-vite/assets/dtd-DF_7sFjM.js                                           2.06 kB │ gzip:     0.87 kB
../dist-vite/assets/mumps-BT43cFF4.js                                         2.07 kB │ gzip:     0.98 kB
../dist-vite/assets/pegDiagram-VL7TDLO6-B4X8s69W.js                           2.07 kB │ gzip:     0.98 kB
../dist-vite/assets/fcl-Kvtd6kyn.js                                           2.08 kB │ gzip:     0.95 kB
../dist-vite/assets/ntriples-BfvgReVJ.js                                      2.10 kB │ gzip:     0.75 kB
../dist-vite/assets/ebnfDiagram-BXEA7PRR-dfRB2-iG.js                          2.12 kB │ gzip:     0.93 kB
../dist-vite/assets/yacas-BJ4BC0dw.js                                         2.15 kB │ gzip:     1.09 kB
../dist-vite/assets/simple-mode-GW_nhZxv.js                                   2.28 kB │ gzip:     1.09 kB
../dist-vite/assets/pt-Cum2_NUC-D8aZaPM_.js                                   2.29 kB │ gzip:     0.31 kB
../dist-vite/assets/apl-B4CMkyY2.js                                           2.30 kB │ gzip:     1.23 kB
../dist-vite/assets/pascal--L3eBynH.js                                        2.30 kB │ gzip:     1.19 kB
../dist-vite/assets/octave-Ck1zUtKM.js                                        2.31 kB │ gzip:     1.09 kB
../dist-vite/assets/commonlisp-DBKNyK5s.js                                    2.32 kB │ gzip:     1.10 kB
../dist-vite/assets/tcl-DVfN8rqt.js                                           2.36 kB │ gzip:     1.23 kB
../dist-vite/assets/NotebookArtifact-DVBAgsGH.js                              2.50 kB │ gzip:     0.91 kB
../dist-vite/assets/index-DBw_lXgW.js                                         2.51 kB │ gzip:     1.55 kB
../dist-vite/assets/_baseSet-CiO1xSRC.js                                      2.52 kB │ gzip:     1.31 kB
../dist-vite/assets/webidl-ZXfAyPTL.js                                        2.52 kB │ gzip:     1.26 kB
../dist-vite/assets/id-DifDyWg9-1QUBE4o0.js                                   2.52 kB │ gzip:     0.64 kB
../dist-vite/assets/pig-CevX1Tat.js                                           2.53 kB │ gzip:     1.38 kB
../dist-vite/assets/puppet-DMA9R1ak.js                                        2.54 kB │ gzip:     1.20 kB
../dist-vite/assets/forth-Ffai-XNe.js                                         2.54 kB │ gzip:     1.33 kB
../dist-vite/assets/oc-P_i3-xLA-Cg0Gj-PC.js                                   2.56 kB │ gzip:     0.68 kB
../dist-vite/assets/shell-CjFT_Tl9.js                                         2.57 kB │ gzip:     1.21 kB
../dist-vite/assets/velocity-D8B20fx6.js                                      2.67 kB │ gzip:     1.11 kB
../dist-vite/assets/index-D9C4pJ0Y.js                                         2.72 kB │ gzip:     1.55 kB
../dist-vite/assets/kmr-Cfwhwuff-DNWs8Gbk.js                                  2.73 kB │ gzip:     0.80 kB
../dist-vite/assets/tiddlywiki-DO-Gjzrf.js                                    2.78 kB │ gzip:     1.07 kB
../dist-vite/assets/modelica-Dc1JOy9r.js                                      2.79 kB │ gzip:     1.29 kB
../dist-vite/assets/TreeArtifact-C1T5n7W-.js                                  2.86 kB │ gzip:     1.16 kB
../dist-vite/assets/oz-BzwKVEFT.js                                            2.90 kB │ gzip:     1.28 kB
../dist-vite/assets/r-B6wPVr8A.js                                             2.94 kB │ gzip:     1.36 kB
../dist-vite/assets/stex-C3f8Ysf7.js                                          3.12 kB │ gzip:     1.20 kB
../dist-vite/assets/fi-RW5VB8Yp-C_52fTOR.js                                   3.19 kB │ gzip:     0.78 kB
../dist-vite/assets/la-DuvHjUWw-BcBNkSEh.js                                   3.19 kB │ gzip:     0.63 kB
../dist-vite/assets/tiki-DGYXhP31.js                                          3.25 kB │ gzip:     1.26 kB
../dist-vite/assets/NetworkArtifact-DvPhyiOk.js                               3.35 kB │ gzip:     1.57 kB
../dist-vite/assets/vhdl-lSbBsy5d.js                                          3.35 kB │ gzip:     1.51 kB
../dist-vite/assets/pms-BRGfm5gS-DtZRgBhp.js                                  3.38 kB │ gzip:     0.91 kB
../dist-vite/assets/lua-VAEuO923.js                                           3.41 kB │ gzip:     1.43 kB
../dist-vite/assets/arc-QuZ17Qmt.js                                           3.42 kB │ gzip:     1.46 kB
../dist-vite/assets/mscgen-BA5vi2Kp.js                                        3.51 kB │ gzip:     0.98 kB
../dist-vite/assets/index-DeikuZFR.js                                         3.51 kB │ gzip:     1.78 kB
../dist-vite/assets/sparql-DkYu6x3z.js                                        3.55 kB │ gzip:     1.63 kB
../dist-vite/assets/cypher-C_CwsFkJ.js                                        3.56 kB │ gzip:     1.52 kB
../dist-vite/assets/map-D1XbHKEC.js                                           3.59 kB │ gzip:     1.50 kB
../dist-vite/assets/it-Bt_Meacx-BwawXXgW.js                                   3.63 kB │ gzip:     0.88 kB
../dist-vite/assets/rm-C0MIK9N4-DeBfDBrx.js                                   3.67 kB │ gzip:     0.95 kB
../dist-vite/assets/mul-ethi-D_CMSMEq-2TGBnG-Z.js                             3.69 kB │ gzip:     0.92 kB
../dist-vite/assets/d-pRatUO7H.js                                             3.72 kB │ gzip:     1.68 kB
../dist-vite/assets/coffeescript-S37ZYGWr.js                                  3.87 kB │ gzip:     1.69 kB
../dist-vite/assets/fur-AC12wySk-Ulg0Fy5V.js                                  3.90 kB │ gzip:     1.02 kB
../dist-vite/assets/vb-CmGdzxic.js                                            3.90 kB │ gzip:     1.79 kB
../dist-vite/assets/swift-BzpIVaGY.js                                         3.96 kB │ gzip:     1.79 kB
../dist-vite/assets/tr-CIHIuzqc-ZkOY1dVp.js                                   3.97 kB │ gzip:     0.34 kB
../dist-vite/assets/asn1-EdZsLKOL.js                                          3.98 kB │ gzip:     1.96 kB
../dist-vite/assets/q-pXgVlZs6.js                                             4.03 kB │ gzip:     1.67 kB
../dist-vite/assets/ttcn-cfg-B9xdYoR4.js                                      4.05 kB │ gzip:     1.71 kB
../dist-vite/assets/dylan-DwRh75JA.js                                         4.05 kB │ gzip:     1.65 kB
../dist-vite/assets/livescript-BwQOo05w.js                                    4.09 kB │ gzip:     1.64 kB
../dist-vite/assets/groovy-D9Dt4D0W.js                                        4.14 kB │ gzip:     1.77 kB
../dist-vite/assets/Switch-C7LneYin.js                                        4.17 kB │ gzip:     1.68 kB
../dist-vite/assets/haskell-Cw1EW3IL.js                                       4.17 kB │ gzip:     1.89 kB
../dist-vite/assets/diagram-LBJQPF4R-BexQ0fCY.js                              4.33 kB │ gzip:     1.90 kB
../dist-vite/assets/DashboardArtifact-CmrkPLRr.js                             4.41 kB │ gzip:     2.00 kB
../dist-vite/assets/asterisk-B-8jnY81.js                                      4.48 kB │ gzip:     1.78 kB
../dist-vite/assets/native-menu-CQBsvWHr.js                                   4.56 kB │ gzip:     1.92 kB
../dist-vite/assets/gas-Bneqetm1.js                                           4.57 kB │ gzip:     1.28 kB
../dist-vite/assets/fortran-DYz_wnZ1.js                                       4.65 kB │ gzip:     2.01 kB
../dist-vite/assets/defaultLocale-CzDG__Ur.js                                 4.70 kB │ gzip:     2.19 kB
../dist-vite/assets/mllike-CXdrOF99.js                                        4.79 kB │ gzip:     1.53 kB
../dist-vite/assets/ttcn-CfJYG6tj.js                                          4.80 kB │ gzip:     2.13 kB
../dist-vite/assets/mn-cyrl-x-lmc-3aetruI8-mEBV16An.js                        4.83 kB │ gzip:     1.21 kB
../dist-vite/assets/index-DVBvMn51.js                                         4.86 kB │ gzip:     1.93 kB
../dist-vite/assets/el-monoton-D3aKqTz2-DpMW17GV.js                           4.87 kB │ gzip:     0.89 kB
../dist-vite/assets/ecl-Cabwm37j.js                                           5.13 kB │ gzip:     2.31 kB
../dist-vite/assets/crystal-SjHAIU92.js                                       5.13 kB │ gzip:     2.07 kB
../dist-vite/assets/ConversationCapabilityPanel-PxE1Mgkq.js                   5.15 kB │ gzip:     1.59 kB
../dist-vite/assets/index-C9pjb1Cz.js                                         5.18 kB │ gzip:     2.46 kB
../dist-vite/assets/ruby-BK5aLJev.js                                          5.21 kB │ gzip:     2.16 kB
../dist-vite/assets/julia-DuME0IfC.js                                         5.39 kB │ gzip:     2.14 kB
../dist-vite/assets/vbscript-BuJXcnF6.js                                      5.82 kB │ gzip:     2.57 kB
../dist-vite/assets/mirc-CjQqDB4T.js                                          5.92 kB │ gzip:     2.68 kB
../dist-vite/assets/linear-D9HMTzXk.js                                        5.99 kB │ gzip:     2.46 kB
../dist-vite/assets/diagram-UB23O5K3-BCM0t7MG.js                              6.19 kB │ gzip:     2.68 kB
../dist-vite/assets/cobol-CWcv1MsR.js                                         6.20 kB │ gzip:     2.96 kB
../dist-vite/assets/scheme-C41bIUwD.js                                        6.37 kB │ gzip:     2.39 kB
../dist-vite/assets/pieDiagram-7S7Q4E2Y-Bn_auVeA.js                           6.41 kB │ gzip:     2.68 kB
../dist-vite/assets/python-BuPzkPfP.js                                        6.48 kB │ gzip:     2.73 kB
../dist-vite/assets/ia-Cr4TJH0c-BcFKNbxH.js                                   6.49 kB │ gzip:     1.83 kB
../dist-vite/assets/xquery-DzFWVndE.js                                        6.62 kB │ gzip:     2.56 kB
../dist-vite/assets/pug-DeIclll2.js                                           6.67 kB │ gzip:     1.94 kB
../dist-vite/assets/textile-CnDTJFAw.js                                       6.80 kB │ gzip:     2.44 kB
../dist-vite/assets/cop-C3sk0IUo-Cj8cOj0I.js                                  6.89 kB │ gzip:     0.71 kB
../dist-vite/assets/ArchivePanel-C3h3yW4a.js                                  7.00 kB │ gzip:     2.52 kB
../dist-vite/assets/nsis-LY0VT_u5.js                                          7.06 kB │ gzip:     3.08 kB
../dist-vite/assets/chunk-RYQCIY6F-CobyDjv-.js                                7.08 kB │ gzip:     2.72 kB
../dist-vite/assets/ro-0fmdH0HA-1lLksn9e.js                                   7.27 kB │ gzip:     2.14 kB
../dist-vite/assets/nginx-DdIZxoE0.js                                         7.34 kB │ gzip:     2.72 kB
../dist-vite/assets/powershell-CFHJl5sT.js                                    7.77 kB │ gzip:     3.33 kB
../dist-vite/assets/ca-SUf6Y2Om-Dp4lcbPL.js                                   7.86 kB │ gzip:     1.13 kB
../dist-vite/assets/haxe-H-WmDvRZ.js                                          7.89 kB │ gzip:     2.95 kB
../dist-vite/assets/erlang-BNw1qcRV.js                                        8.10 kB │ gzip:     2.89 kB
../dist-vite/assets/verilog-C6RDOZhf.js                                       8.24 kB │ gzip:     3.52 kB
../dist-vite/assets/ExpertSquadMarketPanel-CKpPILK2.js                        8.29 kB │ gzip:     2.64 kB
../dist-vite/assets/diagram-7IWD3JNH-DJBOszoq.js                              8.45 kB │ gzip:     3.78 kB
../dist-vite/assets/NetworkPanel-3TllqseC.js                                  8.57 kB │ gzip:     2.58 kB
../dist-vite/assets/ChannelsPanel-cBm1u6hA.js                                 8.76 kB │ gzip:     3.10 kB
../dist-vite/assets/dagre-VZM6K2ZE-CbfqFiua.js                                8.79 kB │ gzip:     3.42 kB
../dist-vite/assets/la-x-classic-yTyAOQEt-DuDJBVty.js                         8.93 kB │ gzip:     2.31 kB
../dist-vite/assets/MissionSkillPanel-Dl7Me_dP.js                             9.07 kB │ gzip:     2.77 kB
../dist-vite/assets/sas-B4kiWyti.js                                           9.33 kB │ gzip:     4.11 kB
../dist-vite/assets/sa-CKY9c_Vq-DzgpFnfw.js                                   9.71 kB │ gzip:     1.66 kB
../dist-vite/assets/perl-CdXCOZ3F.js                                          9.75 kB │ gzip:     3.46 kB
../dist-vite/assets/isArrayLikeObject-BJCD84Qc.js                            10.00 kB │ gzip:     3.80 kB
../dist-vite/assets/gherkin-heZmZLOM.js                                      10.16 kB │ gzip:     5.09 kB
../dist-vite/assets/cynefinDiagram-MW4NZA55-9w91gb70.js                      10.21 kB │ gzip:     3.69 kB
../dist-vite/assets/stateDiagram-OKZ733FA-Dbzug6oE.js                        10.65 kB │ gzip:     3.76 kB
../dist-vite/assets/clojure-BMjYHr_A.js                                      10.82 kB │ gzip:     3.99 kB
../dist-vite/assets/diagram-B4RE2ZJO-BGxR9WPe.js                             10.83 kB │ gzip:     4.18 kB
../dist-vite/assets/MemoryContextPanel-D7M1X9JL.js                           10.95 kB │ gzip:     4.14 kB
../dist-vite/assets/diagram-Q27KOJAE-3sMYgozh.js                             11.33 kB │ gzip:     4.02 kB
../dist-vite/assets/hr-DT1SBBes-CkK3TemH.js                                  11.36 kB │ gzip:     0.95 kB
../dist-vite/assets/idl-BEugSyMb.js                                          11.63 kB │ gzip:     4.52 kB
../dist-vite/assets/hy-e995ysyO-Cf-NYmW5.js                                  11.93 kB │ gzip:     0.31 kB
../dist-vite/assets/mn-cyrl-lHM4n0oC-QhYuXAWB.js                             12.15 kB │ gzip:     2.15 kB
../dist-vite/assets/sl-DpiklF-D-_46w5B9b.js                                  12.60 kB │ gzip:     3.40 kB
../dist-vite/assets/da-CCDXfXtG-C3O8h2wc.js                                  12.72 kB │ gzip:     3.45 kB
../dist-vite/assets/index-DZOczOTL.js                                        12.79 kB │ gzip:     5.66 kB
../dist-vite/assets/hsb-DC_ITc1e-C4pa9vvS.js                                 14.01 kB │ gzip:     1.94 kB
../dist-vite/assets/graph-Dp2cyDys.js                                        14.17 kB │ gzip:     5.08 kB
../dist-vite/assets/GeneralPanel-CZJ-Cnt1.js                                 14.25 kB │ gzip:     4.25 kB
../dist-vite/assets/index-BUPE6bei.js                                        14.37 kB │ gzip:     6.23 kB
../dist-vite/assets/index-C0sC3yNm.js                                        14.49 kB │ gzip:     5.56 kB
../dist-vite/assets/index-rcOcbvsl.js                                        14.75 kB │ gzip:     6.00 kB
../dist-vite/assets/lt-BBe8DlDF-CObMPDIF.js                                  14.77 kB │ gzip:     3.60 kB
../dist-vite/assets/chunk-6Q2QTUOP-DoXqk0A8.js                               15.74 kB │ gzip:     4.40 kB
../dist-vite/assets/index-5Eszclre.js                                        16.39 kB │ gzip:     7.49 kB
../dist-vite/assets/tk-BMbKB10q-cqtw6prh.js                                  16.96 kB │ gzip:     0.99 kB
../dist-vite/assets/javascript-iXu5QeM3.js                                   17.08 kB │ gzip:     5.75 kB
../dist-vite/assets/time-52p4CqIw.js                                         17.57 kB │ gzip:     5.97 kB
../dist-vite/assets/ishikawaDiagram-WSZJBQD7-BLnkcb3m.js                     17.58 kB │ gzip:     6.71 kB
../dist-vite/assets/el-polyton-ogVWcTzh-BOWLBXgh.js                          17.63 kB │ gzip:     2.87 kB
../dist-vite/assets/UsagePanel-j-g7LAN-.js                                   18.06 kB │ gzip:     5.22 kB
../dist-vite/assets/kanban-definition-27J2QSJJ-D88ifhx-.js                   20.40 kB │ gzip:     7.27 kB
../dist-vite/assets/index-DQ2xowm8.js                                        21.04 kB │ gzip:     9.41 kB
../dist-vite/assets/index-4sYAZVwY.js                                        22.06 kB │ gzip:    10.20 kB
../dist-vite/assets/clike-B9uivgTg.js                                        22.30 kB │ gzip:     7.86 kB
../dist-vite/assets/la-x-liturgic-CXeQb4FY-DNU_Uk5t.js                       22.82 kB │ gzip:     5.72 kB
../dist-vite/assets/index-DjF7K_7V.js                                        23.14 kB │ gzip:    10.43 kB
../dist-vite/assets/sankeyDiagram-W5VNT64P-C8TTlla4.js                       23.26 kB │ gzip:     8.57 kB
../dist-vite/assets/mindmap-definition-FAOFIHXS-Btf5pbDi.js                  23.29 kB │ gzip:     7.87 kB
../dist-vite/assets/journeyDiagram-NVQOT4AX-DvXK9BUh.js                      23.69 kB │ gzip:     8.40 kB
../dist-vite/assets/fr-BC2onEz9-BGmqATrI.js                                  24.14 kB │ gzip:     4.29 kB
../dist-vite/assets/DiffArtifact-RFtQh_-T.js                                 24.32 kB │ gzip:     8.84 kB
../dist-vite/assets/wardleyDiagram-T6FBY63Y-BSAY5ZOW.js                      25.62 kB │ gzip:     6.85 kB
../dist-vite/assets/stylus-B533Al4x.js                                       25.80 kB │ gzip:     8.60 kB
../dist-vite/assets/SkillMarketPanel-CqLs-5jv.js                             26.02 kB │ gzip:     6.84 kB
../dist-vite/assets/ka-jyoLzyDE-CZftRBZr.js                                  26.19 kB │ gzip:     4.51 kB
../dist-vite/assets/index-CzrOfS1y.js                                        26.52 kB │ gzip:     8.81 kB
../dist-vite/assets/css-BnMrqG3P.js                                          27.13 kB │ gzip:     8.47 kB
../dist-vite/assets/erDiagram-JOGREHBK--mTJq29q.js                           27.21 kB │ gzip:     9.47 kB
../dist-vite/assets/be-CrQ0smca-B2EeXxUh.js                                  27.83 kB │ gzip:     2.23 kB
../dist-vite/assets/index-B3LUqCyW.js                                        28.18 kB │ gzip:    12.73 kB
../dist-vite/assets/ProvidersPanel-CBxAuBj_.js                               28.66 kB │ gzip:     8.33 kB
../dist-vite/assets/layout-CY7TOKvC.js                                       28.78 kB │ gzip:    10.23 kB
../dist-vite/assets/gitGraphDiagram-DS77QQ5N-CxLc5bB5.js                     29.53 kB │ gzip:     8.76 kB
../dist-vite/assets/sh-latn-sRy4Tuaj-DcyoDtEt.js                             29.78 kB │ gzip:     5.29 kB
../dist-vite/assets/index-CfDaQt_x.js                                        30.88 kB │ gzip:    12.70 kB
../dist-vite/assets/timeline-definition-Z64GVDOM-wXjy4pyU.js                 30.94 kB │ gzip:    10.21 kB
../dist-vite/assets/requirementDiagram-LRYGKXZP-DSVtM6-7.js                  31.11 kB │ gzip:     9.80 kB
../dist-vite/assets/sr-cyrl-Dpzrbd0W-DKfS_grW.js                             31.60 kB │ gzip:     5.56 kB
../dist-vite/assets/sk-_iOeDNrQ-BXQc18Za.js                                  31.69 kB │ gzip:     6.79 kB
../dist-vite/assets/timer-dpfxeKe8.js                                        32.28 kB │ gzip:     9.72 kB
../dist-vite/assets/index-DtkE8hvo.js                                        32.38 kB │ gzip:    13.10 kB
../dist-vite/assets/sh-cyrl-BpCRFOmq-Cv4-R-p6.js                             32.50 kB │ gzip:     5.45 kB
../dist-vite/assets/gl-DZGc-K_G-DLl5jmsP.js                                  33.64 kB │ gzip:     4.26 kB
../dist-vite/assets/quadrantDiagram-CIZ2JOQS-dXN8Drrv.js                     34.13 kB │ gzip:    10.03 kB
../dist-vite/assets/ScheduledAutomationsPanel-BE6MWOlE.js                    35.68 kB │ gzip:    10.06 kB
../dist-vite/assets/sql-D0XecflT.js                                          37.05 kB │ gzip:    10.94 kB
../dist-vite/assets/chunk-5RXB4S5H-LLRXej3u.js                               38.13 kB │ gzip:    12.51 kB
../dist-vite/assets/cs-CmAteokq-TjIVgNl6.js                                  39.76 kB │ gzip:     9.95 kB
../dist-vite/assets/index-DTWHXcL2.js                                        40.34 kB │ gzip:    16.64 kB
../dist-vite/assets/xychartDiagram-ELKLHX3M-BQHyU4dN.js                      41.91 kB │ gzip:    11.93 kB
../dist-vite/assets/vennDiagram-T6HMQDX7-BITqcnac.js                         42.08 kB │ gzip:    15.76 kB
../dist-vite/assets/es-DcaaHPU_-sYKznHcq.js                                  44.13 kB │ gzip:     6.27 kB
../dist-vite/assets/index-DrPWR7py.js                                        45.18 kB │ gzip:    19.20 kB
../dist-vite/assets/pl-9fg-ESVt-DpPW5ISU.js                                  46.09 kB │ gzip:     7.70 kB
../dist-vite/assets/et-B_spaleu-BaO20FM2.js                                  47.21 kB │ gzip:    11.42 kB
../dist-vite/assets/is-BT8UVRze-BXloJ18M.js                                  48.41 kB │ gzip:    12.72 kB
../dist-vite/assets/chunk-GF5L2VYU-B51PpAXG.js                               49.18 kB │ gzip:    15.74 kB
../dist-vite/assets/ganttDiagram-PKOTCBZU-DhRr6oRl.js                        52.66 kB │ gzip:    18.10 kB
../dist-vite/assets/TableArtifact-8UR_NqAw.js                                56.60 kB │ gzip:    15.45 kB
../dist-vite/assets/sv-CFm5y56M-I8ncZ9Nb.js                                  56.81 kB │ gzip:    14.42 kB
../dist-vite/assets/bg-CrQqGwni-Pt9yPLke.js                                  56.93 kB │ gzip:     4.83 kB
../dist-vite/assets/index-CKUNUNAs.js                                        58.32 kB │ gzip:    20.34 kB
../dist-vite/assets/flowDiagram-UKHOOZJN-C32no_9e.js                         60.71 kB │ gzip:    19.51 kB
../dist-vite/assets/McpAppArtifact-DkVlJzkY.js                               63.45 kB │ gzip:    18.21 kB
../dist-vite/assets/uk-Dir3oxLs-BVEQM3Jf.js                                  63.99 kB │ gzip:     8.64 kB
../dist-vite/assets/th-DWX5iPSo-BI_G36o8.js                                  68.62 kB │ gzip:    13.26 kB
../dist-vite/assets/c4Diagram-5PPSVZJV-DqvIfGE8.js                           70.06 kB │ gzip:    19.69 kB
../dist-vite/assets/grc-DOlGgO8T-C7K_Bcib.js                                 71.61 kB │ gzip:     8.92 kB
../dist-vite/assets/blockDiagram-VBNYF7ZC-lZZQ7Kgx.js                        73.90 kB │ gzip:    21.33 kB
../dist-vite/assets/ReleaseNotesPanel-BemlR9rI.js                            75.11 kB │ gzip:    28.81 kB
../dist-vite/assets/cy-BBPa6z2x-BONU7bVJ.js                                  80.20 kB │ gzip:    19.05 kB
../dist-vite/assets/cose-bilkent-JH36ORCC-2pl-x78r.js                        81.82 kB │ gzip:    22.54 kB
../dist-vite/assets/ga-Cn6LkudM-WsF4_z3Y.js                                  82.15 kB │ gzip:    20.04 kB
../dist-vite/assets/index-C-O95g0v.js                                        83.78 kB │ gzip:    30.40 kB
../dist-vite/assets/ru-v4l-ayaq-BZkHNr9F.js                                  85.31 kB │ gzip:    16.94 kB
../dist-vite/assets/index-CZ15wgpG.js                                        87.01 kB │ gzip:    34.54 kB
../dist-vite/assets/native-menu-surface-contract-BJN6RgnX.js                 91.92 kB │ gzip:    31.38 kB
../dist-vite/assets/index-BNh7iJKN.js                                        98.37 kB │ gzip:    28.62 kB
../dist-vite/assets/index-DEteXdyH.js                                       104.00 kB │ gzip:    34.43 kB
../dist-vite/assets/en-gb-B7Al27b_-BFFr9zKP.js                              105.38 kB │ gzip:    26.11 kB
../dist-vite/assets/lv-Q2BBHnzp-DRPSUjhQ.js                                 112.68 kB │ gzip:    16.09 kB
../dist-vite/assets/sequenceDiagram-SI44F4Z6-DLw30bII.js                    117.08 kB │ gzip:    31.17 kB
../dist-vite/assets/swimlanes-SLNWSIFB-C5G-D8Ce.js                          119.16 kB │ gzip:    43.78 kB
../dist-vite/assets/PresentationArtifact-HqJxmJuD.js                        119.42 kB │ gzip:    32.09 kB
../dist-vite/assets/nl-BHQJ6Gvn-BMWl-SdQ.js                                 138.51 kB │ gzip:    36.10 kB
../dist-vite/assets/architectureDiagram-T3A2C74G-CmYw-klf.js                151.94 kB │ gzip:    43.19 kB
../dist-vite/assets/CandlestickArtifact-Cd8Bo7qV.js                         168.55 kB │ gzip:    54.29 kB
../dist-vite/assets/cu-CBUlrW6Y-BrxB2kb-.js                                 168.80 kB │ gzip:    26.17 kB
../dist-vite/assets/af-DK_CjRn6-C81U6qP1.js                                 179.89 kB │ gzip:    38.97 kB
../dist-vite/assets/ExpertSquadPanel-DWjSb0rz.js                            233.05 kB │ gzip:    53.09 kB
../dist-vite/assets/katex-HP8lGamR.js                                       261.31 kB │ gzip:    77.57 kB
../dist-vite/assets/de-ch-1901-hVThVHVb-CC5Yf8hX.js                         264.34 kB │ gzip:    70.50 kB
../dist-vite/assets/de-1996-BL6awyxG-BSuIomZy.js                            266.94 kB │ gzip:    71.07 kB
../dist-vite/assets/de-1901-CWoAOigE-yOXirf_M.js                            270.04 kB │ gzip:    71.86 kB
../dist-vite/assets/no-B8ItS0F3-BlrHaK3Z.js                                 341.90 kB │ gzip:    87.84 kB
../dist-vite/assets/nb-DI8u59ch-S2a9vUN_.js                                 341.92 kB │ gzip:    87.85 kB
../dist-vite/assets/nn-ntZvarUK-cMBifkqM.js                                 341.92 kB │ gzip:    87.85 kB
../dist-vite/assets/TerminalArtifact-DsBwCiCF.js                            365.87 kB │ gzip:    94.27 kB
../dist-vite/assets/FilePreviewArtifact-4KUxs0PI.js                         408.58 kB │ gzip:   119.86 kB
../dist-vite/assets/CodeEditor-CPNvehjd.js                                  433.13 kB │ gzip:   138.99 kB
../dist-vite/assets/cytoscape.esm-bYBzTAdc.js                               443.59 kB │ gzip:   142.34 kB
../dist-vite/assets/DiagramArtifact-Bvrrn9fA.js                             594.49 kB │ gzip:   141.64 kB
../dist-vite/assets/TimelineArtifact-D0sp2RlX.js                            613.40 kB │ gzip:   188.95 kB
../dist-vite/assets/cynefin-VYW2F7L2-Znbfo27i.js                            688.18 kB │ gzip:   152.04 kB
../dist-vite/assets/hu-DVk7Y_ka-CCTZJfqn.js                                 765.41 kB │ gzip:   172.84 kB
../dist-vite/assets/vega-embed-policy-fSIymO6N.js                           786.03 kB │ gzip:   274.42 kB
../dist-vite/assets/MapArtifact-DoHYhlMg.js                                 957.18 kB │ gzip:   251.72 kB
../dist-vite/assets/Model3dArtifact-BS7H9pMk.js                           1,072.39 kB │ gzip:   300.27 kB
../dist-vite/assets/main-xDfjxawi.js                                      1,612.07 kB │ gzip:   465.47 kB
../dist-vite/assets/SpreadsheetArtifact-D-b7ZNcF.js                       6,140.78 kB │ gzip: 1,703.75 kB
✓ built in 49.20s

── Remove stale opencorvus binary ──
removed D:\myhexin-local\opencorvus\packages\opencorvus\dist\opencorvus-overlay-server-windows-x64

── Generate OpenCorvus build artifacts ──
Generated expert-squad payload module
Generated expert-squad search localization module
Generated built-in Skill payload module
Generated built-in Mission Skill payload module
Generated Work Artifact qualification matrix

── Rebuild SDK ──
[90m@hey-api/openapi-ts v0.97.3[39m

[90m[Job 1] [39m⏳ [36mGenerating from 1 input:[39m
[90m[Job 1] [39m[36m  [1] [39mD:\myhexin-local\opencorvus\packages\sdk\js\.tmp-sdk-build\openapi.json
[90m[Job 1] [39m[32m✅ Done![39m Your output is in [96mD:\myhexin-local\opencorvus\packages\sdk\js\.tmp-sdk-build\src\gen[39m [90m(3 files in 2s)[39m
.tmp-sdk-build/src/client.ts 111ms (unchanged)
.tmp-sdk-build/src/defaults.ts 6ms (unchanged)
.tmp-sdk-build/src/expert-squad-authoring.ts 178ms
.tmp-sdk-build/src/expert-squad-manifest-v2.ts 49ms
.tmp-sdk-build/src/expert-squad-package-contract.ts 2ms (unchanged)
.tmp-sdk-build/src/gen/client.gen.ts 5ms
.tmp-sdk-build/src/gen/client/client.gen.ts 24ms
.tmp-sdk-build/src/gen/client/index.ts 3ms
.tmp-sdk-build/src/gen/client/types.gen.ts 15ms
.tmp-sdk-build/src/gen/client/utils.gen.ts 27ms
.tmp-sdk-build/src/gen/core/auth.gen.ts 5ms
.tmp-sdk-build/src/gen/core/bodySerializer.gen.ts 9ms
.tmp-sdk-build/src/gen/core/params.gen.ts 13ms
.tmp-sdk-build/src/gen/core/pathSerializer.gen.ts 15ms
.tmp-sdk-build/src/gen/core/queryKeySerializer.gen.ts 13ms
.tmp-sdk-build/src/gen/core/serverSentEvents.gen.ts 26ms
.tmp-sdk-build/src/gen/core/types.gen.ts 9ms
.tmp-sdk-build/src/gen/core/utils.gen.ts 15ms
.tmp-sdk-build/src/gen/sdk.gen.ts 615ms
.tmp-sdk-build/src/gen/types.gen.ts 909ms
.tmp-sdk-build/src/index.ts 4ms (unchanged)
.tmp-sdk-build/src/platform-artifact-tool-ids.ts 1ms
.tmp-sdk-build/src/project-path.ts 4ms (unchanged)
.tmp-sdk-build/src/route-policy.ts 6ms (unchanged)
.tmp-sdk-build/src/server-diagnostic-tail.ts 7ms (unchanged)
.tmp-sdk-build/src/server.ts 17ms (unchanged)
.tmp-sdk-build/src/startup-receipt.ts 9ms (unchanged)

── Tauri build → overlay binary ──
Building opencorvus overlay server first...
opencorvus script {
  "channel": "main",
  "version": "0.0.0-main-202610050802",
  "preview": true,
  "release": false,
  "team": [
    "yangheng95",
    "dependabot[bot]",
    "github-actions[bot]"
  ]
}
Generated expert-squad payload module
Generated expert-squad search localization module
Generated built-in Skill payload module
Generated built-in Mission Skill payload module
Generated Work Artifact qualification matrix
Embedded overlay UI files: 439
building opencorvus-overlay-server-windows-x64
[package] opencorvus-overlay-server-windows-x64 executable compile: started
[package] opencorvus-overlay-server-windows-x64 executable compile: completed in 3.73s
[package] opencorvus-overlay-server-windows-x64 runtime payload: started
[package] opencorvus-overlay-server-windows-x64 runtime payload: completed in 9.36s
[package] opencorvus-overlay-server-windows-x64 first-run conversation check: started
{"firstRun":"passed","sessionsCreated":4,"persistedAcrossRestart":2,"realProvider":false}
[package] opencorvus-overlay-server-windows-x64 first-run conversation check: completed in 21.78s
[package] opencorvus-overlay-server-windows-x64 payload SHA-256: started
[package] opencorvus-overlay-server-windows-x64 payload SHA-256: completed in 23.33s
vite v6.4.3 building for production...
transforming...
✓ 7266 modules transformed.
rendering chunks...
computing gzip size...
../dist-vite/native-menu.html                                                 0.64 kB │ gzip:     0.34 kB
../dist-vite/assets/opencorvus-logo-light-D2HTuSVO.svg                        6.43 kB │ gzip:     2.09 kB
../dist-vite/assets/opencorvus-logo-dark-DzLoBvHF.svg                         6.43 kB │ gzip:     2.09 kB
../dist-vite/assets/noto-sans-sc-88-wght-normal-ClNDOCGW.woff2                7.34 kB
../dist-vite/assets/geist-cyrillic-ext-wght-normal-DjL33-gN.woff2             7.42 kB
../dist-vite/assets/jetbrains-mono-vietnamese-wght-normal-Bt-aOZkq.woff2      7.50 kB
../dist-vite/assets/geist-vietnamese-wght-normal-6IgcOCM7.woff2               8.00 kB
../dist-vite/assets/noto-sans-sc-87-wght-normal-DYfJ-vGE.woff2                8.01 kB
../dist-vite/assets/noto-sans-sc-latin-ext-wght-normal-CqPqLCfe.woff2         8.24 kB
../dist-vite/assets/noto-sans-sc-91-wght-normal-CGekvDdH.woff2                8.70 kB
../dist-vite/assets/jetbrains-mono-greek-wght-normal-Bw9x6K1M.woff2           9.00 kB
../dist-vite/assets/noto-sans-sc-vietnamese-wght-normal-y5SU35Rl.woff2        9.10 kB
../dist-vite/assets/noto-sans-sc-90-wght-normal-BWcrRNoG.woff2                9.34 kB
../dist-vite/assets/noto-sans-sc-99-wght-normal-Q_IptJM5.woff2                9.70 kB
../dist-vite/assets/noto-sans-sc-cyrillic-wght-normal-CRA5_Pf1.woff2         10.01 kB
../dist-vite/assets/noto-sans-sc-89-wght-normal-IQU_KQA8.woff2               10.98 kB
../dist-vite/assets/noto-sans-sc-21-wght-normal-DIu_1ZBI.woff2               11.36 kB
../dist-vite/assets/noto-sans-sc-6-wght-normal-ozUCEY9O.woff2                11.46 kB
../dist-vite/index.html                                                      12.10 kB │ gzip:     2.92 kB
../dist-vite/assets/jetbrains-mono-cyrillic-wght-normal-D73BlboJ.woff2       12.11 kB
../dist-vite/assets/geist-cyrillic-wght-normal-BEAKL7Jp.woff2                15.08 kB
../dist-vite/assets/jetbrains-mono-latin-ext-wght-normal-DBQx-q_a.woff2      15.20 kB
../dist-vite/assets/geist-latin-ext-wght-normal-DC-KSUi6.woff2               16.51 kB
../dist-vite/assets/noto-sans-sc-5-wght-normal-DI846rD9.woff2                20.18 kB
../dist-vite/assets/noto-sans-sc-latin-wght-normal-DYAKOyvl.woff2            25.24 kB
../dist-vite/assets/noto-sans-sc-85-wght-normal-DBcDBu1n.woff2               26.90 kB
../dist-vite/assets/geist-latin-wght-normal-BgDaEnEv.woff2                   29.40 kB
../dist-vite/assets/noto-sans-sc-84-wght-normal-C7NxT478.woff2               32.61 kB
../dist-vite/assets/noto-sans-sc-80-wght-normal-BEFypWOO.woff2               32.63 kB
../dist-vite/assets/noto-sans-sc-86-wght-normal-CLJIoPpl.woff2               33.58 kB
../dist-vite/assets/noto-sans-sc-41-wght-normal-CZqajZnl.woff2               36.42 kB
../dist-vite/assets/noto-sans-sc-77-wght-normal-Dkbi3pye.woff2               36.79 kB
../dist-vite/assets/noto-sans-sc-73-wght-normal-DwSJRYPJ.woff2               39.31 kB
../dist-vite/assets/jetbrains-mono-latin-wght-normal-B9CIFXIH.woff2          40.40 kB
../dist-vite/assets/noto-sans-sc-79-wght-normal-DoJG4UTB.woff2               41.23 kB
../dist-vite/assets/noto-sans-sc-60-wght-normal-C1lngC61.woff2               41.43 kB
../dist-vite/assets/noto-sans-sc-64-wght-normal-CbIuD2Eg.woff2               41.54 kB
../dist-vite/assets/noto-sans-sc-68-wght-normal-c0FjfUaj.woff2               41.57 kB
../dist-vite/assets/noto-sans-sc-65-wght-normal-BGqvKda2.woff2               41.61 kB
../dist-vite/assets/noto-sans-sc-51-wght-normal-C2bq6hC8.woff2               41.62 kB
../dist-vite/assets/noto-sans-sc-36-wght-normal-CtU9CyKw.woff2               41.83 kB
../dist-vite/assets/noto-sans-sc-70-wght-normal-ColEcmtJ.woff2               42.24 kB
../dist-vite/assets/noto-sans-sc-83-wght-normal-C9UjAcMM.woff2               43.50 kB
../dist-vite/assets/noto-sans-sc-53-wght-normal-Bgkuo2tF.woff2               43.53 kB
../dist-vite/assets/noto-sans-sc-75-wght-normal-B0qL41rF.woff2               43.94 kB
../dist-vite/assets/noto-sans-sc-61-wght-normal-BxWkGF5M.woff2               45.28 kB
../dist-vite/assets/noto-sans-sc-42-wght-normal-CQ4lY28u.woff2               45.54 kB
../dist-vite/assets/noto-sans-sc-50-wght-normal-C5KfAmFp.woff2               45.88 kB
../dist-vite/assets/noto-sans-sc-82-wght-normal-DcxfR5OJ.woff2               46.18 kB
../dist-vite/assets/noto-sans-sc-118-wght-normal-BPEb0gM9.woff2              46.19 kB
../dist-vite/assets/noto-sans-sc-43-wght-normal-psppu0d8.woff2               46.62 kB
../dist-vite/assets/noto-sans-sc-40-wght-normal-BVn4-kgX.woff2               46.63 kB
../dist-vite/assets/noto-sans-sc-34-wght-normal-BF1rqDSt.woff2               46.89 kB
../dist-vite/assets/noto-sans-sc-72-wght-normal-D1VyfEG3.woff2               47.03 kB
../dist-vite/assets/noto-sans-sc-31-wght-normal-DW0t445S.woff2               47.22 kB
../dist-vite/assets/noto-sans-sc-33-wght-normal-BOTZYTjM.woff2               47.45 kB
../dist-vite/assets/noto-sans-sc-27-wght-normal-BP2pEGQH.woff2               47.49 kB
../dist-vite/assets/noto-sans-sc-81-wght-normal-ed_TZlfo.woff2               47.55 kB
../dist-vite/assets/noto-sans-sc-59-wght-normal-Azv2Ku9_.woff2               47.68 kB
../dist-vite/assets/noto-sans-sc-71-wght-normal-ChZfXpdg.woff2               47.90 kB
../dist-vite/assets/noto-sans-sc-55-wght-normal-BV_Oy6IF.woff2               48.13 kB
../dist-vite/assets/noto-sans-sc-76-wght-normal-BPLMO_2x.woff2               48.42 kB
../dist-vite/assets/noto-sans-sc-78-wght-normal-BFUXeSw6.woff2               49.16 kB
../dist-vite/assets/noto-sans-sc-63-wght-normal-4La5uKvS.woff2               49.18 kB
../dist-vite/assets/noto-sans-sc-28-wght-normal-BWPKDbtH.woff2               50.20 kB
../dist-vite/assets/noto-sans-sc-35-wght-normal-Bosspiyr.woff2               50.69 kB
../dist-vite/assets/noto-sans-sc-48-wght-normal-DFMjDDY6.woff2               50.76 kB
../dist-vite/assets/noto-sans-sc-26-wght-normal-YNOygvr_.woff2               50.89 kB
../dist-vite/assets/noto-sans-sc-39-wght-normal-Ddtm1XVC.woff2               51.78 kB
../dist-vite/assets/noto-sans-sc-52-wght-normal-P18e_Y0j.woff2               51.84 kB
../dist-vite/assets/noto-sans-sc-54-wght-normal-DL5lmlUd.woff2               52.00 kB
../dist-vite/assets/noto-sans-sc-117-wght-normal-Dsz3vkzU.woff2              52.46 kB
../dist-vite/assets/noto-sans-sc-32-wght-normal-ShbWPcei.woff2               52.55 kB
../dist-vite/assets/noto-sans-sc-67-wght-normal-CC-WRBV-.woff2               52.58 kB
../dist-vite/assets/noto-sans-sc-49-wght-normal-B7l_3BZr.woff2               52.84 kB
../dist-vite/assets/noto-sans-sc-66-wght-normal-BvNozWOY.woff2               52.87 kB
../dist-vite/assets/noto-sans-sc-116-wght-normal-vdFVzbO2.woff2              52.98 kB
../dist-vite/assets/noto-sans-sc-56-wght-normal-B4L7Hj8f.woff2               53.50 kB
../dist-vite/assets/noto-sans-sc-37-wght-normal-ghDiyiuv.woff2               53.53 kB
../dist-vite/assets/noto-sans-sc-29-wght-normal-45aVmHn_.woff2               54.01 kB
../dist-vite/assets/noto-sans-sc-44-wght-normal-cbKJlTUe.woff2               54.24 kB
../dist-vite/assets/noto-sans-sc-38-wght-normal-4Nz8k_dt.woff2               54.59 kB
../dist-vite/assets/noto-sans-sc-30-wght-normal-B8_s30jZ.woff2               54.66 kB
../dist-vite/assets/noto-sans-sc-57-wght-normal-DU8YBsDj.woff2               55.50 kB
../dist-vite/assets/noto-sans-sc-69-wght-normal-D596Jjl2.woff2               55.60 kB
../dist-vite/assets/noto-sans-sc-47-wght-normal-C5Kgg1_m.woff2               56.16 kB
../dist-vite/assets/noto-sans-sc-74-wght-normal-Cte7o1QG.woff2               56.42 kB
../dist-vite/assets/noto-sans-sc-115-wght-normal-BN__2iBG.woff2              56.51 kB
../dist-vite/assets/noto-sans-sc-23-wght-normal-4HrHKhpL.woff2               56.79 kB
../dist-vite/assets/noto-sans-sc-58-wght-normal-CE0BKS9u.woff2               57.65 kB
../dist-vite/assets/noto-sans-sc-112-wght-normal-CiZxJMyY.woff2              57.65 kB
../dist-vite/assets/noto-sans-sc-46-wght-normal-CErGc6Mt.woff2               57.67 kB
../dist-vite/assets/noto-sans-sc-114-wght-normal-CRH9SDZu.woff2              57.96 kB
../dist-vite/assets/noto-sans-sc-101-wght-normal-c94LAl5p.woff2              58.20 kB
../dist-vite/assets/noto-sans-sc-25-wght-normal-C3Jm6l7O.woff2               58.32 kB
../dist-vite/assets/noto-sans-sc-113-wght-normal-OgQXOX6x.woff2              58.65 kB
../dist-vite/assets/noto-sans-sc-62-wght-normal-CXXMAq-5.woff2               59.11 kB
../dist-vite/assets/noto-sans-sc-109-wght-normal-CnjNbNmw.woff2              60.37 kB
../dist-vite/assets/noto-sans-sc-102-wght-normal-C1RtbCZr.woff2              60.71 kB
../dist-vite/assets/noto-sans-sc-107-wght-normal-kFQzJDLH.woff2              61.08 kB
../dist-vite/assets/noto-sans-sc-110-wght-normal-D2JBr045.woff2              61.47 kB
../dist-vite/assets/noto-sans-sc-104-wght-normal-CJT2ioDJ.woff2              61.59 kB
../dist-vite/assets/noto-sans-sc-105-wght-normal-BFoiJwz2.woff2              61.83 kB
../dist-vite/assets/noto-sans-sc-24-wght-normal-B58DWgHS.woff2               62.58 kB
../dist-vite/assets/noto-sans-sc-106-wght-normal-D6uUHw3w.woff2              62.64 kB
../dist-vite/assets/noto-sans-sc-111-wght-normal-ClFr5QXM.woff2              62.66 kB
../dist-vite/assets/noto-sans-sc-103-wght-normal-DGHo20nu.woff2              63.86 kB
../dist-vite/assets/noto-sans-sc-100-wght-normal-DrqXJETY.woff2              64.55 kB
../dist-vite/assets/noto-sans-sc-108-wght-normal-7aXvqIa2.woff2              64.55 kB
../dist-vite/assets/noto-sans-sc-22-wght-normal-VXjdYcT-.woff2               65.38 kB
../dist-vite/assets/noto-sans-sc-45-wght-normal-MKIEVRIC.woff2               67.62 kB
../dist-vite/assets/noto-sans-sc-119-wght-normal-BfzSEbFz.woff2              76.80 kB
../dist-vite/assets/markdown-render.worker-CNm3C2eA.js                      153.23 kB
../dist-vite/assets/maplibre-gl-worker-Dgh8l3GG.js                          469.13 kB
../dist-vite/assets/pdf.worker.min-Cpi8b8z3.mjs                           1,050.96 kB
../dist-vite/assets/vega-embed-policy-MbavSdPc.css                            2.86 kB │ gzip:     1.02 kB
../dist-vite/assets/native-menu-C36K9GFk.css                                  3.85 kB │ gzip:     1.04 kB
../dist-vite/assets/TerminalArtifact-DOrYoP_4.css                             5.18 kB │ gzip:     1.91 kB
../dist-vite/assets/TimelineArtifact-lG7zfUUF.css                            19.64 kB │ gzip:     3.55 kB
../dist-vite/assets/PresentationArtifact-CcvFClYt.css                        61.65 kB │ gzip:    13.06 kB
../dist-vite/assets/SpreadsheetArtifact-rLuRc8xi.css                         82.33 kB │ gzip:    12.84 kB
../dist-vite/assets/MapArtifact-JR8eJ17e.css                                 83.02 kB │ gzip:    10.52 kB
../dist-vite/assets/native-menu-surface-contract-Cz1JyKPl.css               140.01 kB │ gzip:    49.76 kB
../dist-vite/assets/main-Yy88IPFU.css                                       534.68 kB │ gzip:    74.22 kB
../dist-vite/assets/colors-Cc3OSVma.js                                        0.11 kB │ gzip:     0.12 kB
../dist-vite/assets/channel-BKAYbgJk.js                                       0.12 kB │ gzip:     0.13 kB
../dist-vite/assets/range-OtVwhkKS.js                                         0.18 kB │ gzip:     0.17 kB
../dist-vite/assets/chunk-2Q5K7J3B-BM2fhuEJ.js                                0.20 kB │ gzip:     0.16 kB
../dist-vite/assets/chunk-JWPE2WC7-CbOsgOx8.js                                0.23 kB │ gzip:     0.17 kB
../dist-vite/assets/chunk-XXDRQBXY-HNuycHuo.js                                0.24 kB │ gzip:     0.21 kB
../dist-vite/assets/diff-DbItnlRl.js                                          0.31 kB │ gzip:     0.24 kB
../dist-vite/assets/chunk-5VM5RSS4-INv_QQbu.js                                0.37 kB │ gzip:     0.27 kB
../dist-vite/assets/init-Dmth1JHB.js                                          0.38 kB │ gzip:     0.19 kB
../dist-vite/assets/DocumentArtifact-B0zX7qwo.js                              0.44 kB │ gzip:     0.28 kB
../dist-vite/assets/chunk-KBJHAD2P-8DJ-5rQe.js                                0.51 kB │ gzip:     0.36 kB
../dist-vite/assets/pa-C54UG8eN-EW_8hrTF.js                                   0.53 kB │ gzip:     0.23 kB
../dist-vite/assets/stateDiagram-v2-UEYNNEHI-DJQD9igR.js                      0.54 kB │ gzip:     0.35 kB
../dist-vite/assets/or-50rxpoq4-B_XNinj_.js                                   0.57 kB │ gzip:     0.24 kB
../dist-vite/assets/gu-Bjl0l-cf-Bb_OSiMJ.js                                   0.58 kB │ gzip:     0.24 kB
../dist-vite/assets/classDiagram-JCYQIIEL-C1XTSKCi.js                         0.58 kB │ gzip:     0.37 kB
../dist-vite/assets/classDiagram-v2-OCEON4UE-C1XTSKCi.js                      0.58 kB │ gzip:     0.37 kB
../dist-vite/assets/brainfuck-C4LP7Hcl.js                                     0.61 kB │ gzip:     0.33 kB
../dist-vite/assets/hi-DsAaTPCC-lc1bUHMk.js                                   0.61 kB │ gzip:     0.25 kB
../dist-vite/assets/mr-CjWJPVmH-BKMRnoAc.js                                   0.61 kB │ gzip:     0.25 kB
../dist-vite/assets/as-BPtSu6VN-CYxxmKqh.js                                   0.63 kB │ gzip:     0.26 kB
../dist-vite/assets/bn-NCLZcWHi-CsgykzQM.js                                   0.63 kB │ gzip:     0.26 kB
../dist-vite/assets/te-B5Spl2Jk-DYnT8Dmf.js                                   0.63 kB │ gzip:     0.25 kB
../dist-vite/assets/kn-C6Lov-DP-D7dHjlY1.js                                   0.63 kB │ gzip:     0.26 kB
../dist-vite/assets/MediaArtifact-WcUMUef6.js                                 0.65 kB │ gzip:     0.36 kB
../dist-vite/assets/swimlanesDiagram-ULZ7WXOC-CJN6Y-Lw.js                     0.66 kB │ gzip:     0.42 kB
../dist-vite/assets/properties-C78fOPTZ.js                                    0.67 kB │ gzip:     0.35 kB
../dist-vite/assets/infoDiagram-6WML65LV-I-Ea4FeC.js                          0.70 kB │ gzip:     0.46 kB
../dist-vite/assets/ta-BcghgTbD-D3SGVeDl.js                                   0.71 kB │ gzip:     0.25 kB
../dist-vite/assets/SelectField-BGosrQ1J.js                                   0.74 kB │ gzip:     0.42 kB
../dist-vite/assets/cmake-BQqOBYOt.js                                         0.78 kB │ gzip:     0.46 kB
../dist-vite/assets/asciiarmor-Df11BRmG.js                                    0.79 kB │ gzip:     0.41 kB
../dist-vite/assets/ml-2xLVYkVY-CBhOFsDv.js                                   0.81 kB │ gzip:     0.30 kB
../dist-vite/assets/CodeArtifact-CBOd3nxQ.js                                  0.82 kB │ gzip:     0.46 kB
../dist-vite/assets/http-DBlCnlav.js                                          0.85 kB │ gzip:     0.41 kB
../dist-vite/assets/pi-B9cgjyG1-v-IB86gp.js                                   0.86 kB │ gzip:     0.35 kB
../dist-vite/assets/protobuf-ChK-085T.js                                      0.86 kB │ gzip:     0.52 kB
../dist-vite/assets/solr-DehyRSwq.js                                          0.87 kB │ gzip:     0.46 kB
../dist-vite/assets/troff-wAsdV37c.js                                         0.96 kB │ gzip:     0.44 kB
../dist-vite/assets/sizeCapture-X5ZJPWSS-B7yGZNmg.js                          1.05 kB │ gzip:     0.59 kB
../dist-vite/assets/spreadsheet-BCZA_wO0.js                                   1.14 kB │ gzip:     0.54 kB
../dist-vite/assets/toml-Bm5Em-hy.js                                          1.14 kB │ gzip:     0.54 kB
../dist-vite/assets/settings-status-labels-BE3NldlX.js                        1.23 kB │ gzip:     0.54 kB
../dist-vite/assets/zh-latn-pinyin-BdYb-Ey_-BpSBSv6m.js                       1.28 kB │ gzip:     0.22 kB
../dist-vite/assets/mbox-CNhZ1qSd.js                                          1.40 kB │ gzip:     0.66 kB
../dist-vite/assets/theme-color-CUI2M4P_.js                                   1.41 kB │ gzip:     0.72 kB
../dist-vite/assets/ArmedConfirmButton-C5LTjQnC.js                            1.47 kB │ gzip:     0.67 kB
../dist-vite/assets/ordinal-BK7YXZpB.js                                       1.47 kB │ gzip:     0.61 kB
../dist-vite/assets/eu-Ctv_kq9Z-DMhU9kwg.js                                   1.52 kB │ gzip:     0.22 kB
../dist-vite/assets/sieve-C3Gn_uJK.js                                         1.62 kB │ gzip:     0.77 kB
../dist-vite/assets/rpm-CTu-6PCP.js                                           1.62 kB │ gzip:     0.83 kB
../dist-vite/assets/_initCloneObject-4t7uJofY.js                              1.66 kB │ gzip:     0.84 kB
../dist-vite/assets/factor-kuTfRLto.js                                        1.67 kB │ gzip:     0.61 kB
../dist-vite/assets/railroadDiagram-AXF67PYL-CWN6i-l7.js                      1.72 kB │ gzip:     0.81 kB
../dist-vite/assets/z80-Hz9HOZM7.js                                           1.75 kB │ gzip:     0.81 kB
../dist-vite/assets/eiffel-CnydiIhH.js                                        1.81 kB │ gzip:     0.92 kB
../dist-vite/assets/AppearancePanel-BTb60GsM.js                               1.87 kB │ gzip:     0.77 kB
../dist-vite/assets/chunk-2GRJ4B5K-Dgkn1CZe.js                                1.89 kB │ gzip:     0.83 kB
../dist-vite/assets/elm-vLlmbW-K.js                                           1.89 kB │ gzip:     0.82 kB
../dist-vite/assets/mathematica-DTrFuWx2.js                                   1.92 kB │ gzip:     0.82 kB
../dist-vite/assets/abnfDiagram-N423BO3Z-D8ypFWCk.js                          1.92 kB │ gzip:     0.94 kB
../dist-vite/assets/ChartArtifact-CvWg0jka.js                                 1.93 kB │ gzip:     1.05 kB
../dist-vite/assets/dockerfile-BKs6k2Af.js                                    1.95 kB │ gzip:     0.67 kB
../dist-vite/assets/turtle-B1tBg_DP.js                                        1.98 kB │ gzip:     0.90 kB
../dist-vite/assets/ebnf-CDyGwa7X.js                                          1.99 kB │ gzip:     0.81 kB
../dist-vite/assets/DesktopUpdatePanel-CjlTjOYT.js                            2.00 kB │ gzip:     0.72 kB
../dist-vite/assets/smalltalk-CnHTOXQT.js                                     2.01 kB │ gzip:     0.85 kB
../dist-vite/assets/dtd-DF_7sFjM.js                                           2.06 kB │ gzip:     0.87 kB
../dist-vite/assets/mumps-BT43cFF4.js                                         2.07 kB │ gzip:     0.98 kB
../dist-vite/assets/pegDiagram-VL7TDLO6-B4X8s69W.js                           2.07 kB │ gzip:     0.98 kB
../dist-vite/assets/fcl-Kvtd6kyn.js                                           2.08 kB │ gzip:     0.95 kB
../dist-vite/assets/ntriples-BfvgReVJ.js                                      2.10 kB │ gzip:     0.75 kB
../dist-vite/assets/ebnfDiagram-BXEA7PRR-dfRB2-iG.js                          2.12 kB │ gzip:     0.93 kB
../dist-vite/assets/yacas-BJ4BC0dw.js                                         2.15 kB │ gzip:     1.09 kB
../dist-vite/assets/simple-mode-GW_nhZxv.js                                   2.28 kB │ gzip:     1.09 kB
../dist-vite/assets/pt-Cum2_NUC-D8aZaPM_.js                                   2.29 kB │ gzip:     0.31 kB
../dist-vite/assets/apl-B4CMkyY2.js                                           2.30 kB │ gzip:     1.23 kB
../dist-vite/assets/pascal--L3eBynH.js                                        2.30 kB │ gzip:     1.19 kB
../dist-vite/assets/octave-Ck1zUtKM.js                                        2.31 kB │ gzip:     1.09 kB
../dist-vite/assets/commonlisp-DBKNyK5s.js                                    2.32 kB │ gzip:     1.10 kB
../dist-vite/assets/tcl-DVfN8rqt.js                                           2.36 kB │ gzip:     1.23 kB
../dist-vite/assets/NotebookArtifact-DVBAgsGH.js                              2.50 kB │ gzip:     0.91 kB
../dist-vite/assets/index-DBw_lXgW.js                                         2.51 kB │ gzip:     1.55 kB
../dist-vite/assets/_baseSet-CiO1xSRC.js                                      2.52 kB │ gzip:     1.31 kB
../dist-vite/assets/webidl-ZXfAyPTL.js                                        2.52 kB │ gzip:     1.26 kB
../dist-vite/assets/id-DifDyWg9-1QUBE4o0.js                                   2.52 kB │ gzip:     0.64 kB
../dist-vite/assets/pig-CevX1Tat.js                                           2.53 kB │ gzip:     1.38 kB
../dist-vite/assets/puppet-DMA9R1ak.js                                        2.54 kB │ gzip:     1.20 kB
../dist-vite/assets/forth-Ffai-XNe.js                                         2.54 kB │ gzip:     1.33 kB
../dist-vite/assets/oc-P_i3-xLA-Cg0Gj-PC.js                                   2.56 kB │ gzip:     0.68 kB
../dist-vite/assets/shell-CjFT_Tl9.js                                         2.57 kB │ gzip:     1.21 kB
../dist-vite/assets/velocity-D8B20fx6.js                                      2.67 kB │ gzip:     1.11 kB
../dist-vite/assets/index-D9C4pJ0Y.js                                         2.72 kB │ gzip:     1.55 kB
../dist-vite/assets/kmr-Cfwhwuff-DNWs8Gbk.js                                  2.73 kB │ gzip:     0.80 kB
../dist-vite/assets/tiddlywiki-DO-Gjzrf.js                                    2.78 kB │ gzip:     1.07 kB
../dist-vite/assets/modelica-Dc1JOy9r.js                                      2.79 kB │ gzip:     1.29 kB
../dist-vite/assets/TreeArtifact-C1T5n7W-.js                                  2.86 kB │ gzip:     1.16 kB
../dist-vite/assets/oz-BzwKVEFT.js                                            2.90 kB │ gzip:     1.28 kB
../dist-vite/assets/r-B6wPVr8A.js                                             2.94 kB │ gzip:     1.36 kB
../dist-vite/assets/stex-C3f8Ysf7.js                                          3.12 kB │ gzip:     1.20 kB
../dist-vite/assets/fi-RW5VB8Yp-C_52fTOR.js                                   3.19 kB │ gzip:     0.78 kB
../dist-vite/assets/la-DuvHjUWw-BcBNkSEh.js                                   3.19 kB │ gzip:     0.63 kB
../dist-vite/assets/tiki-DGYXhP31.js                                          3.25 kB │ gzip:     1.26 kB
../dist-vite/assets/NetworkArtifact-DvPhyiOk.js                               3.35 kB │ gzip:     1.57 kB
../dist-vite/assets/vhdl-lSbBsy5d.js                                          3.35 kB │ gzip:     1.51 kB
../dist-vite/assets/pms-BRGfm5gS-DtZRgBhp.js                                  3.38 kB │ gzip:     0.91 kB
../dist-vite/assets/lua-VAEuO923.js                                           3.41 kB │ gzip:     1.43 kB
../dist-vite/assets/arc-QuZ17Qmt.js                                           3.42 kB │ gzip:     1.46 kB
../dist-vite/assets/mscgen-BA5vi2Kp.js                                        3.51 kB │ gzip:     0.98 kB
../dist-vite/assets/index-DeikuZFR.js                                         3.51 kB │ gzip:     1.78 kB
../dist-vite/assets/sparql-DkYu6x3z.js                                        3.55 kB │ gzip:     1.63 kB
../dist-vite/assets/cypher-C_CwsFkJ.js                                        3.56 kB │ gzip:     1.52 kB
../dist-vite/assets/map-D1XbHKEC.js                                           3.59 kB │ gzip:     1.50 kB
../dist-vite/assets/it-Bt_Meacx-BwawXXgW.js                                   3.63 kB │ gzip:     0.88 kB
../dist-vite/assets/rm-C0MIK9N4-DeBfDBrx.js                                   3.67 kB │ gzip:     0.95 kB
../dist-vite/assets/mul-ethi-D_CMSMEq-2TGBnG-Z.js                             3.69 kB │ gzip:     0.92 kB
../dist-vite/assets/d-pRatUO7H.js                                             3.72 kB │ gzip:     1.68 kB
../dist-vite/assets/coffeescript-S37ZYGWr.js                                  3.87 kB │ gzip:     1.69 kB
../dist-vite/assets/fur-AC12wySk-Ulg0Fy5V.js                                  3.90 kB │ gzip:     1.02 kB
../dist-vite/assets/vb-CmGdzxic.js                                            3.90 kB │ gzip:     1.79 kB
../dist-vite/assets/swift-BzpIVaGY.js                                         3.96 kB │ gzip:     1.79 kB
../dist-vite/assets/tr-CIHIuzqc-ZkOY1dVp.js                                   3.97 kB │ gzip:     0.34 kB
../dist-vite/assets/asn1-EdZsLKOL.js                                          3.98 kB │ gzip:     1.96 kB
../dist-vite/assets/q-pXgVlZs6.js                                             4.03 kB │ gzip:     1.67 kB
../dist-vite/assets/ttcn-cfg-B9xdYoR4.js                                      4.05 kB │ gzip:     1.71 kB
../dist-vite/assets/dylan-DwRh75JA.js                                         4.05 kB │ gzip:     1.65 kB
../dist-vite/assets/livescript-BwQOo05w.js                                    4.09 kB │ gzip:     1.64 kB
../dist-vite/assets/groovy-D9Dt4D0W.js                                        4.14 kB │ gzip:     1.77 kB
../dist-vite/assets/Switch-C7LneYin.js                                        4.17 kB │ gzip:     1.68 kB
../dist-vite/assets/haskell-Cw1EW3IL.js                                       4.17 kB │ gzip:     1.89 kB
../dist-vite/assets/diagram-LBJQPF4R-BexQ0fCY.js                              4.33 kB │ gzip:     1.90 kB
../dist-vite/assets/DashboardArtifact-CmrkPLRr.js                             4.41 kB │ gzip:     2.00 kB
../dist-vite/assets/asterisk-B-8jnY81.js                                      4.48 kB │ gzip:     1.78 kB
../dist-vite/assets/native-menu-CQBsvWHr.js                                   4.56 kB │ gzip:     1.92 kB
../dist-vite/assets/gas-Bneqetm1.js                                           4.57 kB │ gzip:     1.28 kB
../dist-vite/assets/fortran-DYz_wnZ1.js                                       4.65 kB │ gzip:     2.01 kB
../dist-vite/assets/defaultLocale-CzDG__Ur.js                                 4.70 kB │ gzip:     2.19 kB
../dist-vite/assets/mllike-CXdrOF99.js                                        4.79 kB │ gzip:     1.53 kB
../dist-vite/assets/ttcn-CfJYG6tj.js                                          4.80 kB │ gzip:     2.13 kB
../dist-vite/assets/mn-cyrl-x-lmc-3aetruI8-mEBV16An.js                        4.83 kB │ gzip:     1.21 kB
../dist-vite/assets/index-DVBvMn51.js                                         4.86 kB │ gzip:     1.93 kB
../dist-vite/assets/el-monoton-D3aKqTz2-DpMW17GV.js                           4.87 kB │ gzip:     0.89 kB
../dist-vite/assets/ecl-Cabwm37j.js                                           5.13 kB │ gzip:     2.31 kB
../dist-vite/assets/crystal-SjHAIU92.js                                       5.13 kB │ gzip:     2.07 kB
../dist-vite/assets/ConversationCapabilityPanel-PxE1Mgkq.js                   5.15 kB │ gzip:     1.59 kB
../dist-vite/assets/index-C9pjb1Cz.js                                         5.18 kB │ gzip:     2.46 kB
../dist-vite/assets/ruby-BK5aLJev.js                                          5.21 kB │ gzip:     2.16 kB
../dist-vite/assets/julia-DuME0IfC.js                                         5.39 kB │ gzip:     2.14 kB
../dist-vite/assets/vbscript-BuJXcnF6.js                                      5.82 kB │ gzip:     2.57 kB
../dist-vite/assets/mirc-CjQqDB4T.js                                          5.92 kB │ gzip:     2.68 kB
../dist-vite/assets/linear-D9HMTzXk.js                                        5.99 kB │ gzip:     2.46 kB
../dist-vite/assets/diagram-UB23O5K3-BCM0t7MG.js                              6.19 kB │ gzip:     2.68 kB
../dist-vite/assets/cobol-CWcv1MsR.js                                         6.20 kB │ gzip:     2.96 kB
../dist-vite/assets/scheme-C41bIUwD.js                                        6.37 kB │ gzip:     2.39 kB
../dist-vite/assets/pieDiagram-7S7Q4E2Y-Bn_auVeA.js                           6.41 kB │ gzip:     2.68 kB
../dist-vite/assets/python-BuPzkPfP.js                                        6.48 kB │ gzip:     2.73 kB
../dist-vite/assets/ia-Cr4TJH0c-BcFKNbxH.js                                   6.49 kB │ gzip:     1.83 kB
../dist-vite/assets/xquery-DzFWVndE.js                                        6.62 kB │ gzip:     2.56 kB
../dist-vite/assets/pug-DeIclll2.js                                           6.67 kB │ gzip:     1.94 kB
../dist-vite/assets/textile-CnDTJFAw.js                                       6.80 kB │ gzip:     2.44 kB
../dist-vite/assets/cop-C3sk0IUo-Cj8cOj0I.js                                  6.89 kB │ gzip:     0.71 kB
../dist-vite/assets/ArchivePanel-C3h3yW4a.js                                  7.00 kB │ gzip:     2.52 kB
../dist-vite/assets/nsis-LY0VT_u5.js                                          7.06 kB │ gzip:     3.08 kB
../dist-vite/assets/chunk-RYQCIY6F-CobyDjv-.js                                7.08 kB │ gzip:     2.72 kB
../dist-vite/assets/ro-0fmdH0HA-1lLksn9e.js                                   7.27 kB │ gzip:     2.14 kB
../dist-vite/assets/nginx-DdIZxoE0.js                                         7.34 kB │ gzip:     2.72 kB
../dist-vite/assets/powershell-CFHJl5sT.js                                    7.77 kB │ gzip:     3.33 kB
../dist-vite/assets/ca-SUf6Y2Om-Dp4lcbPL.js                                   7.86 kB │ gzip:     1.13 kB
../dist-vite/assets/haxe-H-WmDvRZ.js                                          7.89 kB │ gzip:     2.95 kB
../dist-vite/assets/erlang-BNw1qcRV.js                                        8.10 kB │ gzip:     2.89 kB
../dist-vite/assets/verilog-C6RDOZhf.js                                       8.24 kB │ gzip:     3.52 kB
../dist-vite/assets/ExpertSquadMarketPanel-CKpPILK2.js                        8.29 kB │ gzip:     2.64 kB
../dist-vite/assets/diagram-7IWD3JNH-DJBOszoq.js                              8.45 kB │ gzip:     3.78 kB
../dist-vite/assets/NetworkPanel-3TllqseC.js                                  8.57 kB │ gzip:     2.58 kB
../dist-vite/assets/ChannelsPanel-cBm1u6hA.js                                 8.76 kB │ gzip:     3.10 kB
../dist-vite/assets/dagre-VZM6K2ZE-CbfqFiua.js                                8.79 kB │ gzip:     3.42 kB
../dist-vite/assets/la-x-classic-yTyAOQEt-DuDJBVty.js                         8.93 kB │ gzip:     2.31 kB
../dist-vite/assets/MissionSkillPanel-Dl7Me_dP.js                             9.07 kB │ gzip:     2.77 kB
../dist-vite/assets/sas-B4kiWyti.js                                           9.33 kB │ gzip:     4.11 kB
../dist-vite/assets/sa-CKY9c_Vq-DzgpFnfw.js                                   9.71 kB │ gzip:     1.66 kB
../dist-vite/assets/perl-CdXCOZ3F.js                                          9.75 kB │ gzip:     3.46 kB
../dist-vite/assets/isArrayLikeObject-BJCD84Qc.js                            10.00 kB │ gzip:     3.80 kB
../dist-vite/assets/gherkin-heZmZLOM.js                                      10.16 kB │ gzip:     5.09 kB
../dist-vite/assets/cynefinDiagram-MW4NZA55-9w91gb70.js                      10.21 kB │ gzip:     3.69 kB
../dist-vite/assets/stateDiagram-OKZ733FA-Dbzug6oE.js                        10.65 kB │ gzip:     3.76 kB
../dist-vite/assets/clojure-BMjYHr_A.js                                      10.82 kB │ gzip:     3.99 kB
../dist-vite/assets/diagram-B4RE2ZJO-BGxR9WPe.js                             10.83 kB │ gzip:     4.18 kB
../dist-vite/assets/MemoryContextPanel-D7M1X9JL.js                           10.95 kB │ gzip:     4.14 kB
../dist-vite/assets/diagram-Q27KOJAE-3sMYgozh.js                             11.33 kB │ gzip:     4.02 kB
../dist-vite/assets/hr-DT1SBBes-CkK3TemH.js                                  11.36 kB │ gzip:     0.95 kB
../dist-vite/assets/idl-BEugSyMb.js                                          11.63 kB │ gzip:     4.52 kB
../dist-vite/assets/hy-e995ysyO-Cf-NYmW5.js                                  11.93 kB │ gzip:     0.31 kB
../dist-vite/assets/mn-cyrl-lHM4n0oC-QhYuXAWB.js                             12.15 kB │ gzip:     2.15 kB
../dist-vite/assets/sl-DpiklF-D-_46w5B9b.js                                  12.60 kB │ gzip:     3.40 kB
../dist-vite/assets/da-CCDXfXtG-C3O8h2wc.js                                  12.72 kB │ gzip:     3.45 kB
../dist-vite/assets/index-DZOczOTL.js                                        12.79 kB │ gzip:     5.66 kB
../dist-vite/assets/hsb-DC_ITc1e-C4pa9vvS.js                                 14.01 kB │ gzip:     1.94 kB
../dist-vite/assets/graph-Dp2cyDys.js                                        14.17 kB │ gzip:     5.08 kB
../dist-vite/assets/GeneralPanel-CZJ-Cnt1.js                                 14.25 kB │ gzip:     4.25 kB
../dist-vite/assets/index-BUPE6bei.js                                        14.37 kB │ gzip:     6.23 kB
../dist-vite/assets/index-C0sC3yNm.js                                        14.49 kB │ gzip:     5.56 kB
../dist-vite/assets/index-rcOcbvsl.js                                        14.75 kB │ gzip:     6.00 kB
../dist-vite/assets/lt-BBe8DlDF-CObMPDIF.js                                  14.77 kB │ gzip:     3.60 kB
../dist-vite/assets/chunk-6Q2QTUOP-DoXqk0A8.js                               15.74 kB │ gzip:     4.40 kB
../dist-vite/assets/index-5Eszclre.js                                        16.39 kB │ gzip:     7.49 kB
../dist-vite/assets/tk-BMbKB10q-cqtw6prh.js                                  16.96 kB │ gzip:     0.99 kB
../dist-vite/assets/javascript-iXu5QeM3.js                                   17.08 kB │ gzip:     5.75 kB
../dist-vite/assets/time-52p4CqIw.js                                         17.57 kB │ gzip:     5.97 kB
../dist-vite/assets/ishikawaDiagram-WSZJBQD7-BLnkcb3m.js                     17.58 kB │ gzip:     6.71 kB
../dist-vite/assets/el-polyton-ogVWcTzh-BOWLBXgh.js                          17.63 kB │ gzip:     2.87 kB
../dist-vite/assets/UsagePanel-j-g7LAN-.js                                   18.06 kB │ gzip:     5.22 kB
../dist-vite/assets/kanban-definition-27J2QSJJ-D88ifhx-.js                   20.40 kB │ gzip:     7.27 kB
../dist-vite/assets/index-DQ2xowm8.js                                        21.04 kB │ gzip:     9.41 kB
../dist-vite/assets/index-4sYAZVwY.js                                        22.06 kB │ gzip:    10.20 kB
../dist-vite/assets/clike-B9uivgTg.js                                        22.30 kB │ gzip:     7.86 kB
../dist-vite/assets/la-x-liturgic-CXeQb4FY-DNU_Uk5t.js                       22.82 kB │ gzip:     5.72 kB
../dist-vite/assets/index-DjF7K_7V.js                                        23.14 kB │ gzip:    10.43 kB
../dist-vite/assets/sankeyDiagram-W5VNT64P-C8TTlla4.js                       23.26 kB │ gzip:     8.57 kB
../dist-vite/assets/mindmap-definition-FAOFIHXS-Btf5pbDi.js                  23.29 kB │ gzip:     7.87 kB
../dist-vite/assets/journeyDiagram-NVQOT4AX-DvXK9BUh.js                      23.69 kB │ gzip:     8.40 kB
../dist-vite/assets/fr-BC2onEz9-BGmqATrI.js                                  24.14 kB │ gzip:     4.29 kB
../dist-vite/assets/DiffArtifact-RFtQh_-T.js                                 24.32 kB │ gzip:     8.84 kB
../dist-vite/assets/wardleyDiagram-T6FBY63Y-BSAY5ZOW.js                      25.62 kB │ gzip:     6.85 kB
../dist-vite/assets/stylus-B533Al4x.js                                       25.80 kB │ gzip:     8.60 kB
../dist-vite/assets/SkillMarketPanel-CqLs-5jv.js                             26.02 kB │ gzip:     6.84 kB
../dist-vite/assets/ka-jyoLzyDE-CZftRBZr.js                                  26.19 kB │ gzip:     4.51 kB
../dist-vite/assets/index-CzrOfS1y.js                                        26.52 kB │ gzip:     8.81 kB
../dist-vite/assets/css-BnMrqG3P.js                                          27.13 kB │ gzip:     8.47 kB
../dist-vite/assets/erDiagram-JOGREHBK--mTJq29q.js                           27.21 kB │ gzip:     9.47 kB
../dist-vite/assets/be-CrQ0smca-B2EeXxUh.js                                  27.83 kB │ gzip:     2.23 kB
../dist-vite/assets/index-B3LUqCyW.js                                        28.18 kB │ gzip:    12.73 kB
../dist-vite/assets/ProvidersPanel-CBxAuBj_.js                               28.66 kB │ gzip:     8.33 kB
../dist-vite/assets/layout-CY7TOKvC.js                                       28.78 kB │ gzip:    10.23 kB
../dist-vite/assets/gitGraphDiagram-DS77QQ5N-CxLc5bB5.js                     29.53 kB │ gzip:     8.76 kB
../dist-vite/assets/sh-latn-sRy4Tuaj-DcyoDtEt.js                             29.78 kB │ gzip:     5.29 kB
../dist-vite/assets/index-CfDaQt_x.js                                        30.88 kB │ gzip:    12.70 kB
../dist-vite/assets/timeline-definition-Z64GVDOM-wXjy4pyU.js                 30.94 kB │ gzip:    10.21 kB
../dist-vite/assets/requirementDiagram-LRYGKXZP-DSVtM6-7.js                  31.11 kB │ gzip:     9.80 kB
../dist-vite/assets/sr-cyrl-Dpzrbd0W-DKfS_grW.js                             31.60 kB │ gzip:     5.56 kB
../dist-vite/assets/sk-_iOeDNrQ-BXQc18Za.js                                  31.69 kB │ gzip:     6.79 kB
../dist-vite/assets/timer-dpfxeKe8.js                                        32.28 kB │ gzip:     9.72 kB
../dist-vite/assets/index-DtkE8hvo.js                                        32.38 kB │ gzip:    13.10 kB
../dist-vite/assets/sh-cyrl-BpCRFOmq-Cv4-R-p6.js                             32.50 kB │ gzip:     5.45 kB
../dist-vite/assets/gl-DZGc-K_G-DLl5jmsP.js                                  33.64 kB │ gzip:     4.26 kB
../dist-vite/assets/quadrantDiagram-CIZ2JOQS-dXN8Drrv.js                     34.13 kB │ gzip:    10.03 kB
../dist-vite/assets/ScheduledAutomationsPanel-BE6MWOlE.js                    35.68 kB │ gzip:    10.06 kB
../dist-vite/assets/sql-D0XecflT.js                                          37.05 kB │ gzip:    10.94 kB
../dist-vite/assets/chunk-5RXB4S5H-LLRXej3u.js                               38.13 kB │ gzip:    12.51 kB
../dist-vite/assets/cs-CmAteokq-TjIVgNl6.js                                  39.76 kB │ gzip:     9.95 kB
../dist-vite/assets/index-DTWHXcL2.js                                        40.34 kB │ gzip:    16.64 kB
../dist-vite/assets/xychartDiagram-ELKLHX3M-BQHyU4dN.js                      41.91 kB │ gzip:    11.93 kB
../dist-vite/assets/vennDiagram-T6HMQDX7-BITqcnac.js                         42.08 kB │ gzip:    15.76 kB
../dist-vite/assets/es-DcaaHPU_-sYKznHcq.js                                  44.13 kB │ gzip:     6.27 kB
../dist-vite/assets/index-DrPWR7py.js                                        45.18 kB │ gzip:    19.20 kB
../dist-vite/assets/pl-9fg-ESVt-DpPW5ISU.js                                  46.09 kB │ gzip:     7.70 kB
../dist-vite/assets/et-B_spaleu-BaO20FM2.js                                  47.21 kB │ gzip:    11.42 kB
../dist-vite/assets/is-BT8UVRze-BXloJ18M.js                                  48.41 kB │ gzip:    12.72 kB
../dist-vite/assets/chunk-GF5L2VYU-B51PpAXG.js                               49.18 kB │ gzip:    15.74 kB
../dist-vite/assets/ganttDiagram-PKOTCBZU-DhRr6oRl.js                        52.66 kB │ gzip:    18.10 kB
../dist-vite/assets/TableArtifact-8UR_NqAw.js                                56.60 kB │ gzip:    15.45 kB
../dist-vite/assets/sv-CFm5y56M-I8ncZ9Nb.js                                  56.81 kB │ gzip:    14.42 kB
../dist-vite/assets/bg-CrQqGwni-Pt9yPLke.js                                  56.93 kB │ gzip:     4.83 kB
../dist-vite/assets/index-CKUNUNAs.js                                        58.32 kB │ gzip:    20.34 kB
../dist-vite/assets/flowDiagram-UKHOOZJN-C32no_9e.js                         60.71 kB │ gzip:    19.51 kB
../dist-vite/assets/McpAppArtifact-DkVlJzkY.js                               63.45 kB │ gzip:    18.21 kB
../dist-vite/assets/uk-Dir3oxLs-BVEQM3Jf.js                                  63.99 kB │ gzip:     8.64 kB
../dist-vite/assets/th-DWX5iPSo-BI_G36o8.js                                  68.62 kB │ gzip:    13.26 kB
../dist-vite/assets/c4Diagram-5PPSVZJV-DqvIfGE8.js                           70.06 kB │ gzip:    19.69 kB
../dist-vite/assets/grc-DOlGgO8T-C7K_Bcib.js                                 71.61 kB │ gzip:     8.92 kB
../dist-vite/assets/blockDiagram-VBNYF7ZC-lZZQ7Kgx.js                        73.90 kB │ gzip:    21.33 kB
../dist-vite/assets/ReleaseNotesPanel-BemlR9rI.js                            75.11 kB │ gzip:    28.81 kB
../dist-vite/assets/cy-BBPa6z2x-BONU7bVJ.js                                  80.20 kB │ gzip:    19.05 kB
../dist-vite/assets/cose-bilkent-JH36ORCC-2pl-x78r.js                        81.82 kB │ gzip:    22.54 kB
../dist-vite/assets/ga-Cn6LkudM-WsF4_z3Y.js                                  82.15 kB │ gzip:    20.04 kB
../dist-vite/assets/index-C-O95g0v.js                                        83.78 kB │ gzip:    30.40 kB
../dist-vite/assets/ru-v4l-ayaq-BZkHNr9F.js                                  85.31 kB │ gzip:    16.94 kB
../dist-vite/assets/index-CZ15wgpG.js                                        87.01 kB │ gzip:    34.54 kB
../dist-vite/assets/native-menu-surface-contract-BJN6RgnX.js                 91.92 kB │ gzip:    31.38 kB
../dist-vite/assets/index-BNh7iJKN.js                                        98.37 kB │ gzip:    28.62 kB
../dist-vite/assets/index-DEteXdyH.js                                       104.00 kB │ gzip:    34.43 kB
../dist-vite/assets/en-gb-B7Al27b_-BFFr9zKP.js                              105.38 kB │ gzip:    26.11 kB
../dist-vite/assets/lv-Q2BBHnzp-DRPSUjhQ.js                                 112.68 kB │ gzip:    16.09 kB
../dist-vite/assets/sequenceDiagram-SI44F4Z6-DLw30bII.js                    117.08 kB │ gzip:    31.17 kB
../dist-vite/assets/swimlanes-SLNWSIFB-C5G-D8Ce.js                          119.16 kB │ gzip:    43.78 kB
../dist-vite/assets/PresentationArtifact-HqJxmJuD.js                        119.42 kB │ gzip:    32.09 kB
../dist-vite/assets/nl-BHQJ6Gvn-BMWl-SdQ.js                                 138.51 kB │ gzip:    36.10 kB
../dist-vite/assets/architectureDiagram-T3A2C74G-CmYw-klf.js                151.94 kB │ gzip:    43.19 kB
../dist-vite/assets/CandlestickArtifact-Cd8Bo7qV.js                         168.55 kB │ gzip:    54.29 kB
../dist-vite/assets/cu-CBUlrW6Y-BrxB2kb-.js                                 168.80 kB │ gzip:    26.17 kB
../dist-vite/assets/af-DK_CjRn6-C81U6qP1.js                                 179.89 kB │ gzip:    38.97 kB
../dist-vite/assets/ExpertSquadPanel-DWjSb0rz.js                            233.05 kB │ gzip:    53.09 kB
../dist-vite/assets/katex-HP8lGamR.js                                       261.31 kB │ gzip:    77.57 kB
../dist-vite/assets/de-ch-1901-hVThVHVb-CC5Yf8hX.js                         264.34 kB │ gzip:    70.50 kB
../dist-vite/assets/de-1996-BL6awyxG-BSuIomZy.js                            266.94 kB │ gzip:    71.07 kB
../dist-vite/assets/de-1901-CWoAOigE-yOXirf_M.js                            270.04 kB │ gzip:    71.86 kB
../dist-vite/assets/no-B8ItS0F3-BlrHaK3Z.js                                 341.90 kB │ gzip:    87.84 kB
../dist-vite/assets/nb-DI8u59ch-S2a9vUN_.js                                 341.92 kB │ gzip:    87.85 kB
../dist-vite/assets/nn-ntZvarUK-cMBifkqM.js                                 341.92 kB │ gzip:    87.85 kB
../dist-vite/assets/TerminalArtifact-DsBwCiCF.js                            365.87 kB │ gzip:    94.27 kB
../dist-vite/assets/FilePreviewArtifact-4KUxs0PI.js                         408.58 kB │ gzip:   119.86 kB
../dist-vite/assets/CodeEditor-CPNvehjd.js                                  433.13 kB │ gzip:   138.99 kB
../dist-vite/assets/cytoscape.esm-bYBzTAdc.js                               443.59 kB │ gzip:   142.34 kB
../dist-vite/assets/DiagramArtifact-Bvrrn9fA.js                             594.49 kB │ gzip:   141.64 kB
../dist-vite/assets/TimelineArtifact-D0sp2RlX.js                            613.40 kB │ gzip:   188.95 kB
../dist-vite/assets/cynefin-VYW2F7L2-Znbfo27i.js                            688.18 kB │ gzip:   152.04 kB
../dist-vite/assets/hu-DVk7Y_ka-CCTZJfqn.js                                 765.41 kB │ gzip:   172.84 kB
../dist-vite/assets/vega-embed-policy-fSIymO6N.js                           786.03 kB │ gzip:   274.42 kB
../dist-vite/assets/MapArtifact-DoHYhlMg.js                                 957.18 kB │ gzip:   251.72 kB
../dist-vite/assets/Model3dArtifact-BS7H9pMk.js                           1,072.39 kB │ gzip:   300.27 kB
../dist-vite/assets/main-xDfjxawi.js                                      1,612.07 kB │ gzip:   465.47 kB
../dist-vite/assets/SpreadsheetArtifact-D-b7ZNcF.js                       6,140.78 kB │ gzip: 1,703.75 kB
✓ built in 56.65s
{"reason":"compiler-artifact","package_id":"registry+https://github.com/rust-lang/crates.io-index#proc-macro2@1.0.106","manifest_path":"C:\\Users\\hengu\\.cargo\\registry\\src\\index.crates.io-1949cf8c6b5b557f\\proc-macro2-1.0.106\\Cargo.toml","target":{"kind":["custom-build"],"crate_types":["bin"],"name":"build-script-build","src_path":"C:\\Users\\hengu\\.cargo\\registry\\src\\index.crates.io-1949cf8c6b5b557f\\proc-macro2-1.0.106\\build.rs","edition":"2021","doc":false,"doctest":false,"test":false},"profile":{"opt_level":"0","debuginfo":0,"debug_assertions":false,"overflow_checks":false,"test":false},"features":["default","proc-macro","span-locations"],"filenames":["D:\\myhexin-local\\opencorvus\\packages\\overlay\\src-tauri\\target\\release\\build\\proc-macro2-b2527bb903344312\\build-script-build.exe","D:\\myhexin-local\\opencorvus\\packages\\overlay\\src-tauri\\target\\release\\build\\proc-macro2-b2527bb903344312\\build_script_build.pdb"],"executable":null,"fresh":true}
{"reason":"build-script-executed","package_id":"registry+https://github.com/rust-lang/crates.io-index#proc-macro2@1.0.106","linked_libs":[],"linked_paths":[],"cfgs":["span_locations","wrap_proc_macro","proc_macro_span_location","proc_macro_span_file"],"env":[],"out_dir":"D:\\myhexin-local\\opencorvus\\packages\\overlay\\src-tauri\\target\\release\\build\\proc-macro2-f2436c29f92474e2\\out"}
{"reason":"compiler-artifact","package_id":"registry+https://github.com/rust-lang/crates.io-index#unicode-ident@1.0.24","manifest_path":"C:\\Users\\hengu\\.cargo\\registry\\src\\index.crates.io-1949cf8c6b5b557f\\unicode-ident-1.0.24\\Cargo.toml","target":{"kind":["lib"],"crate_types":["lib"],"name":"unicode_ident","src_path":"C:\\Users\\hengu\\.cargo\\registry\\src\\index.crates.io-1949cf8c6b5b557f\\unicode-ident-1.0.24\\src\\lib.rs","edition":"2021","doc":true,"doctest":true,"test":true},"profile":{"opt_level":"0","debuginfo":0,"debug_assertions":false,"overflow_checks":false,"test":false},"features":[],"filenames":["D:\\myhexin-local\\opencorvus\\packages\\overlay\\src-tauri\\target\\release\\deps\\libunicode_ident-48f97f2a191f1653.rlib","D:\\myhexin-local\\opencorvus\\packages\\overlay\\src-tauri\\target\\release\\deps\\libunicode_ident-48f97f2a191f1653.rmeta"],"executable":null,"fresh":true}
{"reason":"compiler-artifact","package_id":"registry+https://github.com/rust-lang/crates.io-index#quote@1.0.45","manifest_path":"C:\\Users\\hengu\\.cargo\\registry\\src\\index.crates.io-1949cf8c6b5b557f\\quote-1.0.45\\Cargo.toml","target":{"kind":["custom-build"],"crate_types":["bin"],"name":"build-script-build","src_path":"C:\\Users\\hengu\\.cargo\\registry\\src\\index.crates.io-1949cf8c6b5b557f\\quote-1.0.45\\build.rs","edition":"2021","doc":false,"doctest":false,"test":false},"profile":{"opt_level":"0","debuginfo":0,"debug_assertions":false,"overflow_checks":false,"test":false},"features":["default","proc-macro"],"filenames":["D:\\myhexin-local\\opencorvus\\packages\\overlay\\src-tauri\\target\\release\\build\\quote-8ca5edfe62759ddc\\build-script-build.exe","D:\\myhexin-local\\opencorvus\\packages\\overlay\\src-tauri\\target\\release\\build\\quote-8ca5edfe62759ddc\\build_script_build.pdb"],"executable":null,"fresh":true}
{"reason":"compiler-artifact","package_id":"registry+https://github.com/rust-lang/crates.io-index#cfg-if@1.0.4","manifest_path":"C:\\Users\\hengu\\.cargo\\registry\\src\\index.crates.io-1949cf8c6b5b557f\\cfg-if-1.0.4\\Cargo.toml","target":{"kind":["lib"],"crate_types":["lib"],"name":"cfg_if","src_path":"C:\\Users\\hengu\\.cargo\\registry\\src\\index.crates.io-1949cf8c6b5b557f\\cfg-if-1.0.4\\src\\lib.rs","edition":"2018","doc":true,"doctest":true,"test":true},"profile":{"opt_level":"0","debuginfo":0,"debug_assertions":false,"overflow_checks":false,"test":false},"features":[],"filenames":["D:\\myhexin-local\\opencorvus\\packages\\overlay\\src-tauri\\target\\release\\deps\\libcfg_if-f59536972e7efbf3.rlib","D:\\myhexin-local\\opencorvus\\packages\\overlay\\src-tauri\\target\\release\\deps\\libcfg_if-f59536972e7efbf3.rmeta"],"executable":null,"fresh":true}
{"reason":"compiler-artifact","package_id":"registry+https://github.com/rust-lang/crates.io-index#serde_core@1.0.228","manifest_path":"C:\\Users\\hengu\\.cargo\\registry\\src\\index.crates.io-1949cf8c6b5b557f\\serde_core-1.0.228\\Cargo.toml","target":{"kind":["custom-build"],"crate_types":["bin"],"name":"build-script-build","src_path":"C:\\Users\\hengu\\.cargo\\registry\\src\\index.crates.io-1949cf8c6b5b557f\\serde_core-1.0.228\\build.rs","edition":"2021","doc":false,"doctest":false,"test":false},"profile":{"opt_level":"0","debuginfo":0,"debug_assertions":false,"overflow_checks":false,"test":false},"features":["alloc","default","result","std"],"filenames":["D:\\myhexin-local\\opencorvus\\packages\\overlay\\src-tauri\\target\\release\\build\\serde_core-6ed1ab462fa299d4\\build-script-build.exe","D:\\myhexin-local\\opencorvus\\packages\\overlay\\src-tauri\\target\\release\\build\\serde_core-6ed1ab462fa299d4\\build_script_build.pdb"],"executable":null,"fresh":true}
{"reason":"compiler-artifact","package_id":"registry+https://github.com/rust-lang/crates.io-index#siphasher@1.0.2","manifest_path":"C:\\Users\\hengu\\.cargo\\registry\\src\\index.crates.io-1949cf8c6b5b557f\\siphasher-1.0.2\\Cargo.toml","target":{"kind":["lib"],"crate_types":["lib"],"name":"siphasher","src_path":"C:\\Users\\hengu\\.cargo\\registry\\src\\index.crates.io-1949cf8c6b5b557f\\siphasher-1.0.2\\src\\lib.rs","edition":"2018","doc":true,"doctest":true,"test":true},"profile":{"opt_level":"0","debuginfo":0,"debug_assertions":false,"overflow_checks":false,"test":false},"features":["default","std"],"filenames":["D:\\myhexin-local\\opencorvus\\packages\\overlay\\src-tauri\\target\\release\\deps\\libsiphasher-d9bdaf582ba90c50.rlib","D:\\myhexin-local\\opencorvus\\packages\\overlay\\src-tauri\\target\\release\\deps\\libsiphasher-d9bdaf582ba90c50.rmeta"],"executable":null,"fresh":true}
{"reason":"compiler-artifact","package_id":"registry+https://github.com/rust-lang/crates.io-index#zerocopy@0.8.40","manifest_path":"C:\\Users\\hengu\\.cargo\\registry\\src\\index.crates.io-1949cf8c6b5b557f\\zerocopy-0.8.40\\Cargo.toml","target":{"kind":["custom-build"],"crate_types":["bin"],"name":"build-script-build","src_path":"C:\\Users\\hengu\\.cargo\\registry\\src\\index.crates.io-1949cf8c6b5b557f\\zerocopy-0.8.40\\build.rs","edition":"2021","doc":false,"doctest":false,"test":false},"profile":{"opt_level":"0","debuginfo":0,"debug_assertions":false,"overflow_checks":false,"test":false},"features":["simd"],"filenames":["D:\\myhexin-local\\opencorvus\\packages\\overlay\\src-tauri\\target\\release\\build\\zerocopy-1ee21eda3dfbdf47\\build-script-build.exe","D:\\myhexin-local\\opencorvus\\packages\\overlay\\src-tauri\\target\\release\\build\\zerocopy-1ee21eda3dfbdf47\\build_script_build.pdb"],"executable":null,"fresh":true}
{"reason":"compiler-artifact","package_id":"registry+https://github.com/rust-lang/crates.io-index#smallvec@1.15.1","manifest_path":"C:\\Users\\hengu\\.cargo\\registry\\src\\index.crates.io-1949cf8c6b5b557f\\smallvec-1.15.1\\Cargo.toml","target":{"kind":["lib"],"crate_types":["lib"],"name":"smallvec","src_path":"C:\\Users\\hengu\\.cargo\\registry\\src\\index.crates.io-1949cf8c6b5b557f\\smallvec-1.15.1\\src\\lib.rs","edition":"2018","doc":true,"doctest":true,"test":true},"profile":{"opt_level":"0","debuginfo":0,"debug_assertions":false,"overflow_checks":false,"test":false},"features":["const_generics"],"filenames":["D:\\myhexin-local\\opencorvus\\packages\\overlay\\src-tauri\\target\\release\\deps\\libsmallvec-e6d1603778e42049.rlib","D:\\myhexin-local\\opencorvus\\packages\\overlay\\src-tauri\\target\\release\\deps\\libsmallvec-e6d1603778e42049.rmeta"],"executable":null,"fresh":true}
{"reason":"compiler-artifact","package_id":"registry+https://github.com/rust-lang/crates.io-index#icu_normalizer_data@2.1.1","manifest_path":"C:\\Users\\hengu\\.cargo\\registry\\src\\index.crates.io-1949cf8c6b5b557f\\icu_normalizer_data-2.1.1\\Cargo.toml","target":{"kind":["custom-build"],"crate_types":["bin"],"name":"build-script-build","src_path":"C:\\Users\\hengu\\.cargo\\registry\\src\\index.crates.io-1949cf8c6b5b557f\\icu_normalizer_data-2.1.1\\build.rs","edition":"2021","doc":false,"doctest":false,"test":false},"profile":{"opt_level":"0","debuginfo":0,"debug_assertions":false,"overflow_checks":false,"test":false},"features":[],"filenames":["D:\\myhexin-local\\opencorvus\\packages\\overlay\\src-tauri\\target\\release\\build\\icu_normalizer_data-58ee1ae79e7d69b8\\build-script-build.exe","D:\\myhexin-local\\opencorvus\\packages\\overlay\\src-tauri\\target\\release\\build\\icu_normalizer_data-58ee1ae79e7d69b8\\build_script_build.pdb"],"executable":null,"fresh":true}
{"reason":"compiler-artifact","package_id":"registry+https://github.com/rust-lang/crates.io-index#stable_deref_trait@1.2.1","manifest_path":"C:\\Users\\hengu\\.cargo\\registry\\src\\index.crates.io-1949cf8c6b5b557f\\stable_deref_trait-1.2.1\\Cargo.toml","target":{"kind":["lib"],"crate_types":["lib"],"name":"stable_deref_trait","src_path":"C:\\Users\\hengu\\.cargo\\registry\\src\\index.crates.io-1949cf8c6b5b557f\\stable_deref_trait-1.2.1\\src\\lib.rs","edition":"2015","doc":true,"doctest":true,"test":true},"profile":{"opt_level":"0","debuginfo":0,"debug_assertions":false,"overflow_checks":false,"test":false},"features":["alloc","default","std"],"filenames":["D:\\myhexin-local\\opencorvus\\packages\\overlay\\src-tauri\\target\\release\\deps\\libstable_deref_trait-076d1c08c17b8ad1.rlib","D:\\myhexin-local\\opencorvus\\packages\\overlay\\src-tauri\\target\\release\\deps\\libstable_deref_trait-076d1c08c17b8ad1.rmeta"],"executable":null,"fresh":true}
{"reason":"compiler-artifact","package_id":"registry+https://github.com/rust-lang/crates.io-index#icu_properties_data@2.1.2","manifest_path":"C:\\Users\\hengu\\.cargo\\registry\\src\\index.crates.io-1949cf8c6b5b557f\\icu_properties_data-2.1.2\\Cargo.toml","target":{"kind":["custom-build"],"crate_types":["bin"],"name":"build-script-build","src_path":"C:\\Users\\hengu\\.cargo\\registry\\src\\index.crates.io-1949cf8c6b5b557f\\icu_properties_data-2.1.2\\build.rs","edition":"2021","doc":false,"doctest":false,"test":false},"profile":{"opt_level":"0","debuginfo":0,"debug_assertions":false,"overflow_checks":false,"test":false},"features":[],"filenames":["D:\\myhexin-local\\opencorvus\\packages\\overlay\\src-tauri\\target\\release\\build\\icu_properties_data-f8cdca36a648533c\\build-script-build.exe","D:\\myhexin-local\\opencorvus\\packages\\overlay\\src-tauri\\target\\release\\build\\icu_properties_data-f8cdca36a648533c\\build_script_build.pdb"],"executable":null,"fresh":true}
{"reason":"compiler-artifact","package_id":"registry+https://github.com/rust-lang/crates.io-index#fastrand@2.3.0","manifest_path":"C:\\Users\\hengu\\.cargo\\registry\\src\\index.crates.io-1949cf8c6b5b557f\\fastrand-2.3.0\\Cargo.toml","target":{"kind":["lib"],"crate_types":["lib"],"name":"fastrand","src_path":"C:\\Users\\hengu\\.cargo\\registry\\src\\index.crates.io-1949cf8c6b5b557f\\fastrand-2.3.0\\src\\lib.rs","edition":"2018","doc":true,"doctest":true,"test":true},"profile":{"opt_level":"0","debuginfo":0,"debug_assertions":false,"overflow_checks":false,"test":false},"features":[],"filenames":["D:\\myhexin-local\\opencorvus\\packages\\overlay\\src-tauri\\target\\release\\deps\\libfastrand-7b39824a006c75da.rlib","D:\\myhexin-local\\opencorvus\\packages\\overlay\\src-tauri\\target\\release\\deps\\libfastrand-7b39824a006c75da.rmeta"],"executable":null,"fresh":true}
{"reason":"compiler-artifact","package_id":"registry+https://github.com/rust-lang/crates.io-index#proc-macro2@1.0.106","manifest_path":"C:\\Users\\hengu\\.cargo\\registry\\src\\index.crates.io-1949cf8c6b5b557f\\proc-macro2-1.0.106\\Cargo.toml","target":{"kind":["lib"],"crate_types":["lib"],"name":"proc_macro2","src_path":"C:\\Users\\hengu\\.cargo\\registry\\src\\index.crates.io-1949cf8c6b5b557f\\proc-macro2-1.0.106\\src\\lib.rs","edition":"2021","doc":true,"doctest":true,"test":true},"profile":{"opt_level":"0","debuginfo":0,"debug_assertions":false,"overflow_checks":false,"test":false},"features":["default","proc-macro","span-locations"],"filenames":["D:\\myhexin-local\\opencorvus\\packages\\overlay\\src-tauri\\target\\release\\deps\\libproc_macro2-bf2cacd7c369e599.rlib","D:\\myhexin-local\\opencorvus\\packages\\overlay\\src-tauri\\target\\release\\deps\\libproc_macro2-bf2cacd7c369e599.rmeta"],"executable":null,"fresh":true}
{"reason":"build-script-executed","package_id":"registry+https://github.com/rust-lang/crates.io-index#quote@1.0.45","linked_libs":[],"linked_paths":[],"cfgs":[],"env":[],"out_dir":"D:\\myhexin-local\\opencorvus\\packages\\overlay\\src-tauri\\target\\release\\build\\quote-1af9a6a1d8f13275\\out"}
{"reason":"build-script-executed","package_id":"registry+https://github.com/rust-lang/crates.io-index#serde_core@1.0.228","linked_libs":[],"linked_paths":[],"cfgs":[],"env":[],"out_dir":"D:\\myhexin-local\\opencorvus\\packages\\overlay\\src-tauri\\target\\release\\build\\serde_core-3999f0d00a48e1c2\\out"}
{"reason":"build-script-executed","package_id":"registry+https://github.com/rust-lang/crates.io-index#zerocopy@0.8.40","linked_libs":[],"linked_paths":[],"cfgs":[],"env":[],"out_dir":"D:\\myhexin-local\\opencorvus\\packages\\overlay\\src-tauri\\target\\release\\build\\zerocopy-8d5e985c7b0e834b\\out"}
{"reason":"compiler-artifact","package_id":"registry+https://github.com/rust-lang/crates.io-index#phf_shared@0.13.1","manifest_path":"C:\\Users\\hengu\\.cargo\\registry\\src\\index.crates.io-1949cf8c6b5b557f\\phf_shared-0.13.1\\Cargo.toml","target":{"kind":["lib"],"crate_types":["lib"],"name":"phf_shared","src_path":"C:\\Users\\hengu\\.cargo\\registry\\src\\index.crates.io-1949cf8c6b5b557f\\phf_shared-0.13.1\\src\\lib.rs","edition":"2021","doc":true,"doctest":true,"test":false},"profile":{"opt_level":"0","debuginfo":0,"debug_assertions":false,"overflow_checks":false,"test":false},"features":["default","std"],"filenames":["D:\\myhexin-local\\opencorvus\\packages\\overlay\\src-tauri\\target\\release\\deps\\libphf_shared-5ecb06658e58ed53.rlib","D:\\myhexin-local\\opencorvus\\packages\\overlay\\src-tauri\\target\\release\\deps\\libphf_shared-5ecb06658e58ed53.rmeta"],"executable":null,"fresh":true}
{"reason":"compiler-artifact","package_id":"registry+https://github.com/rust-lang/crates.io-index#thiserror@2.0.18","manifest_path":"C:\\Users\\hengu\\.cargo\\registry\\src\\index.crates.io-1949cf8c6b5b557f\\thiserror-2.0.18\\Cargo.toml","target":{"kind":["custom-build"],"crate_types":["bin"],"name":"build-script-build","src_path":"C:\\Users\\hengu\\.cargo\\registry\\src\\index.crates.io-1949cf8c6b5b557f\\thiserror-2.0.18\\build.rs","edition":"2021","doc":false,"doctest":false,"test":false},"profile":{"opt_level":"0","debuginfo":0,"debug_assertions":false,"overflow_checks":false,"test":false},"features":["default","std"],"filenames":["D:\\myhexin-local\\opencorvus\\packages\\overlay\\src-tauri\\target\\release\\build\\thiserror-8d39d442736a213b\\build-script-build.exe","D:\\myhexin-local\\opencorvus\\packages\\overlay\\src-tauri\\target\\release\\build\\thiserror-8d39d442736a213b\\build_script_build.pdb"],"executable":null,"fresh":true}
{"reason":"compiler-artifact","package_id":"registry+https://github.com/rust-lang/crates.io-index#parking_lot_core@0.9.12","manifest_path":"C:\\Users\\hengu\\.cargo\\registry\\src\\index.crates.io-1949cf8c6b5b557f\\parking_lot_core-0.9.12\\Cargo.toml","target":{"kind":["custom-build"],"crate_types":["bin"],"name":"build-script-build","src_path":"C:\\Users\\hengu\\.cargo\\registry\\src\\index.crates.io-1949cf8c6b5b557f\\parking_lot_core-0.9.12\\build.rs","edition":"2021","doc":false,"doctest":false,"test":false},"profile":{"opt_level":"0","debuginfo":0,"debug_assertions":false,"overflow_checks":false,"test":false},"features":[],"filenames":["D:\\myhexin-local\\opencorvus\\packages\\overlay\\src-tauri\\target\\release\\build\\parking_lot_core-7b8bb14a53695f11\\build-script-build.exe","D:\\myhexin-local\\opencorvus\\packages\\overlay\\src-tauri\\target\\release\\build\\parking_lot_core-7b8bb14a53695f11\\build_script_build.pdb"],"executable":null,"fresh":true}
{"reason":"compiler-artifact","package_id":"registry+https://github.com/rust-lang/crates.io-index#windows-link@0.2.1","manifest_path":"C:\\Users\\hengu\\.cargo\\registry\\src\\index.crates.io-1949cf8c6b5b557f\\windows-link-0.2.1\\Cargo.toml","target":{"kind":["lib"],"crate_types":["lib"],"name":"windows_link","src_path":"C:\\Users\\hengu\\.cargo\\registry\\src\\index.crates.io-1949cf8c6b5b557f\\windows-link-0.2.1\\src\\lib.rs","edition":"2021","doc":true,"doctest":true,"test":true},"profile":{"opt_level":"0","debuginfo":0,"debug_assertions":false,"overflow_checks":false,"test":false},"features":[],"filenames":["D:\\myhexin-local\\opencorvus\\packages\\overlay\\src-tauri\\target\\release\\deps\\libwindows_link-acc06b19d26069f0.rlib","D:\\myhexin-local\\opencorvus\\packages\\overlay\\src-tauri\\target\\release\\deps\\libwindows_link-acc06b19d26069f0.rmeta"],"executable":null,"fresh":true}
{"reason":"compiler-artifact","package_id":"registry+https://github.com/rust-lang/crates.io-index#zmij@1.0.21","manifest_path":"C:\\Users\\hengu\\.cargo\\registry\\src\\index.crates.io-1949cf8c6b5b557f\\zmij-1.0.21\\Cargo.toml","target":{"kind":["custom-build"],"crate_types":["bin"],"name":"build-script-build","src_path":"C:\\Users\\hengu\\.cargo\\registry\\src\\index.crates.io-1949cf8c6b5b557f\\zmij-1.0.21\\build.rs","edition":"2021","doc":false,"doctest":false,"test":false},"profile":{"opt_level":"0","debuginfo":0,"debug_assertions":false,"overflow_checks":false,"test":false},"features":[],"filenames":["D:\\myhexin-local\\opencorvus\\packages\\overlay\\src-tauri\\target\\release\\build\\zmij-4c66330c8a0493e6\\build-script-build.exe","D:\\myhexin-local\\opencorvus\\packages\\overlay\\src-tauri\\target\\release\\build\\zmij-4c66330c8a0493e6\\build_script_build.pdb"],"executable":null,"fresh":true}
{"reason":"compiler-artifact","package_id":"registry+https://github.com/rust-lang/crates.io-index#serde_core@1.0.228","manifest_path":"C:\\Users\\hengu\\.cargo\\registry\\src\\index.crates.io-1949cf8c6b5b557f\\serde_core-1.0.228\\Cargo.toml","target":{"kind":["custom-build"],"crate_types":["bin"],"name":"build-script-build","src_path":"C:\\Users\\hengu\\.cargo\\registry\\src\\index.crates.io-1949cf8c6b5b557f\\serde_core-1.0.228\\build.rs","edition":"2021","doc":false,"doctest":false,"test":false},"profile":{"opt_level":"0","debuginfo":0,"debug_assertions":false,"overflow_checks":false,"test":false},"features":["alloc","rc","result","std"],"filenames":["D:\\myhexin-local\\opencorvus\\packages\\overlay\\src-tauri\\target\\release\\build\\serde_core-7b1cbda0bd7f3043\\build-script-build.exe","D:\\myhexin-local\\opencorvus\\packages\\overlay\\src-tauri\\target\\release\\build\\serde_core-7b1cbda0bd7f3043\\build_script_build.pdb"],"executable":null,"fresh":true}
{"reason":"compiler-artifact","package_id":"registry+https://github.com/rust-lang/crates.io-index#getrandom@0.2.17","manifest_path":"C:\\Users\\hengu\\.cargo\\registry\\src\\index.crates.io-1949cf8c6b5b557f\\getrandom-0.2.17\\Cargo.toml","target":{"kind":["lib"],"crate_types":["lib"],"name":"getrandom","src_path":"C:\\Users\\hengu\\.cargo\\registry\\src\\index.crates.io-1949cf8c6b5b557f\\getrandom-0.2.17\\src\\lib.rs","edition":"2018","doc":true,"doctest":true,"test":true},"profile":{"opt_level":"0","debuginfo":0,"debug_assertions":false,"overflow_checks":false,"test":false},"features":["std"],"filenames":["D:\\myhexin-local\\opencorvus\\packages\\overlay\\src-tauri\\target\\release\\deps\\libgetrandom-3eb27601c88573af.rlib","D:\\myhexin-local\\opencorvus\\packages\\overlay\\src-tauri\\target\\release\\deps\\libgetrandom-3eb27601c88573af.rmeta"],"executable":null,"fresh":true}
{"reason":"compiler-artifact","package_id":"registry+https://github.com/rust-lang/crates.io-index#serde@1.0.228","manifest_path":"C:\\Users\\hengu\\.cargo\\registry\\src\\index.crates.io-1949cf8c6b5b557f\\serde-1.0.228\\Cargo.toml","target":{"kind":["custom-build"],"crate_types":["bin"],"name":"build-script-build","src_path":"C:\\Users\\hengu\\.cargo\\registry\\src\\index.crates.io-1949cf8c6b5b557f\\serde-1.0.228\\build.rs","edition":"2021","doc":false,"doctest":false,"test":false},"profile":{"opt_level":"0","debuginfo":0,"debug_assertions":false,"overflow_checks":false,"test":false},"features":["alloc","default","derive","serde_derive","std"],"filenames":["D:\\myhexin-local\\opencorvus\\packages\\overlay\\src-tauri\\target\\release\\build\\serde-1a25b9a2df83f4e6\\build-script-build.exe","D:\\myhexin-local\\opencorvus\\packages\\overlay\\src-tauri\\target\\release\\build\\serde-1a25b9a2df83f4e6\\build_script_build.pdb"],"executable":null,"fresh":true}
{"reason":"compiler-artifact","package_id":"registry+https://github.com/rust-lang/crates.io-index#quote@1.0.45","manifest_path":"C:\\Users\\hengu\\.cargo\\registry\\src\\index.crates.io-1949cf8c6b5b557f\\quote-1.0.45\\Cargo.toml","target":{"kind":["lib"],"crate_types":["lib"],"name":"quote","src_path":"C:\\Users\\hengu\\.cargo\\registry\\src\\index.crates.io-1949cf8c6b5b557f\\quote-1.0.45\\src\\lib.rs","edition":"2021","doc":true,"doctest":true,"test":true},"profile":{"opt_level":"0","debuginfo":0,"debug_assertions":false,"overflow_checks":false,"test":false},"features":["default","proc-macro"],"filenames":["D:\\myhexin-local\\opencorvus\\packages\\overlay\\src-tauri\\target\\release\\deps\\libquote-b20073e09351e825.rlib","D:\\myhexin-local\\opencorvus\\packages\\overlay\\src-tauri\\target\\release\\deps\\libquote-b20073e09351e825.rmeta"],"executable":null,"fresh":true}
{"reason":"compiler-artifact","package_id":"registry+https://github.com/rust-lang/crates.io-index#serde_core@1.0.228","manifest_path":"C:\\Users\\hengu\\.cargo\\registry\\src\\index.crates.io-1949cf8c6b5b557f\\serde_core-1.0.228\\Cargo.toml","target":{"kind":["lib"],"crate_types":["lib"],"name":"serde_core","src_path":"C:\\Users\\hengu\\.cargo\\registry\\src\\index.crates.io-1949cf8c6b5b557f\\serde_core-1.0.228\\src\\lib.rs","edition":"2021","doc":true,"doctest":true,"test":true},"profile":{"opt_level":"0","debuginfo":0,"debug_assertions":false,"overflow_checks":false,"test":false},"features":["alloc","default","result","std"],"filenames":["D:\\myhexin-local\\opencorvus\\packages\\overlay\\src-tauri\\target\\release\\deps\\libserde_core-c38fb2c8a785d864.rlib","D:\\myhexin-local\\opencorvus\\packages\\overlay\\src-tauri\\target\\release\\deps\\libserde_core-c38fb2c8a785d864.rmeta"],"executable":null,"fresh":true}
{"reason":"compiler-artifact","package_id":"registry+https://github.com/rust-lang/crates.io-index#zerocopy@0.8.40","manifest_path":"C:\\Users\\hengu\\.cargo\\registry\\src\\index.crates.io-1949cf8c6b5b557f\\zerocopy-0.8.40\\Cargo.toml","target":{"kind":["lib"],"crate_types":["lib"],"name":"zerocopy","src_path":"C:\\Users\\hengu\\.cargo\\registry\\src\\index.crates.io-1949cf8c6b5b557f\\zerocopy-0.8.40\\src\\lib.rs","edition":"2021","doc":true,"doctest":true,"test":true},"profile":{"opt_level":"0","debuginfo":0,"debug_assertions":false,"overflow_checks":false,"test":false},"features":["simd"],"filenames":["D:\\myhexin-local\\opencorvus\\packages\\overlay\\src-tauri\\target\\release\\deps\\libzerocopy-63b71ff933b719a9.rlib","D:\\myhexin-local\\opencorvus\\packages\\overlay\\src-tauri\\target\\release\\deps\\libzerocopy-63b71ff933b719a9.rmeta"],"executable":null,"fresh":true}
{"reason":"compiler-artifact","package_id":"registry+https://github.com/rust-lang/crates.io-index#phf_generator@0.13.1","manifest_path":"C:\\Users\\hengu\\.cargo\\registry\\src\\index.crates.io-1949cf8c6b5b557f\\phf_generator-0.13.1\\Cargo.toml","target":{"kind":["lib"],"crate_types":["lib"],"name":"phf_generator","src_path":"C:\\Users\\hengu\\.cargo\\registry\\src\\index.crates.io-1949cf8c6b5b557f\\phf_generator-0.13.1\\src\\lib.rs","edition":"2021","doc":true,"doctest":true,"test":true},"profile":{"opt_level":"0","debuginfo":0,"debug_assertions":false,"overflow_checks":false,"test":false},"features":[],"filenames":["D:\\myhexin-local\\opencorvus\\packages\\overlay\\src-tauri\\target\\release\\deps\\libphf_generator-3da81374b6991746.rlib","D:\\myhexin-local\\opencorvus\\packages\\overlay\\src-tauri\\target\\release\\deps\\libphf_generator-3da81374b6991746.rmeta"],"executable":null,"fresh":true}
{"reason":"build-script-executed","package_id":"registry+https://github.com/rust-lang/crates.io-index#serde_core@1.0.228","linked_libs":[],"linked_paths":[],"cfgs":[],"env":[],"out_dir":"D:\\myhexin-local\\opencorvus\\packages\\overlay\\src-tauri\\target\\release\\build\\serde_core-db2d860911e5c84d\\out"}
{"reason":"compiler-artifact","package_id":"registry+https://github.com/rust-lang/crates.io-index#memchr@2.8.0","manifest_path":"C:\\Users\\hengu\\.cargo\\registry\\src\\index.crates.io-1949cf8c6b5b557f\\memchr-2.8.0\\Cargo.toml","target":{"kind":["lib"],"crate_types":["lib"],"name":"memchr","src_path":"C:\\Users\\hengu\\.cargo\\registry\\src\\index.crates.io-1949cf8c6b5b557f\\memchr-2.8.0\\src\\lib.rs","edition":"2021","doc":true,"doctest":true,"test":true},"profile":{"opt_level":"0","debuginfo":0,"debug_assertions":false,"overflow_checks":false,"test":false},"features":["alloc","default","std"],"filenames":["D:\\myhexin-local\\opencorvus\\packages\\overlay\\src-tauri\\target\\release\\deps\\libmemchr-16c3f84545f6b688.rlib","D:\\myhexin-local\\opencorvus\\packages\\overlay\\src-tauri\\target\\release\\deps\\libmemchr-16c3f84545f6b688.rmeta"],"executable":null,"fresh":true}
{"reason":"build-script-executed","package_id":"registry+https://github.com/rust-lang/crates.io-index#serde@1.0.228","linked_libs":[],"linked_paths":[],"cfgs":["if_docsrs_then_no_serde_core"],"env":[],"out_dir":"D:\\myhexin-local\\opencorvus\\packages\\overlay\\src-tauri\\target\\release\\build\\serde-4d25aba039797472\\out"}
{"reason":"compiler-artifact","package_id":"registry+https://github.com/rust-lang/crates.io-index#rand_core@0.6.4","manifest_path":"C:\\Users\\hengu\\.cargo\\registry\\src\\index.crates.io-1949cf8c6b5b557f\\rand_core-0.6.4\\Cargo.toml","target":{"kind":["lib"],"crate_types":["lib"],"name":"rand_core","src_path":"C:\\Users\\hengu\\.cargo\\registry\\src\\index.crates.io-1949cf8c6b5b557f\\rand_core-0.6.4\\src\\lib.rs","edition":"2018","doc":true,"doctest":true,"test":true},"profile":{"opt_level":"0","debuginfo":0,"debug_assertions":false,"overflow_checks":false,"test":false},"features":["alloc","getrandom","std"],"filenames":["D:\\myhexin-local\\opencorvus\\packages\\overlay\\src-tauri\\target\\release\\deps\\librand_core-e5e5e3755d693f6c.rlib","D:\\myhexin-local\\opencorvus\\packages\\overlay\\src-tauri\\target\\release\\deps\\librand_core-e5e5e3755d693f6c.rmeta"],"executable":null,"fresh":true}
{"reason":"compiler-artifact","package_id":"registry+https://github.com/rust-lang/crates.io-index#itoa@1.0.17","manifest_path":"C:\\Users\\hengu\\.cargo\\registry\\src\\index.crates.io-1949cf8c6b5b557f\\itoa-1.0.17\\Cargo.toml","target":{"kind":["lib"],"crate_types":["lib"],"name":"itoa","src_path":"C:\\Users\\hengu\\.cargo\\registry\\src\\index.crates.io-1949cf8c6b5b557f\\itoa-1.0.17\\src\\lib.rs","edition":"2021","doc":true,"doctest":true,"test":true},"profile":{"opt_level":"0","debuginfo":0,"debug_assertions":false,"overflow_checks":false,"test":false},"features":[],"filenames":["D:\\myhexin-local\\opencorvus\\packages\\overlay\\src-tauri\\target\\release\\deps\\libitoa-5fb9c705fe729772.rlib","D:\\myhexin-local\\opencorvus\\packages\\overlay\\src-tauri\\target\\release\\deps\\libitoa-5fb9c705fe729772.rmeta"],"executable":null,"fresh":true}
{"reason":"compiler-artifact","package_id":"registry+https://github.com/rust-lang/crates.io-index#siphasher@0.3.11","manifest_path":"C:\\Users\\hengu\\.cargo\\registry\\src\\index.crates.io-1949cf8c6b5b557f\\siphasher-0.3.11\\Cargo.toml","target":{"kind":["lib"],"crate_types":["lib"],"name":"siphasher","src_path":"C:\\Users\\hengu\\.cargo\\registry\\src\\index.crates.io-1949cf8c6b5b557f\\siphasher-0.3.11\\src\\lib.rs","edition":"2018","doc":true,"doctest":true,"test":true},"profile":{"opt_level":"0","debuginfo":0,"debug_assertions":false,"overflow_checks":false,"test":false},"features":["default","std"],"filenames":["D:\\myhexin-local\\opencorvus\\packages\\overlay\\src-tauri\\target\\release\\deps\\libsiphasher-5a088061a3dcbe19.rlib","D:\\myhexin-local\\opencorvus\\packages\\overlay\\src-tauri\\target\\release\\deps\\libsiphasher-5a088061a3dcbe19.rmeta"],"executable":null,"fresh":true}
{"reason":"compiler-artifact","package_id":"registry+https://github.com/rust-lang/crates.io-index#new_debug_unreachable@1.0.6","manifest_path":"C:\\Users\\hengu\\.cargo\\registry\\src\\index.crates.io-1949cf8c6b5b557f\\new_debug_unreachable-1.0.6\\Cargo.toml","target":{"kind":["lib"],"crate_types":["lib"],"name":"debug_unreachable","src_path":"C:\\Users\\hengu\\.cargo\\registry\\src\\index.crates.io-1949cf8c6b5b557f\\new_debug_unreachable-1.0.6\\src\\lib.rs","edition":"2021","doc":true,"doctest":true,"test":true},"profile":{"opt_level":"0","debuginfo":0,"debug_assertions":false,"overflow_checks":false,"test":false},"features":[],"filenames":["D:\\myhexin-local\\opencorvus\\packages\\overlay\\src-tauri\\target\\release\\deps\\libdebug_unreachable-6678bc738d4bf9dc.rlib","D:\\myhexin-local\\opencorvus\\packages\\overlay\\src-tauri\\target\\release\\deps\\libdebug_unreachable-6678bc738d4bf9dc.rmeta"],"executable":null,"fresh":true}
{"reason":"compiler-artifact","package_id":"registry+https://github.com/rust-lang/crates.io-index#getrandom@0.1.16","manifest_path":"C:\\Users\\hengu\\.cargo\\registry\\src\\index.crates.io-1949cf8c6b5b557f\\getrandom-0.1.16\\Cargo.toml","target":{"kind":["custom-build"],"crate_types":["bin"],"name":"build-script-build","src_path":"C:\\Users\\hengu\\.cargo\\registry\\src\\index.crates.io-1949cf8c6b5b557f\\getrandom-0.1.16\\build.rs","edition":"2018","doc":false,"doctest":false,"test":false},"profile":{"opt_level":"0","debuginfo":0,"debug_assertions":false,"overflow_checks":false,"test":false},"features":["std"],"filenames":["D:\\myhexin-local\\opencorvus\\packages\\overlay\\src-tauri\\target\\release\\build\\getrandom-e1f18dbdc453be04\\build-script-build.exe","D:\\myhexin-local\\opencorvus\\packages\\overlay\\src-tauri\\target\\release\\build\\getrandom-e1f18dbdc453be04\\build_script_build.pdb"],"executable":null,"fresh":true}
{"reason":"compiler-artifact","package_id":"registry+https://github.com/rust-lang/crates.io-index#syn@2.0.117","manifest_path":"C:\\Users\\hengu\\.cargo\\registry\\src\\index.crates.io-1949cf8c6b5b557f\\syn-2.0.117\\Cargo.toml","target":{"kind":["lib"],"crate_types":["lib"],"name":"syn","src_path":"C:\\Users\\hengu\\.cargo\\registry\\src\\index.crates.io-1949cf8c6b5b557f\\syn-2.0.117\\src\\lib.rs","edition":"2021","doc":true,"doctest":true,"test":true},"profile":{"opt_level":"0","debuginfo":0,"debug_assertions":false,"overflow_checks":false,"test":false},"features":["clone-impls","default","derive","extra-traits","fold","full","parsing","printing","proc-macro","visit","visit-mut"],"filenames":["D:\\myhexin-local\\opencorvus\\packages\\overlay\\src-tauri\\target\\release\\deps\\libsyn-aac7e114332b0cf9.rlib","D:\\myhexin-local\\opencorvus\\packages\\overlay\\src-tauri\\target\\release\\deps\\libsyn-aac7e114332b0cf9.rmeta"],"executable":null,"fresh":true}
{"reason":"compiler-artifact","package_id":"registry+https://github.com/rust-lang/crates.io-index#ppv-lite86@0.2.21","manifest_path":"C:\\Users\\hengu\\.cargo\\registry\\src\\index.crates.io-1949cf8c6b5b557f\\ppv-lite86-0.2.21\\Cargo.toml","target":{"kind":["lib"],"crate_types":["lib"],"name":"ppv_lite86","src_path":"C:\\Users\\hengu\\.cargo\\registry\\src\\index.crates.io-1949cf8c6b5b557f\\ppv-lite86-0.2.21\\src\\lib.rs","edition":"2021","doc":true,"doctest":true,"test":true},"profile":{"opt_level":"0","debuginfo":0,"debug_assertions":false,"overflow_checks":false,"test":false},"features":["simd","std"],"filenames":["D:\\myhexin-local\\opencorvus\\packages\\overlay\\src-tauri\\target\\release\\deps\\libppv_lite86-48206f755c190e98.rlib","D:\\myhexin-local\\opencorvus\\packages\\overlay\\src-tauri\\target\\release\\deps\\libppv_lite86-48206f755c190e98.rmeta"],"executable":null,"fresh":true}
{"reason":"compiler-artifact","package_id":"registry+https://github.com/rust-lang/crates.io-index#serde_core@1.0.228","manifest_path":"C:\\Users\\hengu\\.cargo\\registry\\src\\index.crates.io-1949cf8c6b5b557f\\serde_core-1.0.228\\Cargo.toml","target":{"kind":["lib"],"crate_types":["lib"],"name":"serde_core","src_path":"C:\\Users\\hengu\\.cargo\\registry\\src\\index.crates.io-1949cf8c6b5b557f\\serde_core-1.0.228\\src\\lib.rs","edition":"2021","doc":true,"doctest":true,"test":true},"profile":{"opt_level":"s","debuginfo":0,"debug_assertions":false,"overflow_checks":false,"test":false},"features":["alloc","rc","result","std"],"filenames":["D:\\myhexin-local\\opencorvus\\packages\\overlay\\src-tauri\\target\\release\\deps\\libserde_core-9f975c9f3722adaf.rlib","D:\\myhexin-local\\opencorvus\\packages\\overlay\\src-tauri\\target\\release\\deps\\libserde_core-9f975c9f3722adaf.rmeta"],"executable":null,"fresh":true}
{"reason":"build-script-executed","package_id":"registry+https://github.com/rust-lang/crates.io-index#getrandom@0.1.16","linked_libs":["advapi32"],"linked_paths":[],"cfgs":[],"env":[],"out_dir":"D:\\myhexin-local\\opencorvus\\packages\\overlay\\src-tauri\\target\\release\\build\\getrandom-e5c5da2bd77ea5fd\\out"}
{"reason":"build-script-executed","package_id":"registry+https://github.com/rust-lang/crates.io-index#parking_lot_core@0.9.12","linked_libs":[],"linked_paths":[],"cfgs":[],"env":[],"out_dir":"D:\\myhexin-local\\opencorvus\\packages\\overlay\\src-tauri\\target\\release\\build\\parking_lot_core-2b210b72482f4158\\out"}
{"reason":"compiler-artifact","package_id":"registry+https://github.com/rust-lang/crates.io-index#windows-link@0.2.1","manifest_path":"C:\\Users\\hengu\\.cargo\\registry\\src\\index.crates.io-1949cf8c6b5b557f\\windows-link-0.2.1\\Cargo.toml","target":{"kind":["lib"],"crate_types":["lib"],"name":"windows_link","src_path":"C:\\Users\\hengu\\.cargo\\registry\\src\\index.crates.io-1949cf8c6b5b557f\\windows-link-0.2.1\\src\\lib.rs","edition":"2021","doc":true,"doctest":true,"test":true},"profile":{"opt_level":"s","debuginfo":0,"debug_assertions":false,"overflow_checks":false,"test":false},"features":[],"filenames":["D:\\myhexin-local\\opencorvus\\packages\\overlay\\src-tauri\\target\\release\\deps\\libwindows_link-4b94011554bbb63a.rlib","D:\\myhexin-local\\opencorvus\\packages\\overlay\\src-tauri\\target\\release\\deps\\libwindows_link-4b94011554bbb63a.rmeta"],"executable":null,"fresh":true}
{"reason":"compiler-artifact","package_id":"registry+https://github.com/rust-lang/crates.io-index#scopeguard@1.2.0","manifest_path":"C:\\Users\\hengu\\.cargo\\registry\\src\\index.crates.io-1949cf8c6b5b557f\\scopeguard-1.2.0\\Cargo.toml","target":{"kind":["lib"],"crate_types":["lib"],"name":"scopeguard","src_path":"C:\\Users\\hengu\\.cargo\\registry\\src\\index.crates.io-1949cf8c6b5b557f\\scopeguard-1.2.0\\src\\lib.rs","edition":"2015","doc":true,"doctest":true,"test":true},"profile":{"opt_level":"0","debuginfo":0,"debug_assertions":false,"overflow_checks":false,"test":false},"features":[],"filenames":["D:\\myhexin-local\\opencorvus\\packages\\overlay\\src-tauri\\target\\release\\deps\\libscopeguard-c6bdcbc49ad176ee.rlib","D:\\myhexin-local\\opencorvus\\packages\\overlay\\src-tauri\\target\\release\\deps\\libscopeguard-c6bdcbc49ad176ee.rmeta"],"executable":null,"fresh":true}
{"reason":"compiler-artifact","package_id":"registry+https://github.com/rust-lang/crates.io-index#precomputed-hash@0.1.1","manifest_path":"C:\\Users\\hengu\\.cargo\\registry\\src\\index.crates.io-1949cf8c6b5b557f\\precomputed-hash-0.1.1\\Cargo.toml","target":{"kind":["lib"],"crate_types":["lib"],"name":"precomputed_hash","src_path":"C:\\Users\\hengu\\.cargo\\registry\\src\\index.crates.io-1949cf8c6b5b557f\\precomputed-hash-0.1.1\\src\\lib.rs","edition":"2015","doc":true,"doctest":true,"test":true},"profile":{"opt_level":"0","debuginfo":0,"debug_assertions":false,"overflow_checks":false,"test":false},"features":[],"filenames":["D:\\myhexin-local\\opencorvus\\packages\\overlay\\src-tauri\\target\\release\\deps\\libprecomputed_hash-a8938cf20240d178.rlib","D:\\myhexin-local\\opencorvus\\packages\\overlay\\src-tauri\\target\\release\\deps\\libprecomputed_hash-a8938cf20240d178.rmeta"],"executable":null,"fresh":true}
{"reason":"compiler-artifact","package_id":"registry+https://github.com/rust-lang/crates.io-index#typeid@1.0.3","manifest_path":"C:\\Users\\hengu\\.cargo\\registry\\src\\index.crates.io-1949cf8c6b5b557f\\typeid-1.0.3\\Cargo.toml","target":{"kind":["custom-build"],"crate_types":["bin"],"name":"build-script-build","src_path":"C:\\Users\\hengu\\.cargo\\registry\\src\\index.crates.io-1949cf8c6b5b557f\\typeid-1.0.3\\build.rs","edition":"2018","doc":false,"doctest":false,"test":false},"profile":{"opt_level":"0","debuginfo":0,"debug_assertions":false,"overflow_checks":false,"test":false},"features":[],"filenames":["D:\\myhexin-local\\opencorvus\\packages\\overlay\\src-tauri\\target\\release\\build\\typeid-8d013c062f015b9d\\build-script-build.exe","D:\\myhexin-local\\opencorvus\\packages\\overlay\\src-tauri\\target\\release\\build\\typeid-8d013c062f015b9d\\build_script_build.pdb"],"executable":null,"fresh":true}
{"reason":"compiler-artifact","package_id":"registry+https://github.com/rust-lang/crates.io-index#phf_shared@0.11.3","manifest_path":"C:\\Users\\hengu\\.cargo\\registry\\src\\index.crates.io-1949cf8c6b5b557f\\phf_shared-0.11.3\\Cargo.toml","target":{"kind":["lib"],"crate_types":["lib"],"name":"phf_shared","src_path":"C:\\Users\\hengu\\.cargo\\registry\\src\\index.crates.io-1949cf8c6b5b557f\\phf_shared-0.11.3\\src\\lib.rs","edition":"2021","doc":true,"doctest":true,"test":false},"profile":{"opt_level":"0","debuginfo":0,"debug_assertions":false,"overflow_checks":false,"test":false},"features":["default","std"],"filenames":["D:\\myhexin-local\\opencorvus\\packages\\overlay\\src-tauri\\target\\release\\deps\\libphf_shared-5ed7de5924fc51dd.rlib","D:\\myhexin-local\\opencorvus\\packages\\overlay\\src-tauri\\target\\release\\deps\\libphf_shared-5ed7de5924fc51dd.rmeta"],"executable":null,"fresh":true}
{"reason":"compiler-artifact","package_id":"registry+https://github.com/rust-lang/crates.io-index#time-core@0.1.8","manifest_path":"C:\\Users\\hengu\\.cargo\\registry\\src\\index.crates.io-1949cf8c6b5b557f\\time-core-0.1.8\\Cargo.toml","target":{"kind":["lib"],"crate_types":["lib"],"name":"time_core","src_path":"C:\\Users\\hengu\\.cargo\\registry\\src\\index.crates.io-1949cf8c6b5b557f\\time-core-0.1.8\\src\\lib.rs","edition":"2024","doc":true,"doctest":true,"test":true},"profile":{"opt_level":"0","debuginfo":0,"debug_assertions":false,"overflow_checks":false,"test":false},"features":[],"filenames":["D:\\myhexin-local\\opencorvus\\packages\\overlay\\src-tauri\\target\\release\\deps\\libtime_core-fe4ea2833eedfc73.rlib","D:\\myhexin-local\\opencorvus\\packages\\overlay\\src-tauri\\target\\release\\deps\\libtime_core-fe4ea2833eedfc73.rmeta"],"executable":null,"fresh":true}
{"reason":"compiler-artifact","package_id":"registry+https://github.com/rust-lang/crates.io-index#autocfg@1.5.0","manifest_path":"C:\\Users\\hengu\\.cargo\\registry\\src\\index.crates.io-1949cf8c6b5b557f\\autocfg-1.5.0\\Cargo.toml","target":{"kind":["lib"],"crate_types":["lib"],"name":"autocfg","src_path":"C:\\Users\\hengu\\.cargo\\registry\\src\\index.crates.io-1949cf8c6b5b557f\\autocfg-1.5.0\\src\\lib.rs","edition":"2015","doc":true,"doctest":true,"test":true},"profile":{"opt_level":"0","debuginfo":0,"debug_assertions":false,"overflow_checks":false,"test":false},"features":[],"filenames":["D:\\myhexin-local\\opencorvus\\packages\\overlay\\src-tauri\\target\\release\\deps\\libautocfg-23a7e433e1ac507a.rlib","D:\\myhexin-local\\opencorvus\\packages\\overlay\\src-tauri\\target\\release\\deps\\libautocfg-23a7e433e1ac507a.rmeta"],"executable":null,"fresh":true}
{"reason":"compiler-artifact","package_id":"registry+https://github.com/rust-lang/crates.io-index#synstructure@0.13.2","manifest_path":"C:\\Users\\hengu\\.cargo\\registry\\src\\index.crates.io-1949cf8c6b5b557f\\synstructure-0.13.2\\Cargo.toml","target":{"kind":["lib"],"crate_types":["lib"],"name":"synstructure","src_path":"C:\\Users\\hengu\\.cargo\\registry\\src\\index.crates.io-1949cf8c6b5b557f\\synstructure-0.13.2\\src\\lib.rs","edition":"2018","doc":true,"doctest":true,"test":true},"profile":{"opt_level":"0","debuginfo":0,"debug_assertions":false,"overflow_checks":false,"test":false},"features":["default","proc-macro"],"filenames":["D:\\myhexin-local\\opencorvus\\packages\\overlay\\src-tauri\\target\\release\\deps\\libsynstructure-7689821d8f6548b1.rlib","D:\\myhexin-local\\opencorvus\\packages\\overlay\\src-tauri\\target\\release\\deps\\libsynstructure-7689821d8f6548b1.rmeta"],"executable":null,"fresh":true}
{"reason":"compiler-artifact","package_id":"registry+https://github.com/rust-lang/crates.io-index#serde_derive@1.0.228","manifest_path":"C:\\Users\\hengu\\.cargo\\registry\\src\\index.crates.io-1949cf8c6b5b557f\\serde_derive-1.0.228\\Cargo.toml","target":{"kind":["proc-macro"],"crate_types":["proc-macro"],"name":"serde_derive","src_path":"C:\\Users\\hengu\\.cargo\\registry\\src\\index.crates.io-1949cf8c6b5b557f\\serde_derive-1.0.228\\src\\lib.rs","edition":"2021","doc":true,"doctest":true,"test":true},"profile":{"opt_level":"0","debuginfo":0,"debug_assertions":false,"overflow_checks":false,"test":false},"features":["default"],"filenames":["D:\\myhexin-local\\opencorvus\\packages\\overlay\\src-tauri\\target\\release\\deps\\serde_derive-a1d25ac1476941fb.dll","D:\\myhexin-local\\opencorvus\\packages\\overlay\\src-tauri\\target\\release\\deps\\serde_derive-a1d25ac1476941fb.dll.lib","D:\\myhexin-local\\opencorvus\\packages\\overlay\\src-tauri\\target\\release\\deps\\serde_derive-a1d25ac1476941fb.dll.exp","D:\\myhexin-local\\opencorvus\\packages\\overlay\\src-tauri\\target\\release\\deps\\serde_derive-a1d25ac1476941fb.pdb"],"executable":null,"fresh":true}
{"reason":"compiler-artifact","package_id":"registry+https://github.com/rust-lang/crates.io-index#zerovec-derive@0.11.2","manifest_path":"C:\\Users\\hengu\\.cargo\\registry\\src\\index.crates.io-1949cf8c6b5b557f\\zerovec-derive-0.11.2\\Cargo.toml","target":{"kind":["proc-macro"],"crate_types":["proc-macro"],"name":"zerovec_derive","src_path":"C:\\Users\\hengu\\.cargo\\registry\\src\\index.crates.io-1949cf8c6b5b557f\\zerovec-derive-0.11.2\\src\\lib.rs","edition":"2021","doc":true,"doctest":true,"test":true},"profile":{"opt_level":"0","debuginfo":0,"debug_assertions":false,"overflow_checks":false,"test":false},"features":[],"filenames":["D:\\myhexin-local\\opencorvus\\packages\\overlay\\src-tauri\\target\\release\\deps\\zerovec_derive-c372faf4c640ea6b.dll","D:\\myhexin-local\\opencorvus\\packages\\overlay\\src-tauri\\target\\release\\deps\\zerovec_derive-c372faf4c640ea6b.dll.lib","D:\\myhexin-local\\opencorvus\\packages\\overlay\\src-tauri\\target\\release\\deps\\zerovec_derive-c372faf4c640ea6b.dll.exp","D:\\myhexin-local\\opencorvus\\packages\\overlay\\src-tauri\\target\\release\\deps\\zerovec_derive-c372faf4c640ea6b.pdb"],"executable":null,"fresh":true}
{"reason":"compiler-artifact","package_id":"registry+https://github.com/rust-lang/crates.io-index#displaydoc@0.2.5","manifest_path":"C:\\Users\\hengu\\.cargo\\registry\\src\\index.crates.io-1949cf8c6b5b557f\\displaydoc-0.2.5\\Cargo.toml","target":{"kind":["proc-macro"],"crate_types":["proc-macro"],"name":"displaydoc","src_path":"C:\\Users\\hengu\\.cargo\\registry\\src\\index.crates.io-1949cf8c6b5b557f\\displaydoc-0.2.5\\src\\lib.rs","edition":"2021","doc":true,"doctest":true,"test":true},"profile":{"opt_level":"0","debuginfo":0,"debug_assertions":false,"overflow_checks":false,"test":false},"features":[],"filenames":["D:\\myhexin-local\\opencorvus\\packages\\overlay\\src-tauri\\target\\release\\deps\\displaydoc-abfc59db7ae5f7f7.dll","D:\\myhexin-local\\opencorvus\\packages\\overlay\\src-tauri\\target\\release\\deps\\displaydoc-abfc59db7ae5f7f7.dll.lib","D:\\myhexin-local\\opencorvus\\packages\\overlay\\src-tauri\\target\\release\\deps\\displaydoc-abfc59db7ae5f7f7.dll.exp","D:\\myhexin-local\\opencorvus\\packages\\overlay\\src-tauri\\target\\release\\deps\\displaydoc-abfc59db7ae5f7f7.pdb"],"executable":null,"fresh":true}
{"reason":"compiler-artifact","package_id":"registry+https://github.com/rust-lang/crates.io-index#thiserror-impl@2.0.18","manifest_path":"C:\\Users\\hengu\\.cargo\\registry\\src\\index.crates.io-1949cf8c6b5b557f\\thiserror-impl-2.0.18\\Cargo.toml","target":{"kind":["proc-macro"],"crate_types":["proc-macro"],"name":"thiserror_impl","src_path":"C:\\Users\\hengu\\.cargo\\registry\\src\\index.crates.io-1949cf8c6b5b557f\\thiserror-impl-2.0.18\\src\\lib.rs","edition":"2021","doc":true,"doctest":true,"test":true},"profile":{"opt_level":"0","debuginfo":0,"debug_assertions":false,"overflow_checks":false,"test":false},"features":[],"filenames":["D:\\myhexin-local\\opencorvus\\packages\\overlay\\src-tauri\\target\\release\\deps\\thiserror_impl-9290f935d3fd8b4b.dll","D:\\myhexin-local\\opencorvus\\packages\\overlay\\src-tauri\\target\\release\\deps\\thiserror_impl-9290f935d3fd8b4b.dll.lib","D:\\myhexin-local\\opencorvus\\packages\\overlay\\src-tauri\\target\\release\\deps\\thiserror_impl-9290f935d3fd8b4b.dll.exp","D:\\myhexin-local\\opencorvus\\packages\\overlay\\src-tauri\\target\\release\\deps\\thiserror_impl-9290f935d3fd8b4b.pdb"],"executable":null,"fresh":true}
{"reason":"compiler-artifact","package_id":"registry+https://github.com/rust-lang/crates.io-index#rand_chacha@0.3.1","manifest_path":"C:\\Users\\hengu\\.cargo\\registry\\src\\index.crates.io-1949cf8c6b5b557f\\rand_chacha-0.3.1\\Cargo.toml","target":{"kind":["lib"],"crate_types":["lib"],"name":"rand_chacha","src_path":"C:\\Users\\hengu\\.cargo\\registry\\src\\index.crates.io-1949cf8c6b5b557f\\rand_chacha-0.3.1\\src\\lib.rs","edition":"2018","doc":true,"doctest":true,"test":true},"profile":{"opt_level":"0","debuginfo":0,"debug_assertions":false,"overflow_checks":false,"test":false},"features":["std"],"filenames":["D:\\myhexin-local\\opencorvus\\packages\\overlay\\src-tauri\\target\\release\\deps\\librand_chacha-0459e5ff26734b1e.rlib","D:\\myhexin-local\\opencorvus\\packages\\overlay\\src-tauri\\target\\release\\deps\\librand_chacha-0459e5ff26734b1e.rmeta"],"executable":null,"fresh":true}
{"reason":"compiler-artifact","package_id":"registry+https://github.com/rust-lang/crates.io-index#phf_macros@0.13.1","manifest_path":"C:\\Users\\hengu\\.cargo\\registry\\src\\index.crates.io-1949cf8c6b5b557f\\phf_macros-0.13.1\\Cargo.toml","target":{"kind":["proc-macro"],"crate_types":["proc-macro"],"name":"phf_macros","src_path":"C:\\Users\\hengu\\.cargo\\registry\\src\\index.crates.io-1949cf8c6b5b557f\\phf_macros-0.13.1\\src\\lib.rs","edition":"2021","doc":true,"doctest":true,"test":true},"profile":{"opt_level":"0","debuginfo":0,"debug_assertions":false,"overflow_checks":false,"test":false},"features":[],"filenames":["D:\\myhexin-local\\opencorvus\\packages\\overlay\\src-tauri\\target\\release\\deps\\phf_macros-c464bca4d16188ca.dll","D:\\myhexin-local\\opencorvus\\packages\\overlay\\src-tauri\\target\\release\\deps\\phf_macros-c464bca4d16188ca.dll.lib","D:\\myhexin-local\\opencorvus\\packages\\overlay\\src-tauri\\target\\release\\deps\\phf_macros-c464bca4d16188ca.dll.exp","D:\\myhexin-local\\opencorvus\\packages\\overlay\\src-tauri\\target\\release\\deps\\phf_macros-c464bca4d16188ca.pdb"],"executable":null,"fresh":true}
{"reason":"compiler-artifact","package_id":"registry+https://github.com/rust-lang/crates.io-index#getrandom@0.1.16","manifest_path":"C:\\Users\\hengu\\.cargo\\registry\\src\\index.crates.io-1949cf8c6b5b557f\\getrandom-0.1.16\\Cargo.toml","target":{"kind":["lib"],"crate_types":["lib"],"name":"getrandom","src_path":"C:\\Users\\hengu\\.cargo\\registry\\src\\index.crates.io-1949cf8c6b5b557f\\getrandom-0.1.16\\src\\lib.rs","edition":"2018","doc":true,"doctest":true,"test":true},"profile":{"opt_level":"0","debuginfo":0,"debug_assertions":false,"overflow_checks":false,"test":false},"features":["std"],"filenames":["D:\\myhexin-local\\opencorvus\\packages\\overlay\\src-tauri\\target\\release\\deps\\libgetrandom-2bab163a91f1aae3.rlib","D:\\myhexin-local\\opencorvus\\packages\\overlay\\src-tauri\\target\\release\\deps\\libgetrandom-2bab163a91f1aae3.rmeta"],"executable":null,"fresh":true}
{"reason":"compiler-artifact","package_id":"registry+https://github.com/rust-lang/crates.io-index#parking_lot_core@0.9.12","manifest_path":"C:\\Users\\hengu\\.cargo\\registry\\src\\index.crates.io-1949cf8c6b5b557f\\parking_lot_core-0.9.12\\Cargo.toml","target":{"kind":["lib"],"crate_types":["lib"],"name":"parking_lot_core","src_path":"C:\\Users\\hengu\\.cargo\\registry\\src\\index.crates.io-1949cf8c6b5b557f\\parking_lot_core-0.9.12\\src\\lib.rs","edition":"2021","doc":true,"doctest":true,"test":true},"profile":{"opt_level":"0","debuginfo":0,"debug_assertions":false,"overflow_checks":false,"test":false},"features":[],"filenames":["D:\\myhexin-local\\opencorvus\\packages\\overlay\\src-tauri\\target\\release\\deps\\libparking_lot_core-816a1c38dce05f79.rlib","D:\\myhexin-local\\opencorvus\\packages\\overlay\\src-tauri\\target\\release\\deps\\libparking_lot_core-816a1c38dce05f79.rmeta"],"executable":null,"fresh":true}
{"reason":"compiler-artifact","package_id":"registry+https://github.com/rust-lang/crates.io-index#lock_api@0.4.14","manifest_path":"C:\\Users\\hengu\\.cargo\\registry\\src\\index.crates.io-1949cf8c6b5b557f\\lock_api-0.4.14\\Cargo.toml","target":{"kind":["lib"],"crate_types":["lib"],"name":"lock_api","src_path":"C:\\Users\\hengu\\.cargo\\registry\\src\\index.crates.io-1949cf8c6b5b557f\\lock_api-0.4.14\\src\\lib.rs","edition":"2021","doc":true,"doctest":true,"test":true},"profile":{"opt_level":"0","debuginfo":0,"debug_assertions":false,"overflow_checks":false,"test":false},"features":["atomic_usize","default"],"filenames":["D:\\myhexin-local\\opencorvus\\packages\\overlay\\src-tauri\\target\\release\\deps\\liblock_api-b0805ab4efea91b5.rlib","D:\\myhexin-local\\opencorvus\\packages\\overlay\\src-tauri\\target\\release\\deps\\liblock_api-b0805ab4efea91b5.rmeta"],"executable":null,"fresh":true}
{"reason":"compiler-artifact","package_id":"registry+https://github.com/rust-lang/crates.io-index#num-conv@0.2.0","manifest_path":"C:\\Users\\hengu\\.cargo\\registry\\src\\index.crates.io-1949cf8c6b5b557f\\num-conv-0.2.0\\Cargo.toml","target":{"kind":["lib"],"crate_types":["lib"],"name":"num_conv","src_path":"C:\\Users\\hengu\\.cargo\\registry\\src\\index.crates.io-1949cf8c6b5b557f\\num-conv-0.2.0\\src\\lib.rs","edition":"2021","doc":true,"doctest":true,"test":true},"profile":{"opt_level":"0","debuginfo":0,"debug_assertions":false,"overflow_checks":false,"test":false},"features":[],"filenames":["D:\\myhexin-local\\opencorvus\\packages\\overlay\\src-tauri\\target\\release\\deps\\libnum_conv-4773b7c9125565d0.rlib","D:\\myhexin-local\\opencorvus\\packages\\overlay\\src-tauri\\target\\release\\deps\\libnum_conv-4773b7c9125565d0.rmeta"],"executable":null,"fresh":true}
{"reason":"compiler-artifact","package_id":"registry+https://github.com/rust-lang/crates.io-index#phf_codegen@0.13.1","manifest_path":"C:\\Users\\hengu\\.cargo\\registry\\src\\index.crates.io-1949cf8c6b5b557f\\phf_codegen-0.13.1\\Cargo.toml","target":{"kind":["lib"],"crate_types":["lib"],"name":"phf_codegen","src_path":"C:\\Users\\hengu\\.cargo\\registry\\src\\index.crates.io-1949cf8c6b5b557f\\phf_codegen-0.13.1\\src\\lib.rs","edition":"2021","doc":true,"doctest":true,"test":true},"profile":{"opt_level":"0","debuginfo":0,"debug_assertions":false,"overflow_checks":false,"test":false},"features":[],"filenames":["D:\\myhexin-local\\opencorvus\\packages\\overlay\\src-tauri\\target\\release\\deps\\libphf_codegen-405249dc9344d71f.rlib","D:\\myhexin-local\\opencorvus\\packages\\overlay\\src-tauri\\target\\release\\deps\\libphf_codegen-405249dc9344d71f.rmeta"],"executable":null,"fresh":true}
{"reason":"compiler-artifact","package_id":"registry+https://github.com/rust-lang/crates.io-index#zerofrom-derive@0.1.6","manifest_path":"C:\\Users\\hengu\\.cargo\\registry\\src\\index.crates.io-1949cf8c6b5b557f\\zerofrom-derive-0.1.6\\Cargo.toml","target":{"kind":["proc-macro"],"crate_types":["proc-macro"],"name":"zerofrom_derive","src_path":"C:\\Users\\hengu\\.cargo\\registry\\src\\index.crates.io-1949cf8c6b5b557f\\zerofrom-derive-0.1.6\\src\\lib.rs","edition":"2021","doc":true,"doctest":true,"test":true},"profile":{"opt_level":"0","debuginfo":0,"debug_assertions":false,"overflow_checks":false,"test":false},"features":[],"filenames":["D:\\myhexin-local\\opencorvus\\packages\\overlay\\src-tauri\\target\\release\\deps\\zerofrom_derive-3afe836bd82384c8.dll","D:\\myhexin-local\\opencorvus\\packages\\overlay\\src-tauri\\target\\release\\deps\\zerofrom_derive-3afe836bd82384c8.dll.lib","D:\\myhexin-local\\opencorvus\\packages\\overlay\\src-tauri\\target\\release\\deps\\zerofrom_derive-3afe836bd82384c8.dll.exp","D:\\myhexin-local\\opencorvus\\packages\\overlay\\src-tauri\\target\\release\\deps\\zerofrom_derive-3afe836bd82384c8.pdb"],"executable":null,"fresh":true}
{"reason":"compiler-artifact","package_id":"registry+https://github.com/rust-lang/crates.io-index#yoke-derive@0.8.1","manifest_path":"C:\\Users\\hengu\\.cargo\\registry\\src\\index.crates.io-1949cf8c6b5b557f\\yoke-derive-0.8.1\\Cargo.toml","target":{"kind":["proc-macro"],"crate_types":["proc-macro"],"name":"yoke_derive","src_path":"C:\\Users\\hengu\\.cargo\\registry\\src\\index.crates.io-1949cf8c6b5b557f\\yoke-derive-0.8.1\\src\\lib.rs","edition":"2021","doc":true,"doctest":true,"test":true},"profile":{"opt_level":"0","debuginfo":0,"debug_assertions":false,"overflow_checks":false,"test":false},"features":[],"filenames":["D:\\myhexin-local\\opencorvus\\packages\\overlay\\src-tauri\\target\\release\\deps\\yoke_derive-e4154ef4fd458707.dll","D:\\myhexin-local\\opencorvus\\packages\\overlay\\src-tauri\\target\\release\\deps\\yoke_derive-e4154ef4fd458707.dll.lib","D:\\myhexin-local\\opencorvus\\packages\\overlay\\src-tauri\\target\\release\\deps\\yoke_derive-e4154ef4fd458707.dll.exp","D:\\myhexin-local\\opencorvus\\packages\\overlay\\src-tauri\\target\\release\\deps\\yoke_derive-e4154ef4fd458707.pdb"],"executable":null,"fresh":true}
{"reason":"compiler-artifact","package_id":"registry+https://github.com/rust-lang/crates.io-index#serde@1.0.228","manifest_path":"C:\\Users\\hengu\\.cargo\\registry\\src\\index.crates.io-1949cf8c6b5b557f\\serde-1.0.228\\Cargo.toml","target":{"kind":["lib"],"crate_types":["lib"],"name":"serde","src_path":"C:\\Users\\hengu\\.cargo\\registry\\src\\index.crates.io-1949cf8c6b5b557f\\serde-1.0.228\\src\\lib.rs","edition":"2021","doc":true,"doctest":true,"test":true},"profile":{"opt_level":"0","debuginfo":0,"debug_assertions":false,"overflow_checks":false,"test":false},"features":["alloc","default","derive","serde_derive","std"],"filenames":["D:\\myhexin-local\\opencorvus\\packages\\overlay\\src-tauri\\target\\release\\deps\\libserde-b9054cf8e9b3a65a.rlib","D:\\myhexin-local\\opencorvus\\packages\\overlay\\src-tauri\\target\\release\\deps\\libserde-b9054cf8e9b3a65a.rmeta"],"executable":null,"fresh":true}
{"reason":"compiler-artifact","package_id":"registry+https://github.com/rust-lang/crates.io-index#rand_core@0.5.1","manifest_path":"C:\\Users\\hengu\\.cargo\\registry\\src\\index.crates.io-1949cf8c6b5b557f\\rand_core-0.5.1\\Cargo.toml","target":{"kind":["lib"],"crate_types":["lib"],"name":"rand_core","src_path":"C:\\Users\\hengu\\.cargo\\registry\\src\\index.crates.io-1949cf8c6b5b557f\\rand_core-0.5.1\\src\\lib.rs","edition":"2018","doc":true,"doctest":true,"test":true},"profile":{"opt_level":"0","debuginfo":0,"debug_assertions":false,"overflow_checks":false,"test":false},"features":["alloc","getrandom","std"],"filenames":["D:\\myhexin-local\\opencorvus\\packages\\overlay\\src-tauri\\target\\release\\deps\\librand_core-9c7564b948d2a5c8.rlib","D:\\myhexin-local\\opencorvus\\packages\\overlay\\src-tauri\\target\\release\\deps\\librand_core-9c7564b948d2a5c8.rmeta"],"executable":null,"fresh":true}
{"reason":"compiler-artifact","package_id":"registry+https://github.com/rust-lang/crates.io-index#parking_lot@0.12.5","manifest_path":"C:\\Users\\hengu\\.cargo\\registry\\src\\index.crates.io-1949cf8c6b5b557f\\parking_lot-0.12.5\\Cargo.toml","target":{"kind":["lib"],"crate_types":["lib"],"name":"parking_lot","src_path":"C:\\Users\\hengu\\.cargo\\registry\\src\\index.crates.io-1949cf8c6b5b557f\\parking_lot-0.12.5\\src\\lib.rs","edition":"2021","doc":true,"doctest":true,"test":true},"profile":{"opt_level":"0","debuginfo":0,"debug_assertions":false,"overflow_checks":false,"test":false},"features":["default"],"filenames":["D:\\myhexin-local\\opencorvus\\packages\\overlay\\src-tauri\\target\\release\\deps\\libparking_lot-529bed67867c976d.rlib","D:\\myhexin-local\\opencorvus\\packages\\overlay\\src-tauri\\target\\release\\deps\\libparking_lot-529bed67867c976d.rmeta"],"executable":null,"fresh":true}
{"reason":"build-script-executed","package_id":"registry+https://github.com/rust-lang/crates.io-index#thiserror@2.0.18","linked_libs":[],"linked_paths":[],"cfgs":[],"env":[],"out_dir":"D:\\myhexin-local\\opencorvus\\packages\\overlay\\src-tauri\\target\\release\\build\\thiserror-f908579e37e3c7b0\\out"}
{"reason":"compiler-artifact","package_id":"registry+https://github.com/rust-lang/crates.io-index#thiserror@1.0.69","manifest_path":"C:\\Users\\hengu\\.cargo\\registry\\src\\index.crates.io-1949cf8c6b5b557f\\thiserror-1.0.69\\Cargo.toml","target":{"kind":["custom-build"],"crate_types":["bin"],"name":"build-script-build","src_path":"C:\\Users\\hengu\\.cargo\\registry\\src\\index.crates.io-1949cf8c6b5b557f\\thiserror-1.0.69\\build.rs","edition":"2021","doc":false,"doctest":false,"test":false},"profile":{"opt_level":"0","debuginfo":0,"debug_assertions":false,"overflow_checks":false,"test":false},"features":[],"filenames":["D:\\myhexin-local\\opencorvus\\packages\\overlay\\src-tauri\\target\\release\\build\\thiserror-b2fada3173e58cc4\\build-script-build.exe","D:\\myhexin-local\\opencorvus\\packages\\overlay\\src-tauri\\target\\release\\build\\thiserror-b2fada3173e58cc4\\build_script_build.pdb"],"executable":null,"fresh":true}
{"reason":"compiler-artifact","package_id":"registry+https://github.com/rust-lang/crates.io-index#writeable@0.6.2","manifest_path":"C:\\Users\\hengu\\.cargo\\registry\\src\\index.crates.io-1949cf8c6b5b557f\\writeable-0.6.2\\Cargo.toml","target":{"kind":["lib"],"crate_types":["lib"],"name":"writeable","src_path":"C:\\Users\\hengu\\.cargo\\registry\\src\\index.crates.io-1949cf8c6b5b557f\\writeable-0.6.2\\src\\lib.rs","edition":"2021","doc":true,"doctest":true,"test":true},"profile":{"opt_level":"0","debuginfo":0,"debug_assertions":false,"overflow_checks":false,"test":false},"features":[],"filenames":["D:\\myhexin-local\\opencorvus\\packages\\overlay\\src-tauri\\target\\release\\deps\\libwriteable-bdb0512ce01b2514.rlib","D:\\myhexin-local\\opencorvus\\packages\\overlay\\src-tauri\\target\\release\\deps\\libwriteable-bdb0512ce01b2514.rmeta"],"executable":null,"fresh":true}
{"reason":"compiler-artifact","package_id":"registry+https://github.com/rust-lang/crates.io-index#ident_case@1.0.1","manifest_path":"C:\\Users\\hengu\\.cargo\\registry\\src\\index.crates.io-1949cf8c6b5b557f\\ident_case-1.0.1\\Cargo.toml","target":{"kind":["lib"],"crate_types":["lib"],"name":"ident_case","src_path":"C:\\Users\\hengu\\.cargo\\registry\\src\\index.crates.io-1949cf8c6b5b557f\\ident_case-1.0.1\\src\\lib.rs","edition":"2015","doc":true,"doctest":true,"test":true},"profile":{"opt_level":"0","debuginfo":0,"debug_assertions":false,"overflow_checks":false,"test":false},"features":[],"filenames":["D:\\myhexin-local\\opencorvus\\packages\\overlay\\src-tauri\\target\\release\\deps\\libident_case-d7d8da702529d94c.rlib","D:\\myhexin-local\\opencorvus\\packages\\overlay\\src-tauri\\target\\release\\deps\\libident_case-d7d8da702529d94c.rmeta"],"executable":null,"fresh":true}
{"reason":"compiler-artifact","package_id":"registry+https://github.com/rust-lang/crates.io-index#getrandom@0.4.2","manifest_path":"C:\\Users\\hengu\\.cargo\\registry\\src\\index.crates.io-1949cf8c6b5b557f\\getrandom-0.4.2\\Cargo.toml","target":{"kind":["custom-build"],"crate_types":["bin"],"name":"build-script-build","src_path":"C:\\Users\\hengu\\.cargo\\registry\\src\\index.crates.io-1949cf8c6b5b557f\\getrandom-0.4.2\\build.rs","edition":"2024","doc":false,"doctest":false,"test":false},"profile":{"opt_level":"0","debuginfo":0,"debug_assertions":false,"overflow_checks":false,"test":false},"features":[],"filenames":["D:\\myhexin-local\\opencorvus\\packages\\overlay\\src-tauri\\target\\release\\build\\getrandom-eb2538f4c9fd4287\\build-script-build.exe","D:\\myhexin-local\\opencorvus\\packages\\overlay\\src-tauri\\target\\release\\build\\getrandom-eb2538f4c9fd4287\\build_script_build.pdb"],"executable":null,"fresh":true}
{"reason":"compiler-artifact","package_id":"registry+https://github.com/rust-lang/crates.io-index#syn@1.0.109","manifest_path":"C:\\Users\\hengu\\.cargo\\registry\\src\\index.crates.io-1949cf8c6b5b557f\\syn-1.0.109\\Cargo.toml","target":{"kind":["custom-build"],"crate_types":["bin"],"name":"build-script-build","src_path":"C:\\Users\\hengu\\.cargo\\registry\\src\\index.crates.io-1949cf8c6b5b557f\\syn-1.0.109\\build.rs","edition":"2018","doc":false,"doctest":false,"test":false},"profile":{"opt_level":"0","debuginfo":0,"debug_assertions":false,"overflow_checks":false,"test":false},"features":["clone-impls","default","derive","extra-traits","fold","full","parsing","printing","proc-macro","quote"],"filenames":["D:\\myhexin-local\\opencorvus\\packages\\overlay\\src-tauri\\target\\release\\build\\syn-f2de2ee296595024\\build-script-build.exe","D:\\myhexin-local\\opencorvus\\packages\\overlay\\src-tauri\\target\\release\\build\\syn-f2de2ee296595024\\build_script_build.pdb"],"executable":null,"fresh":true}
{"reason":"compiler-artifact","package_id":"registry+https://github.com/rust-lang/crates.io-index#zerofrom@0.1.6","manifest_path":"C:\\Users\\hengu\\.cargo\\registry\\src\\index.crates.io-1949cf8c6b5b557f\\zerofrom-0.1.6\\Cargo.toml","target":{"kind":["lib"],"crate_types":["lib"],"name":"zerofrom","src_path":"C:\\Users\\hengu\\.cargo\\registry\\src\\index.crates.io-1949cf8c6b5b557f\\zerofrom-0.1.6\\src\\lib.rs","edition":"2021","doc":true,"doctest":true,"test":true},"profile":{"opt_level":"0","debuginfo":0,"debug_assertions":false,"overflow_checks":false,"test":false},"features":["derive"],"filenames":["D:\\myhexin-local\\opencorvus\\packages\\overlay\\src-tauri\\target\\release\\deps\\libzerofrom-c94726a71c81f4db.rlib","D:\\myhexin-local\\opencorvus\\packages\\overlay\\src-tauri\\target\\release\\deps\\libzerofrom-c94726a71c81f4db.rmeta"],"executable":null,"fresh":true}
{"reason":"compiler-artifact","package_id":"registry+https://github.com/rust-lang/crates.io-index#erased-serde@0.4.10","manifest_path":"C:\\Users\\hengu\\.cargo\\registry\\src\\index.crates.io-1949cf8c6b5b557f\\erased-serde-0.4.10\\Cargo.toml","target":{"kind":["custom-build"],"crate_types":["bin"],"name":"build-script-build","src_path":"C:\\Users\\hengu\\.cargo\\registry\\src\\index.crates.io-1949cf8c6b5b557f\\erased-serde-0.4.10\\build.rs","edition":"2021","doc":false,"doctest":false,"test":false},"profile":{"opt_level":"0","debuginfo":0,"debug_assertions":false,"overflow_checks":false,"test":false},"features":["alloc"],"filenames":["D:\\myhexin-local\\opencorvus\\packages\\overlay\\src-tauri\\target\\release\\build\\erased-serde-5b84a2429a224054\\build-script-build.exe","D:\\myhexin-local\\opencorvus\\packages\\overlay\\src-tauri\\target\\release\\build\\erased-serde-5b84a2429a224054\\build_script_build.pdb"],"executable":null,"fresh":true}
{"reason":"compiler-artifact","package_id":"registry+https://github.com/rust-lang/crates.io-index#litemap@0.8.1","manifest_path":"C:\\Users\\hengu\\.cargo\\registry\\src\\index.crates.io-1949cf8c6b5b557f\\litemap-0.8.1\\Cargo.toml","target":{"kind":["lib"],"crate_types":["lib"],"name":"litemap","src_path":"C:\\Users\\hengu\\.cargo\\registry\\src\\index.crates.io-1949cf8c6b5b557f\\litemap-0.8.1\\src\\lib.rs","edition":"2021","doc":true,"doctest":true,"test":true},"profile":{"opt_level":"0","debuginfo":0,"debug_assertions":false,"overflow_checks":false,"test":false},"features":[],"filenames":["D:\\myhexin-local\\opencorvus\\packages\\overlay\\src-tauri\\target\\release\\deps\\liblitemap-642dfa20fb90eff7.rlib","D:\\myhexin-local\\opencorvus\\packages\\overlay\\src-tauri\\target\\release\\deps\\liblitemap-642dfa20fb90eff7.rmeta"],"executable":null,"fresh":true}
{"reason":"compiler-artifact","package_id":"registry+https://github.com/rust-lang/crates.io-index#strsim@0.11.1","manifest_path":"C:\\Users\\hengu\\.cargo\\registry\\src\\index.crates.io-1949cf8c6b5b557f\\strsim-0.11.1\\Cargo.toml","target":{"kind":["lib"],"crate_types":["lib"],"name":"strsim","src_path":"C:\\Users\\hengu\\.cargo\\registry\\src\\index.crates.io-1949cf8c6b5b557f\\strsim-0.11.1\\src\\lib.rs","edition":"2015","doc":true,"doctest":true,"test":true},"profile":{"opt_level":"0","debuginfo":0,"debug_assertions":false,"overflow_checks":false,"test":false},"features":[],"filenames":["D:\\myhexin-local\\opencorvus\\packages\\overlay\\src-tauri\\target\\release\\deps\\libstrsim-5ecee026510c6ef1.rlib","D:\\myhexin-local\\opencorvus\\packages\\overlay\\src-tauri\\target\\release\\deps\\libstrsim-5ecee026510c6ef1.rmeta"],"executable":null,"fresh":true}
{"reason":"compiler-artifact","package_id":"registry+https://github.com/rust-lang/crates.io-index#thiserror@2.0.18","manifest_path":"C:\\Users\\hengu\\.cargo\\registry\\src\\index.crates.io-1949cf8c6b5b557f\\thiserror-2.0.18\\Cargo.toml","target":{"kind":["lib"],"crate_types":["lib"],"name":"thiserror","src_path":"C:\\Users\\hengu\\.cargo\\registry\\src\\index.crates.io-1949cf8c6b5b557f\\thiserror-2.0.18\\src\\lib.rs","edition":"2021","doc":true,"doctest":true,"test":true},"profile":{"opt_level":"0","debuginfo":0,"debug_assertions":false,"overflow_checks":false,"test":false},"features":["default","std"],"filenames":["D:\\myhexin-local\\opencorvus\\packages\\overlay\\src-tauri\\target\\release\\deps\\libthiserror-8808d1e8084565e2.rlib","D:\\myhexin-local\\opencorvus\\packages\\overlay\\src-tauri\\target\\release\\deps\\libthiserror-8808d1e8084565e2.rmeta"],"executable":null,"fresh":true}
{"reason":"build-script-executed","package_id":"registry+https://github.com/rust-lang/crates.io-index#syn@1.0.109","linked_libs":[],"linked_paths":[],"cfgs":["syn_disable_nightly_tests"],"env":[],"out_dir":"D:\\myhexin-local\\opencorvus\\packages\\overlay\\src-tauri\\target\\release\\build\\syn-558eead4172cc534\\out"}
{"reason":"compiler-artifact","package_id":"registry+https://github.com/rust-lang/crates.io-index#log@0.4.29","manifest_path":"C:\\Users\\hengu\\.cargo\\registry\\src\\index.crates.io-1949cf8c6b5b557f\\log-0.4.29\\Cargo.toml","target":{"kind":["lib"],"crate_types":["lib"],"name":"log","src_path":"C:\\Users\\hengu\\.cargo\\registry\\src\\index.crates.io-1949cf8c6b5b557f\\log-0.4.29\\src\\lib.rs","edition":"2021","doc":true,"doctest":true,"test":true},"profile":{"opt_level":"0","debuginfo":0,"debug_assertions":false,"overflow_checks":false,"test":false},"features":[],"filenames":["D:\\myhexin-local\\opencorvus\\packages\\overlay\\src-tauri\\target\\release\\deps\\liblog-05b22d5c122a07fc.rlib","D:\\myhexin-local\\opencorvus\\packages\\overlay\\src-tauri\\target\\release\\deps\\liblog-05b22d5c122a07fc.rmeta"],"executable":null,"fresh":true}
{"reason":"compiler-artifact","package_id":"registry+https://github.com/rust-lang/crates.io-index#utf-8@0.7.6","manifest_path":"C:\\Users\\hengu\\.cargo\\registry\\src\\index.crates.io-1949cf8c6b5b557f\\utf-8-0.7.6\\Cargo.toml","target":{"kind":["lib"],"crate_types":["lib"],"name":"utf8","src_path":"C:\\Users\\hengu\\.cargo\\registry\\src\\index.crates.io-1949cf8c6b5b557f\\utf-8-0.7.6\\src\\lib.rs","edition":"2015","doc":true,"doctest":true,"test":false},"profile":{"opt_level":"0","debuginfo":0,"debug_assertions":false,"overflow_checks":false,"test":false},"features":[],"filenames":["D:\\myhexin-local\\opencorvus\\packages\\overlay\\src-tauri\\target\\release\\deps\\libutf8-fc919d37cfd12af0.rlib","D:\\myhexin-local\\opencorvus\\packages\\overlay\\src-tauri\\target\\release\\deps\\libutf8-fc919d37cfd12af0.rmeta"],"executable":null,"fresh":true}
{"reason":"compiler-artifact","package_id":"registry+https://github.com/rust-lang/crates.io-index#rand_chacha@0.2.2","manifest_path":"C:\\Users\\hengu\\.cargo\\registry\\src\\index.crates.io-1949cf8c6b5b557f\\rand_chacha-0.2.2\\Cargo.toml","target":{"kind":["lib"],"crate_types":["lib"],"name":"rand_chacha","src_path":"C:\\Users\\hengu\\.cargo\\registry\\src\\index.crates.io-1949cf8c6b5b557f\\rand_chacha-0.2.2\\src\\lib.rs","edition":"2018","doc":true,"doctest":true,"test":true},"profile":{"opt_level":"0","debuginfo":0,"debug_assertions":false,"overflow_checks":false,"test":false},"features":["std"],"filenames":["D:\\myhexin-local\\opencorvus\\packages\\overlay\\src-tauri\\target\\release\\deps\\librand_chacha-bfd5cf365f2ae95d.rlib","D:\\myhexin-local\\opencorvus\\packages\\overlay\\src-tauri\\target\\release\\deps\\librand_chacha-bfd5cf365f2ae95d.rmeta"],"executable":null,"fresh":true}
{"reason":"compiler-artifact","package_id":"registry+https://github.com/rust-lang/crates.io-index#rand_pcg@0.2.1","manifest_path":"C:\\Users\\hengu\\.cargo\\registry\\src\\index.crates.io-1949cf8c6b5b557f\\rand_pcg-0.2.1\\Cargo.toml","target":{"kind":["lib"],"crate_types":["lib"],"name":"rand_pcg","src_path":"C:\\Users\\hengu\\.cargo\\registry\\src\\index.crates.io-1949cf8c6b5b557f\\rand_pcg-0.2.1\\src\\lib.rs","edition":"2018","doc":true,"doctest":true,"test":true},"profile":{"opt_level":"0","debuginfo":0,"debug_assertions":false,"overflow_checks":false,"test":false},"features":[],"filenames":["D:\\myhexin-local\\opencorvus\\packages\\overlay\\src-tauri\\target\\release\\deps\\librand_pcg-b02719a61f93ae2c.rlib","D:\\myhexin-local\\opencorvus\\packages\\overlay\\src-tauri\\target\\release\\deps\\librand_pcg-b02719a61f93ae2c.rmeta"],"executable":null,"fresh":true}
{"reason":"compiler-artifact","package_id":"registry+https://github.com/rust-lang/crates.io-index#thiserror-impl@1.0.69","manifest_path":"C:\\Users\\hengu\\.cargo\\registry\\src\\index.crates.io-1949cf8c6b5b557f\\thiserror-impl-1.0.69\\Cargo.toml","target":{"kind":["proc-macro"],"crate_types":["proc-macro"],"name":"thiserror_impl","src_path":"C:\\Users\\hengu\\.cargo\\registry\\src\\index.crates.io-1949cf8c6b5b557f\\thiserror-impl-1.0.69\\src\\lib.rs","edition":"2021","doc":true,"doctest":true,"test":true},"profile":{"opt_level":"0","debuginfo":0,"debug_assertions":false,"overflow_checks":false,"test":false},"features":[],"filenames":["D:\\myhexin-local\\opencorvus\\packages\\overlay\\src-tauri\\target\\release\\deps\\thiserror_impl-f9c55b3b2e85522d.dll","D:\\myhexin-local\\opencorvus\\packages\\overlay\\src-tauri\\target\\release\\deps\\thiserror_impl-f9c55b3b2e85522d.dll.lib","D:\\myhexin-local\\opencorvus\\packages\\overlay\\src-tauri\\target\\release\\deps\\thiserror_impl-f9c55b3b2e85522d.dll.exp","D:\\myhexin-local\\opencorvus\\packages\\overlay\\src-tauri\\target\\release\\deps\\thiserror_impl-f9c55b3b2e85522d.pdb"],"executable":null,"fresh":true}
{"reason":"compiler-artifact","package_id":"registry+https://github.com/rust-lang/crates.io-index#yoke@0.8.1","manifest_path":"C:\\Users\\hengu\\.cargo\\registry\\src\\index.crates.io-1949cf8c6b5b557f\\yoke-0.8.1\\Cargo.toml","target":{"kind":["lib"],"crate_types":["lib"],"name":"yoke","src_path":"C:\\Users\\hengu\\.cargo\\registry\\src\\index.crates.io-1949cf8c6b5b557f\\yoke-0.8.1\\src\\lib.rs","edition":"2021","doc":true,"doctest":true,"test":true},"profile":{"opt_level":"0","debuginfo":0,"debug_assertions":false,"overflow_checks":false,"test":false},"features":["derive","zerofrom"],"filenames":["D:\\myhexin-local\\opencorvus\\packages\\overlay\\src-tauri\\target\\release\\deps\\libyoke-775f0fcb67636d95.rlib","D:\\myhexin-local\\opencorvus\\packages\\overlay\\src-tauri\\target\\release\\deps\\libyoke-775f0fcb67636d95.rmeta"],"executable":null,"fresh":true}
{"reason":"compiler-artifact","package_id":"registry+https://github.com/rust-lang/crates.io-index#syn@1.0.109","manifest_path":"C:\\Users\\hengu\\.cargo\\registry\\src\\index.crates.io-1949cf8c6b5b557f\\syn-1.0.109\\Cargo.toml","target":{"kind":["lib"],"crate_types":["lib"],"name":"syn","src_path":"C:\\Users\\hengu\\.cargo\\registry\\src\\index.crates.io-1949cf8c6b5b557f\\syn-1.0.109\\src\\lib.rs","edition":"2018","doc":true,"doctest":true,"test":true},"profile":{"opt_level":"0","debuginfo":0,"debug_assertions":false,"overflow_checks":false,"test":false},"features":["clone-impls","default","derive","extra-traits","fold","full","parsing","printing","proc-macro","quote"],"filenames":["D:\\myhexin-local\\opencorvus\\packages\\overlay\\src-tauri\\target\\release\\deps\\libsyn-c1fd7443316be428.rlib","D:\\myhexin-local\\opencorvus\\packages\\overlay\\src-tauri\\target\\release\\deps\\libsyn-c1fd7443316be428.rmeta"],"executable":null,"fresh":true}
{"reason":"compiler-artifact","package_id":"registry+https://github.com/rust-lang/crates.io-index#phf_shared@0.8.0","manifest_path":"C:\\Users\\hengu\\.cargo\\registry\\src\\index.crates.io-1949cf8c6b5b557f\\phf_shared-0.8.0\\Cargo.toml","target":{"kind":["lib"],"crate_types":["lib"],"name":"phf_shared","src_path":"C:\\Users\\hengu\\.cargo\\registry\\src\\index.crates.io-1949cf8c6b5b557f\\phf_shared-0.8.0\\src\\lib.rs","edition":"2018","doc":true,"doctest":true,"test":false},"profile":{"opt_level":"0","debuginfo":0,"debug_assertions":false,"overflow_checks":false,"test":false},"features":["default","std"],"filenames":["D:\\myhexin-local\\opencorvus\\packages\\overlay\\src-tauri\\target\\release\\deps\\libphf_shared-afaa7c33a9dde1df.rlib","D:\\myhexin-local\\opencorvus\\packages\\overlay\\src-tauri\\target\\release\\deps\\libphf_shared-afaa7c33a9dde1df.rmeta"],"executable":null,"fresh":true}
{"reason":"build-script-executed","package_id":"registry+https://github.com/rust-lang/crates.io-index#icu_properties_data@2.1.2","linked_libs":[],"linked_paths":[],"cfgs":[],"env":[],"out_dir":"D:\\myhexin-local\\opencorvus\\packages\\overlay\\src-tauri\\target\\release\\build\\icu_properties_data-3233413683238a9a\\out"}
{"reason":"build-script-executed","package_id":"registry+https://github.com/rust-lang/crates.io-index#icu_normalizer_data@2.1.1","linked_libs":[],"linked_paths":[],"cfgs":[],"env":[],"out_dir":"D:\\myhexin-local\\opencorvus\\packages\\overlay\\src-tauri\\target\\release\\build\\icu_normalizer_data-f7999bb74f8e3026\\out"}
{"reason":"compiler-artifact","package_id":"registry+https://github.com/rust-lang/crates.io-index#dtoa@1.0.11","manifest_path":"C:\\Users\\hengu\\.cargo\\registry\\src\\index.crates.io-1949cf8c6b5b557f\\dtoa-1.0.11\\Cargo.toml","target":{"kind":["lib"],"crate_types":["lib"],"name":"dtoa","src_path":"C:\\Users\\hengu\\.cargo\\registry\\src\\index.crates.io-1949cf8c6b5b557f\\dtoa-1.0.11\\src\\lib.rs","edition":"2021","doc":true,"doctest":true,"test":true},"profile":{"opt_level":"0","debuginfo":0,"debug_assertions":false,"overflow_checks":false,"test":false},"features":[],"filenames":["D:\\myhexin-local\\opencorvus\\packages\\overlay\\src-tauri\\target\\release\\deps\\libdtoa-4d2aa0b479299672.rlib","D:\\myhexin-local\\opencorvus\\packages\\overlay\\src-tauri\\target\\release\\deps\\libdtoa-4d2aa0b479299672.rmeta"],"executable":null,"fresh":true}
{"reason":"compiler-artifact","package_id":"registry+https://github.com/rust-lang/crates.io-index#proc-macro-hack@0.5.20+deprecated","manifest_path":"C:\\Users\\hengu\\.cargo\\registry\\src\\index.crates.io-1949cf8c6b5b557f\\proc-macro-hack-0.5.20+deprecated\\Cargo.toml","target":{"kind":["custom-build"],"crate_types":["bin"],"name":"build-script-build","src_path":"C:\\Users\\hengu\\.cargo\\registry\\src\\index.crates.io-1949cf8c6b5b557f\\proc-macro-hack-0.5.20+deprecated\\build.rs","edition":"2018","doc":false,"doctest":false,"test":false},"profile":{"opt_level":"0","debuginfo":0,"debug_assertions":false,"overflow_checks":false,"test":false},"features":[],"filenames":["D:\\myhexin-local\\opencorvus\\packages\\overlay\\src-tauri\\target\\release\\build\\proc-macro-hack-e574e2be56eaa802\\build-script-build.exe","D:\\myhexin-local\\opencorvus\\packages\\overlay\\src-tauri\\target\\release\\build\\proc-macro-hack-e574e2be56eaa802\\build_script_build.pdb"],"executable":null,"fresh":true}
{"reason":"compiler-artifact","package_id":"registry+https://github.com/rust-lang/crates.io-index#anyhow@1.0.102","manifest_path":"C:\\Users\\hengu\\.cargo\\registry\\src\\index.crates.io-1949cf8c6b5b557f\\anyhow-1.0.102\\Cargo.toml","target":{"kind":["custom-build"],"crate_types":["bin"],"name":"build-script-build","src_path":"C:\\Users\\hengu\\.cargo\\registry\\src\\index.crates.io-1949cf8c6b5b557f\\anyhow-1.0.102\\build.rs","edition":"2021","doc":false,"doctest":false,"test":false},"profile":{"opt_level":"0","debuginfo":0,"debug_assertions":false,"overflow_checks":false,"test":false},"features":["default","std"],"filenames":["D:\\myhexin-local\\opencorvus\\packages\\overlay\\src-tauri\\target\\release\\build\\anyhow-b2f10f8438db686e\\build-script-build.exe","D:\\myhexin-local\\opencorvus\\packages\\overlay\\src-tauri\\target\\release\\build\\anyhow-b2f10f8438db686e\\build_script_build.pdb"],"executable":null,"fresh":true}
{"reason":"compiler-artifact","package_id":"registry+https://github.com/rust-lang/crates.io-index#rand@0.7.3","manifest_path":"C:\\Users\\hengu\\.cargo\\registry\\src\\index.crates.io-1949cf8c6b5b557f\\rand-0.7.3\\Cargo.toml","target":{"kind":["lib"],"crate_types":["lib"],"name":"rand","src_path":"C:\\Users\\hengu\\.cargo\\registry\\src\\index.crates.io-1949cf8c6b5b557f\\rand-0.7.3\\src\\lib.rs","edition":"2018","doc":true,"doctest":true,"test":true},"profile":{"opt_level":"0","debuginfo":0,"debug_assertions":false,"overflow_checks":false,"test":false},"features":["alloc","default","getrandom","getrandom_package","libc","rand_pcg","small_rng","std"],"filenames":["D:\\myhexin-local\\opencorvus\\packages\\overlay\\src-tauri\\target\\release\\deps\\librand-7f1f5d941ee7bff7.rlib","D:\\myhexin-local\\opencorvus\\packages\\overlay\\src-tauri\\target\\release\\deps\\librand-7f1f5d941ee7bff7.rmeta"],"executable":null,"fresh":true}
{"reason":"compiler-artifact","package_id":"registry+https://github.com/rust-lang/crates.io-index#phf@0.13.1","manifest_path":"C:\\Users\\hengu\\.cargo\\registry\\src\\index.crates.io-1949cf8c6b5b557f\\phf-0.13.1\\Cargo.toml","target":{"kind":["lib"],"crate_types":["lib"],"name":"phf","src_path":"C:\\Users\\hengu\\.cargo\\registry\\src\\index.crates.io-1949cf8c6b5b557f\\phf-0.13.1\\src\\lib.rs","edition":"2021","doc":true,"doctest":true,"test":false},"profile":{"opt_level":"0","debuginfo":0,"debug_assertions":false,"overflow_checks":false,"test":false},"features":["default","macros","phf_macros","std"],"filenames":["D:\\myhexin-local\\opencorvus\\packages\\overlay\\src-tauri\\target\\release\\deps\\libphf-35a00dcab19d6721.rlib","D:\\myhexin-local\\opencorvus\\packages\\overlay\\src-tauri\\target\\release\\deps\\libphf-35a00dcab19d6721.rmeta"],"executable":null,"fresh":true}
{"reason":"compiler-artifact","package_id":"registry+https://github.com/rust-lang/crates.io-index#zerovec@0.11.5","manifest_path":"C:\\Users\\hengu\\.cargo\\registry\\src\\index.crates.io-1949cf8c6b5b557f\\zerovec-0.11.5\\Cargo.toml","target":{"kind":["lib"],"crate_types":["lib"],"name":"zerovec","src_path":"C:\\Users\\hengu\\.cargo\\registry\\src\\index.crates.io-1949cf8c6b5b557f\\zerovec-0.11.5\\src\\lib.rs","edition":"2021","doc":true,"doctest":true,"test":true},"profile":{"opt_level":"0","debuginfo":0,"debug_assertions":false,"overflow_checks":false,"test":false},"features":["derive","yoke"],"filenames":["D:\\myhexin-local\\opencorvus\\packages\\overlay\\src-tauri\\target\\release\\deps\\libzerovec-dc3439ba615dd5c6.rlib","D:\\myhexin-local\\opencorvus\\packages\\overlay\\src-tauri\\target\\release\\deps\\libzerovec-dc3439ba615dd5c6.rmeta"],"executable":null,"fresh":true}
{"reason":"compiler-artifact","package_id":"registry+https://github.com/rust-lang/crates.io-index#zerotrie@0.2.3","manifest_path":"C:\\Users\\hengu\\.cargo\\registry\\src\\index.crates.io-1949cf8c6b5b557f\\zerotrie-0.2.3\\Cargo.toml","target":{"kind":["lib"],"crate_types":["lib"],"name":"zerotrie","src_path":"C:\\Users\\hengu\\.cargo\\registry\\src\\index.crates.io-1949cf8c6b5b557f\\zerotrie-0.2.3\\src\\lib.rs","edition":"2021","doc":true,"doctest":true,"test":true},"profile":{"opt_level":"0","debuginfo":0,"debug_assertions":false,"overflow_checks":false,"test":false},"features":["yoke","zerofrom"],"filenames":["D:\\myhexin-local\\opencorvus\\packages\\overlay\\src-tauri\\target\\release\\deps\\libzerotrie-a651b90bc7dfda7b.rlib","D:\\myhexin-local\\opencorvus\\packages\\overlay\\src-tauri\\target\\release\\deps\\libzerotrie-a651b90bc7dfda7b.rmeta"],"executable":null,"fresh":true}
{"reason":"build-script-executed","package_id":"registry+https://github.com/rust-lang/crates.io-index#proc-macro-hack@0.5.20+deprecated","linked_libs":[],"linked_paths":[],"cfgs":[],"env":[],"out_dir":"D:\\myhexin-local\\opencorvus\\packages\\overlay\\src-tauri\\target\\release\\build\\proc-macro-hack-550eb196263c275e\\out"}
{"reason":"compiler-artifact","package_id":"registry+https://github.com/rust-lang/crates.io-index#dtoa-short@0.3.5","manifest_path":"C:\\Users\\hengu\\.cargo\\registry\\src\\index.crates.io-1949cf8c6b5b557f\\dtoa-short-0.3.5\\Cargo.toml","target":{"kind":["lib"],"crate_types":["lib"],"name":"dtoa_short","src_path":"C:\\Users\\hengu\\.cargo\\registry\\src\\index.crates.io-1949cf8c6b5b557f\\dtoa-short-0.3.5\\src\\lib.rs","edition":"2015","doc":true,"doctest":true,"test":true},"profile":{"opt_level":"0","debuginfo":0,"debug_assertions":false,"overflow_checks":false,"test":false},"features":[],"filenames":["D:\\myhexin-local\\opencorvus\\packages\\overlay\\src-tauri\\target\\release\\deps\\libdtoa_short-53ad7f182d811d65.rlib","D:\\myhexin-local\\opencorvus\\packages\\overlay\\src-tauri\\target\\release\\deps\\libdtoa_short-53ad7f182d811d65.rmeta"],"executable":null,"fresh":true}
{"reason":"compiler-artifact","package_id":"registry+https://github.com/rust-lang/crates.io-index#icu_properties_data@2.1.2","manifest_path":"C:\\Users\\hengu\\.cargo\\registry\\src\\index.crates.io-1949cf8c6b5b557f\\icu_properties_data-2.1.2\\Cargo.toml","target":{"kind":["lib"],"crate_types":["lib"],"name":"icu_properties_data","src_path":"C:\\Users\\hengu\\.cargo\\registry\\src\\index.crates.io-1949cf8c6b5b557f\\icu_properties_data-2.1.2\\src\\lib.rs","edition":"2021","doc":true,"doctest":true,"test":true},"profile":{"opt_level":"0","debuginfo":0,"debug_assertions":false,"overflow_checks":false,"test":false},"features":[],"filenames":["D:\\myhexin-local\\opencorvus\\packages\\overlay\\src-tauri\\target\\release\\deps\\libicu_properties_data-a42840fb3fbed964.rlib","D:\\myhexin-local\\opencorvus\\packages\\overlay\\src-tauri\\target\\release\\deps\\libicu_properties_data-a42840fb3fbed964.rmeta"],"executable":null,"fresh":true}
{"reason":"compiler-artifact","package_id":"registry+https://github.com/rust-lang/crates.io-index#icu_normalizer_data@2.1.1","manifest_path":"C:\\Users\\hengu\\.cargo\\registry\\src\\index.crates.io-1949cf8c6b5b557f\\icu_normalizer_data-2.1.1\\Cargo.toml","target":{"kind":["lib"],"crate_types":["lib"],"name":"icu_normalizer_data","src_path":"C:\\Users\\hengu\\.cargo\\registry\\src\\index.crates.io-1949cf8c6b5b557f\\icu_normalizer_data-2.1.1\\src\\lib.rs","edition":"2021","doc":true,"doctest":true,"test":true},"profile":{"opt_level":"0","debuginfo":0,"debug_assertions":false,"overflow_checks":false,"test":false},"features":[],"filenames":["D:\\myhexin-local\\opencorvus\\packages\\overlay\\src-tauri\\target\\release\\deps\\libicu_normalizer_data-cf592d5bca105e73.rlib","D:\\myhexin-local\\opencorvus\\packages\\overlay\\src-tauri\\target\\release\\deps\\libicu_normalizer_data-cf592d5bca105e73.rmeta"],"executable":null,"fresh":true}
{"reason":"compiler-artifact","package_id":"registry+https://github.com/rust-lang/crates.io-index#cssparser-macros@0.6.1","manifest_path":"C:\\Users\\hengu\\.cargo\\registry\\src\\index.crates.io-1949cf8c6b5b557f\\cssparser-macros-0.6.1\\Cargo.toml","target":{"kind":["proc-macro"],"crate_types":["proc-macro"],"name":"cssparser_macros","src_path":"C:\\Users\\hengu\\.cargo\\registry\\src\\index.crates.io-1949cf8c6b5b557f\\cssparser-macros-0.6.1\\lib.rs","edition":"2018","doc":true,"doctest":true,"test":true},"profile":{"opt_level":"0","debuginfo":0,"debug_assertions":false,"overflow_checks":false,"test":false},"features":[],"filenames":["D:\\myhexin-local\\opencorvus\\packages\\overlay\\src-tauri\\target\\release\\deps\\cssparser_macros-b77cca7c3412d71a.dll","D:\\myhexin-local\\opencorvus\\packages\\overlay\\src-tauri\\target\\release\\deps\\cssparser_macros-b77cca7c3412d71a.dll.lib","D:\\myhexin-local\\opencorvus\\packages\\overlay\\src-tauri\\target\\release\\deps\\cssparser_macros-b77cca7c3412d71a.dll.exp","D:\\myhexin-local\\opencorvus\\packages\\overlay\\src-tauri\\target\\release\\deps\\cssparser_macros-b77cca7c3412d71a.pdb"],"executable":null,"fresh":true}
{"reason":"compiler-artifact","package_id":"registry+https://github.com/rust-lang/crates.io-index#string_cache_codegen@0.6.1","manifest_path":"C:\\Users\\hengu\\.cargo\\registry\\src\\index.crates.io-1949cf8c6b5b557f\\string_cache_codegen-0.6.1\\Cargo.toml","target":{"kind":["lib"],"crate_types":["lib"],"name":"string_cache_codegen","src_path":"C:\\Users\\hengu\\.cargo\\registry\\src\\index.crates.io-1949cf8c6b5b557f\\string_cache_codegen-0.6.1\\lib.rs","edition":"2018","doc":true,"doctest":true,"test":true},"profile":{"opt_level":"0","debuginfo":0,"debug_assertions":false,"overflow_checks":false,"test":false},"features":[],"filenames":["D:\\myhexin-local\\opencorvus\\packages\\overlay\\src-tauri\\target\\release\\deps\\libstring_cache_codegen-f52792a5a423b2c0.rlib","D:\\myhexin-local\\opencorvus\\packages\\overlay\\src-tauri\\target\\release\\deps\\libstring_cache_codegen-f52792a5a423b2c0.rmeta"],"executable":null,"fresh":true}
{"reason":"compiler-artifact","package_id":"registry+https://github.com/rust-lang/crates.io-index#phf_shared@0.10.0","manifest_path":"C:\\Users\\hengu\\.cargo\\registry\\src\\index.crates.io-1949cf8c6b5b557f\\phf_shared-0.10.0\\Cargo.toml","target":{"kind":["lib"],"crate_types":["lib"],"name":"phf_shared","src_path":"C:\\Users\\hengu\\.cargo\\registry\\src\\index.crates.io-1949cf8c6b5b557f\\phf_shared-0.10.0\\src\\lib.rs","edition":"2018","doc":true,"doctest":true,"test":false},"profile":{"opt_level":"0","debuginfo":0,"debug_assertions":false,"overflow_checks":false,"test":false},"features":["std"],"filenames":["D:\\myhexin-local\\opencorvus\\packages\\overlay\\src-tauri\\target\\release\\deps\\libphf_shared-7199f14b87fe50aa.rlib","D:\\myhexin-local\\opencorvus\\packages\\overlay\\src-tauri\\target\\release\\deps\\libphf_shared-7199f14b87fe50aa.rmeta"],"executable":null,"fresh":true}
{"reason":"build-script-executed","package_id":"registry+https://github.com/rust-lang/crates.io-index#zmij@1.0.21","linked_libs":[],"linked_paths":[],"cfgs":[],"env":[],"out_dir":"D:\\myhexin-local\\opencorvus\\packages\\overlay\\src-tauri\\target\\release\\build\\zmij-3238774879a9f2ab\\out"}
{"reason":"compiler-artifact","package_id":"registry+https://github.com/rust-lang/crates.io-index#tinystr@0.8.2","manifest_path":"C:\\Users\\hengu\\.cargo\\registry\\src\\index.crates.io-1949cf8c6b5b557f\\tinystr-0.8.2\\Cargo.toml","target":{"kind":["lib"],"crate_types":["lib"],"name":"tinystr","src_path":"C:\\Users\\hengu\\.cargo\\registry\\src\\index.crates.io-1949cf8c6b5b557f\\tinystr-0.8.2\\src\\lib.rs","edition":"2021","doc":true,"doctest":true,"test":true},"profile":{"opt_level":"0","debuginfo":0,"debug_assertions":false,"overflow_checks":false,"test":false},"features":["zerovec"],"filenames":["D:\\myhexin-local\\opencorvus\\packages\\overlay\\src-tauri\\target\\release\\deps\\libtinystr-b7266faba6342eaa.rlib","D:\\myhexin-local\\opencorvus\\packages\\overlay\\src-tauri\\target\\release\\deps\\libtinystr-b7266faba6342eaa.rmeta"],"executable":null,"fresh":true}
{"reason":"compiler-artifact","package_id":"registry+https://github.com/rust-lang/crates.io-index#potential_utf@0.1.4","manifest_path":"C:\\Users\\hengu\\.cargo\\registry\\src\\index.crates.io-1949cf8c6b5b557f\\potential_utf-0.1.4\\Cargo.toml","target":{"kind":["lib"],"crate_types":["lib"],"name":"potential_utf","src_path":"C:\\Users\\hengu\\.cargo\\registry\\src\\index.crates.io-1949cf8c6b5b557f\\potential_utf-0.1.4\\src\\lib.rs","edition":"2021","doc":true,"doctest":true,"test":true},"profile":{"opt_level":"0","debuginfo":0,"debug_assertions":false,"overflow_checks":false,"test":false},"features":["zerovec"],"filenames":["D:\\myhexin-local\\opencorvus\\packages\\overlay\\src-tauri\\target\\release\\deps\\libpotential_utf-df181ad4646569ef.rlib","D:\\myhexin-local\\opencorvus\\packages\\overlay\\src-tauri\\target\\release\\deps\\libpotential_utf-df181ad4646569ef.rmeta"],"executable":null,"fresh":true}
{"reason":"compiler-artifact","package_id":"registry+https://github.com/rust-lang/crates.io-index#shlex@1.3.0","manifest_path":"C:\\Users\\hengu\\.cargo\\registry\\src\\index.crates.io-1949cf8c6b5b557f\\shlex-1.3.0\\Cargo.toml","target":{"kind":["lib"],"crate_types":["lib"],"name":"shlex","src_path":"C:\\Users\\hengu\\.cargo\\registry\\src\\index.crates.io-1949cf8c6b5b557f\\shlex-1.3.0\\src\\lib.rs","edition":"2015","doc":true,"doctest":true,"test":true},"profile":{"opt_level":"0","debuginfo":0,"debug_assertions":false,"overflow_checks":false,"test":false},"features":["default","std"],"filenames":["D:\\myhexin-local\\opencorvus\\packages\\overlay\\src-tauri\\target\\release\\deps\\libshlex-57e76bf1c68e1457.rlib","D:\\myhexin-local\\opencorvus\\packages\\overlay\\src-tauri\\target\\release\\deps\\libshlex-57e76bf1c68e1457.rmeta"],"executable":null,"fresh":true}
{"reason":"compiler-artifact","package_id":"registry+https://github.com/rust-lang/crates.io-index#byteorder@1.5.0","manifest_path":"C:\\Users\\hengu\\.cargo\\registry\\src\\index.crates.io-1949cf8c6b5b557f\\byteorder-1.5.0\\Cargo.toml","target":{"kind":["lib"],"crate_types":["lib"],"name":"byteorder","src_path":"C:\\Users\\hengu\\.cargo\\registry\\src\\index.crates.io-1949cf8c6b5b557f\\byteorder-1.5.0\\src\\lib.rs","edition":"2021","doc":true,"doctest":true,"test":true},"profile":{"opt_level":"0","debuginfo":0,"debug_assertions":false,"overflow_checks":false,"test":false},"features":["default","std"],"filenames":["D:\\myhexin-local\\opencorvus\\packages\\overlay\\src-tauri\\target\\release\\deps\\libbyteorder-e0a26b5797cad144.rlib","D:\\myhexin-local\\opencorvus\\packages\\overlay\\src-tauri\\target\\release\\deps\\libbyteorder-e0a26b5797cad144.rmeta"],"executable":null,"fresh":true}
{"reason":"compiler-artifact","package_id":"registry+https://github.com/rust-lang/crates.io-index#find-msvc-tools@0.1.9","manifest_path":"C:\\Users\\hengu\\.cargo\\registry\\src\\index.crates.io-1949cf8c6b5b557f\\find-msvc-tools-0.1.9\\Cargo.toml","target":{"kind":["lib"],"crate_types":["lib"],"name":"find_msvc_tools","src_path":"C:\\Users\\hengu\\.cargo\\registry\\src\\index.crates.io-1949cf8c6b5b557f\\find-msvc-tools-0.1.9\\src\\lib.rs","edition":"2018","doc":true,"doctest":true,"test":true},"profile":{"opt_level":"0","debuginfo":0,"debug_assertions":false,"overflow_checks":false,"test":false},"features":[],"filenames":["D:\\myhexin-local\\opencorvus\\packages\\overlay\\src-tauri\\target\\release\\deps\\libfind_msvc_tools-4163adac0267115d.rlib","D:\\myhexin-local\\opencorvus\\packages\\overlay\\src-tauri\\target\\release\\deps\\libfind_msvc_tools-4163adac0267115d.rmeta"],"executable":null,"fresh":true}
{"reason":"compiler-artifact","package_id":"registry+https://github.com/rust-lang/crates.io-index#serde_json@1.0.149","manifest_path":"C:\\Users\\hengu\\.cargo\\registry\\src\\index.crates.io-1949cf8c6b5b557f\\serde_json-1.0.149\\Cargo.toml","target":{"kind":["custom-build"],"crate_types":["bin"],"name":"build-script-build","src_path":"C:\\Users\\hengu\\.cargo\\registry\\src\\index.crates.io-1949cf8c6b5b557f\\serde_json-1.0.149\\build.rs","edition":"2021","doc":false,"doctest":false,"test":false},"profile":{"opt_level":"0","debuginfo":0,"debug_assertions":false,"overflow_checks":false,"test":false},"features":["alloc","default","std","unbounded_depth"],"filenames":["D:\\myhexin-local\\opencorvus\\packages\\overlay\\src-tauri\\target\\release\\build\\serde_json-dcab108366ddb3c0\\build-script-build.exe","D:\\myhexin-local\\opencorvus\\packages\\overlay\\src-tauri\\target\\release\\build\\serde_json-dcab108366ddb3c0\\build_script_build.pdb"],"executable":null,"fresh":true}
{"reason":"compiler-artifact","package_id":"registry+https://github.com/rust-lang/crates.io-index#zmij@1.0.21","manifest_path":"C:\\Users\\hengu\\.cargo\\registry\\src\\index.crates.io-1949cf8c6b5b557f\\zmij-1.0.21\\Cargo.toml","target":{"kind":["lib"],"crate_types":["lib"],"name":"zmij","src_path":"C:\\Users\\hengu\\.cargo\\registry\\src\\index.crates.io-1949cf8c6b5b557f\\zmij-1.0.21\\src\\lib.rs","edition":"2021","doc":true,"doctest":true,"test":true},"profile":{"opt_level":"0","debuginfo":0,"debug_assertions":false,"overflow_checks":false,"test":false},"features":[],"filenames":["D:\\myhexin-local\\opencorvus\\packages\\overlay\\src-tauri\\target\\release\\deps\\libzmij-c63652baafd60978.rlib","D:\\myhexin-local\\opencorvus\\packages\\overlay\\src-tauri\\target\\release\\deps\\libzmij-c63652baafd60978.rmeta"],"executable":null,"fresh":true}
{"reason":"compiler-artifact","package_id":"registry+https://github.com/rust-lang/crates.io-index#web_atoms@0.2.4","manifest_path":"C:\\Users\\hengu\\.cargo\\registry\\src\\index.crates.io-1949cf8c6b5b557f\\web_atoms-0.2.4\\Cargo.toml","target":{"kind":["custom-build"],"crate_types":["bin"],"name":"build-script-build","src_path":"C:\\Users\\hengu\\.cargo\\registry\\src\\index.crates.io-1949cf8c6b5b557f\\web_atoms-0.2.4\\build.rs","edition":"2021","doc":false,"doctest":false,"test":false},"profile":{"opt_level":"0","debuginfo":0,"debug_assertions":false,"overflow_checks":false,"test":false},"features":[],"filenames":["D:\\myhexin-local\\opencorvus\\packages\\overlay\\src-tauri\\target\\release\\build\\web_atoms-f618ee1285d59465\\build-script-build.exe","D:\\myhexin-local\\opencorvus\\packages\\overlay\\src-tauri\\target\\release\\build\\web_atoms-f618ee1285d59465\\build_script_build.pdb"],"executable":null,"fresh":true}
{"reason":"compiler-artifact","package_id":"registry+https://github.com/rust-lang/crates.io-index#proc-macro-hack@0.5.20+deprecated","manifest_path":"C:\\Users\\hengu\\.cargo\\registry\\src\\index.crates.io-1949cf8c6b5b557f\\proc-macro-hack-0.5.20+deprecated\\Cargo.toml","target":{"kind":["proc-macro"],"crate_types":["proc-macro"],"name":"proc_macro_hack","src_path":"C:\\Users\\hengu\\.cargo\\registry\\src\\index.crates.io-1949cf8c6b5b557f\\proc-macro-hack-0.5.20+deprecated\\src\\lib.rs","edition":"2018","doc":true,"doctest":true,"test":true},"profile":{"opt_level":"0","debuginfo":0,"debug_assertions":false,"overflow_checks":false,"test":false},"features":[],"filenames":["D:\\myhexin-local\\opencorvus\\packages\\overlay\\src-tauri\\target\\release\\deps\\proc_macro_hack-6246a696e4468d79.dll","D:\\myhexin-local\\opencorvus\\packages\\overlay\\src-tauri\\target\\release\\deps\\proc_macro_hack-6246a696e4468d79.dll.lib","D:\\myhexin-local\\opencorvus\\packages\\overlay\\src-tauri\\target\\release\\deps\\proc_macro_hack-6246a696e4468d79.dll.exp","D:\\myhexin-local\\opencorvus\\packages\\overlay\\src-tauri\\target\\release\\deps\\proc_macro_hack-6246a696e4468d79.pdb"],"executable":null,"fresh":true}
{"reason":"compiler-artifact","package_id":"registry+https://github.com/rust-lang/crates.io-index#phf_generator@0.8.0","manifest_path":"C:\\Users\\hengu\\.cargo\\registry\\src\\index.crates.io-1949cf8c6b5b557f\\phf_generator-0.8.0\\Cargo.toml","target":{"kind":["lib"],"crate_types":["lib"],"name":"phf_generator","src_path":"C:\\Users\\hengu\\.cargo\\registry\\src\\index.crates.io-1949cf8c6b5b557f\\phf_generator-0.8.0\\src\\lib.rs","edition":"2018","doc":true,"doctest":true,"test":true},"profile":{"opt_level":"0","debuginfo":0,"debug_assertions":false,"overflow_checks":false,"test":false},"features":[],"filenames":["D:\\myhexin-local\\opencorvus\\packages\\overlay\\src-tauri\\target\\release\\deps\\libphf_generator-4c2a37ae5a1ad193.rlib","D:\\myhexin-local\\opencorvus\\packages\\overlay\\src-tauri\\target\\release\\deps\\libphf_generator-4c2a37ae5a1ad193.rmeta"],"executable":null,"fresh":true}
{"reason":"compiler-artifact","package_id":"registry+https://github.com/rust-lang/crates.io-index#icu_locale_core@2.1.1","manifest_path":"C:\\Users\\hengu\\.cargo\\registry\\src\\index.crates.io-1949cf8c6b5b557f\\icu_locale_core-2.1.1\\Cargo.toml","target":{"kind":["lib"],"crate_types":["lib"],"name":"icu_locale_core","src_path":"C:\\Users\\hengu\\.cargo\\registry\\src\\index.crates.io-1949cf8c6b5b557f\\icu_locale_core-2.1.1\\src\\lib.rs","edition":"2021","doc":true,"doctest":true,"test":true},"profile":{"opt_level":"0","debuginfo":0,"debug_assertions":false,"overflow_checks":false,"test":false},"features":["zerovec"],"filenames":["D:\\myhexin-local\\opencorvus\\packages\\overlay\\src-tauri\\target\\release\\deps\\libicu_locale_core-433c3a9fa362414a.rlib","D:\\myhexin-local\\opencorvus\\packages\\overlay\\src-tauri\\target\\release\\deps\\libicu_locale_core-433c3a9fa362414a.rmeta"],"executable":null,"fresh":true}
{"reason":"compiler-artifact","package_id":"registry+https://github.com/rust-lang/crates.io-index#icu_collections@2.1.1","manifest_path":"C:\\Users\\hengu\\.cargo\\registry\\src\\index.crates.io-1949cf8c6b5b557f\\icu_collections-2.1.1\\Cargo.toml","target":{"kind":["lib"],"crate_types":["lib"],"name":"icu_collections","src_path":"C:\\Users\\hengu\\.cargo\\registry\\src\\index.crates.io-1949cf8c6b5b557f\\icu_collections-2.1.1\\src\\lib.rs","edition":"2021","doc":true,"doctest":true,"test":true},"profile":{"opt_level":"0","debuginfo":0,"debug_assertions":false,"overflow_checks":false,"test":false},"features":[],"filenames":["D:\\myhexin-local\\opencorvus\\packages\\overlay\\src-tauri\\target\\release\\deps\\libicu_collections-36f380be603e07fa.rlib","D:\\myhexin-local\\opencorvus\\packages\\overlay\\src-tauri\\target\\release\\deps\\libicu_collections-36f380be603e07fa.rmeta"],"executable":null,"fresh":true}
{"reason":"build-script-executed","package_id":"registry+https://github.com/rust-lang/crates.io-index#serde_json@1.0.149","linked_libs":[],"linked_paths":[],"cfgs":["fast_arithmetic=\"64\""],"env":[],"out_dir":"D:\\myhexin-local\\opencorvus\\packages\\overlay\\src-tauri\\target\\release\\build\\serde_json-266fd337667a0839\\out"}
{"reason":"compiler-artifact","package_id":"registry+https://github.com/rust-lang/crates.io-index#cc@1.2.56","manifest_path":"C:\\Users\\hengu\\.cargo\\registry\\src\\index.crates.io-1949cf8c6b5b557f\\cc-1.2.56\\Cargo.toml","target":{"kind":["lib"],"crate_types":["lib"],"name":"cc","src_path":"C:\\Users\\hengu\\.cargo\\registry\\src\\index.crates.io-1949cf8c6b5b557f\\cc-1.2.56\\src\\lib.rs","edition":"2018","doc":true,"doctest":true,"test":true},"profile":{"opt_level":"0","debuginfo":0,"debug_assertions":false,"overflow_checks":false,"test":false},"features":[],"filenames":["D:\\myhexin-local\\opencorvus\\packages\\overlay\\src-tauri\\target\\release\\deps\\libcc-891862086a230593.rlib","D:\\myhexin-local\\opencorvus\\packages\\overlay\\src-tauri\\target\\release\\deps\\libcc-891862086a230593.rmeta"],"executable":null,"fresh":true}
{"reason":"build-script-executed","package_id":"registry+https://github.com/rust-lang/crates.io-index#getrandom@0.4.2","linked_libs":[],"linked_paths":[],"cfgs":[],"env":[],"out_dir":"D:\\myhexin-local\\opencorvus\\packages\\overlay\\src-tauri\\target\\release\\build\\getrandom-ac4734416a283e18\\out"}
{"reason":"compiler-artifact","package_id":"registry+https://github.com/rust-lang/crates.io-index#windows-sys@0.61.2","manifest_path":"C:\\Users\\hengu\\.cargo\\registry\\src\\index.crates.io-1949cf8c6b5b557f\\windows-sys-0.61.2\\Cargo.toml","target":{"kind":["lib"],"crate_types":["lib"],"name":"windows_sys","src_path":"C:\\Users\\hengu\\.cargo\\registry\\src\\index.crates.io-1949cf8c6b5b557f\\windows-sys-0.61.2\\src\\lib.rs","edition":"2021","doc":true,"doctest":false,"test":false},"profile":{"opt_level":"0","debuginfo":0,"debug_assertions":false,"overflow_checks":false,"test":false},"features":["Win32","Win32_Foundation","Win32_Globalization","Win32_Storage","Win32_Storage_FileSystem","Win32_System","Win32_System_Com","Win32_System_Console","Win32_System_SystemInformation","Win32_UI","Win32_UI_Shell","default"],"filenames":["D:\\myhexin-local\\opencorvus\\packages\\overlay\\src-tauri\\target\\release\\deps\\libwindows_sys-ce81cfcd9ba8d3bc.rlib","D:\\myhexin-local\\opencorvus\\packages\\overlay\\src-tauri\\target\\release\\deps\\libwindows_sys-ce81cfcd9ba8d3bc.rmeta"],"executable":null,"fresh":true}
{"reason":"compiler-artifact","package_id":"registry+https://github.com/rust-lang/crates.io-index#ctor-proc-macro@0.0.7","manifest_path":"C:\\Users\\hengu\\.cargo\\registry\\src\\index.crates.io-1949cf8c6b5b557f\\ctor-proc-macro-0.0.7\\Cargo.toml","target":{"kind":["proc-macro"],"crate_types":["proc-macro"],"name":"ctor_proc_macro","src_path":"C:\\Users\\hengu\\.cargo\\registry\\src\\index.crates.io-1949cf8c6b5b557f\\ctor-proc-macro-0.0.7\\src\\lib.rs","edition":"2021","doc":true,"doctest":true,"test":true},"profile":{"opt_level":"0","debuginfo":0,"debug_assertions":false,"overflow_checks":false,"test":false},"features":["default"],"filenames":["D:\\myhexin-local\\opencorvus\\packages\\overlay\\src-tauri\\target\\release\\deps\\ctor_proc_macro-b81f64bedb29518b.dll","D:\\myhexin-local\\opencorvus\\packages\\overlay\\src-tauri\\target\\release\\deps\\ctor_proc_macro-b81f64bedb29518b.dll.lib","D:\\myhexin-local\\opencorvus\\packages\\overlay\\src-tauri\\target\\release\\deps\\ctor_proc_macro-b81f64bedb29518b.dll.exp","D:\\myhexin-local\\opencorvus\\packages\\overlay\\src-tauri\\target\\release\\deps\\ctor_proc_macro-b81f64bedb29518b.pdb"],"executable":null,"fresh":true}
{"reason":"compiler-artifact","package_id":"registry+https://github.com/rust-lang/crates.io-index#mac@0.1.1","manifest_path":"C:\\Users\\hengu\\.cargo\\registry\\src\\index.crates.io-1949cf8c6b5b557f\\mac-0.1.1\\Cargo.toml","target":{"kind":["lib"],"crate_types":["lib"],"name":"mac","src_path":"C:\\Users\\hengu\\.cargo\\registry\\src\\index.crates.io-1949cf8c6b5b557f\\mac-0.1.1\\src\\lib.rs","edition":"2015","doc":true,"doctest":true,"test":true},"profile":{"opt_level":"0","debuginfo":0,"debug_assertions":false,"overflow_checks":false,"test":false},"features":[],"filenames":["D:\\myhexin-local\\opencorvus\\packages\\overlay\\src-tauri\\target\\release\\deps\\libmac-582ecfb23466d47f.rlib","D:\\myhexin-local\\opencorvus\\packages\\overlay\\src-tauri\\target\\release\\deps\\libmac-582ecfb23466d47f.rmeta"],"executable":null,"fresh":true}
{"reason":"compiler-artifact","package_id":"registry+https://github.com/rust-lang/crates.io-index#winnow@0.7.15","manifest_path":"C:\\Users\\hengu\\.cargo\\registry\\src\\index.crates.io-1949cf8c6b5b557f\\winnow-0.7.15\\Cargo.toml","target":{"kind":["lib"],"crate_types":["lib"],"name":"winnow","src_path":"C:\\Users\\hengu\\.cargo\\registry\\src\\index.crates.io-1949cf8c6b5b557f\\winnow-0.7.15\\src\\lib.rs","edition":"2021","doc":true,"doctest":true,"test":true},"profile":{"opt_level":"0","debuginfo":0,"debug_assertions":false,"overflow_checks":false,"test":false},"features":[],"filenames":["D:\\myhexin-local\\opencorvus\\packages\\overlay\\src-tauri\\target\\release\\deps\\libwinnow-8ea18c08ed26b3ab.rlib","D:\\myhexin-local\\opencorvus\\packages\\overlay\\src-tauri\\target\\release\\deps\\libwinnow-8ea18c08ed26b3ab.rmeta"],"executable":null,"fresh":true}
{"reason":"compiler-artifact","package_id":"registry+https://github.com/rust-lang/crates.io-index#cfg-if@1.0.4","manifest_path":"C:\\Users\\hengu\\.cargo\\registry\\src\\index.crates.io-1949cf8c6b5b557f\\cfg-if-1.0.4\\Cargo.toml","target":{"kind":["lib"],"crate_types":["lib"],"name":"cfg_if","src_path":"C:\\Users\\hengu\\.cargo\\registry\\src\\index.crates.io-1949cf8c6b5b557f\\cfg-if-1.0.4\\src\\lib.rs","edition":"2018","doc":true,"doctest":true,"test":true},"profile":{"opt_level":"s","debuginfo":0,"debug_assertions":false,"overflow_checks":false,"test":false},"features":[],"filenames":["D:\\myhexin-local\\opencorvus\\packages\\overlay\\src-tauri\\target\\release\\deps\\libcfg_if-410a8f9b7f6ff083.rlib","D:\\myhexin-local\\opencorvus\\packages\\overlay\\src-tauri\\target\\release\\deps\\libcfg_if-410a8f9b7f6ff083.rmeta"],"executable":null,"fresh":true}
{"reason":"compiler-artifact","package_id":"registry+https://github.com/rust-lang/crates.io-index#icu_provider@2.1.1","manifest_path":"C:\\Users\\hengu\\.cargo\\registry\\src\\index.crates.io-1949cf8c6b5b557f\\icu_provider-2.1.1\\Cargo.toml","target":{"kind":["lib"],"crate_types":["lib"],"name":"icu_provider","src_path":"C:\\Users\\hengu\\.cargo\\registry\\src\\index.crates.io-1949cf8c6b5b557f\\icu_provider-2.1.1\\src\\lib.rs","edition":"2021","doc":true,"doctest":true,"test":true},"profile":{"opt_level":"0","debuginfo":0,"debug_assertions":false,"overflow_checks":false,"test":false},"features":["baked"],"filenames":["D:\\myhexin-local\\opencorvus\\packages\\overlay\\src-tauri\\target\\release\\deps\\libicu_provider-803e137322a13241.rlib","D:\\myhexin-local\\opencorvus\\packages\\overlay\\src-tauri\\target\\release\\deps\\libicu_provider-803e137322a13241.rmeta"],"executable":null,"fresh":true}
{"reason":"compiler-artifact","package_id":"registry+https://github.com/rust-lang/crates.io-index#toml_parser@1.0.9+spec-1.1.0","manifest_path":"C:\\Users\\hengu\\.cargo\\registry\\src\\index.crates.io-1949cf8c6b5b557f\\toml_parser-1.0.9+spec-1.1.0\\Cargo.toml","target":{"kind":["lib"],"crate_types":["lib"],"name":"toml_parser","src_path":"C:\\Users\\hengu\\.cargo\\registry\\src\\index.crates.io-1949cf8c6b5b557f\\toml_parser-1.0.9+spec-1.1.0\\src\\lib.rs","edition":"2021","doc":true,"doctest":true,"test":true},"profile":{"opt_level":"0","debuginfo":0,"debug_assertions":false,"overflow_checks":false,"test":false},"features":["alloc","std"],"filenames":["D:\\myhexin-local\\opencorvus\\packages\\overlay\\src-tauri\\target\\release\\deps\\libtoml_parser-6154ac8c1c996a80.rlib","D:\\myhexin-local\\opencorvus\\packages\\overlay\\src-tauri\\target\\release\\deps\\libtoml_parser-6154ac8c1c996a80.rmeta"],"executable":null,"fresh":true}
{"reason":"compiler-artifact","package_id":"registry+https://github.com/rust-lang/crates.io-index#serde_json@1.0.149","manifest_path":"C:\\Users\\hengu\\.cargo\\registry\\src\\index.crates.io-1949cf8c6b5b557f\\serde_json-1.0.149\\Cargo.toml","target":{"kind":["lib"],"crate_types":["lib"],"name":"serde_json","src_path":"C:\\Users\\hengu\\.cargo\\registry\\src\\index.crates.io-1949cf8c6b5b557f\\serde_json-1.0.149\\src\\lib.rs","edition":"2021","doc":true,"doctest":true,"test":true},"profile":{"opt_level":"0","debuginfo":0,"debug_assertions":false,"overflow_checks":false,"test":false},"features":["alloc","default","std","unbounded_depth"],"filenames":["D:\\myhexin-local\\opencorvus\\packages\\overlay\\src-tauri\\target\\release\\deps\\libserde_json-7c901b6abea2e4b7.rlib","D:\\myhexin-local\\opencorvus\\packages\\overlay\\src-tauri\\target\\release\\deps\\libserde_json-7c901b6abea2e4b7.rmeta"],"executable":null,"fresh":true}
{"reason":"compiler-artifact","package_id":"registry+https://github.com/rust-lang/crates.io-index#getrandom@0.4.2","manifest_path":"C:\\Users\\hengu\\.cargo\\registry\\src\\index.crates.io-1949cf8c6b5b557f\\getrandom-0.4.2\\Cargo.toml","target":{"kind":["lib"],"crate_types":["lib"],"name":"getrandom","src_path":"C:\\Users\\hengu\\.cargo\\registry\\src\\index.crates.io-1949cf8c6b5b557f\\getrandom-0.4.2\\src\\lib.rs","edition":"2024","doc":true,"doctest":true,"test":true},"profile":{"opt_level":"0","debuginfo":0,"debug_assertions":false,"overflow_checks":false,"test":false},"features":[],"filenames":["D:\\myhexin-local\\opencorvus\\packages\\overlay\\src-tauri\\target\\release\\deps\\libgetrandom-c67ec737555866cc.rlib","D:\\myhexin-local\\opencorvus\\packages\\overlay\\src-tauri\\target\\release\\deps\\libgetrandom-c67ec737555866cc.rmeta"],"executable":null,"fresh":true}
{"reason":"compiler-artifact","package_id":"registry+https://github.com/rust-lang/crates.io-index#futf@0.1.5","manifest_path":"C:\\Users\\hengu\\.cargo\\registry\\src\\index.crates.io-1949cf8c6b5b557f\\futf-0.1.5\\Cargo.toml","target":{"kind":["lib"],"crate_types":["lib"],"name":"futf","src_path":"C:\\Users\\hengu\\.cargo\\registry\\src\\index.crates.io-1949cf8c6b5b557f\\futf-0.1.5\\src\\lib.rs","edition":"2015","doc":true,"doctest":true,"test":true},"profile":{"opt_level":"0","debuginfo":0,"debug_assertions":false,"overflow_checks":false,"test":false},"features":[],"filenames":["D:\\myhexin-local\\opencorvus\\packages\\overlay\\src-tauri\\target\\release\\deps\\libfutf-b19f78a7a6cfb04c.rlib","D:\\myhexin-local\\opencorvus\\packages\\overlay\\src-tauri\\target\\release\\deps\\libfutf-b19f78a7a6cfb04c.rmeta"],"executable":null,"fresh":true}
{"reason":"build-script-executed","package_id":"registry+https://github.com/rust-lang/crates.io-index#web_atoms@0.2.4","linked_libs":[],"linked_paths":[],"cfgs":[],"env":[],"out_dir":"D:\\myhexin-local\\opencorvus\\packages\\overlay\\src-tauri\\target\\release\\build\\web_atoms-6b6f5aba3564c9cd\\out"}
{"reason":"compiler-artifact","package_id":"registry+https://github.com/rust-lang/crates.io-index#phf_codegen@0.8.0","manifest_path":"C:\\Users\\hengu\\.cargo\\registry\\src\\index.crates.io-1949cf8c6b5b557f\\phf_codegen-0.8.0\\Cargo.toml","target":{"kind":["lib"],"crate_types":["lib"],"name":"phf_codegen","src_path":"C:\\Users\\hengu\\.cargo\\registry\\src\\index.crates.io-1949cf8c6b5b557f\\phf_codegen-0.8.0\\src\\lib.rs","edition":"2018","doc":true,"doctest":true,"test":true},"profile":{"opt_level":"0","debuginfo":0,"debug_assertions":false,"overflow_checks":false,"test":false},"features":[],"filenames":["D:\\myhexin-local\\opencorvus\\packages\\overlay\\src-tauri\\target\\release\\deps\\libphf_codegen-9c1005a1a51c6848.rlib","D:\\myhexin-local\\opencorvus\\packages\\overlay\\src-tauri\\target\\release\\deps\\libphf_codegen-9c1005a1a51c6848.rmeta"],"executable":null,"fresh":true}
{"reason":"compiler-artifact","package_id":"registry+https://github.com/rust-lang/crates.io-index#cssparser@0.29.6","manifest_path":"C:\\Users\\hengu\\.cargo\\registry\\src\\index.crates.io-1949cf8c6b5b557f\\cssparser-0.29.6\\Cargo.toml","target":{"kind":["custom-build"],"crate_types":["bin"],"name":"build-script-build","src_path":"C:\\Users\\hengu\\.cargo\\registry\\src\\index.crates.io-1949cf8c6b5b557f\\cssparser-0.29.6\\build.rs","edition":"2018","doc":false,"doctest":false,"test":false},"profile":{"opt_level":"0","debuginfo":0,"debug_assertions":false,"overflow_checks":false,"test":false},"features":[],"filenames":["D:\\myhexin-local\\opencorvus\\packages\\overlay\\src-tauri\\target\\release\\build\\cssparser-27a901f5d13d35d3\\build-script-build.exe","D:\\myhexin-local\\opencorvus\\packages\\overlay\\src-tauri\\target\\release\\build\\cssparser-27a901f5d13d35d3\\build_script_build.pdb"],"executable":null,"fresh":true}
{"reason":"compiler-artifact","package_id":"registry+https://github.com/rust-lang/crates.io-index#string_cache@0.9.0","manifest_path":"C:\\Users\\hengu\\.cargo\\registry\\src\\index.crates.io-1949cf8c6b5b557f\\string_cache-0.9.0\\Cargo.toml","target":{"kind":["lib"],"crate_types":["lib"],"name":"string_cache","src_path":"C:\\Users\\hengu\\.cargo\\registry\\src\\index.crates.io-1949cf8c6b5b557f\\string_cache-0.9.0\\src\\lib.rs","edition":"2018","doc":true,"doctest":true,"test":true},"profile":{"opt_level":"0","debuginfo":0,"debug_assertions":false,"overflow_checks":false,"test":false},"features":[],"filenames":["D:\\myhexin-local\\opencorvus\\packages\\overlay\\src-tauri\\target\\release\\deps\\libstring_cache-c962bce8e8ebb86f.rlib","D:\\myhexin-local\\opencorvus\\packages\\overlay\\src-tauri\\target\\release\\deps\\libstring_cache-c962bce8e8ebb86f.rmeta"],"executable":null,"fresh":true}
{"reason":"compiler-artifact","package_id":"registry+https://github.com/rust-lang/crates.io-index#serde_spanned@1.0.4","manifest_path":"C:\\Users\\hengu\\.cargo\\registry\\src\\index.crates.io-1949cf8c6b5b557f\\serde_spanned-1.0.4\\Cargo.toml","target":{"kind":["lib"],"crate_types":["lib"],"name":"serde_spanned","src_path":"C:\\Users\\hengu\\.cargo\\registry\\src\\index.crates.io-1949cf8c6b5b557f\\serde_spanned-1.0.4\\src\\lib.rs","edition":"2021","doc":true,"doctest":true,"test":true},"profile":{"opt_level":"0","debuginfo":0,"debug_assertions":false,"overflow_checks":false,"test":false},"features":["alloc","serde","std"],"filenames":["D:\\myhexin-local\\opencorvus\\packages\\overlay\\src-tauri\\target\\release\\deps\\libserde_spanned-a8fba4b25837e196.rlib","D:\\myhexin-local\\opencorvus\\packages\\overlay\\src-tauri\\target\\release\\deps\\libserde_spanned-a8fba4b25837e196.rmeta"],"executable":null,"fresh":true}
{"reason":"compiler-artifact","package_id":"registry+https://github.com/rust-lang/crates.io-index#icu_properties@2.1.2","manifest_path":"C:\\Users\\hengu\\.cargo\\registry\\src\\index.crates.io-1949cf8c6b5b557f\\icu_properties-2.1.2\\Cargo.toml","target":{"kind":["lib"],"crate_types":["lib"],"name":"icu_properties","src_path":"C:\\Users\\hengu\\.cargo\\registry\\src\\index.crates.io-1949cf8c6b5b557f\\icu_properties-2.1.2\\src\\lib.rs","edition":"2021","doc":true,"doctest":true,"test":true},"profile":{"opt_level":"0","debuginfo":0,"debug_assertions":false,"overflow_checks":false,"test":false},"features":["compiled_data"],"filenames":["D:\\myhexin-local\\opencorvus\\packages\\overlay\\src-tauri\\target\\release\\deps\\libicu_properties-4460fab488e5b87d.rlib","D:\\myhexin-local\\opencorvus\\packages\\overlay\\src-tauri\\target\\release\\deps\\libicu_properties-4460fab488e5b87d.rmeta"],"executable":null,"fresh":true}
{"reason":"compiler-artifact","package_id":"registry+https://github.com/rust-lang/crates.io-index#icu_normalizer@2.1.1","manifest_path":"C:\\Users\\hengu\\.cargo\\registry\\src\\index.crates.io-1949cf8c6b5b557f\\icu_normalizer-2.1.1\\Cargo.toml","target":{"kind":["lib"],"crate_types":["lib"],"name":"icu_normalizer","src_path":"C:\\Users\\hengu\\.cargo\\registry\\src\\index.crates.io-1949cf8c6b5b557f\\icu_normalizer-2.1.1\\src\\lib.rs","edition":"2021","doc":true,"doctest":true,"test":true},"profile":{"opt_level":"0","debuginfo":0,"debug_assertions":false,"overflow_checks":false,"test":false},"features":["compiled_data"],"filenames":["D:\\myhexin-local\\opencorvus\\packages\\overlay\\src-tauri\\target\\release\\deps\\libicu_normalizer-83c43594857e5f6a.rlib","D:\\myhexin-local\\opencorvus\\packages\\overlay\\src-tauri\\target\\release\\deps\\libicu_normalizer-83c43594857e5f6a.rmeta"],"executable":null,"fresh":true}
{"reason":"compiler-artifact","package_id":"registry+https://github.com/rust-lang/crates.io-index#semver@1.0.27","manifest_path":"C:\\Users\\hengu\\.cargo\\registry\\src\\index.crates.io-1949cf8c6b5b557f\\semver-1.0.27\\Cargo.toml","target":{"kind":["lib"],"crate_types":["lib"],"name":"semver","src_path":"C:\\Users\\hengu\\.cargo\\registry\\src\\index.crates.io-1949cf8c6b5b557f\\semver-1.0.27\\src\\lib.rs","edition":"2018","doc":true,"doctest":true,"test":true},"profile":{"opt_level":"0","debuginfo":0,"debug_assertions":false,"overflow_checks":false,"test":false},"features":["default","serde","std"],"filenames":["D:\\myhexin-local\\opencorvus\\packages\\overlay\\src-tauri\\target\\release\\deps\\libsemver-b7aa0177c1ed6553.rlib","D:\\myhexin-local\\opencorvus\\packages\\overlay\\src-tauri\\target\\release\\deps\\libsemver-b7aa0177c1ed6553.rmeta"],"executable":null,"fresh":true}
{"reason":"compiler-artifact","package_id":"registry+https://github.com/rust-lang/crates.io-index#toml_datetime@0.7.5+spec-1.1.0","manifest_path":"C:\\Users\\hengu\\.cargo\\registry\\src\\index.crates.io-1949cf8c6b5b557f\\toml_datetime-0.7.5+spec-1.1.0\\Cargo.toml","target":{"kind":["lib"],"crate_types":["lib"],"name":"toml_datetime","src_path":"C:\\Users\\hengu\\.cargo\\registry\\src\\index.crates.io-1949cf8c6b5b557f\\toml_datetime-0.7.5+spec-1.1.0\\src\\lib.rs","edition":"2021","doc":true,"doctest":true,"test":true},"profile":{"opt_level":"0","debuginfo":0,"debug_assertions":false,"overflow_checks":false,"test":false},"features":["alloc","serde","std"],"filenames":["D:\\myhexin-local\\opencorvus\\packages\\overlay\\src-tauri\\target\\release\\deps\\libtoml_datetime-085d4c793aee3a61.rlib","D:\\myhexin-local\\opencorvus\\packages\\overlay\\src-tauri\\target\\release\\deps\\libtoml_datetime-085d4c793aee3a61.rmeta"],"executable":null,"fresh":true}
{"reason":"compiler-artifact","package_id":"registry+https://github.com/rust-lang/crates.io-index#bitflags@1.3.2","manifest_path":"C:\\Users\\hengu\\.cargo\\registry\\src\\index.crates.io-1949cf8c6b5b557f\\bitflags-1.3.2\\Cargo.toml","target":{"kind":["lib"],"crate_types":["lib"],"name":"bitflags","src_path":"C:\\Users\\hengu\\.cargo\\registry\\src\\index.crates.io-1949cf8c6b5b557f\\bitflags-1.3.2\\src\\lib.rs","edition":"2018","doc":true,"doctest":true,"test":true},"profile":{"opt_level":"0","debuginfo":0,"debug_assertions":false,"overflow_checks":false,"test":false},"features":["default"],"filenames":["D:\\myhexin-local\\opencorvus\\packages\\overlay\\src-tauri\\target\\release\\deps\\libbitflags-1f8b07749a7fe3fc.rlib","D:\\myhexin-local\\opencorvus\\packages\\overlay\\src-tauri\\target\\release\\deps\\libbitflags-1f8b07749a7fe3fc.rmeta"],"executable":null,"fresh":true}
{"reason":"compiler-artifact","package_id":"registry+https://github.com/rust-lang/crates.io-index#toml_writer@1.0.6+spec-1.1.0","manifest_path":"C:\\Users\\hengu\\.cargo\\registry\\src\\index.crates.io-1949cf8c6b5b557f\\toml_writer-1.0.6+spec-1.1.0\\Cargo.toml","target":{"kind":["lib"],"crate_types":["lib"],"name":"toml_writer","src_path":"C:\\Users\\hengu\\.cargo\\registry\\src\\index.crates.io-1949cf8c6b5b557f\\toml_writer-1.0.6+spec-1.1.0\\src\\lib.rs","edition":"2021","doc":true,"doctest":true,"test":true},"profile":{"opt_level":"0","debuginfo":0,"debug_assertions":false,"overflow_checks":false,"test":false},"features":["alloc","std"],"filenames":["D:\\myhexin-local\\opencorvus\\packages\\overlay\\src-tauri\\target\\release\\deps\\libtoml_writer-58eb375d563c177a.rlib","D:\\myhexin-local\\opencorvus\\packages\\overlay\\src-tauri\\target\\release\\deps\\libtoml_writer-58eb375d563c177a.rmeta"],"executable":null,"fresh":true}
{"reason":"compiler-artifact","package_id":"registry+https://github.com/rust-lang/crates.io-index#percent-encoding@2.3.2","manifest_path":"C:\\Users\\hengu\\.cargo\\registry\\src\\index.crates.io-1949cf8c6b5b557f\\percent-encoding-2.3.2\\Cargo.toml","target":{"kind":["lib"],"crate_types":["lib"],"name":"percent_encoding","src_path":"C:\\Users\\hengu\\.cargo\\registry\\src\\index.crates.io-1949cf8c6b5b557f\\percent-encoding-2.3.2\\src\\lib.rs","edition":"2018","doc":true,"doctest":true,"test":true},"profile":{"opt_level":"0","debuginfo":0,"debug_assertions":false,"overflow_checks":false,"test":false},"features":["alloc","std"],"filenames":["D:\\myhexin-local\\opencorvus\\packages\\overlay\\src-tauri\\target\\release\\deps\\libpercent_encoding-de5d60a831d06f83.rlib","D:\\myhexin-local\\opencorvus\\packages\\overlay\\src-tauri\\target\\release\\deps\\libpercent_encoding-de5d60a831d06f83.rmeta"],"executable":null,"fresh":true}
{"reason":"compiler-artifact","package_id":"registry+https://github.com/rust-lang/crates.io-index#utf8_iter@1.0.4","manifest_path":"C:\\Users\\hengu\\.cargo\\registry\\src\\index.crates.io-1949cf8c6b5b557f\\utf8_iter-1.0.4\\Cargo.toml","target":{"kind":["lib"],"crate_types":["lib"],"name":"utf8_iter","src_path":"C:\\Users\\hengu\\.cargo\\registry\\src\\index.crates.io-1949cf8c6b5b557f\\utf8_iter-1.0.4\\src\\lib.rs","edition":"2021","doc":true,"doctest":true,"test":true},"profile":{"opt_level":"0","debuginfo":0,"debug_assertions":false,"overflow_checks":false,"test":false},"features":[],"filenames":["D:\\myhexin-local\\opencorvus\\packages\\overlay\\src-tauri\\target\\release\\deps\\libutf8_iter-5e0ab58a56b27cf6.rlib","D:\\myhexin-local\\opencorvus\\packages\\overlay\\src-tauri\\target\\release\\deps\\libutf8_iter-5e0ab58a56b27cf6.rmeta"],"executable":null,"fresh":true}
{"reason":"compiler-artifact","package_id":"registry+https://github.com/rust-lang/crates.io-index#uuid@1.22.0","manifest_path":"C:\\Users\\hengu\\.cargo\\registry\\src\\index.crates.io-1949cf8c6b5b557f\\uuid-1.22.0\\Cargo.toml","target":{"kind":["lib"],"crate_types":["lib"],"name":"uuid","src_path":"C:\\Users\\hengu\\.cargo\\registry\\src\\index.crates.io-1949cf8c6b5b557f\\uuid-1.22.0\\src\\lib.rs","edition":"2021","doc":true,"doctest":true,"test":true},"profile":{"opt_level":"0","debuginfo":0,"debug_assertions":false,"overflow_checks":false,"test":false},"features":["default","rng","serde","std","v4"],"filenames":["D:\\myhexin-local\\opencorvus\\packages\\overlay\\src-tauri\\target\\release\\deps\\libuuid-473cb200497837b4.rlib","D:\\myhexin-local\\opencorvus\\packages\\overlay\\src-tauri\\target\\release\\deps\\libuuid-473cb200497837b4.rmeta"],"executable":null,"fresh":true}
{"reason":"compiler-artifact","package_id":"registry+https://github.com/rust-lang/crates.io-index#selectors@0.24.0","manifest_path":"C:\\Users\\hengu\\.cargo\\registry\\src\\index.crates.io-1949cf8c6b5b557f\\selectors-0.24.0\\Cargo.toml","target":{"kind":["custom-build"],"crate_types":["bin"],"name":"build-script-build","src_path":"C:\\Users\\hengu\\.cargo\\registry\\src\\index.crates.io-1949cf8c6b5b557f\\selectors-0.24.0\\build.rs","edition":"2015","doc":false,"doctest":false,"test":false},"profile":{"opt_level":"0","debuginfo":0,"debug_assertions":false,"overflow_checks":false,"test":false},"features":[],"filenames":["D:\\myhexin-local\\opencorvus\\packages\\overlay\\src-tauri\\target\\release\\build\\selectors-4c059de615174bf7\\build-script-build.exe","D:\\myhexin-local\\opencorvus\\packages\\overlay\\src-tauri\\target\\release\\build\\selectors-4c059de615174bf7\\build_script_build.pdb"],"executable":null,"fresh":true}
{"reason":"compiler-artifact","package_id":"registry+https://github.com/rust-lang/crates.io-index#idna_adapter@1.2.1","manifest_path":"C:\\Users\\hengu\\.cargo\\registry\\src\\index.crates.io-1949cf8c6b5b557f\\idna_adapter-1.2.1\\Cargo.toml","target":{"kind":["lib"],"crate_types":["lib"],"name":"idna_adapter","src_path":"C:\\Users\\hengu\\.cargo\\registry\\src\\index.crates.io-1949cf8c6b5b557f\\idna_adapter-1.2.1\\src\\lib.rs","edition":"2021","doc":true,"doctest":true,"test":true},"profile":{"opt_level":"0","debuginfo":0,"debug_assertions":false,"overflow_checks":false,"test":false},"features":["compiled_data"],"filenames":["D:\\myhexin-local\\opencorvus\\packages\\overlay\\src-tauri\\target\\release\\deps\\libidna_adapter-9eb85bd75544c0aa.rlib","D:\\myhexin-local\\opencorvus\\packages\\overlay\\src-tauri\\target\\release\\deps\\libidna_adapter-9eb85bd75544c0aa.rmeta"],"executable":null,"fresh":true}
{"reason":"compiler-artifact","package_id":"registry+https://github.com/rust-lang/crates.io-index#toml@0.9.12+spec-1.1.0","manifest_path":"C:\\Users\\hengu\\.cargo\\registry\\src\\index.crates.io-1949cf8c6b5b557f\\toml-0.9.12+spec-1.1.0\\Cargo.toml","target":{"kind":["lib"],"crate_types":["lib"],"name":"toml","src_path":"C:\\Users\\hengu\\.cargo\\registry\\src\\index.crates.io-1949cf8c6b5b557f\\toml-0.9.12+spec-1.1.0\\src\\lib.rs","edition":"2021","doc":true,"doctest":true,"test":true},"profile":{"opt_level":"0","debuginfo":0,"debug_assertions":false,"overflow_checks":false,"test":false},"features":["default","display","parse","serde","std"],"filenames":["D:\\myhexin-local\\opencorvus\\packages\\overlay\\src-tauri\\target\\release\\deps\\libtoml-614676e93d017c09.rlib","D:\\myhexin-local\\opencorvus\\packages\\overlay\\src-tauri\\target\\release\\deps\\libtoml-614676e93d017c09.rmeta"],"executable":null,"fresh":true}
{"reason":"compiler-artifact","package_id":"registry+https://github.com/rust-lang/crates.io-index#form_urlencoded@1.2.2","manifest_path":"C:\\Users\\hengu\\.cargo\\registry\\src\\index.crates.io-1949cf8c6b5b557f\\form_urlencoded-1.2.2\\Cargo.toml","target":{"kind":["lib"],"crate_types":["lib"],"name":"form_urlencoded","src_path":"C:\\Users\\hengu\\.cargo\\registry\\src\\index.crates.io-1949cf8c6b5b557f\\form_urlencoded-1.2.2\\src\\lib.rs","edition":"2018","doc":true,"doctest":true,"test":false},"profile":{"opt_level":"0","debuginfo":0,"debug_assertions":false,"overflow_checks":false,"test":false},"features":["alloc","std"],"filenames":["D:\\myhexin-local\\opencorvus\\packages\\overlay\\src-tauri\\target\\release\\deps\\libform_urlencoded-2ff61b64500eceac.rlib","D:\\myhexin-local\\opencorvus\\packages\\overlay\\src-tauri\\target\\release\\deps\\libform_urlencoded-2ff61b64500eceac.rmeta"],"executable":null,"fresh":true}
{"reason":"compiler-artifact","package_id":"registry+https://github.com/rust-lang/crates.io-index#web_atoms@0.2.4","manifest_path":"C:\\Users\\hengu\\.cargo\\registry\\src\\index.crates.io-1949cf8c6b5b557f\\web_atoms-0.2.4\\Cargo.toml","target":{"kind":["lib"],"crate_types":["lib"],"name":"web_atoms","src_path":"C:\\Users\\hengu\\.cargo\\registry\\src\\index.crates.io-1949cf8c6b5b557f\\web_atoms-0.2.4\\lib.rs","edition":"2021","doc":true,"doctest":true,"test":true},"profile":{"opt_level":"0","debuginfo":0,"debug_assertions":false,"overflow_checks":false,"test":false},"features":[],"filenames":["D:\\myhexin-local\\opencorvus\\packages\\overlay\\src-tauri\\target\\release\\deps\\libweb_atoms-e89dd0a6b9304de9.rlib","D:\\myhexin-local\\opencorvus\\packages\\overlay\\src-tauri\\target\\release\\deps\\libweb_atoms-e89dd0a6b9304de9.rmeta"],"executable":null,"fresh":true}
{"reason":"compiler-artifact","package_id":"registry+https://github.com/rust-lang/crates.io-index#tendril@0.4.3","manifest_path":"C:\\Users\\hengu\\.cargo\\registry\\src\\index.crates.io-1949cf8c6b5b557f\\tendril-0.4.3\\Cargo.toml","target":{"kind":["lib"],"crate_types":["lib"],"name":"tendril","src_path":"C:\\Users\\hengu\\.cargo\\registry\\src\\index.crates.io-1949cf8c6b5b557f\\tendril-0.4.3\\src\\lib.rs","edition":"2015","doc":true,"doctest":true,"test":true},"profile":{"opt_level":"0","debuginfo":0,"debug_assertions":false,"overflow_checks":false,"test":false},"features":[],"filenames":["D:\\myhexin-local\\opencorvus\\packages\\overlay\\src-tauri\\target\\release\\deps\\libtendril-941c3156dc1fe01a.rlib","D:\\myhexin-local\\opencorvus\\packages\\overlay\\src-tauri\\target\\release\\deps\\libtendril-941c3156dc1fe01a.rmeta"],"executable":null,"fresh":true}
{"reason":"build-script-executed","package_id":"registry+https://github.com/rust-lang/crates.io-index#cssparser@0.29.6","linked_libs":[],"linked_paths":[],"cfgs":["rustc_has_pr45225"],"env":[],"out_dir":"D:\\myhexin-local\\opencorvus\\packages\\overlay\\src-tauri\\target\\release\\build\\cssparser-e86601ee45a9e9cc\\out"}
{"reason":"compiler-artifact","package_id":"registry+https://github.com/rust-lang/crates.io-index#tendril@0.5.0","manifest_path":"C:\\Users\\hengu\\.cargo\\registry\\src\\index.crates.io-1949cf8c6b5b557f\\tendril-0.5.0\\Cargo.toml","target":{"kind":["lib"],"crate_types":["lib"],"name":"tendril","src_path":"C:\\Users\\hengu\\.cargo\\registry\\src\\index.crates.io-1949cf8c6b5b557f\\tendril-0.5.0\\src\\lib.rs","edition":"2021","doc":true,"doctest":true,"test":true},"profile":{"opt_level":"0","debuginfo":0,"debug_assertions":false,"overflow_checks":false,"test":false},"features":[],"filenames":["D:\\myhexin-local\\opencorvus\\packages\\overlay\\src-tauri\\target\\release\\deps\\libtendril-8cf544e0006947b6.rlib","D:\\myhexin-local\\opencorvus\\packages\\overlay\\src-tauri\\target\\release\\deps\\libtendril-8cf544e0006947b6.rmeta"],"executable":null,"fresh":true}
{"reason":"compiler-artifact","package_id":"registry+https://github.com/rust-lang/crates.io-index#string_cache@0.8.9","manifest_path":"C:\\Users\\hengu\\.cargo\\registry\\src\\index.crates.io-1949cf8c6b5b557f\\string_cache-0.8.9\\Cargo.toml","target":{"kind":["lib"],"crate_types":["lib"],"name":"string_cache","src_path":"C:\\Users\\hengu\\.cargo\\registry\\src\\index.crates.io-1949cf8c6b5b557f\\string_cache-0.8.9\\src\\lib.rs","edition":"2018","doc":true,"doctest":true,"test":true},"profile":{"opt_level":"0","debuginfo":0,"debug_assertions":false,"overflow_checks":false,"test":false},"features":["default","serde","serde_support"],"filenames":["D:\\myhexin-local\\opencorvus\\packages\\overlay\\src-tauri\\target\\release\\deps\\libstring_cache-a57313f7bd1bc5dc.rlib","D:\\myhexin-local\\opencorvus\\packages\\overlay\\src-tauri\\target\\release\\deps\\libstring_cache-a57313f7bd1bc5dc.rmeta"],"executable":null,"fresh":true}
{"reason":"compiler-artifact","package_id":"registry+https://github.com/rust-lang/crates.io-index#selectors@0.36.1","manifest_path":"C:\\Users\\hengu\\.cargo\\registry\\src\\index.crates.io-1949cf8c6b5b557f\\selectors-0.36.1\\Cargo.toml","target":{"kind":["custom-build"],"crate_types":["bin"],"name":"build-script-build","src_path":"C:\\Users\\hengu\\.cargo\\registry\\src\\index.crates.io-1949cf8c6b5b557f\\selectors-0.36.1\\build.rs","edition":"2021","doc":false,"doctest":false,"test":false},"profile":{"opt_level":"0","debuginfo":0,"debug_assertions":false,"overflow_checks":false,"test":false},"features":[],"filenames":["D:\\myhexin-local\\opencorvus\\packages\\overlay\\src-tauri\\target\\release\\build\\selectors-246f5e7e099d4f9d\\build-script-build.exe","D:\\myhexin-local\\opencorvus\\packages\\overlay\\src-tauri\\target\\release\\build\\selectors-246f5e7e099d4f9d\\build_script_build.pdb"],"executable":null,"fresh":true}
{"reason":"compiler-artifact","package_id":"registry+https://github.com/rust-lang/crates.io-index#phf@0.11.3","manifest_path":"C:\\Users\\hengu\\.cargo\\registry\\src\\index.crates.io-1949cf8c6b5b557f\\phf-0.11.3\\Cargo.toml","target":{"kind":["lib"],"crate_types":["lib"],"name":"phf","src_path":"C:\\Users\\hengu\\.cargo\\registry\\src\\index.crates.io-1949cf8c6b5b557f\\phf-0.11.3\\src\\lib.rs","edition":"2021","doc":true,"doctest":true,"test":false},"profile":{"opt_level":"0","debuginfo":0,"debug_assertions":false,"overflow_checks":false,"test":false},"features":["default","std"],"filenames":["D:\\myhexin-local\\opencorvus\\packages\\overlay\\src-tauri\\target\\release\\deps\\libphf-80b108bd3c19c709.rlib","D:\\myhexin-local\\opencorvus\\packages\\overlay\\src-tauri\\target\\release\\deps\\libphf-80b108bd3c19c709.rmeta"],"executable":null,"fresh":true}
{"reason":"compiler-artifact","package_id":"registry+https://github.com/rust-lang/crates.io-index#idna@1.1.0","manifest_path":"C:\\Users\\hengu\\.cargo\\registry\\src\\index.crates.io-1949cf8c6b5b557f\\idna-1.1.0\\Cargo.toml","target":{"kind":["lib"],"crate_types":["lib"],"name":"idna","src_path":"C:\\Users\\hengu\\.cargo\\registry\\src\\index.crates.io-1949cf8c6b5b557f\\idna-1.1.0\\src\\lib.rs","edition":"2018","doc":true,"doctest":false,"test":true},"profile":{"opt_level":"0","debuginfo":0,"debug_assertions":false,"overflow_checks":false,"test":false},"features":["alloc","compiled_data","std"],"filenames":["D:\\myhexin-local\\opencorvus\\packages\\overlay\\src-tauri\\target\\release\\deps\\libidna-f8580dff4b07ac89.rlib","D:\\myhexin-local\\opencorvus\\packages\\overlay\\src-tauri\\target\\release\\deps\\libidna-f8580dff4b07ac89.rmeta"],"executable":null,"fresh":true}
{"reason":"compiler-artifact","package_id":"registry+https://github.com/rust-lang/crates.io-index#indexmap@1.9.3","manifest_path":"C:\\Users\\hengu\\.cargo\\registry\\src\\index.crates.io-1949cf8c6b5b557f\\indexmap-1.9.3\\Cargo.toml","target":{"kind":["custom-build"],"crate_types":["bin"],"name":"build-script-build","src_path":"C:\\Users\\hengu\\.cargo\\registry\\src\\index.crates.io-1949cf8c6b5b557f\\indexmap-1.9.3\\build.rs","edition":"2021","doc":false,"doctest":false,"test":false},"profile":{"opt_level":"0","debuginfo":0,"debug_assertions":false,"overflow_checks":false,"test":false},"features":["serde","serde-1"],"filenames":["D:\\myhexin-local\\opencorvus\\packages\\overlay\\src-tauri\\target\\release\\build\\indexmap-2fe6acd6106bdfb7\\build-script-build.exe","D:\\myhexin-local\\opencorvus\\packages\\overlay\\src-tauri\\target\\release\\build\\indexmap-2fe6acd6106bdfb7\\build_script_build.pdb"],"executable":null,"fresh":true}
{"reason":"compiler-artifact","package_id":"registry+https://github.com/rust-lang/crates.io-index#derive_more-impl@2.1.1","manifest_path":"C:\\Users\\hengu\\.cargo\\registry\\src\\index.crates.io-1949cf8c6b5b557f\\derive_more-impl-2.1.1\\Cargo.toml","target":{"kind":["proc-macro"],"crate_types":["proc-macro"],"name":"derive_more_impl","src_path":"C:\\Users\\hengu\\.cargo\\registry\\src\\index.crates.io-1949cf8c6b5b557f\\derive_more-impl-2.1.1\\src\\lib.rs","edition":"2021","doc":true,"doctest":true,"test":true},"profile":{"opt_level":"0","debuginfo":0,"debug_assertions":false,"overflow_checks":false,"test":false},"features":["add","add_assign","default"],"filenames":["D:\\myhexin-local\\opencorvus\\packages\\overlay\\src-tauri\\target\\release\\deps\\derive_more_impl-7f4fc6251036e294.dll","D:\\myhexin-local\\opencorvus\\packages\\overlay\\src-tauri\\target\\release\\deps\\derive_more_impl-7f4fc6251036e294.dll.lib","D:\\myhexin-local\\opencorvus\\packages\\overlay\\src-tauri\\target\\release\\deps\\derive_more_impl-7f4fc6251036e294.dll.exp","D:\\myhexin-local\\opencorvus\\packages\\overlay\\src-tauri\\target\\release\\deps\\derive_more_impl-7f4fc6251036e294.pdb"],"executable":null,"fresh":true}
{"reason":"build-script-executed","package_id":"registry+https://github.com/rust-lang/crates.io-index#typeid@1.0.3","linked_libs":[],"linked_paths":[],"cfgs":[],"env":[],"out_dir":"D:\\myhexin-local\\opencorvus\\packages\\overlay\\src-tauri\\target\\release\\build\\typeid-f361a78be9340b87\\out"}
{"reason":"compiler-artifact","package_id":"registry+https://github.com/rust-lang/crates.io-index#aho-corasick@1.1.4","manifest_path":"C:\\Users\\hengu\\.cargo\\registry\\src\\index.crates.io-1949cf8c6b5b557f\\aho-corasick-1.1.4\\Cargo.toml","target":{"kind":["lib"],"crate_types":["lib"],"name":"aho_corasick","src_path":"C:\\Users\\hengu\\.cargo\\registry\\src\\index.crates.io-1949cf8c6b5b557f\\aho-corasick-1.1.4\\src\\lib.rs","edition":"2021","doc":true,"doctest":true,"test":true},"profile":{"opt_level":"0","debuginfo":0,"debug_assertions":false,"overflow_checks":false,"test":false},"features":["perf-literal","std"],"filenames":["D:\\myhexin-local\\opencorvus\\packages\\overlay\\src-tauri\\target\\release\\deps\\libaho_corasick-bffe9c319dea976b.rlib","D:\\myhexin-local\\opencorvus\\packages\\overlay\\src-tauri\\target\\release\\deps\\libaho_corasick-bffe9c319dea976b.rmeta"],"executable":null,"fresh":true}
{"reason":"compiler-artifact","package_id":"registry+https://github.com/rust-lang/crates.io-index#unic-char-range@0.9.0","manifest_path":"C:\\Users\\hengu\\.cargo\\registry\\src\\index.crates.io-1949cf8c6b5b557f\\unic-char-range-0.9.0\\Cargo.toml","target":{"kind":["lib"],"crate_types":["lib"],"name":"unic_char_range","src_path":"C:\\Users\\hengu\\.cargo\\registry\\src\\index.crates.io-1949cf8c6b5b557f\\unic-char-range-0.9.0\\src\\lib.rs","edition":"2018","doc":true,"doctest":true,"test":true},"profile":{"opt_level":"0","debuginfo":0,"debug_assertions":false,"overflow_checks":false,"test":false},"features":["default"],"filenames":["D:\\myhexin-local\\opencorvus\\packages\\overlay\\src-tauri\\target\\release\\deps\\libunic_char_range-1e54282c027a1fed.rlib","D:\\myhexin-local\\opencorvus\\packages\\overlay\\src-tauri\\target\\release\\deps\\libunic_char_range-1e54282c027a1fed.rmeta"],"executable":null,"fresh":true}
{"reason":"compiler-artifact","package_id":"registry+https://github.com/rust-lang/crates.io-index#regex-syntax@0.8.10","manifest_path":"C:\\Users\\hengu\\.cargo\\registry\\src\\index.crates.io-1949cf8c6b5b557f\\regex-syntax-0.8.10\\Cargo.toml","target":{"kind":["lib"],"crate_types":["lib"],"name":"regex_syntax","src_path":"C:\\Users\\hengu\\.cargo\\registry\\src\\index.crates.io-1949cf8c6b5b557f\\regex-syntax-0.8.10\\src\\lib.rs","edition":"2021","doc":true,"doctest":true,"test":true},"profile":{"opt_level":"0","debuginfo":0,"debug_assertions":false,"overflow_checks":false,"test":false},"features":["default","std","unicode","unicode-age","unicode-bool","unicode-case","unicode-gencat","unicode-perl","unicode-script","unicode-segment"],"filenames":["D:\\myhexin-local\\opencorvus\\packages\\overlay\\src-tauri\\target\\release\\deps\\libregex_syntax-56a4fb812ebe9ac2.rlib","D:\\myhexin-local\\opencorvus\\packages\\overlay\\src-tauri\\target\\release\\deps\\libregex_syntax-56a4fb812ebe9ac2.rmeta"],"executable":null,"fresh":true}
{"reason":"compiler-artifact","package_id":"registry+https://github.com/rust-lang/crates.io-index#camino@1.2.2","manifest_path":"C:\\Users\\hengu\\.cargo\\registry\\src\\index.crates.io-1949cf8c6b5b557f\\camino-1.2.2\\Cargo.toml","target":{"kind":["custom-build"],"crate_types":["bin"],"name":"build-script-build","src_path":"C:\\Users\\hengu\\.cargo\\registry\\src\\index.crates.io-1949cf8c6b5b557f\\camino-1.2.2\\build.rs","edition":"2021","doc":false,"doctest":false,"test":false},"profile":{"opt_level":"0","debuginfo":0,"debug_assertions":false,"overflow_checks":false,"test":false},"features":["serde1"],"filenames":["D:\\myhexin-local\\opencorvus\\packages\\overlay\\src-tauri\\target\\release\\build\\camino-b0e6d0ac4f8f0c10\\build-script-build.exe","D:\\myhexin-local\\opencorvus\\packages\\overlay\\src-tauri\\target\\release\\build\\camino-b0e6d0ac4f8f0c10\\build_script_build.pdb"],"executable":null,"fresh":true}
{"reason":"compiler-artifact","package_id":"registry+https://github.com/rust-lang/crates.io-index#nodrop@0.1.14","manifest_path":"C:\\Users\\hengu\\.cargo\\registry\\src\\index.crates.io-1949cf8c6b5b557f\\nodrop-0.1.14\\Cargo.toml","target":{"kind":["lib"],"crate_types":["lib"],"name":"nodrop","src_path":"C:\\Users\\hengu\\.cargo\\registry\\src\\index.crates.io-1949cf8c6b5b557f\\nodrop-0.1.14\\src\\lib.rs","edition":"2015","doc":true,"doctest":true,"test":true},"profile":{"opt_level":"0","debuginfo":0,"debug_assertions":false,"overflow_checks":false,"test":false},"features":["default","std"],"filenames":["D:\\myhexin-local\\opencorvus\\packages\\overlay\\src-tauri\\target\\release\\deps\\libnodrop-e8de18bacbf19e24.rlib","D:\\myhexin-local\\opencorvus\\packages\\overlay\\src-tauri\\target\\release\\deps\\libnodrop-e8de18bacbf19e24.rmeta"],"executable":null,"fresh":true}
{"reason":"compiler-artifact","package_id":"registry+https://github.com/rust-lang/crates.io-index#convert_case@0.4.0","manifest_path":"C:\\Users\\hengu\\.cargo\\registry\\src\\index.crates.io-1949cf8c6b5b557f\\convert_case-0.4.0\\Cargo.toml","target":{"kind":["lib"],"crate_types":["lib"],"name":"convert_case","src_path":"C:\\Users\\hengu\\.cargo\\registry\\src\\index.crates.io-1949cf8c6b5b557f\\convert_case-0.4.0\\src\\lib.rs","edition":"2018","doc":true,"doctest":true,"test":true},"profile":{"opt_level":"0","debuginfo":0,"debug_assertions":false,"overflow_checks":false,"test":false},"features":[],"filenames":["D:\\myhexin-local\\opencorvus\\packages\\overlay\\src-tauri\\target\\release\\deps\\libconvert_case-f20ad34c65c83e59.rlib","D:\\myhexin-local\\opencorvus\\packages\\overlay\\src-tauri\\target\\release\\deps\\libconvert_case-f20ad34c65c83e59.rmeta"],"executable":null,"fresh":true}
{"reason":"compiler-artifact","package_id":"registry+https://github.com/rust-lang/crates.io-index#equivalent@1.0.2","manifest_path":"C:\\Users\\hengu\\.cargo\\registry\\src\\index.crates.io-1949cf8c6b5b557f\\equivalent-1.0.2\\Cargo.toml","target":{"kind":["lib"],"crate_types":["lib"],"name":"equivalent","src_path":"C:\\Users\\hengu\\.cargo\\registry\\src\\index.crates.io-1949cf8c6b5b557f\\equivalent-1.0.2\\src\\lib.rs","edition":"2015","doc":true,"doctest":true,"test":true},"profile":{"opt_level":"0","debuginfo":0,"debug_assertions":false,"overflow_checks":false,"test":false},"features":[],"filenames":["D:\\myhexin-local\\opencorvus\\packages\\overlay\\src-tauri\\target\\release\\deps\\libequivalent-ff2d10727aca1cf6.rlib","D:\\myhexin-local\\opencorvus\\packages\\overlay\\src-tauri\\target\\release\\deps\\libequivalent-ff2d10727aca1cf6.rmeta"],"executable":null,"fresh":true}
{"reason":"compiler-artifact","package_id":"registry+https://github.com/rust-lang/crates.io-index#unic-common@0.9.0","manifest_path":"C:\\Users\\hengu\\.cargo\\registry\\src\\index.crates.io-1949cf8c6b5b557f\\unic-common-0.9.0\\Cargo.toml","target":{"kind":["lib"],"crate_types":["lib"],"name":"unic_common","src_path":"C:\\Users\\hengu\\.cargo\\registry\\src\\index.crates.io-1949cf8c6b5b557f\\unic-common-0.9.0\\src\\lib.rs","edition":"2018","doc":true,"doctest":true,"test":true},"profile":{"opt_level":"0","debuginfo":0,"debug_assertions":false,"overflow_checks":false,"test":false},"features":["default"],"filenames":["D:\\myhexin-local\\opencorvus\\packages\\overlay\\src-tauri\\target\\release\\deps\\libunic_common-30cd21245a594ae5.rlib","D:\\myhexin-local\\opencorvus\\packages\\overlay\\src-tauri\\target\\release\\deps\\libunic_common-30cd21245a594ae5.rmeta"],"executable":null,"fresh":true}
{"reason":"compiler-artifact","package_id":"registry+https://github.com/rust-lang/crates.io-index#alloc-no-stdlib@2.0.4","manifest_path":"C:\\Users\\hengu\\.cargo\\registry\\src\\index.crates.io-1949cf8c6b5b557f\\alloc-no-stdlib-2.0.4\\Cargo.toml","target":{"kind":["lib"],"crate_types":["lib"],"name":"alloc_no_stdlib","src_path":"C:\\Users\\hengu\\.cargo\\registry\\src\\index.crates.io-1949cf8c6b5b557f\\alloc-no-stdlib-2.0.4\\src\\lib.rs","edition":"2015","doc":true,"doctest":true,"test":true},"profile":{"opt_level":"0","debuginfo":0,"debug_assertions":false,"overflow_checks":false,"test":false},"features":[],"filenames":["D:\\myhexin-local\\opencorvus\\packages\\overlay\\src-tauri\\target\\release\\deps\\liballoc_no_stdlib-f8ddbeb384e0287e.rlib","D:\\myhexin-local\\opencorvus\\packages\\overlay\\src-tauri\\target\\release\\deps\\liballoc_no_stdlib-f8ddbeb384e0287e.rmeta"],"executable":null,"fresh":true}
{"reason":"compiler-artifact","package_id":"registry+https://github.com/rust-lang/crates.io-index#windows_x86_64_msvc@0.52.6","manifest_path":"C:\\Users\\hengu\\.cargo\\registry\\src\\index.crates.io-1949cf8c6b5b557f\\windows_x86_64_msvc-0.52.6\\Cargo.toml","target":{"kind":["custom-build"],"crate_types":["bin"],"name":"build-script-build","src_path":"C:\\Users\\hengu\\.cargo\\registry\\src\\index.crates.io-1949cf8c6b5b557f\\windows_x86_64_msvc-0.52.6\\build.rs","edition":"2021","doc":false,"doctest":false,"test":false},"profile":{"opt_level":"0","debuginfo":0,"debug_assertions":false,"overflow_checks":false,"test":false},"features":[],"filenames":["D:\\myhexin-local\\opencorvus\\packages\\overlay\\src-tauri\\target\\release\\build\\windows_x86_64_msvc-f97ad180560de3c9\\build-script-build.exe","D:\\myhexin-local\\opencorvus\\packages\\overlay\\src-tauri\\target\\release\\build\\windows_x86_64_msvc-f97ad180560de3c9\\build_script_build.pdb"],"executable":null,"fresh":true}
{"reason":"compiler-artifact","package_id":"registry+https://github.com/rust-lang/crates.io-index#matches@0.1.10","manifest_path":"C:\\Users\\hengu\\.cargo\\registry\\src\\index.crates.io-1949cf8c6b5b557f\\matches-0.1.10\\Cargo.toml","target":{"kind":["lib"],"crate_types":["lib"],"name":"matches","src_path":"C:\\Users\\hengu\\.cargo\\registry\\src\\index.crates.io-1949cf8c6b5b557f\\matches-0.1.10\\lib.rs","edition":"2015","doc":true,"doctest":true,"test":true},"profile":{"opt_level":"0","debuginfo":0,"debug_assertions":false,"overflow_checks":false,"test":false},"features":[],"filenames":["D:\\myhexin-local\\opencorvus\\packages\\overlay\\src-tauri\\target\\release\\deps\\libmatches-f0f135ff2e9b83a7.rlib","D:\\myhexin-local\\opencorvus\\packages\\overlay\\src-tauri\\target\\release\\deps\\libmatches-f0f135ff2e9b83a7.rmeta"],"executable":null,"fresh":true}
{"reason":"compiler-artifact","package_id":"registry+https://github.com/rust-lang/crates.io-index#powerfmt@0.2.0","manifest_path":"C:\\Users\\hengu\\.cargo\\registry\\src\\index.crates.io-1949cf8c6b5b557f\\powerfmt-0.2.0\\Cargo.toml","target":{"kind":["lib"],"crate_types":["lib"],"name":"powerfmt","src_path":"C:\\Users\\hengu\\.cargo\\registry\\src\\index.crates.io-1949cf8c6b5b557f\\powerfmt-0.2.0\\src\\lib.rs","edition":"2021","doc":true,"doctest":true,"test":true},"profile":{"opt_level":"0","debuginfo":0,"debug_assertions":false,"overflow_checks":false,"test":false},"features":[],"filenames":["D:\\myhexin-local\\opencorvus\\packages\\overlay\\src-tauri\\target\\release\\deps\\libpowerfmt-003cb19b162775bc.rlib","D:\\myhexin-local\\opencorvus\\packages\\overlay\\src-tauri\\target\\release\\deps\\libpowerfmt-003cb19b162775bc.rmeta"],"executable":null,"fresh":true}
{"reason":"compiler-artifact","package_id":"registry+https://github.com/rust-lang/crates.io-index#hashbrown@0.16.1","manifest_path":"C:\\Users\\hengu\\.cargo\\registry\\src\\index.crates.io-1949cf8c6b5b557f\\hashbrown-0.16.1\\Cargo.toml","target":{"kind":["lib"],"crate_types":["lib"],"name":"hashbrown","src_path":"C:\\Users\\hengu\\.cargo\\registry\\src\\index.crates.io-1949cf8c6b5b557f\\hashbrown-0.16.1\\src\\lib.rs","edition":"2021","doc":true,"doctest":true,"test":true},"profile":{"opt_level":"0","debuginfo":0,"debug_assertions":false,"overflow_checks":false,"test":false},"features":[],"filenames":["D:\\myhexin-local\\opencorvus\\packages\\overlay\\src-tauri\\target\\release\\deps\\libhashbrown-c414e4b975196b25.rlib","D:\\myhexin-local\\opencorvus\\packages\\overlay\\src-tauri\\target\\release\\deps\\libhashbrown-c414e4b975196b25.rmeta"],"executable":null,"fresh":true}
{"reason":"build-script-executed","package_id":"registry+https://github.com/rust-lang/crates.io-index#camino@1.2.2","linked_libs":[],"linked_paths":[],"cfgs":["try_reserve_2","path_buf_deref_mut","os_str_bytes","absolute_path","os_string_pathbuf_leak","path_add_extension","pathbuf_const_new"],"env":[],"out_dir":"D:\\myhexin-local\\opencorvus\\packages\\overlay\\src-tauri\\target\\release\\build\\camino-357beced29e8fa81\\out"}
{"reason":"compiler-artifact","package_id":"registry+https://github.com/rust-lang/crates.io-index#derive_more@2.1.1","manifest_path":"C:\\Users\\hengu\\.cargo\\registry\\src\\index.crates.io-1949cf8c6b5b557f\\derive_more-2.1.1\\Cargo.toml","target":{"kind":["lib"],"crate_types":["lib"],"name":"derive_more","src_path":"C:\\Users\\hengu\\.cargo\\registry\\src\\index.crates.io-1949cf8c6b5b557f\\derive_more-2.1.1\\src\\lib.rs","edition":"2021","doc":true,"doctest":true,"test":true},"profile":{"opt_level":"0","debuginfo":0,"debug_assertions":false,"overflow_checks":false,"test":false},"features":["add","add_assign","default","std"],"filenames":["D:\\myhexin-local\\opencorvus\\packages\\overlay\\src-tauri\\target\\release\\deps\\libderive_more-d31571fd09321429.rlib","D:\\myhexin-local\\opencorvus\\packages\\overlay\\src-tauri\\target\\release\\deps\\libderive_more-d31571fd09321429.rmeta"],"executable":null,"fresh":true}
{"reason":"compiler-artifact","package_id":"registry+https://github.com/rust-lang/crates.io-index#servo_arc@0.2.0","manifest_path":"C:\\Users\\hengu\\.cargo\\registry\\src\\index.crates.io-1949cf8c6b5b557f\\servo_arc-0.2.0\\Cargo.toml","target":{"kind":["lib"],"crate_types":["lib"],"name":"servo_arc","src_path":"C:\\Users\\hengu\\.cargo\\registry\\src\\index.crates.io-1949cf8c6b5b557f\\servo_arc-0.2.0\\lib.rs","edition":"2015","doc":true,"doctest":true,"test":true},"profile":{"opt_level":"0","debuginfo":0,"debug_assertions":false,"overflow_checks":false,"test":false},"features":[],"filenames":["D:\\myhexin-local\\opencorvus\\packages\\overlay\\src-tauri\\target\\release\\deps\\libservo_arc-b64ebafec2dcbc11.rlib","D:\\myhexin-local\\opencorvus\\packages\\overlay\\src-tauri\\target\\release\\deps\\libservo_arc-b64ebafec2dcbc11.rmeta"],"executable":null,"fresh":true}
{"reason":"compiler-artifact","package_id":"registry+https://github.com/rust-lang/crates.io-index#deranged@0.5.8","manifest_path":"C:\\Users\\hengu\\.cargo\\registry\\src\\index.crates.io-1949cf8c6b5b557f\\deranged-0.5.8\\Cargo.toml","target":{"kind":["lib"],"crate_types":["lib"],"name":"deranged","src_path":"C:\\Users\\hengu\\.cargo\\registry\\src\\index.crates.io-1949cf8c6b5b557f\\deranged-0.5.8\\src\\lib.rs","edition":"2021","doc":true,"doctest":true,"test":true},"profile":{"opt_level":"0","debuginfo":0,"debug_assertions":false,"overflow_checks":false,"test":false},"features":["default","powerfmt"],"filenames":["D:\\myhexin-local\\opencorvus\\packages\\overlay\\src-tauri\\target\\release\\deps\\libderanged-8690d0a4ea1ef36f.rlib","D:\\myhexin-local\\opencorvus\\packages\\overlay\\src-tauri\\target\\release\\deps\\libderanged-8690d0a4ea1ef36f.rmeta"],"executable":null,"fresh":true}
{"reason":"compiler-artifact","package_id":"registry+https://github.com/rust-lang/crates.io-index#unic-ucd-version@0.9.0","manifest_path":"C:\\Users\\hengu\\.cargo\\registry\\src\\index.crates.io-1949cf8c6b5b557f\\unic-ucd-version-0.9.0\\Cargo.toml","target":{"kind":["lib"],"crate_types":["lib"],"name":"unic_ucd_version","src_path":"C:\\Users\\hengu\\.cargo\\registry\\src\\index.crates.io-1949cf8c6b5b557f\\unic-ucd-version-0.9.0\\src\\lib.rs","edition":"2018","doc":true,"doctest":true,"test":true},"profile":{"opt_level":"0","debuginfo":0,"debug_assertions":false,"overflow_checks":false,"test":false},"features":[],"filenames":["D:\\myhexin-local\\opencorvus\\packages\\overlay\\src-tauri\\target\\release\\deps\\libunic_ucd_version-6b3cce5ed89656b7.rlib","D:\\myhexin-local\\opencorvus\\packages\\overlay\\src-tauri\\target\\release\\deps\\libunic_ucd_version-6b3cce5ed89656b7.rmeta"],"executable":null,"fresh":true}
{"reason":"compiler-artifact","package_id":"registry+https://github.com/rust-lang/crates.io-index#alloc-stdlib@0.2.2","manifest_path":"C:\\Users\\hengu\\.cargo\\registry\\src\\index.crates.io-1949cf8c6b5b557f\\alloc-stdlib-0.2.2\\Cargo.toml","target":{"kind":["lib"],"crate_types":["lib"],"name":"alloc_stdlib","src_path":"C:\\Users\\hengu\\.cargo\\registry\\src\\index.crates.io-1949cf8c6b5b557f\\alloc-stdlib-0.2.2\\src\\lib.rs","edition":"2015","doc":true,"doctest":true,"test":true},"profile":{"opt_level":"0","debuginfo":0,"debug_assertions":false,"overflow_checks":false,"test":false},"features":[],"filenames":["D:\\myhexin-local\\opencorvus\\packages\\overlay\\src-tauri\\target\\release\\deps\\liballoc_stdlib-5a5e9501ca2f99c7.rlib","D:\\myhexin-local\\opencorvus\\packages\\overlay\\src-tauri\\target\\release\\deps\\liballoc_stdlib-5a5e9501ca2f99c7.rmeta"],"executable":null,"fresh":true}
{"reason":"compiler-artifact","package_id":"registry+https://github.com/rust-lang/crates.io-index#indexmap@2.13.0","manifest_path":"C:\\Users\\hengu\\.cargo\\registry\\src\\index.crates.io-1949cf8c6b5b557f\\indexmap-2.13.0\\Cargo.toml","target":{"kind":["lib"],"crate_types":["lib"],"name":"indexmap","src_path":"C:\\Users\\hengu\\.cargo\\registry\\src\\index.crates.io-1949cf8c6b5b557f\\indexmap-2.13.0\\src\\lib.rs","edition":"2021","doc":true,"doctest":true,"test":true},"profile":{"opt_level":"0","debuginfo":0,"debug_assertions":false,"overflow_checks":false,"test":false},"features":["default","std"],"filenames":["D:\\myhexin-local\\opencorvus\\packages\\overlay\\src-tauri\\target\\release\\deps\\libindexmap-97fb1a9e15686b14.rlib","D:\\myhexin-local\\opencorvus\\packages\\overlay\\src-tauri\\target\\release\\deps\\libindexmap-97fb1a9e15686b14.rmeta"],"executable":null,"fresh":true}
{"reason":"compiler-artifact","package_id":"registry+https://github.com/rust-lang/crates.io-index#unic-char-property@0.9.0","manifest_path":"C:\\Users\\hengu\\.cargo\\registry\\src\\index.crates.io-1949cf8c6b5b557f\\unic-char-property-0.9.0\\Cargo.toml","target":{"kind":["lib"],"crate_types":["lib"],"name":"unic_char_property","src_path":"C:\\Users\\hengu\\.cargo\\registry\\src\\index.crates.io-1949cf8c6b5b557f\\unic-char-property-0.9.0\\src\\lib.rs","edition":"2018","doc":true,"doctest":true,"test":true},"profile":{"opt_level":"0","debuginfo":0,"debug_assertions":false,"overflow_checks":false,"test":false},"features":[],"filenames":["D:\\myhexin-local\\opencorvus\\packages\\overlay\\src-tauri\\target\\release\\deps\\libunic_char_property-c284b6908a09a9d6.rlib","D:\\myhexin-local\\opencorvus\\packages\\overlay\\src-tauri\\target\\release\\deps\\libunic_char_property-c284b6908a09a9d6.rmeta"],"executable":null,"fresh":true}
{"reason":"compiler-artifact","package_id":"registry+https://github.com/rust-lang/crates.io-index#typeid@1.0.3","manifest_path":"C:\\Users\\hengu\\.cargo\\registry\\src\\index.crates.io-1949cf8c6b5b557f\\typeid-1.0.3\\Cargo.toml","target":{"kind":["lib"],"crate_types":["lib"],"name":"typeid","src_path":"C:\\Users\\hengu\\.cargo\\registry\\src\\index.crates.io-1949cf8c6b5b557f\\typeid-1.0.3\\src\\lib.rs","edition":"2018","doc":true,"doctest":true,"test":true},"profile":{"opt_level":"0","debuginfo":0,"debug_assertions":false,"overflow_checks":false,"test":false},"features":[],"filenames":["D:\\myhexin-local\\opencorvus\\packages\\overlay\\src-tauri\\target\\release\\deps\\libtypeid-7e816713cd8d7d21.rlib","D:\\myhexin-local\\opencorvus\\packages\\overlay\\src-tauri\\target\\release\\deps\\libtypeid-7e816713cd8d7d21.rmeta"],"executable":null,"fresh":true}
{"reason":"compiler-artifact","package_id":"registry+https://github.com/rust-lang/crates.io-index#url@2.5.8","manifest_path":"C:\\Users\\hengu\\.cargo\\registry\\src\\index.crates.io-1949cf8c6b5b557f\\url-2.5.8\\Cargo.toml","target":{"kind":["lib"],"crate_types":["lib"],"name":"url","src_path":"C:\\Users\\hengu\\.cargo\\registry\\src\\index.crates.io-1949cf8c6b5b557f\\url-2.5.8\\src\\lib.rs","edition":"2018","doc":true,"doctest":true,"test":true},"profile":{"opt_level":"0","debuginfo":0,"debug_assertions":false,"overflow_checks":false,"test":false},"features":["default","serde","std"],"filenames":["D:\\myhexin-local\\opencorvus\\packages\\overlay\\src-tauri\\target\\release\\deps\\liburl-2525c23f45819aa9.rlib","D:\\myhexin-local\\opencorvus\\packages\\overlay\\src-tauri\\target\\release\\deps\\liburl-2525c23f45819aa9.rmeta"],"executable":null,"fresh":true}
{"reason":"build-script-executed","package_id":"registry+https://github.com/rust-lang/crates.io-index#indexmap@1.9.3","linked_libs":[],"linked_paths":[],"cfgs":["has_std"],"env":[],"out_dir":"D:\\myhexin-local\\opencorvus\\packages\\overlay\\src-tauri\\target\\release\\build\\indexmap-5b07d83a029c483f\\out"}
{"reason":"compiler-artifact","package_id":"registry+https://github.com/rust-lang/crates.io-index#derive_more@0.99.20","manifest_path":"C:\\Users\\hengu\\.cargo\\registry\\src\\index.crates.io-1949cf8c6b5b557f\\derive_more-0.99.20\\Cargo.toml","target":{"kind":["proc-macro"],"crate_types":["proc-macro"],"name":"derive_more","src_path":"C:\\Users\\hengu\\.cargo\\registry\\src\\index.crates.io-1949cf8c6b5b557f\\derive_more-0.99.20\\src\\lib.rs","edition":"2018","doc":true,"doctest":true,"test":true},"profile":{"opt_level":"0","debuginfo":0,"debug_assertions":false,"overflow_checks":false,"test":false},"features":["add","add_assign","as_mut","as_ref","constructor","convert_case","default","deref","deref_mut","display","error","from","from_str","index","index_mut","into","into_iterator","is_variant","iterator","mul","mul_assign","not","rustc_version","sum","try_into","unwrap"],"filenames":["D:\\myhexin-local\\opencorvus\\packages\\overlay\\src-tauri\\target\\release\\deps\\derive_more-07ed9d83d8189732.dll","D:\\myhexin-local\\opencorvus\\packages\\overlay\\src-tauri\\target\\release\\deps\\derive_more-07ed9d83d8189732.dll.lib","D:\\myhexin-local\\opencorvus\\packages\\overlay\\src-tauri\\target\\release\\deps\\derive_more-07ed9d83d8189732.dll.exp","D:\\myhexin-local\\opencorvus\\packages\\overlay\\src-tauri\\target\\release\\deps\\derive_more-07ed9d83d8189732.pdb"],"executable":null,"fresh":true}
{"reason":"compiler-artifact","package_id":"registry+https://github.com/rust-lang/crates.io-index#regex-automata@0.4.14","manifest_path":"C:\\Users\\hengu\\.cargo\\registry\\src\\index.crates.io-1949cf8c6b5b557f\\regex-automata-0.4.14\\Cargo.toml","target":{"kind":["lib"],"crate_types":["lib"],"name":"regex_automata","src_path":"C:\\Users\\hengu\\.cargo\\registry\\src\\index.crates.io-1949cf8c6b5b557f\\regex-automata-0.4.14\\src\\lib.rs","edition":"2021","doc":true,"doctest":true,"test":true},"profile":{"opt_level":"0","debuginfo":0,"debug_assertions":false,"overflow_checks":false,"test":false},"features":["alloc","dfa-onepass","hybrid","meta","nfa-backtrack","nfa-pikevm","nfa-thompson","perf-inline","perf-literal","perf-literal-multisubstring","perf-literal-substring","std","syntax","unicode","unicode-age","unicode-bool","unicode-case","unicode-gencat","unicode-perl","unicode-script","unicode-segment","unicode-word-boundary"],"filenames":["D:\\myhexin-local\\opencorvus\\packages\\overlay\\src-tauri\\target\\release\\deps\\libregex_automata-87d8713d07fd92ed.rlib","D:\\myhexin-local\\opencorvus\\packages\\overlay\\src-tauri\\target\\release\\deps\\libregex_automata-87d8713d07fd92ed.rmeta"],"executable":null,"fresh":true}
{"reason":"compiler-artifact","package_id":"registry+https://github.com/rust-lang/crates.io-index#markup5ever@0.38.0","manifest_path":"C:\\Users\\hengu\\.cargo\\registry\\src\\index.crates.io-1949cf8c6b5b557f\\markup5ever-0.38.0\\Cargo.toml","target":{"kind":["lib"],"crate_types":["lib"],"name":"markup5ever","src_path":"C:\\Users\\hengu\\.cargo\\registry\\src\\index.crates.io-1949cf8c6b5b557f\\markup5ever-0.38.0\\lib.rs","edition":"2021","doc":true,"doctest":true,"test":true},"profile":{"opt_level":"0","debuginfo":0,"debug_assertions":false,"overflow_checks":false,"test":false},"features":[],"filenames":["D:\\myhexin-local\\opencorvus\\packages\\overlay\\src-tauri\\target\\release\\deps\\libmarkup5ever-943cad3be59a9b7c.rlib","D:\\myhexin-local\\opencorvus\\packages\\overlay\\src-tauri\\target\\release\\deps\\libmarkup5ever-943cad3be59a9b7c.rmeta"],"executable":null,"fresh":true}
{"reason":"build-script-executed","package_id":"registry+https://github.com/rust-lang/crates.io-index#selectors@0.36.1","linked_libs":[],"linked_paths":[],"cfgs":[],"env":[],"out_dir":"D:\\myhexin-local\\opencorvus\\packages\\overlay\\src-tauri\\target\\release\\build\\selectors-55d3dbdf17b4bae5\\out"}
{"reason":"build-script-executed","package_id":"registry+https://github.com/rust-lang/crates.io-index#selectors@0.24.0","linked_libs":[],"linked_paths":[],"cfgs":[],"env":[],"out_dir":"D:\\myhexin-local\\opencorvus\\packages\\overlay\\src-tauri\\target\\release\\build\\selectors-27be85026d29a721\\out"}
{"reason":"compiler-artifact","package_id":"registry+https://github.com/rust-lang/crates.io-index#winapi-util@0.1.11","manifest_path":"C:\\Users\\hengu\\.cargo\\registry\\src\\index.crates.io-1949cf8c6b5b557f\\winapi-util-0.1.11\\Cargo.toml","target":{"kind":["lib"],"crate_types":["lib"],"name":"winapi_util","src_path":"C:\\Users\\hengu\\.cargo\\registry\\src\\index.crates.io-1949cf8c6b5b557f\\winapi-util-0.1.11\\src\\lib.rs","edition":"2021","doc":true,"doctest":true,"test":true},"profile":{"opt_level":"0","debuginfo":0,"debug_assertions":false,"overflow_checks":false,"test":false},"features":[],"filenames":["D:\\myhexin-local\\opencorvus\\packages\\overlay\\src-tauri\\target\\release\\deps\\libwinapi_util-84718d925cf13e00.rlib","D:\\myhexin-local\\opencorvus\\packages\\overlay\\src-tauri\\target\\release\\deps\\libwinapi_util-84718d925cf13e00.rmeta"],"executable":null,"fresh":true}
{"reason":"compiler-artifact","package_id":"registry+https://github.com/rust-lang/crates.io-index#fxhash@0.2.1","manifest_path":"C:\\Users\\hengu\\.cargo\\registry\\src\\index.crates.io-1949cf8c6b5b557f\\fxhash-0.2.1\\Cargo.toml","target":{"kind":["lib"],"crate_types":["lib"],"name":"fxhash","src_path":"C:\\Users\\hengu\\.cargo\\registry\\src\\index.crates.io-1949cf8c6b5b557f\\fxhash-0.2.1\\lib.rs","edition":"2015","doc":true,"doctest":true,"test":true},"profile":{"opt_level":"0","debuginfo":0,"debug_assertions":false,"overflow_checks":false,"test":false},"features":[],"filenames":["D:\\myhexin-local\\opencorvus\\packages\\overlay\\src-tauri\\target\\release\\deps\\libfxhash-66a3c96bbfa32ce4.rlib","D:\\myhexin-local\\opencorvus\\packages\\overlay\\src-tauri\\target\\release\\deps\\libfxhash-66a3c96bbfa32ce4.rmeta"],"executable":null,"fresh":true}
{"reason":"compiler-artifact","package_id":"registry+https://github.com/rust-lang/crates.io-index#cssparser@0.36.0","manifest_path":"C:\\Users\\hengu\\.cargo\\registry\\src\\index.crates.io-1949cf8c6b5b557f\\cssparser-0.36.0\\Cargo.toml","target":{"kind":["lib"],"crate_types":["lib"],"name":"cssparser","src_path":"C:\\Users\\hengu\\.cargo\\registry\\src\\index.crates.io-1949cf8c6b5b557f\\cssparser-0.36.0\\src\\lib.rs","edition":"2018","doc":true,"doctest":true,"test":true},"profile":{"opt_level":"0","debuginfo":0,"debug_assertions":false,"overflow_checks":false,"test":false},"features":[],"filenames":["D:\\myhexin-local\\opencorvus\\packages\\overlay\\src-tauri\\target\\release\\deps\\libcssparser-e51381347613e2b5.rlib","D:\\myhexin-local\\opencorvus\\packages\\overlay\\src-tauri\\target\\release\\deps\\libcssparser-e51381347613e2b5.rmeta"],"executable":null,"fresh":true}
{"reason":"compiler-artifact","package_id":"registry+https://github.com/rust-lang/crates.io-index#phf@0.8.0","manifest_path":"C:\\Users\\hengu\\.cargo\\registry\\src\\index.crates.io-1949cf8c6b5b557f\\phf-0.8.0\\Cargo.toml","target":{"kind":["lib"],"crate_types":["lib"],"name":"phf","src_path":"C:\\Users\\hengu\\.cargo\\registry\\src\\index.crates.io-1949cf8c6b5b557f\\phf-0.8.0\\src\\lib.rs","edition":"2018","doc":true,"doctest":true,"test":false},"profile":{"opt_level":"0","debuginfo":0,"debug_assertions":false,"overflow_checks":false,"test":false},"features":["default","std"],"filenames":["D:\\myhexin-local\\opencorvus\\packages\\overlay\\src-tauri\\target\\release\\deps\\libphf-f007a85d868a5798.rlib","D:\\myhexin-local\\opencorvus\\packages\\overlay\\src-tauri\\target\\release\\deps\\libphf-f007a85d868a5798.rmeta"],"executable":null,"fresh":true}
{"reason":"build-script-executed","package_id":"registry+https://github.com/rust-lang/crates.io-index#erased-serde@0.4.10","linked_libs":[],"linked_paths":[],"cfgs":[],"env":[],"out_dir":"D:\\myhexin-local\\opencorvus\\packages\\overlay\\src-tauri\\target\\release\\build\\erased-serde-17debf49843800d3\\out"}
{"reason":"build-script-executed","package_id":"registry+https://github.com/rust-lang/crates.io-index#thiserror@1.0.69","linked_libs":[],"linked_paths":[],"cfgs":[],"env":[],"out_dir":"D:\\myhexin-local\\opencorvus\\packages\\overlay\\src-tauri\\target\\release\\build\\thiserror-d1f5d20d58327d6c\\out"}
{"reason":"compiler-artifact","package_id":"registry+https://github.com/rust-lang/crates.io-index#match_token@0.1.0","manifest_path":"C:\\Users\\hengu\\.cargo\\registry\\src\\index.crates.io-1949cf8c6b5b557f\\match_token-0.1.0\\Cargo.toml","target":{"kind":["proc-macro"],"crate_types":["proc-macro"],"name":"match_token","src_path":"C:\\Users\\hengu\\.cargo\\registry\\src\\index.crates.io-1949cf8c6b5b557f\\match_token-0.1.0\\src\\lib.rs","edition":"2021","doc":true,"doctest":true,"test":true},"profile":{"opt_level":"0","debuginfo":0,"debug_assertions":false,"overflow_checks":false,"test":false},"features":[],"filenames":["D:\\myhexin-local\\opencorvus\\packages\\overlay\\src-tauri\\target\\release\\deps\\match_token-e04b93e7e13703f2.dll","D:\\myhexin-local\\opencorvus\\packages\\overlay\\src-tauri\\target\\release\\deps\\match_token-e04b93e7e13703f2.dll.lib","D:\\myhexin-local\\opencorvus\\packages\\overlay\\src-tauri\\target\\release\\deps\\match_token-e04b93e7e13703f2.dll.exp","D:\\myhexin-local\\opencorvus\\packages\\overlay\\src-tauri\\target\\release\\deps\\match_token-e04b93e7e13703f2.pdb"],"executable":null,"fresh":true}
{"reason":"compiler-artifact","package_id":"registry+https://github.com/rust-lang/crates.io-index#windows-sys@0.61.2","manifest_path":"C:\\Users\\hengu\\.cargo\\registry\\src\\index.crates.io-1949cf8c6b5b557f\\windows-sys-0.61.2\\Cargo.toml","target":{"kind":["lib"],"crate_types":["lib"],"name":"windows_sys","src_path":"C:\\Users\\hengu\\.cargo\\registry\\src\\index.crates.io-1949cf8c6b5b557f\\windows-sys-0.61.2\\src\\lib.rs","edition":"2021","doc":true,"doctest":false,"test":false},"profile":{"opt_level":"s","debuginfo":0,"debug_assertions":false,"overflow_checks":false,"test":false},"features":["Wdk","Wdk_Foundation","Wdk_Storage","Wdk_Storage_FileSystem","Wdk_System","Wdk_System_IO","Win32","Win32_Foundation","Win32_Globalization","Win32_Graphics","Win32_Graphics_Gdi","Win32_Networking","Win32_Networking_WinSock","Win32_Security","Win32_Security_Cryptography","Win32_Storage","Win32_Storage_FileSystem","Win32_System","Win32_System_Com","Win32_System_Console","Win32_System_IO","Win32_System_LibraryLoader","Win32_System_Pipes","Win32_System_SystemInformation","Win32_System_SystemServices","Win32_System_Threading","Win32_System_WindowsProgramming","Win32_UI","Win32_UI_Accessibility","Win32_UI_Controls","Win32_UI_HiDpi","Win32_UI_Input","Win32_UI_Input_KeyboardAndMouse","Win32_UI_Shell","Win32_UI_WindowsAndMessaging","default"],"filenames":["D:\\myhexin-local\\opencorvus\\packages\\overlay\\src-tauri\\target\\release\\deps\\libwindows_sys-b76f994feab68494.rlib","D:\\myhexin-local\\opencorvus\\packages\\overlay\\src-tauri\\target\\release\\deps\\libwindows_sys-b76f994feab68494.rmeta"],"executable":null,"fresh":true}
{"reason":"compiler-artifact","package_id":"registry+https://github.com/rust-lang/crates.io-index#serde_derive_internals@0.29.1","manifest_path":"C:\\Users\\hengu\\.cargo\\registry\\src\\index.crates.io-1949cf8c6b5b557f\\serde_derive_internals-0.29.1\\Cargo.toml","target":{"kind":["lib"],"crate_types":["lib"],"name":"serde_derive_internals","src_path":"C:\\Users\\hengu\\.cargo\\registry\\src\\index.crates.io-1949cf8c6b5b557f\\serde_derive_internals-0.29.1\\lib.rs","edition":"2015","doc":true,"doctest":true,"test":true},"profile":{"opt_level":"0","debuginfo":0,"debug_assertions":false,"overflow_checks":false,"test":false},"features":[],"filenames":["D:\\myhexin-local\\opencorvus\\packages\\overlay\\src-tauri\\target\\release\\deps\\libserde_derive_internals-de5dbaffb8dda079.rlib","D:\\myhexin-local\\opencorvus\\packages\\overlay\\src-tauri\\target\\release\\deps\\libserde_derive_internals-de5dbaffb8dda079.rmeta"],"executable":null,"fresh":true}
{"reason":"compiler-artifact","package_id":"registry+https://github.com/rust-lang/crates.io-index#servo_arc@0.4.3","manifest_path":"C:\\Users\\hengu\\.cargo\\registry\\src\\index.crates.io-1949cf8c6b5b557f\\servo_arc-0.4.3\\Cargo.toml","target":{"kind":["lib"],"crate_types":["lib"],"name":"servo_arc","src_path":"C:\\Users\\hengu\\.cargo\\registry\\src\\index.crates.io-1949cf8c6b5b557f\\servo_arc-0.4.3\\lib.rs","edition":"2021","doc":true,"doctest":true,"test":true},"profile":{"opt_level":"0","debuginfo":0,"debug_assertions":false,"overflow_checks":false,"test":false},"features":["default","track_alloc_size"],"filenames":["D:\\myhexin-local\\opencorvus\\packages\\overlay\\src-tauri\\target\\release\\deps\\libservo_arc-2616d4fa4d1c14ed.rlib","D:\\myhexin-local\\opencorvus\\packages\\overlay\\src-tauri\\target\\release\\deps\\libservo_arc-2616d4fa4d1c14ed.rmeta"],"executable":null,"fresh":true}
{"reason":"compiler-artifact","package_id":"registry+https://github.com/rust-lang/crates.io-index#bitflags@2.11.0","manifest_path":"C:\\Users\\hengu\\.cargo\\registry\\src\\index.crates.io-1949cf8c6b5b557f\\bitflags-2.11.0\\Cargo.toml","target":{"kind":["lib"],"crate_types":["lib"],"name":"bitflags","src_path":"C:\\Users\\hengu\\.cargo\\registry\\src\\index.crates.io-1949cf8c6b5b557f\\bitflags-2.11.0\\src\\lib.rs","edition":"2021","doc":true,"doctest":true,"test":true},"profile":{"opt_level":"0","debuginfo":0,"debug_assertions":false,"overflow_checks":false,"test":false},"features":[],"filenames":["D:\\myhexin-local\\opencorvus\\packages\\overlay\\src-tauri\\target\\release\\deps\\libbitflags-98c3e434ab08d926.rlib","D:\\myhexin-local\\opencorvus\\packages\\overlay\\src-tauri\\target\\release\\deps\\libbitflags-98c3e434ab08d926.rmeta"],"executable":null,"fresh":true}
{"reason":"compiler-artifact","package_id":"registry+https://github.com/rust-lang/crates.io-index#schemars@0.8.22","manifest_path":"C:\\Users\\hengu\\.cargo\\registry\\src\\index.crates.io-1949cf8c6b5b557f\\schemars-0.8.22\\Cargo.toml","target":{"kind":["custom-build"],"crate_types":["bin"],"name":"build-script-build","src_path":"C:\\Users\\hengu\\.cargo\\registry\\src\\index.crates.io-1949cf8c6b5b557f\\schemars-0.8.22\\build.rs","edition":"2021","doc":false,"doctest":false,"test":false},"profile":{"opt_level":"0","debuginfo":0,"debug_assertions":false,"overflow_checks":false,"test":false},"features":["default","derive","indexmap","preserve_order","schemars_derive","url","uuid1"],"filenames":["D:\\myhexin-local\\opencorvus\\packages\\overlay\\src-tauri\\target\\release\\build\\schemars-556392506e8bf8cc\\build-script-build.exe","D:\\myhexin-local\\opencorvus\\packages\\overlay\\src-tauri\\target\\release\\build\\schemars-556392506e8bf8cc\\build_script_build.pdb"],"executable":null,"fresh":true}
{"reason":"compiler-artifact","package_id":"registry+https://github.com/rust-lang/crates.io-index#fnv@1.0.7","manifest_path":"C:\\Users\\hengu\\.cargo\\registry\\src\\index.crates.io-1949cf8c6b5b557f\\fnv-1.0.7\\Cargo.toml","target":{"kind":["lib"],"crate_types":["lib"],"name":"fnv","src_path":"C:\\Users\\hengu\\.cargo\\registry\\src\\index.crates.io-1949cf8c6b5b557f\\fnv-1.0.7\\lib.rs","edition":"2015","doc":true,"doctest":true,"test":true},"profile":{"opt_level":"0","debuginfo":0,"debug_assertions":false,"overflow_checks":false,"test":false},"features":["default","std"],"filenames":["D:\\myhexin-local\\opencorvus\\packages\\overlay\\src-tauri\\target\\release\\deps\\libfnv-1e9c6d4da75336bc.rlib","D:\\myhexin-local\\opencorvus\\packages\\overlay\\src-tauri\\target\\release\\deps\\libfnv-1e9c6d4da75336bc.rmeta"],"executable":null,"fresh":true}
{"reason":"compiler-artifact","package_id":"registry+https://github.com/rust-lang/crates.io-index#hashbrown@0.12.3","manifest_path":"C:\\Users\\hengu\\.cargo\\registry\\src\\index.crates.io-1949cf8c6b5b557f\\hashbrown-0.12.3\\Cargo.toml","target":{"kind":["lib"],"crate_types":["lib"],"name":"hashbrown","src_path":"C:\\Users\\hengu\\.cargo\\registry\\src\\index.crates.io-1949cf8c6b5b557f\\hashbrown-0.12.3\\src\\lib.rs","edition":"2021","doc":true,"doctest":true,"test":true},"profile":{"opt_level":"0","debuginfo":0,"debug_assertions":false,"overflow_checks":false,"test":false},"features":["raw"],"filenames":["D:\\myhexin-local\\opencorvus\\packages\\overlay\\src-tauri\\target\\release\\deps\\libhashbrown-7fcbf8d9317a5d2c.rlib","D:\\myhexin-local\\opencorvus\\packages\\overlay\\src-tauri\\target\\release\\deps\\libhashbrown-7fcbf8d9317a5d2c.rmeta"],"executable":null,"fresh":true}
{"reason":"compiler-artifact","package_id":"registry+https://github.com/rust-lang/crates.io-index#bit-vec@0.8.0","manifest_path":"C:\\Users\\hengu\\.cargo\\registry\\src\\index.crates.io-1949cf8c6b5b557f\\bit-vec-0.8.0\\Cargo.toml","target":{"kind":["lib"],"crate_types":["lib"],"name":"bit_vec","src_path":"C:\\Users\\hengu\\.cargo\\registry\\src\\index.crates.io-1949cf8c6b5b557f\\bit-vec-0.8.0\\src\\lib.rs","edition":"2015","doc":true,"doctest":true,"test":true},"profile":{"opt_level":"0","debuginfo":0,"debug_assertions":false,"overflow_checks":false,"test":false},"features":["std"],"filenames":["D:\\myhexin-local\\opencorvus\\packages\\overlay\\src-tauri\\target\\release\\deps\\libbit_vec-3639f6d2bc020276.rlib","D:\\myhexin-local\\opencorvus\\packages\\overlay\\src-tauri\\target\\release\\deps\\libbit_vec-3639f6d2bc020276.rmeta"],"executable":null,"fresh":true}
{"reason":"compiler-artifact","package_id":"registry+https://github.com/rust-lang/crates.io-index#rustc-hash@2.1.2","manifest_path":"C:\\Users\\hengu\\.cargo\\registry\\src\\index.crates.io-1949cf8c6b5b557f\\rustc-hash-2.1.2\\Cargo.toml","target":{"kind":["lib"],"crate_types":["lib"],"name":"rustc_hash","src_path":"C:\\Users\\hengu\\.cargo\\registry\\src\\index.crates.io-1949cf8c6b5b557f\\rustc-hash-2.1.2\\src\\lib.rs","edition":"2021","doc":true,"doctest":true,"test":true},"profile":{"opt_level":"0","debuginfo":0,"debug_assertions":false,"overflow_checks":false,"test":false},"features":["default","std"],"filenames":["D:\\myhexin-local\\opencorvus\\packages\\overlay\\src-tauri\\target\\release\\deps\\librustc_hash-68e3cb6a7f1e0f5a.rlib","D:\\myhexin-local\\opencorvus\\packages\\overlay\\src-tauri\\target\\release\\deps\\librustc_hash-68e3cb6a7f1e0f5a.rmeta"],"executable":null,"fresh":true}
{"reason":"compiler-artifact","package_id":"registry+https://github.com/rust-lang/crates.io-index#libc@0.2.182","manifest_path":"C:\\Users\\hengu\\.cargo\\registry\\src\\index.crates.io-1949cf8c6b5b557f\\libc-0.2.182\\Cargo.toml","target":{"kind":["custom-build"],"crate_types":["bin"],"name":"build-script-build","src_path":"C:\\Users\\hengu\\.cargo\\registry\\src\\index.crates.io-1949cf8c6b5b557f\\libc-0.2.182\\build.rs","edition":"2021","doc":false,"doctest":false,"test":false},"profile":{"opt_level":"0","debuginfo":0,"debug_assertions":false,"overflow_checks":false,"test":false},"features":["default","std"],"filenames":["D:\\myhexin-local\\opencorvus\\packages\\overlay\\src-tauri\\target\\release\\build\\libc-8938e8f63c00afb0\\build-script-build.exe","D:\\myhexin-local\\opencorvus\\packages\\overlay\\src-tauri\\target\\release\\build\\libc-8938e8f63c00afb0\\build_script_build.pdb"],"executable":null,"fresh":true}
{"reason":"compiler-artifact","package_id":"registry+https://github.com/rust-lang/crates.io-index#selectors@0.36.1","manifest_path":"C:\\Users\\hengu\\.cargo\\registry\\src\\index.crates.io-1949cf8c6b5b557f\\selectors-0.36.1\\Cargo.toml","target":{"kind":["lib"],"crate_types":["lib"],"name":"selectors","src_path":"C:\\Users\\hengu\\.cargo\\registry\\src\\index.crates.io-1949cf8c6b5b557f\\selectors-0.36.1\\lib.rs","edition":"2021","doc":true,"doctest":true,"test":true},"profile":{"opt_level":"0","debuginfo":0,"debug_assertions":false,"overflow_checks":false,"test":false},"features":[],"filenames":["D:\\myhexin-local\\opencorvus\\packages\\overlay\\src-tauri\\target\\release\\deps\\libselectors-521c8423d823ec8d.rlib","D:\\myhexin-local\\opencorvus\\packages\\overlay\\src-tauri\\target\\release\\deps\\libselectors-521c8423d823ec8d.rmeta"],"executable":null,"fresh":true}
{"reason":"compiler-artifact","package_id":"registry+https://github.com/rust-lang/crates.io-index#bit-set@0.8.0","manifest_path":"C:\\Users\\hengu\\.cargo\\registry\\src\\index.crates.io-1949cf8c6b5b557f\\bit-set-0.8.0\\Cargo.toml","target":{"kind":["lib"],"crate_types":["lib"],"name":"bit_set","src_path":"C:\\Users\\hengu\\.cargo\\registry\\src\\index.crates.io-1949cf8c6b5b557f\\bit-set-0.8.0\\src\\lib.rs","edition":"2015","doc":true,"doctest":true,"test":true},"profile":{"opt_level":"0","debuginfo":0,"debug_assertions":false,"overflow_checks":false,"test":false},"features":["default","std"],"filenames":["D:\\myhexin-local\\opencorvus\\packages\\overlay\\src-tauri\\target\\release\\deps\\libbit_set-c78dcd8b5b5cdb85.rlib","D:\\myhexin-local\\opencorvus\\packages\\overlay\\src-tauri\\target\\release\\deps\\libbit_set-c78dcd8b5b5cdb85.rmeta"],"executable":null,"fresh":true}
{"reason":"compiler-artifact","package_id":"registry+https://github.com/rust-lang/crates.io-index#schemars_derive@0.8.22","manifest_path":"C:\\Users\\hengu\\.cargo\\registry\\src\\index.crates.io-1949cf8c6b5b557f\\schemars_derive-0.8.22\\Cargo.toml","target":{"kind":["proc-macro"],"crate_types":["proc-macro"],"name":"schemars_derive","src_path":"C:\\Users\\hengu\\.cargo\\registry\\src\\index.crates.io-1949cf8c6b5b557f\\schemars_derive-0.8.22\\src\\lib.rs","edition":"2021","doc":true,"doctest":true,"test":true},"profile":{"opt_level":"0","debuginfo":0,"debug_assertions":false,"overflow_checks":false,"test":false},"features":[],"filenames":["D:\\myhexin-local\\opencorvus\\packages\\overlay\\src-tauri\\target\\release\\deps\\schemars_derive-b36ce875ed2fb2e6.dll","D:\\myhexin-local\\opencorvus\\packages\\overlay\\src-tauri\\target\\release\\deps\\schemars_derive-b36ce875ed2fb2e6.dll.lib","D:\\myhexin-local\\opencorvus\\packages\\overlay\\src-tauri\\target\\release\\deps\\schemars_derive-b36ce875ed2fb2e6.dll.exp","D:\\myhexin-local\\opencorvus\\packages\\overlay\\src-tauri\\target\\release\\deps\\schemars_derive-b36ce875ed2fb2e6.pdb"],"executable":null,"fresh":true}
{"reason":"compiler-artifact","package_id":"registry+https://github.com/rust-lang/crates.io-index#indexmap@1.9.3","manifest_path":"C:\\Users\\hengu\\.cargo\\registry\\src\\index.crates.io-1949cf8c6b5b557f\\indexmap-1.9.3\\Cargo.toml","target":{"kind":["lib"],"crate_types":["lib"],"name":"indexmap","src_path":"C:\\Users\\hengu\\.cargo\\registry\\src\\index.crates.io-1949cf8c6b5b557f\\indexmap-1.9.3\\src\\lib.rs","edition":"2021","doc":true,"doctest":true,"test":true},"profile":{"opt_level":"0","debuginfo":0,"debug_assertions":false,"overflow_checks":false,"test":false},"features":["serde","serde-1"],"filenames":["D:\\myhexin-local\\opencorvus\\packages\\overlay\\src-tauri\\target\\release\\deps\\libindexmap-58a868d1297df015.rlib","D:\\myhexin-local\\opencorvus\\packages\\overlay\\src-tauri\\target\\release\\deps\\libindexmap-58a868d1297df015.rmeta"],"executable":null,"fresh":true}
{"reason":"compiler-artifact","package_id":"registry+https://github.com/rust-lang/crates.io-index#cfb@0.7.3","manifest_path":"C:\\Users\\hengu\\.cargo\\registry\\src\\index.crates.io-1949cf8c6b5b557f\\cfb-0.7.3\\Cargo.toml","target":{"kind":["lib"],"crate_types":["lib"],"name":"cfb","src_path":"C:\\Users\\hengu\\.cargo\\registry\\src\\index.crates.io-1949cf8c6b5b557f\\cfb-0.7.3\\src\\lib.rs","edition":"2018","doc":true,"doctest":true,"test":true},"profile":{"opt_level":"0","debuginfo":0,"debug_assertions":false,"overflow_checks":false,"test":false},"features":[],"filenames":["D:\\myhexin-local\\opencorvus\\packages\\overlay\\src-tauri\\target\\release\\deps\\libcfb-96486a5d7cff5bba.rlib","D:\\myhexin-local\\opencorvus\\packages\\overlay\\src-tauri\\target\\release\\deps\\libcfb-96486a5d7cff5bba.rmeta"],"executable":null,"fresh":true}
{"reason":"build-script-executed","package_id":"registry+https://github.com/rust-lang/crates.io-index#schemars@0.8.22","linked_libs":[],"linked_paths":[],"cfgs":["std_atomic64","std_atomic"],"env":[],"out_dir":"D:\\myhexin-local\\opencorvus\\packages\\overlay\\src-tauri\\target\\release\\build\\schemars-5d58c050b25a9829\\out"}
{"reason":"compiler-artifact","package_id":"registry+https://github.com/rust-lang/crates.io-index#thiserror@1.0.69","manifest_path":"C:\\Users\\hengu\\.cargo\\registry\\src\\index.crates.io-1949cf8c6b5b557f\\thiserror-1.0.69\\Cargo.toml","target":{"kind":["lib"],"crate_types":["lib"],"name":"thiserror","src_path":"C:\\Users\\hengu\\.cargo\\registry\\src\\index.crates.io-1949cf8c6b5b557f\\thiserror-1.0.69\\src\\lib.rs","edition":"2021","doc":true,"doctest":true,"test":true},"profile":{"opt_level":"0","debuginfo":0,"debug_assertions":false,"overflow_checks":false,"test":false},"features":[],"filenames":["D:\\myhexin-local\\opencorvus\\packages\\overlay\\src-tauri\\target\\release\\deps\\libthiserror-2be6b4fa4594d40a.rlib","D:\\myhexin-local\\opencorvus\\packages\\overlay\\src-tauri\\target\\release\\deps\\libthiserror-2be6b4fa4594d40a.rmeta"],"executable":null,"fresh":true}
{"reason":"compiler-artifact","package_id":"registry+https://github.com/rust-lang/crates.io-index#same-file@1.0.6","manifest_path":"C:\\Users\\hengu\\.cargo\\registry\\src\\index.crates.io-1949cf8c6b5b557f\\same-file-1.0.6\\Cargo.toml","target":{"kind":["lib"],"crate_types":["lib"],"name":"same_file","src_path":"C:\\Users\\hengu\\.cargo\\registry\\src\\index.crates.io-1949cf8c6b5b557f\\same-file-1.0.6\\src\\lib.rs","edition":"2018","doc":true,"doctest":true,"test":true},"profile":{"opt_level":"0","debuginfo":0,"debug_assertions":false,"overflow_checks":false,"test":false},"features":[],"filenames":["D:\\myhexin-local\\opencorvus\\packages\\overlay\\src-tauri\\target\\release\\deps\\libsame_file-ba55d36f9b403ced.rlib","D:\\myhexin-local\\opencorvus\\packages\\overlay\\src-tauri\\target\\release\\deps\\libsame_file-ba55d36f9b403ced.rmeta"],"executable":null,"fresh":true}
{"reason":"compiler-artifact","package_id":"registry+https://github.com/rust-lang/crates.io-index#erased-serde@0.4.10","manifest_path":"C:\\Users\\hengu\\.cargo\\registry\\src\\index.crates.io-1949cf8c6b5b557f\\erased-serde-0.4.10\\Cargo.toml","target":{"kind":["lib"],"crate_types":["lib"],"name":"erased_serde","src_path":"C:\\Users\\hengu\\.cargo\\registry\\src\\index.crates.io-1949cf8c6b5b557f\\erased-serde-0.4.10\\src\\lib.rs","edition":"2021","doc":true,"doctest":true,"test":true},"profile":{"opt_level":"0","debuginfo":0,"debug_assertions":false,"overflow_checks":false,"test":false},"features":["alloc"],"filenames":["D:\\myhexin-local\\opencorvus\\packages\\overlay\\src-tauri\\target\\release\\deps\\liberased_serde-f44e76aaf0fcdea6.rlib","D:\\myhexin-local\\opencorvus\\packages\\overlay\\src-tauri\\target\\release\\deps\\liberased_serde-f44e76aaf0fcdea6.rmeta"],"executable":null,"fresh":true}
{"reason":"compiler-artifact","package_id":"registry+https://github.com/rust-lang/crates.io-index#html5ever@0.38.0","manifest_path":"C:\\Users\\hengu\\.cargo\\registry\\src\\index.crates.io-1949cf8c6b5b557f\\html5ever-0.38.0\\Cargo.toml","target":{"kind":["lib"],"crate_types":["lib"],"name":"html5ever","src_path":"C:\\Users\\hengu\\.cargo\\registry\\src\\index.crates.io-1949cf8c6b5b557f\\html5ever-0.38.0\\src\\lib.rs","edition":"2021","doc":true,"doctest":true,"test":true},"profile":{"opt_level":"0","debuginfo":0,"debug_assertions":false,"overflow_checks":false,"test":false},"features":[],"filenames":["D:\\myhexin-local\\opencorvus\\packages\\overlay\\src-tauri\\target\\release\\deps\\libhtml5ever-fe099eca803c792a.rlib","D:\\myhexin-local\\opencorvus\\packages\\overlay\\src-tauri\\target\\release\\deps\\libhtml5ever-fe099eca803c792a.rmeta"],"executable":null,"fresh":true}
{"reason":"compiler-artifact","package_id":"registry+https://github.com/rust-lang/crates.io-index#time@0.3.47","manifest_path":"C:\\Users\\hengu\\.cargo\\registry\\src\\index.crates.io-1949cf8c6b5b557f\\time-0.3.47\\Cargo.toml","target":{"kind":["lib"],"crate_types":["lib"],"name":"time","src_path":"C:\\Users\\hengu\\.cargo\\registry\\src\\index.crates.io-1949cf8c6b5b557f\\time-0.3.47\\src\\lib.rs","edition":"2024","doc":true,"doctest":true,"test":true},"profile":{"opt_level":"0","debuginfo":0,"debug_assertions":false,"overflow_checks":false,"test":false},"features":["alloc","default","formatting","parsing","std"],"filenames":["D:\\myhexin-local\\opencorvus\\packages\\overlay\\src-tauri\\target\\release\\deps\\libtime-37a66c9348d2f0f8.rlib","D:\\myhexin-local\\opencorvus\\packages\\overlay\\src-tauri\\target\\release\\deps\\libtime-37a66c9348d2f0f8.rmeta"],"executable":null,"fresh":true}
{"reason":"compiler-artifact","package_id":"registry+https://github.com/rust-lang/crates.io-index#brotli-decompressor@5.0.0","manifest_path":"C:\\Users\\hengu\\.cargo\\registry\\src\\index.crates.io-1949cf8c6b5b557f\\brotli-decompressor-5.0.0\\Cargo.toml","target":{"kind":["lib"],"crate_types":["lib"],"name":"brotli_decompressor","src_path":"C:\\Users\\hengu\\.cargo\\registry\\src\\index.crates.io-1949cf8c6b5b557f\\brotli-decompressor-5.0.0\\src\\lib.rs","edition":"2015","doc":true,"doctest":true,"test":true},"profile":{"opt_level":"0","debuginfo":0,"debug_assertions":false,"overflow_checks":false,"test":false},"features":["alloc-stdlib","std"],"filenames":["D:\\myhexin-local\\opencorvus\\packages\\overlay\\src-tauri\\target\\release\\deps\\libbrotli_decompressor-802557f29ca57598.rlib","D:\\myhexin-local\\opencorvus\\packages\\overlay\\src-tauri\\target\\release\\deps\\libbrotli_decompressor-802557f29ca57598.rmeta"],"executable":null,"fresh":true}
{"reason":"compiler-artifact","package_id":"registry+https://github.com/rust-lang/crates.io-index#regex@1.12.3","manifest_path":"C:\\Users\\hengu\\.cargo\\registry\\src\\index.crates.io-1949cf8c6b5b557f\\regex-1.12.3\\Cargo.toml","target":{"kind":["lib"],"crate_types":["lib"],"name":"regex","src_path":"C:\\Users\\hengu\\.cargo\\registry\\src\\index.crates.io-1949cf8c6b5b557f\\regex-1.12.3\\src\\lib.rs","edition":"2021","doc":true,"doctest":true,"test":true},"profile":{"opt_level":"0","debuginfo":0,"debug_assertions":false,"overflow_checks":false,"test":false},"features":["default","perf","perf-backtrack","perf-cache","perf-dfa","perf-inline","perf-literal","perf-onepass","std","unicode","unicode-age","unicode-bool","unicode-case","unicode-gencat","unicode-perl","unicode-script","unicode-segment"],"filenames":["D:\\myhexin-local\\opencorvus\\packages\\overlay\\src-tauri\\target\\release\\deps\\libregex-a0effd45ae9af27c.rlib","D:\\myhexin-local\\opencorvus\\packages\\overlay\\src-tauri\\target\\release\\deps\\libregex-a0effd45ae9af27c.rmeta"],"executable":null,"fresh":true}
{"reason":"compiler-artifact","package_id":"registry+https://github.com/rust-lang/crates.io-index#unic-ucd-ident@0.9.0","manifest_path":"C:\\Users\\hengu\\.cargo\\registry\\src\\index.crates.io-1949cf8c6b5b557f\\unic-ucd-ident-0.9.0\\Cargo.toml","target":{"kind":["lib"],"crate_types":["lib"],"name":"unic_ucd_ident","src_path":"C:\\Users\\hengu\\.cargo\\registry\\src\\index.crates.io-1949cf8c6b5b557f\\unic-ucd-ident-0.9.0\\src\\lib.rs","edition":"2018","doc":true,"doctest":true,"test":true},"profile":{"opt_level":"0","debuginfo":0,"debug_assertions":false,"overflow_checks":false,"test":false},"features":["default","id","xid"],"filenames":["D:\\myhexin-local\\opencorvus\\packages\\overlay\\src-tauri\\target\\release\\deps\\libunic_ucd_ident-eecba8c992617212.rlib","D:\\myhexin-local\\opencorvus\\packages\\overlay\\src-tauri\\target\\release\\deps\\libunic_ucd_ident-eecba8c992617212.rmeta"],"executable":null,"fresh":true}
{"reason":"compiler-artifact","package_id":"registry+https://github.com/rust-lang/crates.io-index#camino@1.2.2","manifest_path":"C:\\Users\\hengu\\.cargo\\registry\\src\\index.crates.io-1949cf8c6b5b557f\\camino-1.2.2\\Cargo.toml","target":{"kind":["lib"],"crate_types":["lib"],"name":"camino","src_path":"C:\\Users\\hengu\\.cargo\\registry\\src\\index.crates.io-1949cf8c6b5b557f\\camino-1.2.2\\src\\lib.rs","edition":"2021","doc":true,"doctest":true,"test":true},"profile":{"opt_level":"0","debuginfo":0,"debug_assertions":false,"overflow_checks":false,"test":false},"features":["serde1"],"filenames":["D:\\myhexin-local\\opencorvus\\packages\\overlay\\src-tauri\\target\\release\\deps\\libcamino-a7786ff5836c0d3c.rlib","D:\\myhexin-local\\opencorvus\\packages\\overlay\\src-tauri\\target\\release\\deps\\libcamino-a7786ff5836c0d3c.rmeta"],"executable":null,"fresh":true}
{"reason":"compiler-artifact","package_id":"registry+https://github.com/rust-lang/crates.io-index#jsonptr@0.6.3","manifest_path":"C:\\Users\\hengu\\.cargo\\registry\\src\\index.crates.io-1949cf8c6b5b557f\\jsonptr-0.6.3\\Cargo.toml","target":{"kind":["lib"],"crate_types":["lib"],"name":"jsonptr","src_path":"C:\\Users\\hengu\\.cargo\\registry\\src\\index.crates.io-1949cf8c6b5b557f\\jsonptr-0.6.3\\src\\lib.rs","edition":"2021","doc":true,"doctest":true,"test":true},"profile":{"opt_level":"0","debuginfo":0,"debug_assertions":false,"overflow_checks":false,"test":false},"features":["assign","default","delete","json","resolve","serde","std"],"filenames":["D:\\myhexin-local\\opencorvus\\packages\\overlay\\src-tauri\\target\\release\\deps\\libjsonptr-6bab058d1ed579ac.rlib","D:\\myhexin-local\\opencorvus\\packages\\overlay\\src-tauri\\target\\release\\deps\\libjsonptr-6bab058d1ed579ac.rmeta"],"executable":null,"fresh":true}
{"reason":"build-script-executed","package_id":"registry+https://github.com/rust-lang/crates.io-index#anyhow@1.0.102","linked_libs":[],"linked_paths":[],"cfgs":[],"env":[],"out_dir":"D:\\myhexin-local\\opencorvus\\packages\\overlay\\src-tauri\\target\\release\\build\\anyhow-81818c0fcee8ef60\\out"}
{"reason":"compiler-artifact","package_id":"registry+https://github.com/rust-lang/crates.io-index#cargo-platform@0.1.9","manifest_path":"C:\\Users\\hengu\\.cargo\\registry\\src\\index.crates.io-1949cf8c6b5b557f\\cargo-platform-0.1.9\\Cargo.toml","target":{"kind":["lib"],"crate_types":["lib"],"name":"cargo_platform","src_path":"C:\\Users\\hengu\\.cargo\\registry\\src\\index.crates.io-1949cf8c6b5b557f\\cargo-platform-0.1.9\\src\\lib.rs","edition":"2021","doc":true,"doctest":true,"test":true},"profile":{"opt_level":"0","debuginfo":0,"debug_assertions":false,"overflow_checks":false,"test":false},"features":[],"filenames":["D:\\myhexin-local\\opencorvus\\packages\\overlay\\src-tauri\\target\\release\\deps\\libcargo_platform-1d61b927876103f1.rlib","D:\\myhexin-local\\opencorvus\\packages\\overlay\\src-tauri\\target\\release\\deps\\libcargo_platform-1d61b927876103f1.rmeta"],"executable":null,"fresh":true}
{"reason":"compiler-artifact","package_id":"registry+https://github.com/rust-lang/crates.io-index#quick-xml@0.38.4","manifest_path":"C:\\Users\\hengu\\.cargo\\registry\\src\\index.crates.io-1949cf8c6b5b557f\\quick-xml-0.38.4\\Cargo.toml","target":{"kind":["lib"],"crate_types":["lib"],"name":"quick_xml","src_path":"C:\\Users\\hengu\\.cargo\\registry\\src\\index.crates.io-1949cf8c6b5b557f\\quick-xml-0.38.4\\src\\lib.rs","edition":"2021","doc":true,"doctest":true,"test":true},"profile":{"opt_level":"0","debuginfo":0,"debug_assertions":false,"overflow_checks":false,"test":false},"features":["default"],"filenames":["D:\\myhexin-local\\opencorvus\\packages\\overlay\\src-tauri\\target\\release\\deps\\libquick_xml-51b9f1f1664e19c4.rlib","D:\\myhexin-local\\opencorvus\\packages\\overlay\\src-tauri\\target\\release\\deps\\libquick_xml-51b9f1f1664e19c4.rmeta"],"executable":null,"fresh":true}
{"reason":"compiler-artifact","package_id":"registry+https://github.com/rust-lang/crates.io-index#bytes@1.11.1","manifest_path":"C:\\Users\\hengu\\.cargo\\registry\\src\\index.crates.io-1949cf8c6b5b557f\\bytes-1.11.1\\Cargo.toml","target":{"kind":["lib"],"crate_types":["lib"],"name":"bytes","src_path":"C:\\Users\\hengu\\.cargo\\registry\\src\\index.crates.io-1949cf8c6b5b557f\\bytes-1.11.1\\src\\lib.rs","edition":"2021","doc":true,"doctest":true,"test":true},"profile":{"opt_level":"0","debuginfo":0,"debug_assertions":false,"overflow_checks":false,"test":false},"features":["default","std"],"filenames":["D:\\myhexin-local\\opencorvus\\packages\\overlay\\src-tauri\\target\\release\\deps\\libbytes-891e5a4fbf66c085.rlib","D:\\myhexin-local\\opencorvus\\packages\\overlay\\src-tauri\\target\\release\\deps\\libbytes-891e5a4fbf66c085.rmeta"],"executable":null,"fresh":true}
{"reason":"compiler-artifact","package_id":"registry+https://github.com/rust-lang/crates.io-index#dyn-clone@1.0.20","manifest_path":"C:\\Users\\hengu\\.cargo\\registry\\src\\index.crates.io-1949cf8c6b5b557f\\dyn-clone-1.0.20\\Cargo.toml","target":{"kind":["lib"],"crate_types":["lib"],"name":"dyn_clone","src_path":"C:\\Users\\hengu\\.cargo\\registry\\src\\index.crates.io-1949cf8c6b5b557f\\dyn-clone-1.0.20\\src\\lib.rs","edition":"2018","doc":true,"doctest":true,"test":true},"profile":{"opt_level":"0","debuginfo":0,"debug_assertions":false,"overflow_checks":false,"test":false},"features":[],"filenames":["D:\\myhexin-local\\opencorvus\\packages\\overlay\\src-tauri\\target\\release\\deps\\libdyn_clone-52447d3c1c298f57.rlib","D:\\myhexin-local\\opencorvus\\packages\\overlay\\src-tauri\\target\\release\\deps\\libdyn_clone-52447d3c1c298f57.rmeta"],"executable":null,"fresh":true}
{"reason":"compiler-artifact","package_id":"registry+https://github.com/rust-lang/crates.io-index#base64@0.22.1","manifest_path":"C:\\Users\\hengu\\.cargo\\registry\\src\\index.crates.io-1949cf8c6b5b557f\\base64-0.22.1\\Cargo.toml","target":{"kind":["lib"],"crate_types":["lib"],"name":"base64","src_path":"C:\\Users\\hengu\\.cargo\\registry\\src\\index.crates.io-1949cf8c6b5b557f\\base64-0.22.1\\src\\lib.rs","edition":"2018","doc":true,"doctest":true,"test":true},"profile":{"opt_level":"0","debuginfo":0,"debug_assertions":false,"overflow_checks":false,"test":false},"features":["alloc","default","std"],"filenames":["D:\\myhexin-local\\opencorvus\\packages\\overlay\\src-tauri\\target\\release\\deps\\libbase64-2134f3f69b3eff30.rlib","D:\\myhexin-local\\opencorvus\\packages\\overlay\\src-tauri\\target\\release\\deps\\libbase64-2134f3f69b3eff30.rmeta"],"executable":null,"fresh":true}
{"reason":"compiler-artifact","package_id":"registry+https://github.com/rust-lang/crates.io-index#foldhash@0.2.0","manifest_path":"C:\\Users\\hengu\\.cargo\\registry\\src\\index.crates.io-1949cf8c6b5b557f\\foldhash-0.2.0\\Cargo.toml","target":{"kind":["lib"],"crate_types":["lib"],"name":"foldhash","src_path":"C:\\Users\\hengu\\.cargo\\registry\\src\\index.crates.io-1949cf8c6b5b557f\\foldhash-0.2.0\\src\\lib.rs","edition":"2021","doc":true,"doctest":true,"test":true},"profile":{"opt_level":"0","debuginfo":0,"debug_assertions":false,"overflow_checks":false,"test":false},"features":["default","std"],"filenames":["D:\\myhexin-local\\opencorvus\\packages\\overlay\\src-tauri\\target\\release\\deps\\libfoldhash-01854420c5110929.rlib","D:\\myhexin-local\\opencorvus\\packages\\overlay\\src-tauri\\target\\release\\deps\\libfoldhash-01854420c5110929.rmeta"],"executable":null,"fresh":true}
{"reason":"compiler-artifact","package_id":"registry+https://github.com/rust-lang/crates.io-index#dunce@1.0.5","manifest_path":"C:\\Users\\hengu\\.cargo\\registry\\src\\index.crates.io-1949cf8c6b5b557f\\dunce-1.0.5\\Cargo.toml","target":{"kind":["lib"],"crate_types":["lib"],"name":"dunce","src_path":"C:\\Users\\hengu\\.cargo\\registry\\src\\index.crates.io-1949cf8c6b5b557f\\dunce-1.0.5\\src\\lib.rs","edition":"2021","doc":true,"doctest":true,"test":true},"profile":{"opt_level":"0","debuginfo":0,"debug_assertions":false,"overflow_checks":false,"test":false},"features":[],"filenames":["D:\\myhexin-local\\opencorvus\\packages\\overlay\\src-tauri\\target\\release\\deps\\libdunce-5335a1fb8b8fd5d1.rlib","D:\\myhexin-local\\opencorvus\\packages\\overlay\\src-tauri\\target\\release\\deps\\libdunce-5335a1fb8b8fd5d1.rmeta"],"executable":null,"fresh":true}
{"reason":"compiler-artifact","package_id":"registry+https://github.com/rust-lang/crates.io-index#cargo_metadata@0.19.2","manifest_path":"C:\\Users\\hengu\\.cargo\\registry\\src\\index.crates.io-1949cf8c6b5b557f\\cargo_metadata-0.19.2\\Cargo.toml","target":{"kind":["lib"],"crate_types":["lib"],"name":"cargo_metadata","src_path":"C:\\Users\\hengu\\.cargo\\registry\\src\\index.crates.io-1949cf8c6b5b557f\\cargo_metadata-0.19.2\\src\\lib.rs","edition":"2021","doc":true,"doctest":true,"test":true},"profile":{"opt_level":"0","debuginfo":0,"debug_assertions":false,"overflow_checks":false,"test":false},"features":["default"],"filenames":["D:\\myhexin-local\\opencorvus\\packages\\overlay\\src-tauri\\target\\release\\deps\\libcargo_metadata-f85e84fee94b8782.rlib","D:\\myhexin-local\\opencorvus\\packages\\overlay\\src-tauri\\target\\release\\deps\\libcargo_metadata-f85e84fee94b8782.rmeta"],"executable":null,"fresh":true}
{"reason":"compiler-artifact","package_id":"registry+https://github.com/rust-lang/crates.io-index#anyhow@1.0.102","manifest_path":"C:\\Users\\hengu\\.cargo\\registry\\src\\index.crates.io-1949cf8c6b5b557f\\anyhow-1.0.102\\Cargo.toml","target":{"kind":["lib"],"crate_types":["lib"],"name":"anyhow","src_path":"C:\\Users\\hengu\\.cargo\\registry\\src\\index.crates.io-1949cf8c6b5b557f\\anyhow-1.0.102\\src\\lib.rs","edition":"2021","doc":true,"doctest":true,"test":true},"profile":{"opt_level":"0","debuginfo":0,"debug_assertions":false,"overflow_checks":false,"test":false},"features":["default","std"],"filenames":["D:\\myhexin-local\\opencorvus\\packages\\overlay\\src-tauri\\target\\release\\deps\\libanyhow-f846e0e58ab4cc06.rlib","D:\\myhexin-local\\opencorvus\\packages\\overlay\\src-tauri\\target\\release\\deps\\libanyhow-f846e0e58ab4cc06.rmeta"],"executable":null,"fresh":true}
{"reason":"compiler-artifact","package_id":"registry+https://github.com/rust-lang/crates.io-index#brotli@8.0.2","manifest_path":"C:\\Users\\hengu\\.cargo\\registry\\src\\index.crates.io-1949cf8c6b5b557f\\brotli-8.0.2\\Cargo.toml","target":{"kind":["lib"],"crate_types":["lib"],"name":"brotli","src_path":"C:\\Users\\hengu\\.cargo\\registry\\src\\index.crates.io-1949cf8c6b5b557f\\brotli-8.0.2\\src\\lib.rs","edition":"2015","doc":true,"doctest":true,"test":true},"profile":{"opt_level":"0","debuginfo":0,"debug_assertions":false,"overflow_checks":false,"test":false},"features":["alloc-stdlib","std"],"filenames":["D:\\myhexin-local\\opencorvus\\packages\\overlay\\src-tauri\\target\\release\\deps\\libbrotli-f28503e8435571eb.rlib","D:\\myhexin-local\\opencorvus\\packages\\overlay\\src-tauri\\target\\release\\deps\\libbrotli-f28503e8435571eb.rmeta"],"executable":null,"fresh":true}
{"reason":"compiler-artifact","package_id":"registry+https://github.com/rust-lang/crates.io-index#urlpattern@0.3.0","manifest_path":"C:\\Users\\hengu\\.cargo\\registry\\src\\index.crates.io-1949cf8c6b5b557f\\urlpattern-0.3.0\\Cargo.toml","target":{"kind":["lib"],"crate_types":["lib"],"name":"urlpattern","src_path":"C:\\Users\\hengu\\.cargo\\registry\\src\\index.crates.io-1949cf8c6b5b557f\\urlpattern-0.3.0\\src\\lib.rs","edition":"2021","doc":true,"doctest":true,"test":true},"profile":{"opt_level":"0","debuginfo":0,"debug_assertions":false,"overflow_checks":false,"test":false},"features":[],"filenames":["D:\\myhexin-local\\opencorvus\\packages\\overlay\\src-tauri\\target\\release\\deps\\liburlpattern-b968054b1d59005d.rlib","D:\\myhexin-local\\opencorvus\\packages\\overlay\\src-tauri\\target\\release\\deps\\liburlpattern-b968054b1d59005d.rmeta"],"executable":null,"fresh":true}
{"reason":"compiler-artifact","package_id":"registry+https://github.com/rust-lang/crates.io-index#http@1.4.0","manifest_path":"C:\\Users\\hengu\\.cargo\\registry\\src\\index.crates.io-1949cf8c6b5b557f\\http-1.4.0\\Cargo.toml","target":{"kind":["lib"],"crate_types":["lib"],"name":"http","src_path":"C:\\Users\\hengu\\.cargo\\registry\\src\\index.crates.io-1949cf8c6b5b557f\\http-1.4.0\\src\\lib.rs","edition":"2021","doc":true,"doctest":true,"test":true},"profile":{"opt_level":"0","debuginfo":0,"debug_assertions":false,"overflow_checks":false,"test":false},"features":["default","std"],"filenames":["D:\\myhexin-local\\opencorvus\\packages\\overlay\\src-tauri\\target\\release\\deps\\libhttp-4f7f885861467ad0.rlib","D:\\myhexin-local\\opencorvus\\packages\\overlay\\src-tauri\\target\\release\\deps\\libhttp-4f7f885861467ad0.rmeta"],"executable":null,"fresh":true}
{"reason":"compiler-artifact","package_id":"registry+https://github.com/rust-lang/crates.io-index#json-patch@3.0.1","manifest_path":"C:\\Users\\hengu\\.cargo\\registry\\src\\index.crates.io-1949cf8c6b5b557f\\json-patch-3.0.1\\Cargo.toml","target":{"kind":["lib"],"crate_types":["lib"],"name":"json_patch","src_path":"C:\\Users\\hengu\\.cargo\\registry\\src\\index.crates.io-1949cf8c6b5b557f\\json-patch-3.0.1\\src\\lib.rs","edition":"2021","doc":true,"doctest":true,"test":true},"profile":{"opt_level":"0","debuginfo":0,"debug_assertions":false,"overflow_checks":false,"test":false},"features":["default","diff"],"filenames":["D:\\myhexin-local\\opencorvus\\packages\\overlay\\src-tauri\\target\\release\\deps\\libjson_patch-9bec271b74054159.rlib","D:\\myhexin-local\\opencorvus\\packages\\overlay\\src-tauri\\target\\release\\deps\\libjson_patch-9bec271b74054159.rmeta"],"executable":null,"fresh":true}
{"reason":"compiler-artifact","package_id":"registry+https://github.com/rust-lang/crates.io-index#plist@1.8.0","manifest_path":"C:\\Users\\hengu\\.cargo\\registry\\src\\index.crates.io-1949cf8c6b5b557f\\plist-1.8.0\\Cargo.toml","target":{"kind":["lib"],"crate_types":["lib"],"name":"plist","src_path":"C:\\Users\\hengu\\.cargo\\registry\\src\\index.crates.io-1949cf8c6b5b557f\\plist-1.8.0\\src\\lib.rs","edition":"2021","doc":true,"doctest":true,"test":true},"profile":{"opt_level":"0","debuginfo":0,"debug_assertions":false,"overflow_checks":false,"test":false},"features":["default","serde"],"filenames":["D:\\myhexin-local\\opencorvus\\packages\\overlay\\src-tauri\\target\\release\\deps\\libplist-b41917e4667a6afa.rlib","D:\\myhexin-local\\opencorvus\\packages\\overlay\\src-tauri\\target\\release\\deps\\libplist-b41917e4667a6afa.rmeta"],"executable":null,"fresh":true}
{"reason":"compiler-artifact","package_id":"registry+https://github.com/rust-lang/crates.io-index#dom_query@0.27.0","manifest_path":"C:\\Users\\hengu\\.cargo\\registry\\src\\index.crates.io-1949cf8c6b5b557f\\dom_query-0.27.0\\Cargo.toml","target":{"kind":["lib"],"crate_types":["lib"],"name":"dom_query","src_path":"C:\\Users\\hengu\\.cargo\\registry\\src\\index.crates.io-1949cf8c6b5b557f\\dom_query-0.27.0\\src\\lib.rs","edition":"2021","doc":true,"doctest":true,"test":true},"profile":{"opt_level":"0","debuginfo":0,"debug_assertions":false,"overflow_checks":false,"test":false},"features":[],"filenames":["D:\\myhexin-local\\opencorvus\\packages\\overlay\\src-tauri\\target\\release\\deps\\libdom_query-0f0cd989d42ad0cb.rlib","D:\\myhexin-local\\opencorvus\\packages\\overlay\\src-tauri\\target\\release\\deps\\libdom_query-0f0cd989d42ad0cb.rmeta"],"executable":null,"fresh":true}
{"reason":"compiler-artifact","package_id":"registry+https://github.com/rust-lang/crates.io-index#schemars@0.8.22","manifest_path":"C:\\Users\\hengu\\.cargo\\registry\\src\\index.crates.io-1949cf8c6b5b557f\\schemars-0.8.22\\Cargo.toml","target":{"kind":["lib"],"crate_types":["lib"],"name":"schemars","src_path":"C:\\Users\\hengu\\.cargo\\registry\\src\\index.crates.io-1949cf8c6b5b557f\\schemars-0.8.22\\src\\lib.rs","edition":"2021","doc":true,"doctest":true,"test":true},"profile":{"opt_level":"0","debuginfo":0,"debug_assertions":false,"overflow_checks":false,"test":false},"features":["default","derive","indexmap","preserve_order","schemars_derive","url","uuid1"],"filenames":["D:\\myhexin-local\\opencorvus\\packages\\overlay\\src-tauri\\target\\release\\deps\\libschemars-5c4e5f53309ab087.rlib","D:\\myhexin-local\\opencorvus\\packages\\overlay\\src-tauri\\target\\release\\deps\\libschemars-5c4e5f53309ab087.rmeta"],"executable":null,"fresh":true}
{"reason":"compiler-artifact","package_id":"registry+https://github.com/rust-lang/crates.io-index#infer@0.19.0","manifest_path":"C:\\Users\\hengu\\.cargo\\registry\\src\\index.crates.io-1949cf8c6b5b557f\\infer-0.19.0\\Cargo.toml","target":{"kind":["lib"],"crate_types":["lib"],"name":"infer","src_path":"C:\\Users\\hengu\\.cargo\\registry\\src\\index.crates.io-1949cf8c6b5b557f\\infer-0.19.0\\src\\lib.rs","edition":"2018","doc":true,"doctest":true,"test":true},"profile":{"opt_level":"0","debuginfo":0,"debug_assertions":false,"overflow_checks":false,"test":false},"features":["alloc","cfb","default","std"],"filenames":["D:\\myhexin-local\\opencorvus\\packages\\overlay\\src-tauri\\target\\release\\deps\\libinfer-53da3fca48edc84d.rlib","D:\\myhexin-local\\opencorvus\\packages\\overlay\\src-tauri\\target\\release\\deps\\libinfer-53da3fca48edc84d.rmeta"],"executable":null,"fresh":true}
{"reason":"compiler-artifact","package_id":"registry+https://github.com/rust-lang/crates.io-index#serde-untagged@0.1.9","manifest_path":"C:\\Users\\hengu\\.cargo\\registry\\src\\index.crates.io-1949cf8c6b5b557f\\serde-untagged-0.1.9\\Cargo.toml","target":{"kind":["lib"],"crate_types":["lib"],"name":"serde_untagged","src_path":"C:\\Users\\hengu\\.cargo\\registry\\src\\index.crates.io-1949cf8c6b5b557f\\serde-untagged-0.1.9\\src\\lib.rs","edition":"2021","doc":true,"doctest":true,"test":true},"profile":{"opt_level":"0","debuginfo":0,"debug_assertions":false,"overflow_checks":false,"test":false},"features":[],"filenames":["D:\\myhexin-local\\opencorvus\\packages\\overlay\\src-tauri\\target\\release\\deps\\libserde_untagged-bcaaf85b5527534d.rlib","D:\\myhexin-local\\opencorvus\\packages\\overlay\\src-tauri\\target\\release\\deps\\libserde_untagged-bcaaf85b5527534d.rmeta"],"executable":null,"fresh":true}
{"reason":"compiler-artifact","package_id":"registry+https://github.com/rust-lang/crates.io-index#walkdir@2.5.0","manifest_path":"C:\\Users\\hengu\\.cargo\\registry\\src\\index.crates.io-1949cf8c6b5b557f\\walkdir-2.5.0\\Cargo.toml","target":{"kind":["lib"],"crate_types":["lib"],"name":"walkdir","src_path":"C:\\Users\\hengu\\.cargo\\registry\\src\\index.crates.io-1949cf8c6b5b557f\\walkdir-2.5.0\\src\\lib.rs","edition":"2018","doc":true,"doctest":true,"test":true},"profile":{"opt_level":"0","debuginfo":0,"debug_assertions":false,"overflow_checks":false,"test":false},"features":[],"filenames":["D:\\myhexin-local\\opencorvus\\packages\\overlay\\src-tauri\\target\\release\\deps\\libwalkdir-4db599728f18d1de.rlib","D:\\myhexin-local\\opencorvus\\packages\\overlay\\src-tauri\\target\\release\\deps\\libwalkdir-4db599728f18d1de.rmeta"],"executable":null,"fresh":true}
{"reason":"compiler-artifact","package_id":"registry+https://github.com/rust-lang/crates.io-index#ctor@0.8.0","manifest_path":"C:\\Users\\hengu\\.cargo\\registry\\src\\index.crates.io-1949cf8c6b5b557f\\ctor-0.8.0\\Cargo.toml","target":{"kind":["lib"],"crate_types":["lib"],"name":"ctor","src_path":"C:\\Users\\hengu\\.cargo\\registry\\src\\index.crates.io-1949cf8c6b5b557f\\ctor-0.8.0\\src\\lib.rs","edition":"2021","doc":true,"doctest":true,"test":true},"profile":{"opt_level":"0","debuginfo":0,"debug_assertions":false,"overflow_checks":false,"test":false},"features":["proc_macro","std"],"filenames":["D:\\myhexin-local\\opencorvus\\packages\\overlay\\src-tauri\\target\\release\\deps\\libctor-9fb9dba70bb88801.rlib","D:\\myhexin-local\\opencorvus\\packages\\overlay\\src-tauri\\target\\release\\deps\\libctor-9fb9dba70bb88801.rmeta"],"executable":null,"fresh":true}
{"reason":"compiler-artifact","package_id":"registry+https://github.com/rust-lang/crates.io-index#glob@0.3.3","manifest_path":"C:\\Users\\hengu\\.cargo\\registry\\src\\index.crates.io-1949cf8c6b5b557f\\glob-0.3.3\\Cargo.toml","target":{"kind":["lib"],"crate_types":["lib"],"name":"glob","src_path":"C:\\Users\\hengu\\.cargo\\registry\\src\\index.crates.io-1949cf8c6b5b557f\\glob-0.3.3\\src\\lib.rs","edition":"2015","doc":true,"doctest":true,"test":true},"profile":{"opt_level":"0","debuginfo":0,"debug_assertions":false,"overflow_checks":false,"test":false},"features":[],"filenames":["D:\\myhexin-local\\opencorvus\\packages\\overlay\\src-tauri\\target\\release\\deps\\libglob-207abc170560db72.rlib","D:\\myhexin-local\\opencorvus\\packages\\overlay\\src-tauri\\target\\release\\deps\\libglob-207abc170560db72.rmeta"],"executable":null,"fresh":true}
{"reason":"compiler-artifact","package_id":"registry+https://github.com/rust-lang/crates.io-index#windows-link@0.1.3","manifest_path":"C:\\Users\\hengu\\.cargo\\registry\\src\\index.crates.io-1949cf8c6b5b557f\\windows-link-0.1.3\\Cargo.toml","target":{"kind":["lib"],"crate_types":["lib"],"name":"windows_link","src_path":"C:\\Users\\hengu\\.cargo\\registry\\src\\index.crates.io-1949cf8c6b5b557f\\windows-link-0.1.3\\src\\lib.rs","edition":"2021","doc":true,"doctest":true,"test":true},"profile":{"opt_level":"s","debuginfo":0,"debug_assertions":false,"overflow_checks":false,"test":false},"features":[],"filenames":["D:\\myhexin-local\\opencorvus\\packages\\overlay\\src-tauri\\target\\release\\deps\\libwindows_link-176fb951bd5a6418.rlib","D:\\myhexin-local\\opencorvus\\packages\\overlay\\src-tauri\\target\\release\\deps\\libwindows_link-176fb951bd5a6418.rmeta"],"executable":null,"fresh":true}
{"reason":"compiler-artifact","package_id":"registry+https://github.com/rust-lang/crates.io-index#zerofrom@0.1.6","manifest_path":"C:\\Users\\hengu\\.cargo\\registry\\src\\index.crates.io-1949cf8c6b5b557f\\zerofrom-0.1.6\\Cargo.toml","target":{"kind":["lib"],"crate_types":["lib"],"name":"zerofrom","src_path":"C:\\Users\\hengu\\.cargo\\registry\\src\\index.crates.io-1949cf8c6b5b557f\\zerofrom-0.1.6\\src\\lib.rs","edition":"2021","doc":true,"doctest":true,"test":true},"profile":{"opt_level":"s","debuginfo":0,"debug_assertions":false,"overflow_checks":false,"test":false},"features":["derive"],"filenames":["D:\\myhexin-local\\opencorvus\\packages\\overlay\\src-tauri\\target\\release\\deps\\libzerofrom-20bb4ed0df83c732.rlib","D:\\myhexin-local\\opencorvus\\packages\\overlay\\src-tauri\\target\\release\\deps\\libzerofrom-20bb4ed0df83c732.rmeta"],"executable":null,"fresh":true}
{"reason":"compiler-artifact","package_id":"registry+https://github.com/rust-lang/crates.io-index#stable_deref_trait@1.2.1","manifest_path":"C:\\Users\\hengu\\.cargo\\registry\\src\\index.crates.io-1949cf8c6b5b557f\\stable_deref_trait-1.2.1\\Cargo.toml","target":{"kind":["lib"],"crate_types":["lib"],"name":"stable_deref_trait","src_path":"C:\\Users\\hengu\\.cargo\\registry\\src\\index.crates.io-1949cf8c6b5b557f\\stable_deref_trait-1.2.1\\src\\lib.rs","edition":"2015","doc":true,"doctest":true,"test":true},"profile":{"opt_level":"s","debuginfo":0,"debug_assertions":false,"overflow_checks":false,"test":false},"features":[],"filenames":["D:\\myhexin-local\\opencorvus\\packages\\overlay\\src-tauri\\target\\release\\deps\\libstable_deref_trait-8b25e1033aa2150b.rlib","D:\\myhexin-local\\opencorvus\\packages\\overlay\\src-tauri\\target\\release\\deps\\libstable_deref_trait-8b25e1033aa2150b.rmeta"],"executable":null,"fresh":true}
{"reason":"compiler-artifact","package_id":"registry+https://github.com/rust-lang/crates.io-index#serde@1.0.228","manifest_path":"C:\\Users\\hengu\\.cargo\\registry\\src\\index.crates.io-1949cf8c6b5b557f\\serde-1.0.228\\Cargo.toml","target":{"kind":["custom-build"],"crate_types":["bin"],"name":"build-script-build","src_path":"C:\\Users\\hengu\\.cargo\\registry\\src\\index.crates.io-1949cf8c6b5b557f\\serde-1.0.228\\build.rs","edition":"2021","doc":false,"doctest":false,"test":false},"profile":{"opt_level":"0","debuginfo":0,"debug_assertions":false,"overflow_checks":false,"test":false},"features":["alloc","default","derive","rc","serde_derive","std"],"filenames":["D:\\myhexin-local\\opencorvus\\packages\\overlay\\src-tauri\\target\\release\\build\\serde-093519beed1f3d99\\build-script-build.exe","D:\\myhexin-local\\opencorvus\\packages\\overlay\\src-tauri\\target\\release\\build\\serde-093519beed1f3d99\\build_script_build.pdb"],"executable":null,"fresh":true}
{"reason":"compiler-artifact","package_id":"registry+https://github.com/rust-lang/crates.io-index#memchr@2.8.0","manifest_path":"C:\\Users\\hengu\\.cargo\\registry\\src\\index.crates.io-1949cf8c6b5b557f\\memchr-2.8.0\\Cargo.toml","target":{"kind":["lib"],"crate_types":["lib"],"name":"memchr","src_path":"C:\\Users\\hengu\\.cargo\\registry\\src\\index.crates.io-1949cf8c6b5b557f\\memchr-2.8.0\\src\\lib.rs","edition":"2021","doc":true,"doctest":true,"test":true},"profile":{"opt_level":"s","debuginfo":0,"debug_assertions":false,"overflow_checks":false,"test":false},"features":["alloc","default","std"],"filenames":["D:\\myhexin-local\\opencorvus\\packages\\overlay\\src-tauri\\target\\release\\deps\\libmemchr-2b1fb6405a088446.rlib","D:\\myhexin-local\\opencorvus\\packages\\overlay\\src-tauri\\target\\release\\deps\\libmemchr-2b1fb6405a088446.rmeta"],"executable":null,"fresh":true}
{"reason":"compiler-artifact","package_id":"registry+https://github.com/rust-lang/crates.io-index#itoa@1.0.17","manifest_path":"C:\\Users\\hengu\\.cargo\\registry\\src\\index.crates.io-1949cf8c6b5b557f\\itoa-1.0.17\\Cargo.toml","target":{"kind":["lib"],"crate_types":["lib"],"name":"itoa","src_path":"C:\\Users\\hengu\\.cargo\\registry\\src\\index.crates.io-1949cf8c6b5b557f\\itoa-1.0.17\\src\\lib.rs","edition":"2021","doc":true,"doctest":true,"test":true},"profile":{"opt_level":"s","debuginfo":0,"debug_assertions":false,"overflow_checks":false,"test":false},"features":[],"filenames":["D:\\myhexin-local\\opencorvus\\packages\\overlay\\src-tauri\\target\\release\\deps\\libitoa-05846e8c7b69ffbb.rlib","D:\\myhexin-local\\opencorvus\\packages\\overlay\\src-tauri\\target\\release\\deps\\libitoa-05846e8c7b69ffbb.rmeta"],"executable":null,"fresh":true}
{"reason":"compiler-artifact","package_id":"registry+https://github.com/rust-lang/crates.io-index#windows-strings@0.4.2","manifest_path":"C:\\Users\\hengu\\.cargo\\registry\\src\\index.crates.io-1949cf8c6b5b557f\\windows-strings-0.4.2\\Cargo.toml","target":{"kind":["lib"],"crate_types":["lib"],"name":"windows_strings","src_path":"C:\\Users\\hengu\\.cargo\\registry\\src\\index.crates.io-1949cf8c6b5b557f\\windows-strings-0.4.2\\src\\lib.rs","edition":"2021","doc":true,"doctest":true,"test":true},"profile":{"opt_level":"s","debuginfo":0,"debug_assertions":false,"overflow_checks":false,"test":false},"features":["std"],"filenames":["D:\\myhexin-local\\opencorvus\\packages\\overlay\\src-tauri\\target\\release\\deps\\libwindows_strings-5184d5b844d90054.rlib","D:\\myhexin-local\\opencorvus\\packages\\overlay\\src-tauri\\target\\release\\deps\\libwindows_strings-5184d5b844d90054.rmeta"],"executable":null,"fresh":true}
{"reason":"compiler-artifact","package_id":"registry+https://github.com/rust-lang/crates.io-index#windows-result@0.3.4","manifest_path":"C:\\Users\\hengu\\.cargo\\registry\\src\\index.crates.io-1949cf8c6b5b557f\\windows-result-0.3.4\\Cargo.toml","target":{"kind":["lib"],"crate_types":["lib"],"name":"windows_result","src_path":"C:\\Users\\hengu\\.cargo\\registry\\src\\index.crates.io-1949cf8c6b5b557f\\windows-result-0.3.4\\src\\lib.rs","edition":"2021","doc":true,"doctest":true,"test":true},"profile":{"opt_level":"s","debuginfo":0,"debug_assertions":false,"overflow_checks":false,"test":false},"features":["default","std"],"filenames":["D:\\myhexin-local\\opencorvus\\packages\\overlay\\src-tauri\\target\\release\\deps\\libwindows_result-d7414d18d2a6fd02.rlib","D:\\myhexin-local\\opencorvus\\packages\\overlay\\src-tauri\\target\\release\\deps\\libwindows_result-d7414d18d2a6fd02.rmeta"],"executable":null,"fresh":true}
{"reason":"build-script-executed","package_id":"registry+https://github.com/rust-lang/crates.io-index#windows_x86_64_msvc@0.52.6","linked_libs":[],"linked_paths":["native=C:\\Users\\hengu\\.cargo\\registry\\src\\index.crates.io-1949cf8c6b5b557f\\windows_x86_64_msvc-0.52.6\\lib"],"cfgs":[],"env":[],"out_dir":"D:\\myhexin-local\\opencorvus\\packages\\overlay\\src-tauri\\target\\release\\build\\windows_x86_64_msvc-a9ac869672bfe5b4\\out"}
{"reason":"build-script-executed","package_id":"registry+https://github.com/rust-lang/crates.io-index#libc@0.2.182","linked_libs":[],"linked_paths":[],"cfgs":["freebsd12"],"env":[],"out_dir":"D:\\myhexin-local\\opencorvus\\packages\\overlay\\src-tauri\\target\\release\\build\\libc-be6fbb26da431ab9\\out"}
{"reason":"compiler-artifact","package_id":"registry+https://github.com/rust-lang/crates.io-index#vswhom-sys@0.1.3","manifest_path":"C:\\Users\\hengu\\.cargo\\registry\\src\\index.crates.io-1949cf8c6b5b557f\\vswhom-sys-0.1.3\\Cargo.toml","target":{"kind":["custom-build"],"crate_types":["bin"],"name":"build-script-build","src_path":"C:\\Users\\hengu\\.cargo\\registry\\src\\index.crates.io-1949cf8c6b5b557f\\vswhom-sys-0.1.3\\build.rs","edition":"2015","doc":false,"doctest":false,"test":false},"profile":{"opt_level":"0","debuginfo":0,"debug_assertions":false,"overflow_checks":false,"test":false},"features":[],"filenames":["D:\\myhexin-local\\opencorvus\\packages\\overlay\\src-tauri\\target\\release\\build\\vswhom-sys-bc10a9551c3e1202\\build-script-build.exe","D:\\myhexin-local\\opencorvus\\packages\\overlay\\src-tauri\\target\\release\\build\\vswhom-sys-bc10a9551c3e1202\\build_script_build.pdb"],"executable":null,"fresh":true}
{"reason":"compiler-artifact","package_id":"registry+https://github.com/rust-lang/crates.io-index#version_check@0.9.5","manifest_path":"C:\\Users\\hengu\\.cargo\\registry\\src\\index.crates.io-1949cf8c6b5b557f\\version_check-0.9.5\\Cargo.toml","target":{"kind":["lib"],"crate_types":["lib"],"name":"version_check","src_path":"C:\\Users\\hengu\\.cargo\\registry\\src\\index.crates.io-1949cf8c6b5b557f\\version_check-0.9.5\\src\\lib.rs","edition":"2015","doc":true,"doctest":true,"test":true},"profile":{"opt_level":"0","debuginfo":0,"debug_assertions":false,"overflow_checks":false,"test":false},"features":[],"filenames":["D:\\myhexin-local\\opencorvus\\packages\\overlay\\src-tauri\\target\\release\\deps\\libversion_check-d81e34fb2f846968.rlib","D:\\myhexin-local\\opencorvus\\packages\\overlay\\src-tauri\\target\\release\\deps\\libversion_check-d81e34fb2f846968.rmeta"],"executable":null,"fresh":true}
{"reason":"build-script-executed","package_id":"registry+https://github.com/rust-lang/crates.io-index#serde@1.0.228","linked_libs":[],"linked_paths":[],"cfgs":["if_docsrs_then_no_serde_core"],"env":[],"out_dir":"D:\\myhexin-local\\opencorvus\\packages\\overlay\\src-tauri\\target\\release\\build\\serde-5a3555bc255beaa3\\out"}
{"reason":"compiler-artifact","package_id":"registry+https://github.com/rust-lang/crates.io-index#yoke@0.8.1","manifest_path":"C:\\Users\\hengu\\.cargo\\registry\\src\\index.crates.io-1949cf8c6b5b557f\\yoke-0.8.1\\Cargo.toml","target":{"kind":["lib"],"crate_types":["lib"],"name":"yoke","src_path":"C:\\Users\\hengu\\.cargo\\registry\\src\\index.crates.io-1949cf8c6b5b557f\\yoke-0.8.1\\src\\lib.rs","edition":"2021","doc":true,"doctest":true,"test":true},"profile":{"opt_level":"s","debuginfo":0,"debug_assertions":false,"overflow_checks":false,"test":false},"features":["derive","zerofrom"],"filenames":["D:\\myhexin-local\\opencorvus\\packages\\overlay\\src-tauri\\target\\release\\deps\\libyoke-5ec7264950aa8d0c.rlib","D:\\myhexin-local\\opencorvus\\packages\\overlay\\src-tauri\\target\\release\\deps\\libyoke-5ec7264950aa8d0c.rmeta"],"executable":null,"fresh":true}
{"reason":"compiler-artifact","package_id":"registry+https://github.com/rust-lang/crates.io-index#windows_x86_64_msvc@0.52.6","manifest_path":"C:\\Users\\hengu\\.cargo\\registry\\src\\index.crates.io-1949cf8c6b5b557f\\windows_x86_64_msvc-0.52.6\\Cargo.toml","target":{"kind":["lib"],"crate_types":["lib"],"name":"windows_x86_64_msvc","src_path":"C:\\Users\\hengu\\.cargo\\registry\\src\\index.crates.io-1949cf8c6b5b557f\\windows_x86_64_msvc-0.52.6\\src\\lib.rs","edition":"2021","doc":true,"doctest":true,"test":true},"profile":{"opt_level":"0","debuginfo":0,"debug_assertions":false,"overflow_checks":false,"test":false},"features":[],"filenames":["D:\\myhexin-local\\opencorvus\\packages\\overlay\\src-tauri\\target\\release\\deps\\libwindows_x86_64_msvc-cb444ef69b1f814c.rlib","D:\\myhexin-local\\opencorvus\\packages\\overlay\\src-tauri\\target\\release\\deps\\libwindows_x86_64_msvc-cb444ef69b1f814c.rmeta"],"executable":null,"fresh":true}
{"reason":"build-script-executed","package_id":"registry+https://github.com/rust-lang/crates.io-index#vswhom-sys@0.1.3","linked_libs":["static=vswhom","dylib=OleAut32","dylib=Ole32"],"linked_paths":["native=D:\\myhexin-local\\opencorvus\\packages\\overlay\\src-tauri\\target\\release\\build\\vswhom-sys-02b5c610457783ff\\out"],"cfgs":[],"env":[],"out_dir":"D:\\myhexin-local\\opencorvus\\packages\\overlay\\src-tauri\\target\\release\\build\\vswhom-sys-02b5c610457783ff\\out"}
{"reason":"compiler-artifact","package_id":"registry+https://github.com/rust-lang/crates.io-index#libc@0.2.182","manifest_path":"C:\\Users\\hengu\\.cargo\\registry\\src\\index.crates.io-1949cf8c6b5b557f\\libc-0.2.182\\Cargo.toml","target":{"kind":["lib"],"crate_types":["lib"],"name":"libc","src_path":"C:\\Users\\hengu\\.cargo\\registry\\src\\index.crates.io-1949cf8c6b5b557f\\libc-0.2.182\\src\\lib.rs","edition":"2021","doc":true,"doctest":true,"test":true},"profile":{"opt_level":"0","debuginfo":0,"debug_assertions":false,"overflow_checks":false,"test":false},"features":["default","std"],"filenames":["D:\\myhexin-local\\opencorvus\\packages\\overlay\\src-tauri\\target\\release\\deps\\liblibc-715781643c4b12bb.rlib","D:\\myhexin-local\\opencorvus\\packages\\overlay\\src-tauri\\target\\release\\deps\\liblibc-715781643c4b12bb.rmeta"],"executable":null,"fresh":true}
{"reason":"compiler-artifact","package_id":"registry+https://github.com/rust-lang/crates.io-index#smallvec@1.15.1","manifest_path":"C:\\Users\\hengu\\.cargo\\registry\\src\\index.crates.io-1949cf8c6b5b557f\\smallvec-1.15.1\\Cargo.toml","target":{"kind":["lib"],"crate_types":["lib"],"name":"smallvec","src_path":"C:\\Users\\hengu\\.cargo\\registry\\src\\index.crates.io-1949cf8c6b5b557f\\smallvec-1.15.1\\src\\lib.rs","edition":"2018","doc":true,"doctest":true,"test":true},"profile":{"opt_level":"s","debuginfo":0,"debug_assertions":false,"overflow_checks":false,"test":false},"features":["const_generics","const_new"],"filenames":["D:\\myhexin-local\\opencorvus\\packages\\overlay\\src-tauri\\target\\release\\deps\\libsmallvec-49951293aff0c5f9.rlib","D:\\myhexin-local\\opencorvus\\packages\\overlay\\src-tauri\\target\\release\\deps\\libsmallvec-49951293aff0c5f9.rmeta"],"executable":null,"fresh":true}
{"reason":"compiler-artifact","package_id":"registry+https://github.com/rust-lang/crates.io-index#pin-project-lite@0.2.17","manifest_path":"C:\\Users\\hengu\\.cargo\\registry\\src\\index.crates.io-1949cf8c6b5b557f\\pin-project-lite-0.2.17\\Cargo.toml","target":{"kind":["lib"],"crate_types":["lib"],"name":"pin_project_lite","src_path":"C:\\Users\\hengu\\.cargo\\registry\\src\\index.crates.io-1949cf8c6b5b557f\\pin-project-lite-0.2.17\\src\\lib.rs","edition":"2018","doc":true,"doctest":true,"test":true},"profile":{"opt_level":"s","debuginfo":0,"debug_assertions":false,"overflow_checks":false,"test":false},"features":[],"filenames":["D:\\myhexin-local\\opencorvus\\packages\\overlay\\src-tauri\\target\\release\\deps\\libpin_project_lite-e5399e840b56d2b6.rlib","D:\\myhexin-local\\opencorvus\\packages\\overlay\\src-tauri\\target\\release\\deps\\libpin_project_lite-e5399e840b56d2b6.rmeta"],"executable":null,"fresh":true}
{"reason":"compiler-artifact","package_id":"registry+https://github.com/rust-lang/crates.io-index#crc32fast@1.5.0","manifest_path":"C:\\Users\\hengu\\.cargo\\registry\\src\\index.crates.io-1949cf8c6b5b557f\\crc32fast-1.5.0\\Cargo.toml","target":{"kind":["custom-build"],"crate_types":["bin"],"name":"build-script-build","src_path":"C:\\Users\\hengu\\.cargo\\registry\\src\\index.crates.io-1949cf8c6b5b557f\\crc32fast-1.5.0\\build.rs","edition":"2021","doc":false,"doctest":false,"test":false},"profile":{"opt_level":"0","debuginfo":0,"debug_assertions":false,"overflow_checks":false,"test":false},"features":["default","std"],"filenames":["D:\\myhexin-local\\opencorvus\\packages\\overlay\\src-tauri\\target\\release\\build\\crc32fast-bbdd02aa4987a5ec\\build-script-build.exe","D:\\myhexin-local\\opencorvus\\packages\\overlay\\src-tauri\\target\\release\\build\\crc32fast-bbdd02aa4987a5ec\\build_script_build.pdb"],"executable":null,"fresh":true}
{"reason":"compiler-artifact","package_id":"registry+https://github.com/rust-lang/crates.io-index#serde@1.0.228","manifest_path":"C:\\Users\\hengu\\.cargo\\registry\\src\\index.crates.io-1949cf8c6b5b557f\\serde-1.0.228\\Cargo.toml","target":{"kind":["lib"],"crate_types":["lib"],"name":"serde","src_path":"C:\\Users\\hengu\\.cargo\\registry\\src\\index.crates.io-1949cf8c6b5b557f\\serde-1.0.228\\src\\lib.rs","edition":"2021","doc":true,"doctest":true,"test":true},"profile":{"opt_level":"s","debuginfo":0,"debug_assertions":false,"overflow_checks":false,"test":false},"features":["alloc","default","derive","rc","serde_derive","std"],"filenames":["D:\\myhexin-local\\opencorvus\\packages\\overlay\\src-tauri\\target\\release\\deps\\libserde-c9aeedbe2eff744b.rlib","D:\\myhexin-local\\opencorvus\\packages\\overlay\\src-tauri\\target\\release\\deps\\libserde-c9aeedbe2eff744b.rmeta"],"executable":null,"fresh":true}
{"reason":"compiler-artifact","package_id":"registry+https://github.com/rust-lang/crates.io-index#zerovec@0.11.5","manifest_path":"C:\\Users\\hengu\\.cargo\\registry\\src\\index.crates.io-1949cf8c6b5b557f\\zerovec-0.11.5\\Cargo.toml","target":{"kind":["lib"],"crate_types":["lib"],"name":"zerovec","src_path":"C:\\Users\\hengu\\.cargo\\registry\\src\\index.crates.io-1949cf8c6b5b557f\\zerovec-0.11.5\\src\\lib.rs","edition":"2021","doc":true,"doctest":true,"test":true},"profile":{"opt_level":"s","debuginfo":0,"debug_assertions":false,"overflow_checks":false,"test":false},"features":["derive","yoke"],"filenames":["D:\\myhexin-local\\opencorvus\\packages\\overlay\\src-tauri\\target\\release\\deps\\libzerovec-efe653820c771838.rlib","D:\\myhexin-local\\opencorvus\\packages\\overlay\\src-tauri\\target\\release\\deps\\libzerovec-efe653820c771838.rmeta"],"executable":null,"fresh":true}
{"reason":"compiler-artifact","package_id":"registry+https://github.com/rust-lang/crates.io-index#windows-targets@0.52.6","manifest_path":"C:\\Users\\hengu\\.cargo\\registry\\src\\index.crates.io-1949cf8c6b5b557f\\windows-targets-0.52.6\\Cargo.toml","target":{"kind":["lib"],"crate_types":["lib"],"name":"windows_targets","src_path":"C:\\Users\\hengu\\.cargo\\registry\\src\\index.crates.io-1949cf8c6b5b557f\\windows-targets-0.52.6\\src\\lib.rs","edition":"2021","doc":true,"doctest":true,"test":true},"profile":{"opt_level":"0","debuginfo":0,"debug_assertions":false,"overflow_checks":false,"test":false},"features":[],"filenames":["D:\\myhexin-local\\opencorvus\\packages\\overlay\\src-tauri\\target\\release\\deps\\libwindows_targets-c7fdaf8bfb406dec.rlib","D:\\myhexin-local\\opencorvus\\packages\\overlay\\src-tauri\\target\\release\\deps\\libwindows_targets-c7fdaf8bfb406dec.rmeta"],"executable":null,"fresh":true}
{"reason":"compiler-artifact","package_id":"registry+https://github.com/rust-lang/crates.io-index#bytes@1.11.1","manifest_path":"C:\\Users\\hengu\\.cargo\\registry\\src\\index.crates.io-1949cf8c6b5b557f\\bytes-1.11.1\\Cargo.toml","target":{"kind":["lib"],"crate_types":["lib"],"name":"bytes","src_path":"C:\\Users\\hengu\\.cargo\\registry\\src\\index.crates.io-1949cf8c6b5b557f\\bytes-1.11.1\\src\\lib.rs","edition":"2021","doc":true,"doctest":true,"test":true},"profile":{"opt_level":"s","debuginfo":0,"debug_assertions":false,"overflow_checks":false,"test":false},"features":["default","std"],"filenames":["D:\\myhexin-local\\opencorvus\\packages\\overlay\\src-tauri\\target\\release\\deps\\libbytes-79e8ba7929fdb6e7.rlib","D:\\myhexin-local\\opencorvus\\packages\\overlay\\src-tauri\\target\\release\\deps\\libbytes-79e8ba7929fdb6e7.rmeta"],"executable":null,"fresh":true}
{"reason":"compiler-artifact","package_id":"registry+https://github.com/rust-lang/crates.io-index#vswhom-sys@0.1.3","manifest_path":"C:\\Users\\hengu\\.cargo\\registry\\src\\index.crates.io-1949cf8c6b5b557f\\vswhom-sys-0.1.3\\Cargo.toml","target":{"kind":["lib"],"crate_types":["lib"],"name":"vswhom_sys","src_path":"C:\\Users\\hengu\\.cargo\\registry\\src\\index.crates.io-1949cf8c6b5b557f\\vswhom-sys-0.1.3\\src\\lib.rs","edition":"2015","doc":true,"doctest":true,"test":true},"profile":{"opt_level":"0","debuginfo":0,"debug_assertions":false,"overflow_checks":false,"test":false},"features":[],"filenames":["D:\\myhexin-local\\opencorvus\\packages\\overlay\\src-tauri\\target\\release\\deps\\libvswhom_sys-f45571f8be92d280.rlib","D:\\myhexin-local\\opencorvus\\packages\\overlay\\src-tauri\\target\\release\\deps\\libvswhom_sys-f45571f8be92d280.rmeta"],"executable":null,"fresh":true}
{"reason":"compiler-artifact","package_id":"registry+https://github.com/rust-lang/crates.io-index#once_cell@1.21.3","manifest_path":"C:\\Users\\hengu\\.cargo\\registry\\src\\index.crates.io-1949cf8c6b5b557f\\once_cell-1.21.3\\Cargo.toml","target":{"kind":["lib"],"crate_types":["lib"],"name":"once_cell","src_path":"C:\\Users\\hengu\\.cargo\\registry\\src\\index.crates.io-1949cf8c6b5b557f\\once_cell-1.21.3\\src\\lib.rs","edition":"2021","doc":true,"doctest":true,"test":true},"profile":{"opt_level":"s","debuginfo":0,"debug_assertions":false,"overflow_checks":false,"test":false},"features":["alloc","default","race","std"],"filenames":["D:\\myhexin-local\\opencorvus\\packages\\overlay\\src-tauri\\target\\release\\deps\\libonce_cell-6819afff4641b60b.rlib","D:\\myhexin-local\\opencorvus\\packages\\overlay\\src-tauri\\target\\release\\deps\\libonce_cell-6819afff4641b60b.rmeta"],"executable":null,"fresh":true}
{"reason":"compiler-artifact","package_id":"registry+https://github.com/rust-lang/crates.io-index#rustc_version@0.4.1","manifest_path":"C:\\Users\\hengu\\.cargo\\registry\\src\\index.crates.io-1949cf8c6b5b557f\\rustc_version-0.4.1\\Cargo.toml","target":{"kind":["lib"],"crate_types":["lib"],"name":"rustc_version","src_path":"C:\\Users\\hengu\\.cargo\\registry\\src\\index.crates.io-1949cf8c6b5b557f\\rustc_version-0.4.1\\src\\lib.rs","edition":"2018","doc":true,"doctest":true,"test":true},"profile":{"opt_level":"0","debuginfo":0,"debug_assertions":false,"overflow_checks":false,"test":false},"features":[],"filenames":["D:\\myhexin-local\\opencorvus\\packages\\overlay\\src-tauri\\target\\release\\deps\\librustc_version-22cbce272d460c67.rlib","D:\\myhexin-local\\opencorvus\\packages\\overlay\\src-tauri\\target\\release\\deps\\librustc_version-22cbce272d460c67.rmeta"],"executable":null,"fresh":true}
{"reason":"compiler-artifact","package_id":"registry+https://github.com/rust-lang/crates.io-index#windows-implement@0.60.2","manifest_path":"C:\\Users\\hengu\\.cargo\\registry\\src\\index.crates.io-1949cf8c6b5b557f\\windows-implement-0.60.2\\Cargo.toml","target":{"kind":["proc-macro"],"crate_types":["proc-macro"],"name":"windows_implement","src_path":"C:\\Users\\hengu\\.cargo\\registry\\src\\index.crates.io-1949cf8c6b5b557f\\windows-implement-0.60.2\\src\\lib.rs","edition":"2021","doc":true,"doctest":true,"test":true},"profile":{"opt_level":"0","debuginfo":0,"debug_assertions":false,"overflow_checks":false,"test":false},"features":[],"filenames":["D:\\myhexin-local\\opencorvus\\packages\\overlay\\src-tauri\\target\\release\\deps\\windows_implement-f77830b626515d6d.dll","D:\\myhexin-local\\opencorvus\\packages\\overlay\\src-tauri\\target\\release\\deps\\windows_implement-f77830b626515d6d.dll.lib","D:\\myhexin-local\\opencorvus\\packages\\overlay\\src-tauri\\target\\release\\deps\\windows_implement-f77830b626515d6d.dll.exp","D:\\myhexin-local\\opencorvus\\packages\\overlay\\src-tauri\\target\\release\\deps\\windows_implement-f77830b626515d6d.pdb"],"executable":null,"fresh":true}
{"reason":"compiler-artifact","package_id":"registry+https://github.com/rust-lang/crates.io-index#windows-sys@0.59.0","manifest_path":"C:\\Users\\hengu\\.cargo\\registry\\src\\index.crates.io-1949cf8c6b5b557f\\windows-sys-0.59.0\\Cargo.toml","target":{"kind":["lib"],"crate_types":["lib"],"name":"windows_sys","src_path":"C:\\Users\\hengu\\.cargo\\registry\\src\\index.crates.io-1949cf8c6b5b557f\\windows-sys-0.59.0\\src\\lib.rs","edition":"2021","doc":true,"doctest":false,"test":false},"profile":{"opt_level":"0","debuginfo":0,"debug_assertions":false,"overflow_checks":false,"test":false},"features":["Win32","Win32_Foundation","Win32_Security","Win32_Storage","Win32_Storage_FileSystem","Win32_System","Win32_System_Diagnostics","Win32_System_Diagnostics_Debug","Win32_System_Registry","Win32_System_Time","default"],"filenames":["D:\\myhexin-local\\opencorvus\\packages\\overlay\\src-tauri\\target\\release\\deps\\libwindows_sys-b0c3f24f91b07b52.rlib","D:\\myhexin-local\\opencorvus\\packages\\overlay\\src-tauri\\target\\release\\deps\\libwindows_sys-b0c3f24f91b07b52.rmeta"],"executable":null,"fresh":true}
{"reason":"compiler-artifact","package_id":"registry+https://github.com/rust-lang/crates.io-index#tinystr@0.8.2","manifest_path":"C:\\Users\\hengu\\.cargo\\registry\\src\\index.crates.io-1949cf8c6b5b557f\\tinystr-0.8.2\\Cargo.toml","target":{"kind":["lib"],"crate_types":["lib"],"name":"tinystr","src_path":"C:\\Users\\hengu\\.cargo\\registry\\src\\index.crates.io-1949cf8c6b5b557f\\tinystr-0.8.2\\src\\lib.rs","edition":"2021","doc":true,"doctest":true,"test":true},"profile":{"opt_level":"s","debuginfo":0,"debug_assertions":false,"overflow_checks":false,"test":false},"features":["zerovec"],"filenames":["D:\\myhexin-local\\opencorvus\\packages\\overlay\\src-tauri\\target\\release\\deps\\libtinystr-688d99f5e59f958d.rlib","D:\\myhexin-local\\opencorvus\\packages\\overlay\\src-tauri\\target\\release\\deps\\libtinystr-688d99f5e59f958d.rmeta"],"executable":null,"fresh":true}
{"reason":"compiler-artifact","package_id":"registry+https://github.com/rust-lang/crates.io-index#vswhom@0.1.0","manifest_path":"C:\\Users\\hengu\\.cargo\\registry\\src\\index.crates.io-1949cf8c6b5b557f\\vswhom-0.1.0\\Cargo.toml","target":{"kind":["lib"],"crate_types":["lib"],"name":"vswhom","src_path":"C:\\Users\\hengu\\.cargo\\registry\\src\\index.crates.io-1949cf8c6b5b557f\\vswhom-0.1.0\\src\\lib.rs","edition":"2015","doc":true,"doctest":true,"test":true},"profile":{"opt_level":"0","debuginfo":0,"debug_assertions":false,"overflow_checks":false,"test":false},"features":[],"filenames":["D:\\myhexin-local\\opencorvus\\packages\\overlay\\src-tauri\\target\\release\\deps\\libvswhom-6ab42705a0fe27d6.rlib","D:\\myhexin-local\\opencorvus\\packages\\overlay\\src-tauri\\target\\release\\deps\\libvswhom-6ab42705a0fe27d6.rmeta"],"executable":null,"fresh":true}
{"reason":"compiler-artifact","package_id":"registry+https://github.com/rust-lang/crates.io-index#windows-interface@0.59.3","manifest_path":"C:\\Users\\hengu\\.cargo\\registry\\src\\index.crates.io-1949cf8c6b5b557f\\windows-interface-0.59.3\\Cargo.toml","target":{"kind":["proc-macro"],"crate_types":["proc-macro"],"name":"windows_interface","src_path":"C:\\Users\\hengu\\.cargo\\registry\\src\\index.crates.io-1949cf8c6b5b557f\\windows-interface-0.59.3\\src\\lib.rs","edition":"2021","doc":true,"doctest":true,"test":true},"profile":{"opt_level":"0","debuginfo":0,"debug_assertions":false,"overflow_checks":false,"test":false},"features":[],"filenames":["D:\\myhexin-local\\opencorvus\\packages\\overlay\\src-tauri\\target\\release\\deps\\windows_interface-bc17c42543a3e146.dll","D:\\myhexin-local\\opencorvus\\packages\\overlay\\src-tauri\\target\\release\\deps\\windows_interface-bc17c42543a3e146.dll.lib","D:\\myhexin-local\\opencorvus\\packages\\overlay\\src-tauri\\target\\release\\deps\\windows_interface-bc17c42543a3e146.dll.exp","D:\\myhexin-local\\opencorvus\\packages\\overlay\\src-tauri\\target\\release\\deps\\windows_interface-bc17c42543a3e146.pdb"],"executable":null,"fresh":true}
{"reason":"compiler-artifact","package_id":"registry+https://github.com/rust-lang/crates.io-index#litemap@0.8.1","manifest_path":"C:\\Users\\hengu\\.cargo\\registry\\src\\index.crates.io-1949cf8c6b5b557f\\litemap-0.8.1\\Cargo.toml","target":{"kind":["lib"],"crate_types":["lib"],"name":"litemap","src_path":"C:\\Users\\hengu\\.cargo\\registry\\src\\index.crates.io-1949cf8c6b5b557f\\litemap-0.8.1\\src\\lib.rs","edition":"2021","doc":true,"doctest":true,"test":true},"profile":{"opt_level":"s","debuginfo":0,"debug_assertions":false,"overflow_checks":false,"test":false},"features":[],"filenames":["D:\\myhexin-local\\opencorvus\\packages\\overlay\\src-tauri\\target\\release\\deps\\liblitemap-8367ed3cef23afa2.rlib","D:\\myhexin-local\\opencorvus\\packages\\overlay\\src-tauri\\target\\release\\deps\\liblitemap-8367ed3cef23afa2.rmeta"],"executable":null,"fresh":true}
{"reason":"compiler-artifact","package_id":"registry+https://github.com/rust-lang/crates.io-index#writeable@0.6.2","manifest_path":"C:\\Users\\hengu\\.cargo\\registry\\src\\index.crates.io-1949cf8c6b5b557f\\writeable-0.6.2\\Cargo.toml","target":{"kind":["lib"],"crate_types":["lib"],"name":"writeable","src_path":"C:\\Users\\hengu\\.cargo\\registry\\src\\index.crates.io-1949cf8c6b5b557f\\writeable-0.6.2\\src\\lib.rs","edition":"2021","doc":true,"doctest":true,"test":true},"profile":{"opt_level":"s","debuginfo":0,"debug_assertions":false,"overflow_checks":false,"test":false},"features":[],"filenames":["D:\\myhexin-local\\opencorvus\\packages\\overlay\\src-tauri\\target\\release\\deps\\libwriteable-3a25439e077e26b0.rlib","D:\\myhexin-local\\opencorvus\\packages\\overlay\\src-tauri\\target\\release\\deps\\libwriteable-3a25439e077e26b0.rmeta"],"executable":null,"fresh":true}
{"reason":"compiler-artifact","package_id":"registry+https://github.com/rust-lang/crates.io-index#option-ext@0.2.0","manifest_path":"C:\\Users\\hengu\\.cargo\\registry\\src\\index.crates.io-1949cf8c6b5b557f\\option-ext-0.2.0\\Cargo.toml","target":{"kind":["lib"],"crate_types":["lib"],"name":"option_ext","src_path":"C:\\Users\\hengu\\.cargo\\registry\\src\\index.crates.io-1949cf8c6b5b557f\\option-ext-0.2.0\\src\\lib.rs","edition":"2015","doc":true,"doctest":true,"test":true},"profile":{"opt_level":"0","debuginfo":0,"debug_assertions":false,"overflow_checks":false,"test":false},"features":[],"filenames":["D:\\myhexin-local\\opencorvus\\packages\\overlay\\src-tauri\\target\\release\\deps\\liboption_ext-53a14ddf7b49b86f.rlib","D:\\myhexin-local\\opencorvus\\packages\\overlay\\src-tauri\\target\\release\\deps\\liboption_ext-53a14ddf7b49b86f.rmeta"],"executable":null,"fresh":true}
{"reason":"compiler-artifact","package_id":"registry+https://github.com/rust-lang/crates.io-index#potential_utf@0.1.4","manifest_path":"C:\\Users\\hengu\\.cargo\\registry\\src\\index.crates.io-1949cf8c6b5b557f\\potential_utf-0.1.4\\Cargo.toml","target":{"kind":["lib"],"crate_types":["lib"],"name":"potential_utf","src_path":"C:\\Users\\hengu\\.cargo\\registry\\src\\index.crates.io-1949cf8c6b5b557f\\potential_utf-0.1.4\\src\\lib.rs","edition":"2021","doc":true,"doctest":true,"test":true},"profile":{"opt_level":"s","debuginfo":0,"debug_assertions":false,"overflow_checks":false,"test":false},"features":["zerovec"],"filenames":["D:\\myhexin-local\\opencorvus\\packages\\overlay\\src-tauri\\target\\release\\deps\\libpotential_utf-fe0b7b736a9c24fa.rlib","D:\\myhexin-local\\opencorvus\\packages\\overlay\\src-tauri\\target\\release\\deps\\libpotential_utf-fe0b7b736a9c24fa.rmeta"],"executable":null,"fresh":true}
{"reason":"compiler-artifact","package_id":"registry+https://github.com/rust-lang/crates.io-index#winreg@0.55.0","manifest_path":"C:\\Users\\hengu\\.cargo\\registry\\src\\index.crates.io-1949cf8c6b5b557f\\winreg-0.55.0\\Cargo.toml","target":{"kind":["lib"],"crate_types":["lib"],"name":"winreg","src_path":"C:\\Users\\hengu\\.cargo\\registry\\src\\index.crates.io-1949cf8c6b5b557f\\winreg-0.55.0\\src\\lib.rs","edition":"2021","doc":true,"doctest":true,"test":true},"profile":{"opt_level":"0","debuginfo":0,"debug_assertions":false,"overflow_checks":false,"test":false},"features":[],"filenames":["D:\\myhexin-local\\opencorvus\\packages\\overlay\\src-tauri\\target\\release\\deps\\libwinreg-43bfb1c5c1c3b4f7.rlib","D:\\myhexin-local\\opencorvus\\packages\\overlay\\src-tauri\\target\\release\\deps\\libwinreg-43bfb1c5c1c3b4f7.rmeta"],"executable":null,"fresh":true}
{"reason":"compiler-artifact","package_id":"registry+https://github.com/rust-lang/crates.io-index#dirs-sys@0.5.0","manifest_path":"C:\\Users\\hengu\\.cargo\\registry\\src\\index.crates.io-1949cf8c6b5b557f\\dirs-sys-0.5.0\\Cargo.toml","target":{"kind":["lib"],"crate_types":["lib"],"name":"dirs_sys","src_path":"C:\\Users\\hengu\\.cargo\\registry\\src\\index.crates.io-1949cf8c6b5b557f\\dirs-sys-0.5.0\\src\\lib.rs","edition":"2015","doc":true,"doctest":true,"test":true},"profile":{"opt_level":"0","debuginfo":0,"debug_assertions":false,"overflow_checks":false,"test":false},"features":[],"filenames":["D:\\myhexin-local\\opencorvus\\packages\\overlay\\src-tauri\\target\\release\\deps\\libdirs_sys-e9b973b3687fc1eb.rlib","D:\\myhexin-local\\opencorvus\\packages\\overlay\\src-tauri\\target\\release\\deps\\libdirs_sys-e9b973b3687fc1eb.rmeta"],"executable":null,"fresh":true}
{"reason":"compiler-artifact","package_id":"registry+https://github.com/rust-lang/crates.io-index#icu_locale_core@2.1.1","manifest_path":"C:\\Users\\hengu\\.cargo\\registry\\src\\index.crates.io-1949cf8c6b5b557f\\icu_locale_core-2.1.1\\Cargo.toml","target":{"kind":["lib"],"crate_types":["lib"],"name":"icu_locale_core","src_path":"C:\\Users\\hengu\\.cargo\\registry\\src\\index.crates.io-1949cf8c6b5b557f\\icu_locale_core-2.1.1\\src\\lib.rs","edition":"2021","doc":true,"doctest":true,"test":true},"profile":{"opt_level":"s","debuginfo":0,"debug_assertions":false,"overflow_checks":false,"test":false},"features":["zerovec"],"filenames":["D:\\myhexin-local\\opencorvus\\packages\\overlay\\src-tauri\\target\\release\\deps\\libicu_locale_core-8706bb451017da57.rlib","D:\\myhexin-local\\opencorvus\\packages\\overlay\\src-tauri\\target\\release\\deps\\libicu_locale_core-8706bb451017da57.rmeta"],"executable":null,"fresh":true}
{"reason":"compiler-artifact","package_id":"registry+https://github.com/rust-lang/crates.io-index#windows-core@0.61.2","manifest_path":"C:\\Users\\hengu\\.cargo\\registry\\src\\index.crates.io-1949cf8c6b5b557f\\windows-core-0.61.2\\Cargo.toml","target":{"kind":["lib"],"crate_types":["lib"],"name":"windows_core","src_path":"C:\\Users\\hengu\\.cargo\\registry\\src\\index.crates.io-1949cf8c6b5b557f\\windows-core-0.61.2\\src\\lib.rs","edition":"2021","doc":true,"doctest":true,"test":true},"profile":{"opt_level":"s","debuginfo":0,"debug_assertions":false,"overflow_checks":false,"test":false},"features":["default","std"],"filenames":["D:\\myhexin-local\\opencorvus\\packages\\overlay\\src-tauri\\target\\release\\deps\\libwindows_core-370dca10d93ebca8.rlib","D:\\myhexin-local\\opencorvus\\packages\\overlay\\src-tauri\\target\\release\\deps\\libwindows_core-370dca10d93ebca8.rmeta"],"executable":null,"fresh":true}
{"reason":"compiler-artifact","package_id":"registry+https://github.com/rust-lang/crates.io-index#zerotrie@0.2.3","manifest_path":"C:\\Users\\hengu\\.cargo\\registry\\src\\index.crates.io-1949cf8c6b5b557f\\zerotrie-0.2.3\\Cargo.toml","target":{"kind":["lib"],"crate_types":["lib"],"name":"zerotrie","src_path":"C:\\Users\\hengu\\.cargo\\registry\\src\\index.crates.io-1949cf8c6b5b557f\\zerotrie-0.2.3\\src\\lib.rs","edition":"2021","doc":true,"doctest":true,"test":true},"profile":{"opt_level":"s","debuginfo":0,"debug_assertions":false,"overflow_checks":false,"test":false},"features":["yoke","zerofrom"],"filenames":["D:\\myhexin-local\\opencorvus\\packages\\overlay\\src-tauri\\target\\release\\deps\\libzerotrie-d402c0bfcae70170.rlib","D:\\myhexin-local\\opencorvus\\packages\\overlay\\src-tauri\\target\\release\\deps\\libzerotrie-d402c0bfcae70170.rmeta"],"executable":null,"fresh":true}
{"reason":"compiler-artifact","package_id":"registry+https://github.com/rust-lang/crates.io-index#heck@0.5.0","manifest_path":"C:\\Users\\hengu\\.cargo\\registry\\src\\index.crates.io-1949cf8c6b5b557f\\heck-0.5.0\\Cargo.toml","target":{"kind":["lib"],"crate_types":["lib"],"name":"heck","src_path":"C:\\Users\\hengu\\.cargo\\registry\\src\\index.crates.io-1949cf8c6b5b557f\\heck-0.5.0\\src\\lib.rs","edition":"2021","doc":true,"doctest":true,"test":true},"profile":{"opt_level":"0","debuginfo":0,"debug_assertions":false,"overflow_checks":false,"test":false},"features":[],"filenames":["D:\\myhexin-local\\opencorvus\\packages\\overlay\\src-tauri\\target\\release\\deps\\libheck-3936f0a3985461eb.rlib","D:\\myhexin-local\\opencorvus\\packages\\overlay\\src-tauri\\target\\release\\deps\\libheck-3936f0a3985461eb.rmeta"],"executable":null,"fresh":true}
{"reason":"compiler-artifact","package_id":"registry+https://github.com/rust-lang/crates.io-index#icu_collections@2.1.1","manifest_path":"C:\\Users\\hengu\\.cargo\\registry\\src\\index.crates.io-1949cf8c6b5b557f\\icu_collections-2.1.1\\Cargo.toml","target":{"kind":["lib"],"crate_types":["lib"],"name":"icu_collections","src_path":"C:\\Users\\hengu\\.cargo\\registry\\src\\index.crates.io-1949cf8c6b5b557f\\icu_collections-2.1.1\\src\\lib.rs","edition":"2021","doc":true,"doctest":true,"test":true},"profile":{"opt_level":"s","debuginfo":0,"debug_assertions":false,"overflow_checks":false,"test":false},"features":[],"filenames":["D:\\myhexin-local\\opencorvus\\packages\\overlay\\src-tauri\\target\\release\\deps\\libicu_collections-2f2ee2e11b97326c.rlib","D:\\myhexin-local\\opencorvus\\packages\\overlay\\src-tauri\\target\\release\\deps\\libicu_collections-2f2ee2e11b97326c.rmeta"],"executable":null,"fresh":true}
{"reason":"compiler-artifact","package_id":"registry+https://github.com/rust-lang/crates.io-index#cargo_toml@0.22.3","manifest_path":"C:\\Users\\hengu\\.cargo\\registry\\src\\index.crates.io-1949cf8c6b5b557f\\cargo_toml-0.22.3\\Cargo.toml","target":{"kind":["lib"],"crate_types":["lib"],"name":"cargo_toml","src_path":"C:\\Users\\hengu\\.cargo\\registry\\src\\index.crates.io-1949cf8c6b5b557f\\cargo_toml-0.22.3\\src\\cargo_toml.rs","edition":"2021","doc":true,"doctest":true,"test":true},"profile":{"opt_level":"0","debuginfo":0,"debug_assertions":false,"overflow_checks":false,"test":false},"features":[],"filenames":["D:\\myhexin-local\\opencorvus\\packages\\overlay\\src-tauri\\target\\release\\deps\\libcargo_toml-d84f5d6ba321edcb.rlib","D:\\myhexin-local\\opencorvus\\packages\\overlay\\src-tauri\\target\\release\\deps\\libcargo_toml-d84f5d6ba321edcb.rmeta"],"executable":null,"fresh":true}
{"reason":"compiler-artifact","package_id":"registry+https://github.com/rust-lang/crates.io-index#embed-resource@3.0.6","manifest_path":"C:\\Users\\hengu\\.cargo\\registry\\src\\index.crates.io-1949cf8c6b5b557f\\embed-resource-3.0.6\\Cargo.toml","target":{"kind":["lib"],"crate_types":["lib"],"name":"embed_resource","src_path":"C:\\Users\\hengu\\.cargo\\registry\\src\\index.crates.io-1949cf8c6b5b557f\\embed-resource-3.0.6\\src\\lib.rs","edition":"2015","doc":true,"doctest":true,"test":true},"profile":{"opt_level":"0","debuginfo":0,"debug_assertions":false,"overflow_checks":false,"test":false},"features":[],"filenames":["D:\\myhexin-local\\opencorvus\\packages\\overlay\\src-tauri\\target\\release\\deps\\libembed_resource-926fb207a3e024c3.rlib","D:\\myhexin-local\\opencorvus\\packages\\overlay\\src-tauri\\target\\release\\deps\\libembed_resource-926fb207a3e024c3.rmeta"],"executable":null,"fresh":true}
{"reason":"compiler-artifact","package_id":"registry+https://github.com/rust-lang/crates.io-index#icu_provider@2.1.1","manifest_path":"C:\\Users\\hengu\\.cargo\\registry\\src\\index.crates.io-1949cf8c6b5b557f\\icu_provider-2.1.1\\Cargo.toml","target":{"kind":["lib"],"crate_types":["lib"],"name":"icu_provider","src_path":"C:\\Users\\hengu\\.cargo\\registry\\src\\index.crates.io-1949cf8c6b5b557f\\icu_provider-2.1.1\\src\\lib.rs","edition":"2021","doc":true,"doctest":true,"test":true},"profile":{"opt_level":"s","debuginfo":0,"debug_assertions":false,"overflow_checks":false,"test":false},"features":["baked"],"filenames":["D:\\myhexin-local\\opencorvus\\packages\\overlay\\src-tauri\\target\\release\\deps\\libicu_provider-b0a0c28e2faa7e3f.rlib","D:\\myhexin-local\\opencorvus\\packages\\overlay\\src-tauri\\target\\release\\deps\\libicu_provider-b0a0c28e2faa7e3f.rmeta"],"executable":null,"fresh":true}
{"reason":"compiler-artifact","package_id":"registry+https://github.com/rust-lang/crates.io-index#dirs@6.0.0","manifest_path":"C:\\Users\\hengu\\.cargo\\registry\\src\\index.crates.io-1949cf8c6b5b557f\\dirs-6.0.0\\Cargo.toml","target":{"kind":["lib"],"crate_types":["lib"],"name":"dirs","src_path":"C:\\Users\\hengu\\.cargo\\registry\\src\\index.crates.io-1949cf8c6b5b557f\\dirs-6.0.0\\src\\lib.rs","edition":"2015","doc":true,"doctest":true,"test":true},"profile":{"opt_level":"0","debuginfo":0,"debug_assertions":false,"overflow_checks":false,"test":false},"features":[],"filenames":["D:\\myhexin-local\\opencorvus\\packages\\overlay\\src-tauri\\target\\release\\deps\\libdirs-c5aa0019bccb5a15.rlib","D:\\myhexin-local\\opencorvus\\packages\\overlay\\src-tauri\\target\\release\\deps\\libdirs-c5aa0019bccb5a15.rmeta"],"executable":null,"fresh":true}
{"reason":"build-script-executed","package_id":"registry+https://github.com/rust-lang/crates.io-index#icu_properties_data@2.1.2","linked_libs":[],"linked_paths":[],"cfgs":[],"env":[],"out_dir":"D:\\myhexin-local\\opencorvus\\packages\\overlay\\src-tauri\\target\\release\\build\\icu_properties_data-6381844669156ced\\out"}
{"reason":"build-script-executed","package_id":"registry+https://github.com/rust-lang/crates.io-index#icu_normalizer_data@2.1.1","linked_libs":[],"linked_paths":[],"cfgs":[],"env":[],"out_dir":"D:\\myhexin-local\\opencorvus\\packages\\overlay\\src-tauri\\target\\release\\build\\icu_normalizer_data-f22b081a7a63bb18\\out"}
{"reason":"compiler-artifact","package_id":"registry+https://github.com/rust-lang/crates.io-index#http@1.4.0","manifest_path":"C:\\Users\\hengu\\.cargo\\registry\\src\\index.crates.io-1949cf8c6b5b557f\\http-1.4.0\\Cargo.toml","target":{"kind":["lib"],"crate_types":["lib"],"name":"http","src_path":"C:\\Users\\hengu\\.cargo\\registry\\src\\index.crates.io-1949cf8c6b5b557f\\http-1.4.0\\src\\lib.rs","edition":"2021","doc":true,"doctest":true,"test":true},"profile":{"opt_level":"s","debuginfo":0,"debug_assertions":false,"overflow_checks":false,"test":false},"features":["default","std"],"filenames":["D:\\myhexin-local\\opencorvus\\packages\\overlay\\src-tauri\\target\\release\\deps\\libhttp-24191f42a64bc84b.rlib","D:\\myhexin-local\\opencorvus\\packages\\overlay\\src-tauri\\target\\release\\deps\\libhttp-24191f42a64bc84b.rmeta"],"executable":null,"fresh":true}
{"reason":"compiler-artifact","package_id":"registry+https://github.com/rust-lang/crates.io-index#windows-threading@0.1.0","manifest_path":"C:\\Users\\hengu\\.cargo\\registry\\src\\index.crates.io-1949cf8c6b5b557f\\windows-threading-0.1.0\\Cargo.toml","target":{"kind":["lib"],"crate_types":["lib"],"name":"windows_threading","src_path":"C:\\Users\\hengu\\.cargo\\registry\\src\\index.crates.io-1949cf8c6b5b557f\\windows-threading-0.1.0\\src\\lib.rs","edition":"2021","doc":true,"doctest":true,"test":true},"profile":{"opt_level":"s","debuginfo":0,"debug_assertions":false,"overflow_checks":false,"test":false},"features":[],"filenames":["D:\\myhexin-local\\opencorvus\\packages\\overlay\\src-tauri\\target\\release\\deps\\libwindows_threading-0f31d029200ca55e.rlib","D:\\myhexin-local\\opencorvus\\packages\\overlay\\src-tauri\\target\\release\\deps\\libwindows_threading-0f31d029200ca55e.rmeta"],"executable":null,"fresh":true}
{"reason":"compiler-artifact","package_id":"registry+https://github.com/rust-lang/crates.io-index#typenum@1.19.0","manifest_path":"C:\\Users\\hengu\\.cargo\\registry\\src\\index.crates.io-1949cf8c6b5b557f\\typenum-1.19.0\\Cargo.toml","target":{"kind":["custom-build"],"crate_types":["bin"],"name":"build-script-build","src_path":"C:\\Users\\hengu\\.cargo\\registry\\src\\index.crates.io-1949cf8c6b5b557f\\typenum-1.19.0\\build.rs","edition":"2018","doc":false,"doctest":false,"test":false},"profile":{"opt_level":"0","debuginfo":0,"debug_assertions":false,"overflow_checks":false,"test":false},"features":[],"filenames":["D:\\myhexin-local\\opencorvus\\packages\\overlay\\src-tauri\\target\\release\\build\\typenum-9ff1a824b193eed5\\build-script-build.exe","D:\\myhexin-local\\opencorvus\\packages\\overlay\\src-tauri\\target\\release\\build\\typenum-9ff1a824b193eed5\\build_script_build.pdb"],"executable":null,"fresh":true}
{"reason":"compiler-artifact","package_id":"registry+https://github.com/rust-lang/crates.io-index#rand@0.8.6","manifest_path":"C:\\Users\\hengu\\.cargo\\registry\\src\\index.crates.io-1949cf8c6b5b557f\\rand-0.8.6\\Cargo.toml","target":{"kind":["lib"],"crate_types":["lib"],"name":"rand","src_path":"C:\\Users\\hengu\\.cargo\\registry\\src\\index.crates.io-1949cf8c6b5b557f\\rand-0.8.6\\src\\lib.rs","edition":"2018","doc":true,"doctest":true,"test":true},"profile":{"opt_level":"0","debuginfo":0,"debug_assertions":false,"overflow_checks":false,"test":false},"features":["alloc","default","getrandom","libc","rand_chacha","small_rng","std","std_rng"],"filenames":["D:\\myhexin-local\\opencorvus\\packages\\overlay\\src-tauri\\target\\release\\deps\\librand-9d3c1946a52945bf.rlib","D:\\myhexin-local\\opencorvus\\packages\\overlay\\src-tauri\\target\\release\\deps\\librand-9d3c1946a52945bf.rmeta"],"executable":null,"fresh":false}
{"reason":"compiler-artifact","package_id":"registry+https://github.com/rust-lang/crates.io-index#phf_generator@0.10.0","manifest_path":"C:\\Users\\hengu\\.cargo\\registry\\src\\index.crates.io-1949cf8c6b5b557f\\phf_generator-0.10.0\\Cargo.toml","target":{"kind":["lib"],"crate_types":["lib"],"name":"phf_generator","src_path":"C:\\Users\\hengu\\.cargo\\registry\\src\\index.crates.io-1949cf8c6b5b557f\\phf_generator-0.10.0\\src\\lib.rs","edition":"2018","doc":true,"doctest":true,"test":true},"profile":{"opt_level":"0","debuginfo":0,"debug_assertions":false,"overflow_checks":false,"test":false},"features":[],"filenames":["D:\\myhexin-local\\opencorvus\\packages\\overlay\\src-tauri\\target\\release\\deps\\libphf_generator-e5e996768a95008d.rlib","D:\\myhexin-local\\opencorvus\\packages\\overlay\\src-tauri\\target\\release\\deps\\libphf_generator-e5e996768a95008d.rmeta"],"executable":null,"fresh":false}
{"reason":"compiler-artifact","package_id":"registry+https://github.com/rust-lang/crates.io-index#phf_generator@0.11.3","manifest_path":"C:\\Users\\hengu\\.cargo\\registry\\src\\index.crates.io-1949cf8c6b5b557f\\phf_generator-0.11.3\\Cargo.toml","target":{"kind":["lib"],"crate_types":["lib"],"name":"phf_generator","src_path":"C:\\Users\\hengu\\.cargo\\registry\\src\\index.crates.io-1949cf8c6b5b557f\\phf_generator-0.11.3\\src\\lib.rs","edition":"2021","doc":true,"doctest":true,"test":true},"profile":{"opt_level":"0","debuginfo":0,"debug_assertions":false,"overflow_checks":false,"test":false},"features":[],"filenames":["D:\\myhexin-local\\opencorvus\\packages\\overlay\\src-tauri\\target\\release\\deps\\libphf_generator-92f6af5f1bd2be0c.rlib","D:\\myhexin-local\\opencorvus\\packages\\overlay\\src-tauri\\target\\release\\deps\\libphf_generator-92f6af5f1bd2be0c.rmeta"],"executable":null,"fresh":false}
{"reason":"compiler-artifact","package_id":"registry+https://github.com/rust-lang/crates.io-index#tauri-winres@0.3.5","manifest_path":"C:\\Users\\hengu\\.cargo\\registry\\src\\index.crates.io-1949cf8c6b5b557f\\tauri-winres-0.3.5\\Cargo.toml","target":{"kind":["lib"],"crate_types":["lib"],"name":"tauri_winres","src_path":"C:\\Users\\hengu\\.cargo\\registry\\src\\index.crates.io-1949cf8c6b5b557f\\tauri-winres-0.3.5\\src\\lib.rs","edition":"2021","doc":true,"doctest":true,"test":true},"profile":{"opt_level":"0","debuginfo":0,"debug_assertions":false,"overflow_checks":false,"test":false},"features":[],"filenames":["D:\\myhexin-local\\opencorvus\\packages\\overlay\\src-tauri\\target\\release\\deps\\libtauri_winres-5d008b9775a720fc.rlib","D:\\myhexin-local\\opencorvus\\packages\\overlay\\src-tauri\\target\\release\\deps\\libtauri_winres-5d008b9775a720fc.rmeta"],"executable":null,"fresh":true}
{"reason":"compiler-artifact","package_id":"registry+https://github.com/rust-lang/crates.io-index#icu_normalizer_data@2.1.1","manifest_path":"C:\\Users\\hengu\\.cargo\\registry\\src\\index.crates.io-1949cf8c6b5b557f\\icu_normalizer_data-2.1.1\\Cargo.toml","target":{"kind":["lib"],"crate_types":["lib"],"name":"icu_normalizer_data","src_path":"C:\\Users\\hengu\\.cargo\\registry\\src\\index.crates.io-1949cf8c6b5b557f\\icu_normalizer_data-2.1.1\\src\\lib.rs","edition":"2021","doc":true,"doctest":true,"test":true},"profile":{"opt_level":"s","debuginfo":0,"debug_assertions":false,"overflow_checks":false,"test":false},"features":[],"filenames":["D:\\myhexin-local\\opencorvus\\packages\\overlay\\src-tauri\\target\\release\\deps\\libicu_normalizer_data-b8d9598e8a0e712f.rlib","D:\\myhexin-local\\opencorvus\\packages\\overlay\\src-tauri\\target\\release\\deps\\libicu_normalizer_data-b8d9598e8a0e712f.rmeta"],"executable":null,"fresh":true}
{"reason":"compiler-artifact","package_id":"registry+https://github.com/rust-lang/crates.io-index#icu_properties_data@2.1.2","manifest_path":"C:\\Users\\hengu\\.cargo\\registry\\src\\index.crates.io-1949cf8c6b5b557f\\icu_properties_data-2.1.2\\Cargo.toml","target":{"kind":["lib"],"crate_types":["lib"],"name":"icu_properties_data","src_path":"C:\\Users\\hengu\\.cargo\\registry\\src\\index.crates.io-1949cf8c6b5b557f\\icu_properties_data-2.1.2\\src\\lib.rs","edition":"2021","doc":true,"doctest":true,"test":true},"profile":{"opt_level":"s","debuginfo":0,"debug_assertions":false,"overflow_checks":false,"test":false},"features":[],"filenames":["D:\\myhexin-local\\opencorvus\\packages\\overlay\\src-tauri\\target\\release\\deps\\libicu_properties_data-ccbeb5b7dd9e1770.rlib","D:\\myhexin-local\\opencorvus\\packages\\overlay\\src-tauri\\target\\release\\deps\\libicu_properties_data-ccbeb5b7dd9e1770.rmeta"],"executable":null,"fresh":true}
{"reason":"compiler-artifact","package_id":"registry+https://github.com/rust-lang/crates.io-index#percent-encoding@2.3.2","manifest_path":"C:\\Users\\hengu\\.cargo\\registry\\src\\index.crates.io-1949cf8c6b5b557f\\percent-encoding-2.3.2\\Cargo.toml","target":{"kind":["lib"],"crate_types":["lib"],"name":"percent_encoding","src_path":"C:\\Users\\hengu\\.cargo\\registry\\src\\index.crates.io-1949cf8c6b5b557f\\percent-encoding-2.3.2\\src\\lib.rs","edition":"2018","doc":true,"doctest":true,"test":true},"profile":{"opt_level":"s","debuginfo":0,"debug_assertions":false,"overflow_checks":false,"test":false},"features":["alloc","default","std"],"filenames":["D:\\myhexin-local\\opencorvus\\packages\\overlay\\src-tauri\\target\\release\\deps\\libpercent_encoding-002ea64871eb95ca.rlib","D:\\myhexin-local\\opencorvus\\packages\\overlay\\src-tauri\\target\\release\\deps\\libpercent_encoding-002ea64871eb95ca.rmeta"],"executable":null,"fresh":true}
{"reason":"compiler-artifact","package_id":"registry+https://github.com/rust-lang/crates.io-index#windows-future@0.2.1","manifest_path":"C:\\Users\\hengu\\.cargo\\registry\\src\\index.crates.io-1949cf8c6b5b557f\\windows-future-0.2.1\\Cargo.toml","target":{"kind":["lib"],"crate_types":["lib"],"name":"windows_future","src_path":"C:\\Users\\hengu\\.cargo\\registry\\src\\index.crates.io-1949cf8c6b5b557f\\windows-future-0.2.1\\src\\lib.rs","edition":"2021","doc":true,"doctest":true,"test":true},"profile":{"opt_level":"s","debuginfo":0,"debug_assertions":false,"overflow_checks":false,"test":false},"features":[],"filenames":["D:\\myhexin-local\\opencorvus\\packages\\overlay\\src-tauri\\target\\release\\deps\\libwindows_future-b9e3f1e1106dd00d.rlib","D:\\myhexin-local\\opencorvus\\packages\\overlay\\src-tauri\\target\\release\\deps\\libwindows_future-b9e3f1e1106dd00d.rmeta"],"executable":null,"fresh":true}
{"reason":"build-script-executed","package_id":"registry+https://github.com/rust-lang/crates.io-index#typenum@1.19.0","linked_libs":[],"linked_paths":[],"cfgs":[],"env":[],"out_dir":"D:\\myhexin-local\\opencorvus\\packages\\overlay\\src-tauri\\target\\release\\build\\typenum-20dae6be28ec5c04\\out"}
{"reason":"compiler-artifact","package_id":"registry+https://github.com/rust-lang/crates.io-index#windows-numerics@0.2.0","manifest_path":"C:\\Users\\hengu\\.cargo\\registry\\src\\index.crates.io-1949cf8c6b5b557f\\windows-numerics-0.2.0\\Cargo.toml","target":{"kind":["lib"],"crate_types":["lib"],"name":"windows_numerics","src_path":"C:\\Users\\hengu\\.cargo\\registry\\src\\index.crates.io-1949cf8c6b5b557f\\windows-numerics-0.2.0\\src\\lib.rs","edition":"2021","doc":true,"doctest":true,"test":true},"profile":{"opt_level":"s","debuginfo":0,"debug_assertions":false,"overflow_checks":false,"test":false},"features":[],"filenames":["D:\\myhexin-local\\opencorvus\\packages\\overlay\\src-tauri\\target\\release\\deps\\libwindows_numerics-bb4566aef575e73b.rlib","D:\\myhexin-local\\opencorvus\\packages\\overlay\\src-tauri\\target\\release\\deps\\libwindows_numerics-bb4566aef575e73b.rmeta"],"executable":null,"fresh":true}
{"reason":"compiler-artifact","package_id":"registry+https://github.com/rust-lang/crates.io-index#windows-collections@0.2.0","manifest_path":"C:\\Users\\hengu\\.cargo\\registry\\src\\index.crates.io-1949cf8c6b5b557f\\windows-collections-0.2.0\\Cargo.toml","target":{"kind":["lib"],"crate_types":["lib"],"name":"windows_collections","src_path":"C:\\Users\\hengu\\.cargo\\registry\\src\\index.crates.io-1949cf8c6b5b557f\\windows-collections-0.2.0\\src\\lib.rs","edition":"2021","doc":true,"doctest":true,"test":true},"profile":{"opt_level":"s","debuginfo":0,"debug_assertions":false,"overflow_checks":false,"test":false},"features":[],"filenames":["D:\\myhexin-local\\opencorvus\\packages\\overlay\\src-tauri\\target\\release\\deps\\libwindows_collections-d573eeba95d58aa3.rlib","D:\\myhexin-local\\opencorvus\\packages\\overlay\\src-tauri\\target\\release\\deps\\libwindows_collections-d573eeba95d58aa3.rmeta"],"executable":null,"fresh":true}
{"reason":"compiler-artifact","package_id":"registry+https://github.com/rust-lang/crates.io-index#icu_properties@2.1.2","manifest_path":"C:\\Users\\hengu\\.cargo\\registry\\src\\index.crates.io-1949cf8c6b5b557f\\icu_properties-2.1.2\\Cargo.toml","target":{"kind":["lib"],"crate_types":["lib"],"name":"icu_properties","src_path":"C:\\Users\\hengu\\.cargo\\registry\\src\\index.crates.io-1949cf8c6b5b557f\\icu_properties-2.1.2\\src\\lib.rs","edition":"2021","doc":true,"doctest":true,"test":true},"profile":{"opt_level":"s","debuginfo":0,"debug_assertions":false,"overflow_checks":false,"test":false},"features":["compiled_data"],"filenames":["D:\\myhexin-local\\opencorvus\\packages\\overlay\\src-tauri\\target\\release\\deps\\libicu_properties-32325bce90324ad5.rlib","D:\\myhexin-local\\opencorvus\\packages\\overlay\\src-tauri\\target\\release\\deps\\libicu_properties-32325bce90324ad5.rmeta"],"executable":null,"fresh":true}
{"reason":"compiler-artifact","package_id":"registry+https://github.com/rust-lang/crates.io-index#icu_normalizer@2.1.1","manifest_path":"C:\\Users\\hengu\\.cargo\\registry\\src\\index.crates.io-1949cf8c6b5b557f\\icu_normalizer-2.1.1\\Cargo.toml","target":{"kind":["lib"],"crate_types":["lib"],"name":"icu_normalizer","src_path":"C:\\Users\\hengu\\.cargo\\registry\\src\\index.crates.io-1949cf8c6b5b557f\\icu_normalizer-2.1.1\\src\\lib.rs","edition":"2021","doc":true,"doctest":true,"test":true},"profile":{"opt_level":"s","debuginfo":0,"debug_assertions":false,"overflow_checks":false,"test":false},"features":["compiled_data"],"filenames":["D:\\myhexin-local\\opencorvus\\packages\\overlay\\src-tauri\\target\\release\\deps\\libicu_normalizer-0ae33d5e3c1080f8.rlib","D:\\myhexin-local\\opencorvus\\packages\\overlay\\src-tauri\\target\\release\\deps\\libicu_normalizer-0ae33d5e3c1080f8.rmeta"],"executable":null,"fresh":true}
{"reason":"compiler-artifact","package_id":"registry+https://github.com/rust-lang/crates.io-index#generic-array@0.14.7","manifest_path":"C:\\Users\\hengu\\.cargo\\registry\\src\\index.crates.io-1949cf8c6b5b557f\\generic-array-0.14.7\\Cargo.toml","target":{"kind":["custom-build"],"crate_types":["bin"],"name":"build-script-build","src_path":"C:\\Users\\hengu\\.cargo\\registry\\src\\index.crates.io-1949cf8c6b5b557f\\generic-array-0.14.7\\build.rs","edition":"2015","doc":false,"doctest":false,"test":false},"profile":{"opt_level":"0","debuginfo":0,"debug_assertions":false,"overflow_checks":false,"test":false},"features":["more_lengths"],"filenames":["D:\\myhexin-local\\opencorvus\\packages\\overlay\\src-tauri\\target\\release\\build\\generic-array-3293b4a4d03e9f0e\\build-script-build.exe","D:\\myhexin-local\\opencorvus\\packages\\overlay\\src-tauri\\target\\release\\build\\generic-array-3293b4a4d03e9f0e\\build_script_build.pdb"],"executable":null,"fresh":true}
{"reason":"compiler-artifact","package_id":"registry+https://github.com/rust-lang/crates.io-index#bitflags@2.11.0","manifest_path":"C:\\Users\\hengu\\.cargo\\registry\\src\\index.crates.io-1949cf8c6b5b557f\\bitflags-2.11.0\\Cargo.toml","target":{"kind":["lib"],"crate_types":["lib"],"name":"bitflags","src_path":"C:\\Users\\hengu\\.cargo\\registry\\src\\index.crates.io-1949cf8c6b5b557f\\bitflags-2.11.0\\src\\lib.rs","edition":"2021","doc":true,"doctest":true,"test":true},"profile":{"opt_level":"s","debuginfo":0,"debug_assertions":false,"overflow_checks":false,"test":false},"features":["serde","serde_core"],"filenames":["D:\\myhexin-local\\opencorvus\\packages\\overlay\\src-tauri\\target\\release\\deps\\libbitflags-eca47b74ffcf93f9.rlib","D:\\myhexin-local\\opencorvus\\packages\\overlay\\src-tauri\\target\\release\\deps\\libbitflags-eca47b74ffcf93f9.rmeta"],"executable":null,"fresh":true}
{"reason":"build-script-executed","package_id":"registry+https://github.com/rust-lang/crates.io-index#thiserror@2.0.18","linked_libs":[],"linked_paths":[],"cfgs":[],"env":[],"out_dir":"D:\\myhexin-local\\opencorvus\\packages\\overlay\\src-tauri\\target\\release\\build\\thiserror-12bc1471e09dc22d\\out"}
{"reason":"compiler-artifact","package_id":"registry+https://github.com/rust-lang/crates.io-index#typenum@1.19.0","manifest_path":"C:\\Users\\hengu\\.cargo\\registry\\src\\index.crates.io-1949cf8c6b5b557f\\typenum-1.19.0\\Cargo.toml","target":{"kind":["lib"],"crate_types":["lib"],"name":"typenum","src_path":"C:\\Users\\hengu\\.cargo\\registry\\src\\index.crates.io-1949cf8c6b5b557f\\typenum-1.19.0\\src\\lib.rs","edition":"2018","doc":true,"doctest":true,"test":true},"profile":{"opt_level":"0","debuginfo":0,"debug_assertions":false,"overflow_checks":false,"test":false},"features":[],"filenames":["D:\\myhexin-local\\opencorvus\\packages\\overlay\\src-tauri\\target\\release\\deps\\libtypenum-c4dd7bde767e403a.rlib","D:\\myhexin-local\\opencorvus\\packages\\overlay\\src-tauri\\target\\release\\deps\\libtypenum-c4dd7bde767e403a.rmeta"],"executable":null,"fresh":true}
{"reason":"compiler-artifact","package_id":"registry+https://github.com/rust-lang/crates.io-index#windows@0.61.3","manifest_path":"C:\\Users\\hengu\\.cargo\\registry\\src\\index.crates.io-1949cf8c6b5b557f\\windows-0.61.3\\Cargo.toml","target":{"kind":["lib"],"crate_types":["lib"],"name":"windows","src_path":"C:\\Users\\hengu\\.cargo\\registry\\src\\index.crates.io-1949cf8c6b5b557f\\windows-0.61.3\\src\\lib.rs","edition":"2021","doc":true,"doctest":false,"test":false},"profile":{"opt_level":"s","debuginfo":0,"debug_assertions":false,"overflow_checks":false,"test":false},"features":["Data","Data_Xml","Data_Xml_Dom","Foundation","Foundation_Collections","Globalization","UI","UI_Notifications","Win32","Win32_Devices","Win32_Devices_HumanInterfaceDevice","Win32_Foundation","Win32_Globalization","Win32_Graphics","Win32_Graphics_Dwm","Win32_Graphics_Gdi","Win32_Security","Win32_Storage","Win32_Storage_FileSystem","Win32_System","Win32_System_Com","Win32_System_Com_StructuredStorage","Win32_System_DataExchange","Win32_System_Diagnostics","Win32_System_Diagnostics_Debug","Win32_System_LibraryLoader","Win32_System_Memory","Win32_System_Ole","Win32_System_Registry","Win32_System_SystemInformation","Win32_System_SystemServices","Win32_System_Threading","Win32_System_Variant","Win32_System_WinRT","Win32_System_WindowsProgramming","Win32_UI","Win32_UI_Accessibility","Win32_UI_Controls","Win32_UI_HiDpi","Win32_UI_Input","Win32_UI_Input_Ime","Win32_UI_Input_KeyboardAndMouse","Win32_UI_Input_Pointer","Win32_UI_Input_Touch","Win32_UI_Shell","Win32_UI_Shell_Common","Win32_UI_TextServices","Win32_UI_WindowsAndMessaging","default","std"],"filenames":["D:\\myhexin-local\\opencorvus\\packages\\overlay\\src-tauri\\target\\release\\deps\\libwindows-3ca1778c6391e9be.rlib","D:\\myhexin-local\\opencorvus\\packages\\overlay\\src-tauri\\target\\release\\deps\\libwindows-3ca1778c6391e9be.rmeta"],"executable":null,"fresh":true}
{"reason":"compiler-artifact","package_id":"registry+https://github.com/rust-lang/crates.io-index#socket2@0.6.3","manifest_path":"C:\\Users\\hengu\\.cargo\\registry\\src\\index.crates.io-1949cf8c6b5b557f\\socket2-0.6.3\\Cargo.toml","target":{"kind":["lib"],"crate_types":["lib"],"name":"socket2","src_path":"C:\\Users\\hengu\\.cargo\\registry\\src\\index.crates.io-1949cf8c6b5b557f\\socket2-0.6.3\\src\\lib.rs","edition":"2021","doc":true,"doctest":true,"test":true},"profile":{"opt_level":"s","debuginfo":0,"debug_assertions":false,"overflow_checks":false,"test":false},"features":["all"],"filenames":["D:\\myhexin-local\\opencorvus\\packages\\overlay\\src-tauri\\target\\release\\deps\\libsocket2-3ed4b0740cd4a4ea.rlib","D:\\myhexin-local\\opencorvus\\packages\\overlay\\src-tauri\\target\\release\\deps\\libsocket2-3ed4b0740cd4a4ea.rmeta"],"executable":null,"fresh":true}
{"reason":"compiler-artifact","package_id":"registry+https://github.com/rust-lang/crates.io-index#thiserror@2.0.18","manifest_path":"C:\\Users\\hengu\\.cargo\\registry\\src\\index.crates.io-1949cf8c6b5b557f\\thiserror-2.0.18\\Cargo.toml","target":{"kind":["lib"],"crate_types":["lib"],"name":"thiserror","src_path":"C:\\Users\\hengu\\.cargo\\registry\\src\\index.crates.io-1949cf8c6b5b557f\\thiserror-2.0.18\\src\\lib.rs","edition":"2021","doc":true,"doctest":true,"test":true},"profile":{"opt_level":"s","debuginfo":0,"debug_assertions":false,"overflow_checks":false,"test":false},"features":["default","std"],"filenames":["D:\\myhexin-local\\opencorvus\\packages\\overlay\\src-tauri\\target\\release\\deps\\libthiserror-88a1e731d6609d02.rlib","D:\\myhexin-local\\opencorvus\\packages\\overlay\\src-tauri\\target\\release\\deps\\libthiserror-88a1e731d6609d02.rmeta"],"executable":null,"fresh":true}
{"reason":"compiler-artifact","package_id":"registry+https://github.com/rust-lang/crates.io-index#idna_adapter@1.2.1","manifest_path":"C:\\Users\\hengu\\.cargo\\registry\\src\\index.crates.io-1949cf8c6b5b557f\\idna_adapter-1.2.1\\Cargo.toml","target":{"kind":["lib"],"crate_types":["lib"],"name":"idna_adapter","src_path":"C:\\Users\\hengu\\.cargo\\registry\\src\\index.crates.io-1949cf8c6b5b557f\\idna_adapter-1.2.1\\src\\lib.rs","edition":"2021","doc":true,"doctest":true,"test":true},"profile":{"opt_level":"s","debuginfo":0,"debug_assertions":false,"overflow_checks":false,"test":false},"features":["compiled_data"],"filenames":["D:\\myhexin-local\\opencorvus\\packages\\overlay\\src-tauri\\target\\release\\deps\\libidna_adapter-af3b985e35410397.rlib","D:\\myhexin-local\\opencorvus\\packages\\overlay\\src-tauri\\target\\release\\deps\\libidna_adapter-af3b985e35410397.rmeta"],"executable":null,"fresh":true}
{"reason":"build-script-executed","package_id":"registry+https://github.com/rust-lang/crates.io-index#generic-array@0.14.7","linked_libs":[],"linked_paths":[],"cfgs":["relaxed_coherence"],"env":[],"out_dir":"D:\\myhexin-local\\opencorvus\\packages\\overlay\\src-tauri\\target\\release\\build\\generic-array-f4bf0b39a7a8019c\\out"}
{"reason":"compiler-artifact","package_id":"registry+https://github.com/rust-lang/crates.io-index#mio@1.1.1","manifest_path":"C:\\Users\\hengu\\.cargo\\registry\\src\\index.crates.io-1949cf8c6b5b557f\\mio-1.1.1\\Cargo.toml","target":{"kind":["lib"],"crate_types":["lib"],"name":"mio","src_path":"C:\\Users\\hengu\\.cargo\\registry\\src\\index.crates.io-1949cf8c6b5b557f\\mio-1.1.1\\src\\lib.rs","edition":"2021","doc":true,"doctest":true,"test":true},"profile":{"opt_level":"s","debuginfo":0,"debug_assertions":false,"overflow_checks":false,"test":false},"features":["net","os-ext","os-poll"],"filenames":["D:\\myhexin-local\\opencorvus\\packages\\overlay\\src-tauri\\target\\release\\deps\\libmio-d6bf9c11bda025ae.rlib","D:\\myhexin-local\\opencorvus\\packages\\overlay\\src-tauri\\target\\release\\deps\\libmio-d6bf9c11bda025ae.rmeta"],"executable":null,"fresh":true}
{"reason":"build-script-executed","package_id":"registry+https://github.com/rust-lang/crates.io-index#zmij@1.0.21","linked_libs":[],"linked_paths":[],"cfgs":[],"env":[],"out_dir":"D:\\myhexin-local\\opencorvus\\packages\\overlay\\src-tauri\\target\\release\\build\\zmij-1547b5dd5f2f5bd7\\out"}
{"reason":"compiler-artifact","package_id":"registry+https://github.com/rust-lang/crates.io-index#utf8_iter@1.0.4","manifest_path":"C:\\Users\\hengu\\.cargo\\registry\\src\\index.crates.io-1949cf8c6b5b557f\\utf8_iter-1.0.4\\Cargo.toml","target":{"kind":["lib"],"crate_types":["lib"],"name":"utf8_iter","src_path":"C:\\Users\\hengu\\.cargo\\registry\\src\\index.crates.io-1949cf8c6b5b557f\\utf8_iter-1.0.4\\src\\lib.rs","edition":"2021","doc":true,"doctest":true,"test":true},"profile":{"opt_level":"s","debuginfo":0,"debug_assertions":false,"overflow_checks":false,"test":false},"features":[],"filenames":["D:\\myhexin-local\\opencorvus\\packages\\overlay\\src-tauri\\target\\release\\deps\\libutf8_iter-805ce4934c66a653.rlib","D:\\myhexin-local\\opencorvus\\packages\\overlay\\src-tauri\\target\\release\\deps\\libutf8_iter-805ce4934c66a653.rmeta"],"executable":null,"fresh":true}
{"reason":"compiler-artifact","package_id":"registry+https://github.com/rust-lang/crates.io-index#serde_json@1.0.149","manifest_path":"C:\\Users\\hengu\\.cargo\\registry\\src\\index.crates.io-1949cf8c6b5b557f\\serde_json-1.0.149\\Cargo.toml","target":{"kind":["custom-build"],"crate_types":["bin"],"name":"build-script-build","src_path":"C:\\Users\\hengu\\.cargo\\registry\\src\\index.crates.io-1949cf8c6b5b557f\\serde_json-1.0.149\\build.rs","edition":"2021","doc":false,"doctest":false,"test":false},"profile":{"opt_level":"0","debuginfo":0,"debug_assertions":false,"overflow_checks":false,"test":false},"features":["alloc","default","raw_value","std"],"filenames":["D:\\myhexin-local\\opencorvus\\packages\\overlay\\src-tauri\\target\\release\\build\\serde_json-fcd522d899fa9dd4\\build-script-build.exe","D:\\myhexin-local\\opencorvus\\packages\\overlay\\src-tauri\\target\\release\\build\\serde_json-fcd522d899fa9dd4\\build_script_build.pdb"],"executable":null,"fresh":true}
{"reason":"compiler-artifact","package_id":"registry+https://github.com/rust-lang/crates.io-index#simd-adler32@0.3.8","manifest_path":"C:\\Users\\hengu\\.cargo\\registry\\src\\index.crates.io-1949cf8c6b5b557f\\simd-adler32-0.3.8\\Cargo.toml","target":{"kind":["lib"],"crate_types":["lib"],"name":"simd_adler32","src_path":"C:\\Users\\hengu\\.cargo\\registry\\src\\index.crates.io-1949cf8c6b5b557f\\simd-adler32-0.3.8\\src\\lib.rs","edition":"2018","doc":true,"doctest":true,"test":true},"profile":{"opt_level":"0","debuginfo":0,"debug_assertions":false,"overflow_checks":false,"test":false},"features":["const-generics","default","std"],"filenames":["D:\\myhexin-local\\opencorvus\\packages\\overlay\\src-tauri\\target\\release\\deps\\libsimd_adler32-b0b6f0a5cbe473f3.rlib","D:\\myhexin-local\\opencorvus\\packages\\overlay\\src-tauri\\target\\release\\deps\\libsimd_adler32-b0b6f0a5cbe473f3.rmeta"],"executable":null,"fresh":true}
{"reason":"compiler-artifact","package_id":"registry+https://github.com/rust-lang/crates.io-index#zmij@1.0.21","manifest_path":"C:\\Users\\hengu\\.cargo\\registry\\src\\index.crates.io-1949cf8c6b5b557f\\zmij-1.0.21\\Cargo.toml","target":{"kind":["lib"],"crate_types":["lib"],"name":"zmij","src_path":"C:\\Users\\hengu\\.cargo\\registry\\src\\index.crates.io-1949cf8c6b5b557f\\zmij-1.0.21\\src\\lib.rs","edition":"2021","doc":true,"doctest":true,"test":true},"profile":{"opt_level":"s","debuginfo":0,"debug_assertions":false,"overflow_checks":false,"test":false},"features":[],"filenames":["D:\\myhexin-local\\opencorvus\\packages\\overlay\\src-tauri\\target\\release\\deps\\libzmij-3b3eef0265897a2d.rlib","D:\\myhexin-local\\opencorvus\\packages\\overlay\\src-tauri\\target\\release\\deps\\libzmij-3b3eef0265897a2d.rmeta"],"executable":null,"fresh":true}
{"reason":"compiler-artifact","package_id":"registry+https://github.com/rust-lang/crates.io-index#tokio@1.50.0","manifest_path":"C:\\Users\\hengu\\.cargo\\registry\\src\\index.crates.io-1949cf8c6b5b557f\\tokio-1.50.0\\Cargo.toml","target":{"kind":["lib"],"crate_types":["lib"],"name":"tokio","src_path":"C:\\Users\\hengu\\.cargo\\registry\\src\\index.crates.io-1949cf8c6b5b557f\\tokio-1.50.0\\src\\lib.rs","edition":"2021","doc":true,"doctest":true,"test":true},"profile":{"opt_level":"s","debuginfo":0,"debug_assertions":false,"overflow_checks":false,"test":false},"features":["bytes","default","fs","io-util","libc","mio","net","rt","rt-multi-thread","socket2","sync","time","windows-sys"],"filenames":["D:\\myhexin-local\\opencorvus\\packages\\overlay\\src-tauri\\target\\release\\deps\\libtokio-2a80e3c904e8dc2d.rlib","D:\\myhexin-local\\opencorvus\\packages\\overlay\\src-tauri\\target\\release\\deps\\libtokio-2a80e3c904e8dc2d.rmeta"],"executable":null,"fresh":true}
{"reason":"build-script-executed","package_id":"registry+https://github.com/rust-lang/crates.io-index#serde_json@1.0.149","linked_libs":[],"linked_paths":[],"cfgs":["fast_arithmetic=\"64\""],"env":[],"out_dir":"D:\\myhexin-local\\opencorvus\\packages\\overlay\\src-tauri\\target\\release\\build\\serde_json-174109f3a1393652\\out"}
{"reason":"compiler-artifact","package_id":"registry+https://github.com/rust-lang/crates.io-index#generic-array@0.14.7","manifest_path":"C:\\Users\\hengu\\.cargo\\registry\\src\\index.crates.io-1949cf8c6b5b557f\\generic-array-0.14.7\\Cargo.toml","target":{"kind":["lib"],"crate_types":["lib"],"name":"generic_array","src_path":"C:\\Users\\hengu\\.cargo\\registry\\src\\index.crates.io-1949cf8c6b5b557f\\generic-array-0.14.7\\src\\lib.rs","edition":"2015","doc":true,"doctest":true,"test":true},"profile":{"opt_level":"0","debuginfo":0,"debug_assertions":false,"overflow_checks":false,"test":false},"features":["more_lengths"],"filenames":["D:\\myhexin-local\\opencorvus\\packages\\overlay\\src-tauri\\target\\release\\deps\\libgeneric_array-80d2b518092b8bc6.rlib","D:\\myhexin-local\\opencorvus\\packages\\overlay\\src-tauri\\target\\release\\deps\\libgeneric_array-80d2b518092b8bc6.rmeta"],"executable":null,"fresh":true}
{"reason":"compiler-artifact","package_id":"registry+https://github.com/rust-lang/crates.io-index#idna@1.1.0","manifest_path":"C:\\Users\\hengu\\.cargo\\registry\\src\\index.crates.io-1949cf8c6b5b557f\\idna-1.1.0\\Cargo.toml","target":{"kind":["lib"],"crate_types":["lib"],"name":"idna","src_path":"C:\\Users\\hengu\\.cargo\\registry\\src\\index.crates.io-1949cf8c6b5b557f\\idna-1.1.0\\src\\lib.rs","edition":"2018","doc":true,"doctest":false,"test":true},"profile":{"opt_level":"s","debuginfo":0,"debug_assertions":false,"overflow_checks":false,"test":false},"features":["alloc","compiled_data","std"],"filenames":["D:\\myhexin-local\\opencorvus\\packages\\overlay\\src-tauri\\target\\release\\deps\\libidna-fdb60e2a5a1e5b6f.rlib","D:\\myhexin-local\\opencorvus\\packages\\overlay\\src-tauri\\target\\release\\deps\\libidna-fdb60e2a5a1e5b6f.rmeta"],"executable":null,"fresh":true}
{"reason":"compiler-artifact","package_id":"registry+https://github.com/rust-lang/crates.io-index#form_urlencoded@1.2.2","manifest_path":"C:\\Users\\hengu\\.cargo\\registry\\src\\index.crates.io-1949cf8c6b5b557f\\form_urlencoded-1.2.2\\Cargo.toml","target":{"kind":["lib"],"crate_types":["lib"],"name":"form_urlencoded","src_path":"C:\\Users\\hengu\\.cargo\\registry\\src\\index.crates.io-1949cf8c6b5b557f\\form_urlencoded-1.2.2\\src\\lib.rs","edition":"2018","doc":true,"doctest":true,"test":false},"profile":{"opt_level":"s","debuginfo":0,"debug_assertions":false,"overflow_checks":false,"test":false},"features":["alloc","std"],"filenames":["D:\\myhexin-local\\opencorvus\\packages\\overlay\\src-tauri\\target\\release\\deps\\libform_urlencoded-77be15c861a46d0a.rlib","D:\\myhexin-local\\opencorvus\\packages\\overlay\\src-tauri\\target\\release\\deps\\libform_urlencoded-77be15c861a46d0a.rmeta"],"executable":null,"fresh":true}
{"reason":"build-script-executed","package_id":"registry+https://github.com/rust-lang/crates.io-index#crc32fast@1.5.0","linked_libs":[],"linked_paths":[],"cfgs":["stable_arm_crc32_intrinsics"],"env":[],"out_dir":"D:\\myhexin-local\\opencorvus\\packages\\overlay\\src-tauri\\target\\release\\build\\crc32fast-25156b520b986051\\out"}
{"reason":"compiler-artifact","package_id":"registry+https://github.com/rust-lang/crates.io-index#log@0.4.29","manifest_path":"C:\\Users\\hengu\\.cargo\\registry\\src\\index.crates.io-1949cf8c6b5b557f\\log-0.4.29\\Cargo.toml","target":{"kind":["lib"],"crate_types":["lib"],"name":"log","src_path":"C:\\Users\\hengu\\.cargo\\registry\\src\\index.crates.io-1949cf8c6b5b557f\\log-0.4.29\\src\\lib.rs","edition":"2021","doc":true,"doctest":true,"test":true},"profile":{"opt_level":"s","debuginfo":0,"debug_assertions":false,"overflow_checks":false,"test":false},"features":[],"filenames":["D:\\myhexin-local\\opencorvus\\packages\\overlay\\src-tauri\\target\\release\\deps\\liblog-8662a82d8dbd7662.rlib","D:\\myhexin-local\\opencorvus\\packages\\overlay\\src-tauri\\target\\release\\deps\\liblog-8662a82d8dbd7662.rmeta"],"executable":null,"fresh":true}
{"reason":"compiler-artifact","package_id":"registry+https://github.com/rust-lang/crates.io-index#adler2@2.0.1","manifest_path":"C:\\Users\\hengu\\.cargo\\registry\\src\\index.crates.io-1949cf8c6b5b557f\\adler2-2.0.1\\Cargo.toml","target":{"kind":["lib"],"crate_types":["lib"],"name":"adler2","src_path":"C:\\Users\\hengu\\.cargo\\registry\\src\\index.crates.io-1949cf8c6b5b557f\\adler2-2.0.1\\src\\lib.rs","edition":"2021","doc":true,"doctest":true,"test":true},"profile":{"opt_level":"0","debuginfo":0,"debug_assertions":false,"overflow_checks":false,"test":false},"features":[],"filenames":["D:\\myhexin-local\\opencorvus\\packages\\overlay\\src-tauri\\target\\release\\deps\\libadler2-032a7d8d9c1c997f.rlib","D:\\myhexin-local\\opencorvus\\packages\\overlay\\src-tauri\\target\\release\\deps\\libadler2-032a7d8d9c1c997f.rmeta"],"executable":null,"fresh":true}
{"reason":"compiler-artifact","package_id":"registry+https://github.com/rust-lang/crates.io-index#powerfmt@0.2.0","manifest_path":"C:\\Users\\hengu\\.cargo\\registry\\src\\index.crates.io-1949cf8c6b5b557f\\powerfmt-0.2.0\\Cargo.toml","target":{"kind":["lib"],"crate_types":["lib"],"name":"powerfmt","src_path":"C:\\Users\\hengu\\.cargo\\registry\\src\\index.crates.io-1949cf8c6b5b557f\\powerfmt-0.2.0\\src\\lib.rs","edition":"2021","doc":true,"doctest":true,"test":true},"profile":{"opt_level":"s","debuginfo":0,"debug_assertions":false,"overflow_checks":false,"test":false},"features":[],"filenames":["D:\\myhexin-local\\opencorvus\\packages\\overlay\\src-tauri\\target\\release\\deps\\libpowerfmt-29970e1f26e72f4a.rlib","D:\\myhexin-local\\opencorvus\\packages\\overlay\\src-tauri\\target\\release\\deps\\libpowerfmt-29970e1f26e72f4a.rmeta"],"executable":null,"fresh":true}
{"reason":"compiler-artifact","package_id":"registry+https://github.com/rust-lang/crates.io-index#serde_json@1.0.149","manifest_path":"C:\\Users\\hengu\\.cargo\\registry\\src\\index.crates.io-1949cf8c6b5b557f\\serde_json-1.0.149\\Cargo.toml","target":{"kind":["lib"],"crate_types":["lib"],"name":"serde_json","src_path":"C:\\Users\\hengu\\.cargo\\registry\\src\\index.crates.io-1949cf8c6b5b557f\\serde_json-1.0.149\\src\\lib.rs","edition":"2021","doc":true,"doctest":true,"test":true},"profile":{"opt_level":"s","debuginfo":0,"debug_assertions":false,"overflow_checks":false,"test":false},"features":["alloc","default","raw_value","std"],"filenames":["D:\\myhexin-local\\opencorvus\\packages\\overlay\\src-tauri\\target\\release\\deps\\libserde_json-051c5fd70fa7bb7f.rlib","D:\\myhexin-local\\opencorvus\\packages\\overlay\\src-tauri\\target\\release\\deps\\libserde_json-051c5fd70fa7bb7f.rmeta"],"executable":null,"fresh":true}
{"reason":"compiler-artifact","package_id":"registry+https://github.com/rust-lang/crates.io-index#url@2.5.8","manifest_path":"C:\\Users\\hengu\\.cargo\\registry\\src\\index.crates.io-1949cf8c6b5b557f\\url-2.5.8\\Cargo.toml","target":{"kind":["lib"],"crate_types":["lib"],"name":"url","src_path":"C:\\Users\\hengu\\.cargo\\registry\\src\\index.crates.io-1949cf8c6b5b557f\\url-2.5.8\\src\\lib.rs","edition":"2018","doc":true,"doctest":true,"test":true},"profile":{"opt_level":"s","debuginfo":0,"debug_assertions":false,"overflow_checks":false,"test":false},"features":["default","serde","std"],"filenames":["D:\\myhexin-local\\opencorvus\\packages\\overlay\\src-tauri\\target\\release\\deps\\liburl-03ced3c87b78f2f4.rlib","D:\\myhexin-local\\opencorvus\\packages\\overlay\\src-tauri\\target\\release\\deps\\liburl-03ced3c87b78f2f4.rmeta"],"executable":null,"fresh":true}
{"reason":"compiler-artifact","package_id":"registry+https://github.com/rust-lang/crates.io-index#crc32fast@1.5.0","manifest_path":"C:\\Users\\hengu\\.cargo\\registry\\src\\index.crates.io-1949cf8c6b5b557f\\crc32fast-1.5.0\\Cargo.toml","target":{"kind":["lib"],"crate_types":["lib"],"name":"crc32fast","src_path":"C:\\Users\\hengu\\.cargo\\registry\\src\\index.crates.io-1949cf8c6b5b557f\\crc32fast-1.5.0\\src\\lib.rs","edition":"2021","doc":true,"doctest":true,"test":true},"profile":{"opt_level":"0","debuginfo":0,"debug_assertions":false,"overflow_checks":false,"test":false},"features":["default","std"],"filenames":["D:\\myhexin-local\\opencorvus\\packages\\overlay\\src-tauri\\target\\release\\deps\\libcrc32fast-12c89fc1f17dff3e.rlib","D:\\myhexin-local\\opencorvus\\packages\\overlay\\src-tauri\\target\\release\\deps\\libcrc32fast-12c89fc1f17dff3e.rmeta"],"executable":null,"fresh":true}
{"reason":"compiler-artifact","package_id":"registry+https://github.com/rust-lang/crates.io-index#time-macros@0.2.27","manifest_path":"C:\\Users\\hengu\\.cargo\\registry\\src\\index.crates.io-1949cf8c6b5b557f\\time-macros-0.2.27\\Cargo.toml","target":{"kind":["proc-macro"],"crate_types":["proc-macro"],"name":"time_macros","src_path":"C:\\Users\\hengu\\.cargo\\registry\\src\\index.crates.io-1949cf8c6b5b557f\\time-macros-0.2.27\\src\\lib.rs","edition":"2024","doc":true,"doctest":true,"test":true},"profile":{"opt_level":"0","debuginfo":0,"debug_assertions":false,"overflow_checks":false,"test":false},"features":["formatting","parsing","serde"],"filenames":["D:\\myhexin-local\\opencorvus\\packages\\overlay\\src-tauri\\target\\release\\deps\\time_macros-2bf2d64bc8b402d9.dll","D:\\myhexin-local\\opencorvus\\packages\\overlay\\src-tauri\\target\\release\\deps\\time_macros-2bf2d64bc8b402d9.dll.lib","D:\\myhexin-local\\opencorvus\\packages\\overlay\\src-tauri\\target\\release\\deps\\time_macros-2bf2d64bc8b402d9.dll.exp","D:\\myhexin-local\\opencorvus\\packages\\overlay\\src-tauri\\target\\release\\deps\\time_macros-2bf2d64bc8b402d9.pdb"],"executable":null,"fresh":true}
{"reason":"compiler-artifact","package_id":"registry+https://github.com/rust-lang/crates.io-index#base64@0.22.1","manifest_path":"C:\\Users\\hengu\\.cargo\\registry\\src\\index.crates.io-1949cf8c6b5b557f\\base64-0.22.1\\Cargo.toml","target":{"kind":["lib"],"crate_types":["lib"],"name":"base64","src_path":"C:\\Users\\hengu\\.cargo\\registry\\src\\index.crates.io-1949cf8c6b5b557f\\base64-0.22.1\\src\\lib.rs","edition":"2018","doc":true,"doctest":true,"test":true},"profile":{"opt_level":"s","debuginfo":0,"debug_assertions":false,"overflow_checks":false,"test":false},"features":["alloc","default","std"],"filenames":["D:\\myhexin-local\\opencorvus\\packages\\overlay\\src-tauri\\target\\release\\deps\\libbase64-aae264c81b50653d.rlib","D:\\myhexin-local\\opencorvus\\packages\\overlay\\src-tauri\\target\\release\\deps\\libbase64-aae264c81b50653d.rmeta"],"executable":null,"fresh":true}
{"reason":"compiler-artifact","package_id":"registry+https://github.com/rust-lang/crates.io-index#crossbeam-utils@0.8.21","manifest_path":"C:\\Users\\hengu\\.cargo\\registry\\src\\index.crates.io-1949cf8c6b5b557f\\crossbeam-utils-0.8.21\\Cargo.toml","target":{"kind":["custom-build"],"crate_types":["bin"],"name":"build-script-build","src_path":"C:\\Users\\hengu\\.cargo\\registry\\src\\index.crates.io-1949cf8c6b5b557f\\crossbeam-utils-0.8.21\\build.rs","edition":"2021","doc":false,"doctest":false,"test":false},"profile":{"opt_level":"0","debuginfo":0,"debug_assertions":false,"overflow_checks":false,"test":false},"features":["std"],"filenames":["D:\\myhexin-local\\opencorvus\\packages\\overlay\\src-tauri\\target\\release\\build\\crossbeam-utils-7ab5929c69c13c70\\build-script-build.exe","D:\\myhexin-local\\opencorvus\\packages\\overlay\\src-tauri\\target\\release\\build\\crossbeam-utils-7ab5929c69c13c70\\build_script_build.pdb"],"executable":null,"fresh":true}
{"reason":"compiler-artifact","package_id":"registry+https://github.com/rust-lang/crates.io-index#deranged@0.5.8","manifest_path":"C:\\Users\\hengu\\.cargo\\registry\\src\\index.crates.io-1949cf8c6b5b557f\\deranged-0.5.8\\Cargo.toml","target":{"kind":["lib"],"crate_types":["lib"],"name":"deranged","src_path":"C:\\Users\\hengu\\.cargo\\registry\\src\\index.crates.io-1949cf8c6b5b557f\\deranged-0.5.8\\src\\lib.rs","edition":"2021","doc":true,"doctest":true,"test":true},"profile":{"opt_level":"s","debuginfo":0,"debug_assertions":false,"overflow_checks":false,"test":false},"features":["default","powerfmt","serde"],"filenames":["D:\\myhexin-local\\opencorvus\\packages\\overlay\\src-tauri\\target\\release\\deps\\libderanged-a467561e0a0ce6fa.rlib","D:\\myhexin-local\\opencorvus\\packages\\overlay\\src-tauri\\target\\release\\deps\\libderanged-a467561e0a0ce6fa.rmeta"],"executable":null,"fresh":true}
{"reason":"compiler-artifact","package_id":"registry+https://github.com/rust-lang/crates.io-index#miniz_oxide@0.8.9","manifest_path":"C:\\Users\\hengu\\.cargo\\registry\\src\\index.crates.io-1949cf8c6b5b557f\\miniz_oxide-0.8.9\\Cargo.toml","target":{"kind":["lib"],"crate_types":["lib"],"name":"miniz_oxide","src_path":"C:\\Users\\hengu\\.cargo\\registry\\src\\index.crates.io-1949cf8c6b5b557f\\miniz_oxide-0.8.9\\src\\lib.rs","edition":"2021","doc":true,"doctest":true,"test":true},"profile":{"opt_level":"0","debuginfo":0,"debug_assertions":false,"overflow_checks":false,"test":false},"features":["default","simd","simd-adler32","with-alloc"],"filenames":["D:\\myhexin-local\\opencorvus\\packages\\overlay\\src-tauri\\target\\release\\deps\\libminiz_oxide-ecc3d698c3486e5a.rlib","D:\\myhexin-local\\opencorvus\\packages\\overlay\\src-tauri\\target\\release\\deps\\libminiz_oxide-ecc3d698c3486e5a.rmeta"],"executable":null,"fresh":true}
{"reason":"compiler-artifact","package_id":"registry+https://github.com/rust-lang/crates.io-index#raw-window-handle@0.6.2","manifest_path":"C:\\Users\\hengu\\.cargo\\registry\\src\\index.crates.io-1949cf8c6b5b557f\\raw-window-handle-0.6.2\\Cargo.toml","target":{"kind":["lib"],"crate_types":["lib"],"name":"raw_window_handle","src_path":"C:\\Users\\hengu\\.cargo\\registry\\src\\index.crates.io-1949cf8c6b5b557f\\raw-window-handle-0.6.2\\src\\lib.rs","edition":"2021","doc":true,"doctest":true,"test":true},"profile":{"opt_level":"s","debuginfo":0,"debug_assertions":false,"overflow_checks":false,"test":false},"features":["alloc","std"],"filenames":["D:\\myhexin-local\\opencorvus\\packages\\overlay\\src-tauri\\target\\release\\deps\\libraw_window_handle-0bca770d4078b393.rlib","D:\\myhexin-local\\opencorvus\\packages\\overlay\\src-tauri\\target\\release\\deps\\libraw_window_handle-0bca770d4078b393.rmeta"],"executable":null,"fresh":true}
{"reason":"compiler-artifact","package_id":"registry+https://github.com/rust-lang/crates.io-index#time-core@0.1.8","manifest_path":"C:\\Users\\hengu\\.cargo\\registry\\src\\index.crates.io-1949cf8c6b5b557f\\time-core-0.1.8\\Cargo.toml","target":{"kind":["lib"],"crate_types":["lib"],"name":"time_core","src_path":"C:\\Users\\hengu\\.cargo\\registry\\src\\index.crates.io-1949cf8c6b5b557f\\time-core-0.1.8\\src\\lib.rs","edition":"2024","doc":true,"doctest":true,"test":true},"profile":{"opt_level":"s","debuginfo":0,"debug_assertions":false,"overflow_checks":false,"test":false},"features":[],"filenames":["D:\\myhexin-local\\opencorvus\\packages\\overlay\\src-tauri\\target\\release\\deps\\libtime_core-278fe8788719e2a9.rlib","D:\\myhexin-local\\opencorvus\\packages\\overlay\\src-tauri\\target\\release\\deps\\libtime_core-278fe8788719e2a9.rmeta"],"executable":null,"fresh":true}
{"reason":"compiler-artifact","package_id":"registry+https://github.com/rust-lang/crates.io-index#num-conv@0.2.0","manifest_path":"C:\\Users\\hengu\\.cargo\\registry\\src\\index.crates.io-1949cf8c6b5b557f\\num-conv-0.2.0\\Cargo.toml","target":{"kind":["lib"],"crate_types":["lib"],"name":"num_conv","src_path":"C:\\Users\\hengu\\.cargo\\registry\\src\\index.crates.io-1949cf8c6b5b557f\\num-conv-0.2.0\\src\\lib.rs","edition":"2021","doc":true,"doctest":true,"test":true},"profile":{"opt_level":"s","debuginfo":0,"debug_assertions":false,"overflow_checks":false,"test":false},"features":[],"filenames":["D:\\myhexin-local\\opencorvus\\packages\\overlay\\src-tauri\\target\\release\\deps\\libnum_conv-13937a15ce85f948.rlib","D:\\myhexin-local\\opencorvus\\packages\\overlay\\src-tauri\\target\\release\\deps\\libnum_conv-13937a15ce85f948.rmeta"],"executable":null,"fresh":true}
{"reason":"build-script-executed","package_id":"registry+https://github.com/rust-lang/crates.io-index#crossbeam-utils@0.8.21","linked_libs":[],"linked_paths":[],"cfgs":[],"env":[],"out_dir":"D:\\myhexin-local\\opencorvus\\packages\\overlay\\src-tauri\\target\\release\\build\\crossbeam-utils-b7e9153038019194\\out"}
{"reason":"compiler-artifact","package_id":"registry+https://github.com/rust-lang/crates.io-index#crypto-common@0.1.7","manifest_path":"C:\\Users\\hengu\\.cargo\\registry\\src\\index.crates.io-1949cf8c6b5b557f\\crypto-common-0.1.7\\Cargo.toml","target":{"kind":["lib"],"crate_types":["lib"],"name":"crypto_common","src_path":"C:\\Users\\hengu\\.cargo\\registry\\src\\index.crates.io-1949cf8c6b5b557f\\crypto-common-0.1.7\\src\\lib.rs","edition":"2018","doc":true,"doctest":true,"test":true},"profile":{"opt_level":"0","debuginfo":0,"debug_assertions":false,"overflow_checks":false,"test":false},"features":["std"],"filenames":["D:\\myhexin-local\\opencorvus\\packages\\overlay\\src-tauri\\target\\release\\deps\\libcrypto_common-c418050053bc9a11.rlib","D:\\myhexin-local\\opencorvus\\packages\\overlay\\src-tauri\\target\\release\\deps\\libcrypto_common-c418050053bc9a11.rmeta"],"executable":null,"fresh":true}
{"reason":"compiler-artifact","package_id":"registry+https://github.com/rust-lang/crates.io-index#block-buffer@0.10.4","manifest_path":"C:\\Users\\hengu\\.cargo\\registry\\src\\index.crates.io-1949cf8c6b5b557f\\block-buffer-0.10.4\\Cargo.toml","target":{"kind":["lib"],"crate_types":["lib"],"name":"block_buffer","src_path":"C:\\Users\\hengu\\.cargo\\registry\\src\\index.crates.io-1949cf8c6b5b557f\\block-buffer-0.10.4\\src\\lib.rs","edition":"2018","doc":true,"doctest":true,"test":true},"profile":{"opt_level":"0","debuginfo":0,"debug_assertions":false,"overflow_checks":false,"test":false},"features":[],"filenames":["D:\\myhexin-local\\opencorvus\\packages\\overlay\\src-tauri\\target\\release\\deps\\libblock_buffer-10bd837d993e35b1.rlib","D:\\myhexin-local\\opencorvus\\packages\\overlay\\src-tauri\\target\\release\\deps\\libblock_buffer-10bd837d993e35b1.rmeta"],"executable":null,"fresh":true}
{"reason":"compiler-artifact","package_id":"registry+https://github.com/rust-lang/crates.io-index#time@0.3.47","manifest_path":"C:\\Users\\hengu\\.cargo\\registry\\src\\index.crates.io-1949cf8c6b5b557f\\time-0.3.47\\Cargo.toml","target":{"kind":["lib"],"crate_types":["lib"],"name":"time","src_path":"C:\\Users\\hengu\\.cargo\\registry\\src\\index.crates.io-1949cf8c6b5b557f\\time-0.3.47\\src\\lib.rs","edition":"2024","doc":true,"doctest":true,"test":true},"profile":{"opt_level":"s","debuginfo":0,"debug_assertions":false,"overflow_checks":false,"test":false},"features":["alloc","default","formatting","macros","parsing","serde","std"],"filenames":["D:\\myhexin-local\\opencorvus\\packages\\overlay\\src-tauri\\target\\release\\deps\\libtime-c7a2f3f9679f7fec.rlib","D:\\myhexin-local\\opencorvus\\packages\\overlay\\src-tauri\\target\\release\\deps\\libtime-c7a2f3f9679f7fec.rmeta"],"executable":null,"fresh":true}
{"reason":"compiler-artifact","package_id":"registry+https://github.com/rust-lang/crates.io-index#flate2@1.1.9","manifest_path":"C:\\Users\\hengu\\.cargo\\registry\\src\\index.crates.io-1949cf8c6b5b557f\\flate2-1.1.9\\Cargo.toml","target":{"kind":["lib"],"crate_types":["lib"],"name":"flate2","src_path":"C:\\Users\\hengu\\.cargo\\registry\\src\\index.crates.io-1949cf8c6b5b557f\\flate2-1.1.9\\src\\lib.rs","edition":"2018","doc":true,"doctest":true,"test":true},"profile":{"opt_level":"0","debuginfo":0,"debug_assertions":false,"overflow_checks":false,"test":false},"features":["any_impl","default","miniz_oxide","rust_backend"],"filenames":["D:\\myhexin-local\\opencorvus\\packages\\overlay\\src-tauri\\target\\release\\deps\\libflate2-b36005dddafc725c.rlib","D:\\myhexin-local\\opencorvus\\packages\\overlay\\src-tauri\\target\\release\\deps\\libflate2-b36005dddafc725c.rmeta"],"executable":null,"fresh":true}
{"reason":"compiler-artifact","package_id":"registry+https://github.com/rust-lang/crates.io-index#tracing-core@0.1.36","manifest_path":"C:\\Users\\hengu\\.cargo\\registry\\src\\index.crates.io-1949cf8c6b5b557f\\tracing-core-0.1.36\\Cargo.toml","target":{"kind":["lib"],"crate_types":["lib"],"name":"tracing_core","src_path":"C:\\Users\\hengu\\.cargo\\registry\\src\\index.crates.io-1949cf8c6b5b557f\\tracing-core-0.1.36\\src\\lib.rs","edition":"2018","doc":true,"doctest":true,"test":true},"profile":{"opt_level":"s","debuginfo":0,"debug_assertions":false,"overflow_checks":false,"test":false},"features":["once_cell","std"],"filenames":["D:\\myhexin-local\\opencorvus\\packages\\overlay\\src-tauri\\target\\release\\deps\\libtracing_core-6a8030373cd540d5.rlib","D:\\myhexin-local\\opencorvus\\packages\\overlay\\src-tauri\\target\\release\\deps\\libtracing_core-6a8030373cd540d5.rmeta"],"executable":null,"fresh":true}
{"reason":"compiler-artifact","package_id":"registry+https://github.com/rust-lang/crates.io-index#dpi@0.1.2","manifest_path":"C:\\Users\\hengu\\.cargo\\registry\\src\\index.crates.io-1949cf8c6b5b557f\\dpi-0.1.2\\Cargo.toml","target":{"kind":["lib"],"crate_types":["lib"],"name":"dpi","src_path":"C:\\Users\\hengu\\.cargo\\registry\\src\\index.crates.io-1949cf8c6b5b557f\\dpi-0.1.2\\src\\lib.rs","edition":"2021","doc":true,"doctest":true,"test":true},"profile":{"opt_level":"s","debuginfo":0,"debug_assertions":false,"overflow_checks":false,"test":false},"features":["default","serde","std"],"filenames":["D:\\myhexin-local\\opencorvus\\packages\\overlay\\src-tauri\\target\\release\\deps\\libdpi-9a3f2fba92e58988.rlib","D:\\myhexin-local\\opencorvus\\packages\\overlay\\src-tauri\\target\\release\\deps\\libdpi-9a3f2fba92e58988.rmeta"],"executable":null,"fresh":true}
{"reason":"compiler-artifact","package_id":"registry+https://github.com/rust-lang/crates.io-index#aho-corasick@1.1.4","manifest_path":"C:\\Users\\hengu\\.cargo\\registry\\src\\index.crates.io-1949cf8c6b5b557f\\aho-corasick-1.1.4\\Cargo.toml","target":{"kind":["lib"],"crate_types":["lib"],"name":"aho_corasick","src_path":"C:\\Users\\hengu\\.cargo\\registry\\src\\index.crates.io-1949cf8c6b5b557f\\aho-corasick-1.1.4\\src\\lib.rs","edition":"2021","doc":true,"doctest":true,"test":true},"profile":{"opt_level":"s","debuginfo":0,"debug_assertions":false,"overflow_checks":false,"test":false},"features":["perf-literal","std"],"filenames":["D:\\myhexin-local\\opencorvus\\packages\\overlay\\src-tauri\\target\\release\\deps\\libaho_corasick-903cc22c88ef974d.rlib","D:\\myhexin-local\\opencorvus\\packages\\overlay\\src-tauri\\target\\release\\deps\\libaho_corasick-903cc22c88ef974d.rmeta"],"executable":null,"fresh":true}
{"reason":"build-script-executed","package_id":"registry+https://github.com/rust-lang/crates.io-index#libc@0.2.182","linked_libs":[],"linked_paths":[],"cfgs":["freebsd12"],"env":[],"out_dir":"D:\\myhexin-local\\opencorvus\\packages\\overlay\\src-tauri\\target\\release\\build\\libc-28fd454fcdb4a7f7\\out"}
{"reason":"build-script-executed","package_id":"registry+https://github.com/rust-lang/crates.io-index#windows_x86_64_msvc@0.52.6","linked_libs":[],"linked_paths":["native=C:\\Users\\hengu\\.cargo\\registry\\src\\index.crates.io-1949cf8c6b5b557f\\windows_x86_64_msvc-0.52.6\\lib"],"cfgs":[],"env":[],"out_dir":"D:\\myhexin-local\\opencorvus\\packages\\overlay\\src-tauri\\target\\release\\build\\windows_x86_64_msvc-83da8a4877197912\\out"}
{"reason":"compiler-artifact","package_id":"registry+https://github.com/rust-lang/crates.io-index#webview2-com-sys@0.38.2","manifest_path":"C:\\Users\\hengu\\.cargo\\registry\\src\\index.crates.io-1949cf8c6b5b557f\\webview2-com-sys-0.38.2\\Cargo.toml","target":{"kind":["custom-build"],"crate_types":["bin"],"name":"build-script-build","src_path":"C:\\Users\\hengu\\.cargo\\registry\\src\\index.crates.io-1949cf8c6b5b557f\\webview2-com-sys-0.38.2\\build.rs","edition":"2021","doc":false,"doctest":false,"test":false},"profile":{"opt_level":"0","debuginfo":0,"debug_assertions":false,"overflow_checks":false,"test":false},"features":[],"filenames":["D:\\myhexin-local\\opencorvus\\packages\\overlay\\src-tauri\\target\\release\\build\\webview2-com-sys-a70758a1c54b54ae\\build-script-build.exe","D:\\myhexin-local\\opencorvus\\packages\\overlay\\src-tauri\\target\\release\\build\\webview2-com-sys-a70758a1c54b54ae\\build_script_build.pdb"],"executable":null,"fresh":true}
{"reason":"build-script-executed","package_id":"registry+https://github.com/rust-lang/crates.io-index#typeid@1.0.3","linked_libs":[],"linked_paths":[],"cfgs":[],"env":[],"out_dir":"D:\\myhexin-local\\opencorvus\\packages\\overlay\\src-tauri\\target\\release\\build\\typeid-e8931ecf0f4a386f\\out"}
{"reason":"compiler-artifact","package_id":"registry+https://github.com/rust-lang/crates.io-index#tracing-attributes@0.1.31","manifest_path":"C:\\Users\\hengu\\.cargo\\registry\\src\\index.crates.io-1949cf8c6b5b557f\\tracing-attributes-0.1.31\\Cargo.toml","target":{"kind":["proc-macro"],"crate_types":["proc-macro"],"name":"tracing_attributes","src_path":"C:\\Users\\hengu\\.cargo\\registry\\src\\index.crates.io-1949cf8c6b5b557f\\tracing-attributes-0.1.31\\src\\lib.rs","edition":"2018","doc":true,"doctest":true,"test":true},"profile":{"opt_level":"0","debuginfo":0,"debug_assertions":false,"overflow_checks":false,"test":false},"features":[],"filenames":["D:\\myhexin-local\\opencorvus\\packages\\overlay\\src-tauri\\target\\release\\deps\\tracing_attributes-d3d7b2a7a62b601d.dll","D:\\myhexin-local\\opencorvus\\packages\\overlay\\src-tauri\\target\\release\\deps\\tracing_attributes-d3d7b2a7a62b601d.dll.lib","D:\\myhexin-local\\opencorvus\\packages\\overlay\\src-tauri\\target\\release\\deps\\tracing_attributes-d3d7b2a7a62b601d.dll.exp","D:\\myhexin-local\\opencorvus\\packages\\overlay\\src-tauri\\target\\release\\deps\\tracing_attributes-d3d7b2a7a62b601d.pdb"],"executable":null,"fresh":true}
{"reason":"compiler-artifact","package_id":"registry+https://github.com/rust-lang/crates.io-index#windows-version@0.1.7","manifest_path":"C:\\Users\\hengu\\.cargo\\registry\\src\\index.crates.io-1949cf8c6b5b557f\\windows-version-0.1.7\\Cargo.toml","target":{"kind":["lib"],"crate_types":["lib"],"name":"windows_version","src_path":"C:\\Users\\hengu\\.cargo\\registry\\src\\index.crates.io-1949cf8c6b5b557f\\windows-version-0.1.7\\src\\lib.rs","edition":"2021","doc":true,"doctest":true,"test":true},"profile":{"opt_level":"s","debuginfo":0,"debug_assertions":false,"overflow_checks":false,"test":false},"features":[],"filenames":["D:\\myhexin-local\\opencorvus\\packages\\overlay\\src-tauri\\target\\release\\deps\\libwindows_version-1e712b90cf82d6ff.rlib","D:\\myhexin-local\\opencorvus\\packages\\overlay\\src-tauri\\target\\release\\deps\\libwindows_version-1e712b90cf82d6ff.rmeta"],"executable":null,"fresh":true}
{"reason":"compiler-artifact","package_id":"registry+https://github.com/rust-lang/crates.io-index#futures-core@0.3.32","manifest_path":"C:\\Users\\hengu\\.cargo\\registry\\src\\index.crates.io-1949cf8c6b5b557f\\futures-core-0.3.32\\Cargo.toml","target":{"kind":["lib"],"crate_types":["lib"],"name":"futures_core","src_path":"C:\\Users\\hengu\\.cargo\\registry\\src\\index.crates.io-1949cf8c6b5b557f\\futures-core-0.3.32\\src\\lib.rs","edition":"2018","doc":true,"doctest":true,"test":true},"profile":{"opt_level":"s","debuginfo":0,"debug_assertions":false,"overflow_checks":false,"test":false},"features":["alloc","default","std"],"filenames":["D:\\myhexin-local\\opencorvus\\packages\\overlay\\src-tauri\\target\\release\\deps\\libfutures_core-3bcc6b91f6b8b7d0.rlib","D:\\myhexin-local\\opencorvus\\packages\\overlay\\src-tauri\\target\\release\\deps\\libfutures_core-3bcc6b91f6b8b7d0.rmeta"],"executable":null,"fresh":true}
{"reason":"compiler-artifact","package_id":"registry+https://github.com/rust-lang/crates.io-index#regex-syntax@0.8.10","manifest_path":"C:\\Users\\hengu\\.cargo\\registry\\src\\index.crates.io-1949cf8c6b5b557f\\regex-syntax-0.8.10\\Cargo.toml","target":{"kind":["lib"],"crate_types":["lib"],"name":"regex_syntax","src_path":"C:\\Users\\hengu\\.cargo\\registry\\src\\index.crates.io-1949cf8c6b5b557f\\regex-syntax-0.8.10\\src\\lib.rs","edition":"2021","doc":true,"doctest":true,"test":true},"profile":{"opt_level":"s","debuginfo":0,"debug_assertions":false,"overflow_checks":false,"test":false},"features":["default","std","unicode","unicode-age","unicode-bool","unicode-case","unicode-gencat","unicode-perl","unicode-script","unicode-segment"],"filenames":["D:\\myhexin-local\\opencorvus\\packages\\overlay\\src-tauri\\target\\release\\deps\\libregex_syntax-4f33b2fe253833a6.rlib","D:\\myhexin-local\\opencorvus\\packages\\overlay\\src-tauri\\target\\release\\deps\\libregex_syntax-4f33b2fe253833a6.rmeta"],"executable":null,"fresh":true}
{"reason":"compiler-artifact","package_id":"registry+https://github.com/rust-lang/crates.io-index#alloc-no-stdlib@2.0.4","manifest_path":"C:\\Users\\hengu\\.cargo\\registry\\src\\index.crates.io-1949cf8c6b5b557f\\alloc-no-stdlib-2.0.4\\Cargo.toml","target":{"kind":["lib"],"crate_types":["lib"],"name":"alloc_no_stdlib","src_path":"C:\\Users\\hengu\\.cargo\\registry\\src\\index.crates.io-1949cf8c6b5b557f\\alloc-no-stdlib-2.0.4\\src\\lib.rs","edition":"2015","doc":true,"doctest":true,"test":true},"profile":{"opt_level":"s","debuginfo":0,"debug_assertions":false,"overflow_checks":false,"test":false},"features":[],"filenames":["D:\\myhexin-local\\opencorvus\\packages\\overlay\\src-tauri\\target\\release\\deps\\liballoc_no_stdlib-e767de4049a06eab.rlib","D:\\myhexin-local\\opencorvus\\packages\\overlay\\src-tauri\\target\\release\\deps\\liballoc_no_stdlib-e767de4049a06eab.rmeta"],"executable":null,"fresh":true}
{"reason":"compiler-artifact","package_id":"registry+https://github.com/rust-lang/crates.io-index#unic-common@0.9.0","manifest_path":"C:\\Users\\hengu\\.cargo\\registry\\src\\index.crates.io-1949cf8c6b5b557f\\unic-common-0.9.0\\Cargo.toml","target":{"kind":["lib"],"crate_types":["lib"],"name":"unic_common","src_path":"C:\\Users\\hengu\\.cargo\\registry\\src\\index.crates.io-1949cf8c6b5b557f\\unic-common-0.9.0\\src\\lib.rs","edition":"2018","doc":true,"doctest":true,"test":true},"profile":{"opt_level":"s","debuginfo":0,"debug_assertions":false,"overflow_checks":false,"test":false},"features":["default"],"filenames":["D:\\myhexin-local\\opencorvus\\packages\\overlay\\src-tauri\\target\\release\\deps\\libunic_common-9e9d827a184ce030.rlib","D:\\myhexin-local\\opencorvus\\packages\\overlay\\src-tauri\\target\\release\\deps\\libunic_common-9e9d827a184ce030.rmeta"],"executable":null,"fresh":true}
{"reason":"compiler-artifact","package_id":"registry+https://github.com/rust-lang/crates.io-index#equivalent@1.0.2","manifest_path":"C:\\Users\\hengu\\.cargo\\registry\\src\\index.crates.io-1949cf8c6b5b557f\\equivalent-1.0.2\\Cargo.toml","target":{"kind":["lib"],"crate_types":["lib"],"name":"equivalent","src_path":"C:\\Users\\hengu\\.cargo\\registry\\src\\index.crates.io-1949cf8c6b5b557f\\equivalent-1.0.2\\src\\lib.rs","edition":"2015","doc":true,"doctest":true,"test":true},"profile":{"opt_level":"s","debuginfo":0,"debug_assertions":false,"overflow_checks":false,"test":false},"features":[],"filenames":["D:\\myhexin-local\\opencorvus\\packages\\overlay\\src-tauri\\target\\release\\deps\\libequivalent-9f9b72d6f2248b50.rlib","D:\\myhexin-local\\opencorvus\\packages\\overlay\\src-tauri\\target\\release\\deps\\libequivalent-9f9b72d6f2248b50.rmeta"],"executable":null,"fresh":true}
{"reason":"compiler-artifact","package_id":"registry+https://github.com/rust-lang/crates.io-index#hashbrown@0.16.1","manifest_path":"C:\\Users\\hengu\\.cargo\\registry\\src\\index.crates.io-1949cf8c6b5b557f\\hashbrown-0.16.1\\Cargo.toml","target":{"kind":["lib"],"crate_types":["lib"],"name":"hashbrown","src_path":"C:\\Users\\hengu\\.cargo\\registry\\src\\index.crates.io-1949cf8c6b5b557f\\hashbrown-0.16.1\\src\\lib.rs","edition":"2021","doc":true,"doctest":true,"test":true},"profile":{"opt_level":"s","debuginfo":0,"debug_assertions":false,"overflow_checks":false,"test":false},"features":[],"filenames":["D:\\myhexin-local\\opencorvus\\packages\\overlay\\src-tauri\\target\\release\\deps\\libhashbrown-9d774df06a4599fb.rlib","D:\\myhexin-local\\opencorvus\\packages\\overlay\\src-tauri\\target\\release\\deps\\libhashbrown-9d774df06a4599fb.rmeta"],"executable":null,"fresh":true}
{"reason":"compiler-artifact","package_id":"registry+https://github.com/rust-lang/crates.io-index#unic-char-range@0.9.0","manifest_path":"C:\\Users\\hengu\\.cargo\\registry\\src\\index.crates.io-1949cf8c6b5b557f\\unic-char-range-0.9.0\\Cargo.toml","target":{"kind":["lib"],"crate_types":["lib"],"name":"unic_char_range","src_path":"C:\\Users\\hengu\\.cargo\\registry\\src\\index.crates.io-1949cf8c6b5b557f\\unic-char-range-0.9.0\\src\\lib.rs","edition":"2018","doc":true,"doctest":true,"test":true},"profile":{"opt_level":"s","debuginfo":0,"debug_assertions":false,"overflow_checks":false,"test":false},"features":["default"],"filenames":["D:\\myhexin-local\\opencorvus\\packages\\overlay\\src-tauri\\target\\release\\deps\\libunic_char_range-c5e90a82f67e6be1.rlib","D:\\myhexin-local\\opencorvus\\packages\\overlay\\src-tauri\\target\\release\\deps\\libunic_char_range-c5e90a82f67e6be1.rmeta"],"executable":null,"fresh":true}
{"reason":"compiler-artifact","package_id":"registry+https://github.com/rust-lang/crates.io-index#unic-ucd-version@0.9.0","manifest_path":"C:\\Users\\hengu\\.cargo\\registry\\src\\index.crates.io-1949cf8c6b5b557f\\unic-ucd-version-0.9.0\\Cargo.toml","target":{"kind":["lib"],"crate_types":["lib"],"name":"unic_ucd_version","src_path":"C:\\Users\\hengu\\.cargo\\registry\\src\\index.crates.io-1949cf8c6b5b557f\\unic-ucd-version-0.9.0\\src\\lib.rs","edition":"2018","doc":true,"doctest":true,"test":true},"profile":{"opt_level":"s","debuginfo":0,"debug_assertions":false,"overflow_checks":false,"test":false},"features":[],"filenames":["D:\\myhexin-local\\opencorvus\\packages\\overlay\\src-tauri\\target\\release\\deps\\libunic_ucd_version-d3aed1014a1d5f09.rlib","D:\\myhexin-local\\opencorvus\\packages\\overlay\\src-tauri\\target\\release\\deps\\libunic_ucd_version-d3aed1014a1d5f09.rmeta"],"executable":null,"fresh":true}
{"reason":"compiler-artifact","package_id":"registry+https://github.com/rust-lang/crates.io-index#typeid@1.0.3","manifest_path":"C:\\Users\\hengu\\.cargo\\registry\\src\\index.crates.io-1949cf8c6b5b557f\\typeid-1.0.3\\Cargo.toml","target":{"kind":["lib"],"crate_types":["lib"],"name":"typeid","src_path":"C:\\Users\\hengu\\.cargo\\registry\\src\\index.crates.io-1949cf8c6b5b557f\\typeid-1.0.3\\src\\lib.rs","edition":"2018","doc":true,"doctest":true,"test":true},"profile":{"opt_level":"s","debuginfo":0,"debug_assertions":false,"overflow_checks":false,"test":false},"features":[],"filenames":["D:\\myhexin-local\\opencorvus\\packages\\overlay\\src-tauri\\target\\release\\deps\\libtypeid-70021ce4310c154f.rlib","D:\\myhexin-local\\opencorvus\\packages\\overlay\\src-tauri\\target\\release\\deps\\libtypeid-70021ce4310c154f.rmeta"],"executable":null,"fresh":true}
{"reason":"compiler-artifact","package_id":"registry+https://github.com/rust-lang/crates.io-index#alloc-stdlib@0.2.2","manifest_path":"C:\\Users\\hengu\\.cargo\\registry\\src\\index.crates.io-1949cf8c6b5b557f\\alloc-stdlib-0.2.2\\Cargo.toml","target":{"kind":["lib"],"crate_types":["lib"],"name":"alloc_stdlib","src_path":"C:\\Users\\hengu\\.cargo\\registry\\src\\index.crates.io-1949cf8c6b5b557f\\alloc-stdlib-0.2.2\\src\\lib.rs","edition":"2015","doc":true,"doctest":true,"test":true},"profile":{"opt_level":"s","debuginfo":0,"debug_assertions":false,"overflow_checks":false,"test":false},"features":[],"filenames":["D:\\myhexin-local\\opencorvus\\packages\\overlay\\src-tauri\\target\\release\\deps\\liballoc_stdlib-dda35921ce469d25.rlib","D:\\myhexin-local\\opencorvus\\packages\\overlay\\src-tauri\\target\\release\\deps\\liballoc_stdlib-dda35921ce469d25.rmeta"],"executable":null,"fresh":true}
{"reason":"compiler-artifact","package_id":"registry+https://github.com/rust-lang/crates.io-index#tracing@0.1.44","manifest_path":"C:\\Users\\hengu\\.cargo\\registry\\src\\index.crates.io-1949cf8c6b5b557f\\tracing-0.1.44\\Cargo.toml","target":{"kind":["lib"],"crate_types":["lib"],"name":"tracing","src_path":"C:\\Users\\hengu\\.cargo\\registry\\src\\index.crates.io-1949cf8c6b5b557f\\tracing-0.1.44\\src\\lib.rs","edition":"2018","doc":true,"doctest":true,"test":true},"profile":{"opt_level":"s","debuginfo":0,"debug_assertions":false,"overflow_checks":false,"test":false},"features":["attributes","default","std","tracing-attributes"],"filenames":["D:\\myhexin-local\\opencorvus\\packages\\overlay\\src-tauri\\target\\release\\deps\\libtracing-c13b1fac54774d74.rlib","D:\\myhexin-local\\opencorvus\\packages\\overlay\\src-tauri\\target\\release\\deps\\libtracing-c13b1fac54774d74.rmeta"],"executable":null,"fresh":true}
{"reason":"compiler-artifact","package_id":"registry+https://github.com/rust-lang/crates.io-index#regex-automata@0.4.14","manifest_path":"C:\\Users\\hengu\\.cargo\\registry\\src\\index.crates.io-1949cf8c6b5b557f\\regex-automata-0.4.14\\Cargo.toml","target":{"kind":["lib"],"crate_types":["lib"],"name":"regex_automata","src_path":"C:\\Users\\hengu\\.cargo\\registry\\src\\index.crates.io-1949cf8c6b5b557f\\regex-automata-0.4.14\\src\\lib.rs","edition":"2021","doc":true,"doctest":true,"test":true},"profile":{"opt_level":"s","debuginfo":0,"debug_assertions":false,"overflow_checks":false,"test":false},"features":["alloc","dfa-onepass","hybrid","meta","nfa-backtrack","nfa-pikevm","nfa-thompson","perf-inline","perf-literal","perf-literal-multisubstring","perf-literal-substring","std","syntax","unicode","unicode-age","unicode-bool","unicode-case","unicode-gencat","unicode-perl","unicode-script","unicode-segment","unicode-word-boundary"],"filenames":["D:\\myhexin-local\\opencorvus\\packages\\overlay\\src-tauri\\target\\release\\deps\\libregex_automata-cf3f9b481016b33e.rlib","D:\\myhexin-local\\opencorvus\\packages\\overlay\\src-tauri\\target\\release\\deps\\libregex_automata-cf3f9b481016b33e.rmeta"],"executable":null,"fresh":true}
{"reason":"compiler-artifact","package_id":"registry+https://github.com/rust-lang/crates.io-index#windows_x86_64_msvc@0.52.6","manifest_path":"C:\\Users\\hengu\\.cargo\\registry\\src\\index.crates.io-1949cf8c6b5b557f\\windows_x86_64_msvc-0.52.6\\Cargo.toml","target":{"kind":["lib"],"crate_types":["lib"],"name":"windows_x86_64_msvc","src_path":"C:\\Users\\hengu\\.cargo\\registry\\src\\index.crates.io-1949cf8c6b5b557f\\windows_x86_64_msvc-0.52.6\\src\\lib.rs","edition":"2021","doc":true,"doctest":true,"test":true},"profile":{"opt_level":"s","debuginfo":0,"debug_assertions":false,"overflow_checks":false,"test":false},"features":[],"filenames":["D:\\myhexin-local\\opencorvus\\packages\\overlay\\src-tauri\\target\\release\\deps\\libwindows_x86_64_msvc-7be72596fc58fa35.rlib","D:\\myhexin-local\\opencorvus\\packages\\overlay\\src-tauri\\target\\release\\deps\\libwindows_x86_64_msvc-7be72596fc58fa35.rmeta"],"executable":null,"fresh":true}
{"reason":"compiler-artifact","package_id":"registry+https://github.com/rust-lang/crates.io-index#indexmap@2.13.0","manifest_path":"C:\\Users\\hengu\\.cargo\\registry\\src\\index.crates.io-1949cf8c6b5b557f\\indexmap-2.13.0\\Cargo.toml","target":{"kind":["lib"],"crate_types":["lib"],"name":"indexmap","src_path":"C:\\Users\\hengu\\.cargo\\registry\\src\\index.crates.io-1949cf8c6b5b557f\\indexmap-2.13.0\\src\\lib.rs","edition":"2021","doc":true,"doctest":true,"test":true},"profile":{"opt_level":"s","debuginfo":0,"debug_assertions":false,"overflow_checks":false,"test":false},"features":["default","std"],"filenames":["D:\\myhexin-local\\opencorvus\\packages\\overlay\\src-tauri\\target\\release\\deps\\libindexmap-c1db9a4c2d02d11f.rlib","D:\\myhexin-local\\opencorvus\\packages\\overlay\\src-tauri\\target\\release\\deps\\libindexmap-c1db9a4c2d02d11f.rmeta"],"executable":null,"fresh":true}
{"reason":"compiler-artifact","package_id":"registry+https://github.com/rust-lang/crates.io-index#unic-char-property@0.9.0","manifest_path":"C:\\Users\\hengu\\.cargo\\registry\\src\\index.crates.io-1949cf8c6b5b557f\\unic-char-property-0.9.0\\Cargo.toml","target":{"kind":["lib"],"crate_types":["lib"],"name":"unic_char_property","src_path":"C:\\Users\\hengu\\.cargo\\registry\\src\\index.crates.io-1949cf8c6b5b557f\\unic-char-property-0.9.0\\src\\lib.rs","edition":"2018","doc":true,"doctest":true,"test":true},"profile":{"opt_level":"s","debuginfo":0,"debug_assertions":false,"overflow_checks":false,"test":false},"features":[],"filenames":["D:\\myhexin-local\\opencorvus\\packages\\overlay\\src-tauri\\target\\release\\deps\\libunic_char_property-8ac436a8ca731464.rlib","D:\\myhexin-local\\opencorvus\\packages\\overlay\\src-tauri\\target\\release\\deps\\libunic_char_property-8ac436a8ca731464.rmeta"],"executable":null,"fresh":true}
{"reason":"build-script-executed","package_id":"registry+https://github.com/rust-lang/crates.io-index#webview2-com-sys@0.38.2","linked_libs":["advapi32"],"linked_paths":["native=D:\\myhexin-local\\opencorvus\\packages\\overlay\\src-tauri\\target\\release\\build\\webview2-com-sys-4e794dd509bbef70\\out\\x64"],"cfgs":[],"env":[],"out_dir":"D:\\myhexin-local\\opencorvus\\packages\\overlay\\src-tauri\\target\\release\\build\\webview2-com-sys-4e794dd509bbef70\\out"}
{"reason":"compiler-artifact","package_id":"registry+https://github.com/rust-lang/crates.io-index#libc@0.2.182","manifest_path":"C:\\Users\\hengu\\.cargo\\registry\\src\\index.crates.io-1949cf8c6b5b557f\\libc-0.2.182\\Cargo.toml","target":{"kind":["lib"],"crate_types":["lib"],"name":"libc","src_path":"C:\\Users\\hengu\\.cargo\\registry\\src\\index.crates.io-1949cf8c6b5b557f\\libc-0.2.182\\src\\lib.rs","edition":"2021","doc":true,"doctest":true,"test":true},"profile":{"opt_level":"s","debuginfo":0,"debug_assertions":false,"overflow_checks":false,"test":false},"features":["default","std"],"filenames":["D:\\myhexin-local\\opencorvus\\packages\\overlay\\src-tauri\\target\\release\\deps\\liblibc-b7e99c077a2c15df.rlib","D:\\myhexin-local\\opencorvus\\packages\\overlay\\src-tauri\\target\\release\\deps\\liblibc-b7e99c077a2c15df.rmeta"],"executable":null,"fresh":true}
{"reason":"compiler-artifact","package_id":"registry+https://github.com/rust-lang/crates.io-index#digest@0.10.7","manifest_path":"C:\\Users\\hengu\\.cargo\\registry\\src\\index.crates.io-1949cf8c6b5b557f\\digest-0.10.7\\Cargo.toml","target":{"kind":["lib"],"crate_types":["lib"],"name":"digest","src_path":"C:\\Users\\hengu\\.cargo\\registry\\src\\index.crates.io-1949cf8c6b5b557f\\digest-0.10.7\\src\\lib.rs","edition":"2018","doc":true,"doctest":true,"test":true},"profile":{"opt_level":"0","debuginfo":0,"debug_assertions":false,"overflow_checks":false,"test":false},"features":["alloc","block-buffer","core-api","default","std"],"filenames":["D:\\myhexin-local\\opencorvus\\packages\\overlay\\src-tauri\\target\\release\\deps\\libdigest-527774691458f70f.rlib","D:\\myhexin-local\\opencorvus\\packages\\overlay\\src-tauri\\target\\release\\deps\\libdigest-527774691458f70f.rmeta"],"executable":null,"fresh":true}
{"reason":"compiler-artifact","package_id":"registry+https://github.com/rust-lang/crates.io-index#crossbeam-utils@0.8.21","manifest_path":"C:\\Users\\hengu\\.cargo\\registry\\src\\index.crates.io-1949cf8c6b5b557f\\crossbeam-utils-0.8.21\\Cargo.toml","target":{"kind":["lib"],"crate_types":["lib"],"name":"crossbeam_utils","src_path":"C:\\Users\\hengu\\.cargo\\registry\\src\\index.crates.io-1949cf8c6b5b557f\\crossbeam-utils-0.8.21\\src\\lib.rs","edition":"2021","doc":true,"doctest":true,"test":true},"profile":{"opt_level":"s","debuginfo":0,"debug_assertions":false,"overflow_checks":false,"test":false},"features":["std"],"filenames":["D:\\myhexin-local\\opencorvus\\packages\\overlay\\src-tauri\\target\\release\\deps\\libcrossbeam_utils-25102c2c68749a39.rlib","D:\\myhexin-local\\opencorvus\\packages\\overlay\\src-tauri\\target\\release\\deps\\libcrossbeam_utils-25102c2c68749a39.rmeta"],"executable":null,"fresh":true}
{"reason":"compiler-artifact","package_id":"registry+https://github.com/rust-lang/crates.io-index#cookie@0.18.1","manifest_path":"C:\\Users\\hengu\\.cargo\\registry\\src\\index.crates.io-1949cf8c6b5b557f\\cookie-0.18.1\\Cargo.toml","target":{"kind":["custom-build"],"crate_types":["bin"],"name":"build-script-build","src_path":"C:\\Users\\hengu\\.cargo\\registry\\src\\index.crates.io-1949cf8c6b5b557f\\cookie-0.18.1\\build.rs","edition":"2018","doc":false,"doctest":false,"test":false},"profile":{"opt_level":"0","debuginfo":0,"debug_assertions":false,"overflow_checks":false,"test":false},"features":[],"filenames":["D:\\myhexin-local\\opencorvus\\packages\\overlay\\src-tauri\\target\\release\\build\\cookie-59d4fb60997dd7d2\\build-script-build.exe","D:\\myhexin-local\\opencorvus\\packages\\overlay\\src-tauri\\target\\release\\build\\cookie-59d4fb60997dd7d2\\build_script_build.pdb"],"executable":null,"fresh":true}
{"reason":"compiler-artifact","package_id":"registry+https://github.com/rust-lang/crates.io-index#winapi-util@0.1.11","manifest_path":"C:\\Users\\hengu\\.cargo\\registry\\src\\index.crates.io-1949cf8c6b5b557f\\winapi-util-0.1.11\\Cargo.toml","target":{"kind":["lib"],"crate_types":["lib"],"name":"winapi_util","src_path":"C:\\Users\\hengu\\.cargo\\registry\\src\\index.crates.io-1949cf8c6b5b557f\\winapi-util-0.1.11\\src\\lib.rs","edition":"2021","doc":true,"doctest":true,"test":true},"profile":{"opt_level":"s","debuginfo":0,"debug_assertions":false,"overflow_checks":false,"test":false},"features":[],"filenames":["D:\\myhexin-local\\opencorvus\\packages\\overlay\\src-tauri\\target\\release\\deps\\libwinapi_util-a4fcc8e20d58bfdd.rlib","D:\\myhexin-local\\opencorvus\\packages\\overlay\\src-tauri\\target\\release\\deps\\libwinapi_util-a4fcc8e20d58bfdd.rmeta"],"executable":null,"fresh":true}
{"reason":"compiler-artifact","package_id":"registry+https://github.com/rust-lang/crates.io-index#phf_codegen@0.11.3","manifest_path":"C:\\Users\\hengu\\.cargo\\registry\\src\\index.crates.io-1949cf8c6b5b557f\\phf_codegen-0.11.3\\Cargo.toml","target":{"kind":["lib"],"crate_types":["lib"],"name":"phf_codegen","src_path":"C:\\Users\\hengu\\.cargo\\registry\\src\\index.crates.io-1949cf8c6b5b557f\\phf_codegen-0.11.3\\src\\lib.rs","edition":"2021","doc":true,"doctest":true,"test":true},"profile":{"opt_level":"0","debuginfo":0,"debug_assertions":false,"overflow_checks":false,"test":false},"features":[],"filenames":["D:\\myhexin-local\\opencorvus\\packages\\overlay\\src-tauri\\target\\release\\deps\\libphf_codegen-5c5fad72ab51fee2.rlib","D:\\myhexin-local\\opencorvus\\packages\\overlay\\src-tauri\\target\\release\\deps\\libphf_codegen-5c5fad72ab51fee2.rmeta"],"executable":null,"fresh":false}
{"reason":"build-script-executed","package_id":"registry+https://github.com/rust-lang/crates.io-index#erased-serde@0.4.10","linked_libs":[],"linked_paths":[],"cfgs":[],"env":[],"out_dir":"D:\\myhexin-local\\opencorvus\\packages\\overlay\\src-tauri\\target\\release\\build\\erased-serde-f184c14a132611e1\\out"}
{"reason":"build-script-executed","package_id":"registry+https://github.com/rust-lang/crates.io-index#thiserror@1.0.69","linked_libs":[],"linked_paths":[],"cfgs":[],"env":[],"out_dir":"D:\\myhexin-local\\opencorvus\\packages\\overlay\\src-tauri\\target\\release\\build\\thiserror-96c7d9e0f54c3567\\out"}
{"reason":"compiler-artifact","package_id":"registry+https://github.com/rust-lang/crates.io-index#uuid@1.22.0","manifest_path":"C:\\Users\\hengu\\.cargo\\registry\\src\\index.crates.io-1949cf8c6b5b557f\\uuid-1.22.0\\Cargo.toml","target":{"kind":["lib"],"crate_types":["lib"],"name":"uuid","src_path":"C:\\Users\\hengu\\.cargo\\registry\\src\\index.crates.io-1949cf8c6b5b557f\\uuid-1.22.0\\src\\lib.rs","edition":"2021","doc":true,"doctest":true,"test":true},"profile":{"opt_level":"s","debuginfo":0,"debug_assertions":false,"overflow_checks":false,"test":false},"features":["default","serde","std"],"filenames":["D:\\myhexin-local\\opencorvus\\packages\\overlay\\src-tauri\\target\\release\\deps\\libuuid-a728e033f1e90c5c.rlib","D:\\myhexin-local\\opencorvus\\packages\\overlay\\src-tauri\\target\\release\\deps\\libuuid-a728e033f1e90c5c.rmeta"],"executable":null,"fresh":true}
{"reason":"compiler-artifact","package_id":"registry+https://github.com/rust-lang/crates.io-index#getrandom@0.3.4","manifest_path":"C:\\Users\\hengu\\.cargo\\registry\\src\\index.crates.io-1949cf8c6b5b557f\\getrandom-0.3.4\\Cargo.toml","target":{"kind":["custom-build"],"crate_types":["bin"],"name":"build-script-build","src_path":"C:\\Users\\hengu\\.cargo\\registry\\src\\index.crates.io-1949cf8c6b5b557f\\getrandom-0.3.4\\build.rs","edition":"2021","doc":false,"doctest":false,"test":false},"profile":{"opt_level":"0","debuginfo":0,"debug_assertions":false,"overflow_checks":false,"test":false},"features":["std"],"filenames":["D:\\myhexin-local\\opencorvus\\packages\\overlay\\src-tauri\\target\\release\\build\\getrandom-4d2d84ff78471e92\\build-script-build.exe","D:\\myhexin-local\\opencorvus\\packages\\overlay\\src-tauri\\target\\release\\build\\getrandom-4d2d84ff78471e92\\build_script_build.pdb"],"executable":null,"fresh":true}
{"reason":"compiler-artifact","package_id":"registry+https://github.com/rust-lang/crates.io-index#winnow@0.7.15","manifest_path":"C:\\Users\\hengu\\.cargo\\registry\\src\\index.crates.io-1949cf8c6b5b557f\\winnow-0.7.15\\Cargo.toml","target":{"kind":["lib"],"crate_types":["lib"],"name":"winnow","src_path":"C:\\Users\\hengu\\.cargo\\registry\\src\\index.crates.io-1949cf8c6b5b557f\\winnow-0.7.15\\src\\lib.rs","edition":"2021","doc":true,"doctest":true,"test":true},"profile":{"opt_level":"s","debuginfo":0,"debug_assertions":false,"overflow_checks":false,"test":false},"features":[],"filenames":["D:\\myhexin-local\\opencorvus\\packages\\overlay\\src-tauri\\target\\release\\deps\\libwinnow-c97e876bdf8763cc.rlib","D:\\myhexin-local\\opencorvus\\packages\\overlay\\src-tauri\\target\\release\\deps\\libwinnow-c97e876bdf8763cc.rmeta"],"executable":null,"fresh":true}
{"reason":"compiler-artifact","package_id":"registry+https://github.com/rust-lang/crates.io-index#unicode-segmentation@1.12.0","manifest_path":"C:\\Users\\hengu\\.cargo\\registry\\src\\index.crates.io-1949cf8c6b5b557f\\unicode-segmentation-1.12.0\\Cargo.toml","target":{"kind":["lib"],"crate_types":["lib"],"name":"unicode_segmentation","src_path":"C:\\Users\\hengu\\.cargo\\registry\\src\\index.crates.io-1949cf8c6b5b557f\\unicode-segmentation-1.12.0\\src\\lib.rs","edition":"2018","doc":true,"doctest":true,"test":true},"profile":{"opt_level":"s","debuginfo":0,"debug_assertions":false,"overflow_checks":false,"test":false},"features":[],"filenames":["D:\\myhexin-local\\opencorvus\\packages\\overlay\\src-tauri\\target\\release\\deps\\libunicode_segmentation-e522f8ebe53d0ba0.rlib","D:\\myhexin-local\\opencorvus\\packages\\overlay\\src-tauri\\target\\release\\deps\\libunicode_segmentation-e522f8ebe53d0ba0.rmeta"],"executable":null,"fresh":true}
{"reason":"compiler-artifact","package_id":"registry+https://github.com/rust-lang/crates.io-index#cpufeatures@0.2.17","manifest_path":"C:\\Users\\hengu\\.cargo\\registry\\src\\index.crates.io-1949cf8c6b5b557f\\cpufeatures-0.2.17\\Cargo.toml","target":{"kind":["lib"],"crate_types":["lib"],"name":"cpufeatures","src_path":"C:\\Users\\hengu\\.cargo\\registry\\src\\index.crates.io-1949cf8c6b5b557f\\cpufeatures-0.2.17\\src\\lib.rs","edition":"2018","doc":true,"doctest":true,"test":true},"profile":{"opt_level":"0","debuginfo":0,"debug_assertions":false,"overflow_checks":false,"test":false},"features":[],"filenames":["D:\\myhexin-local\\opencorvus\\packages\\overlay\\src-tauri\\target\\release\\deps\\libcpufeatures-28cf6f60023770bd.rlib","D:\\myhexin-local\\opencorvus\\packages\\overlay\\src-tauri\\target\\release\\deps\\libcpufeatures-28cf6f60023770bd.rmeta"],"executable":null,"fresh":true}
{"reason":"compiler-artifact","package_id":"registry+https://github.com/rust-lang/crates.io-index#siphasher@1.0.2","manifest_path":"C:\\Users\\hengu\\.cargo\\registry\\src\\index.crates.io-1949cf8c6b5b557f\\siphasher-1.0.2\\Cargo.toml","target":{"kind":["lib"],"crate_types":["lib"],"name":"siphasher","src_path":"C:\\Users\\hengu\\.cargo\\registry\\src\\index.crates.io-1949cf8c6b5b557f\\siphasher-1.0.2\\src\\lib.rs","edition":"2018","doc":true,"doctest":true,"test":true},"profile":{"opt_level":"s","debuginfo":0,"debug_assertions":false,"overflow_checks":false,"test":false},"features":["default","std"],"filenames":["D:\\myhexin-local\\opencorvus\\packages\\overlay\\src-tauri\\target\\release\\deps\\libsiphasher-d5c1e0f50614a31d.rlib","D:\\myhexin-local\\opencorvus\\packages\\overlay\\src-tauri\\target\\release\\deps\\libsiphasher-d5c1e0f50614a31d.rmeta"],"executable":null,"fresh":true}
{"reason":"compiler-artifact","package_id":"registry+https://github.com/rust-lang/crates.io-index#byteorder@1.5.0","manifest_path":"C:\\Users\\hengu\\.cargo\\registry\\src\\index.crates.io-1949cf8c6b5b557f\\byteorder-1.5.0\\Cargo.toml","target":{"kind":["lib"],"crate_types":["lib"],"name":"byteorder","src_path":"C:\\Users\\hengu\\.cargo\\registry\\src\\index.crates.io-1949cf8c6b5b557f\\byteorder-1.5.0\\src\\lib.rs","edition":"2021","doc":true,"doctest":true,"test":true},"profile":{"opt_level":"s","debuginfo":0,"debug_assertions":false,"overflow_checks":false,"test":false},"features":["default","std"],"filenames":["D:\\myhexin-local\\opencorvus\\packages\\overlay\\src-tauri\\target\\release\\deps\\libbyteorder-e1269d9859c604c9.rlib","D:\\myhexin-local\\opencorvus\\packages\\overlay\\src-tauri\\target\\release\\deps\\libbyteorder-e1269d9859c604c9.rmeta"],"executable":null,"fresh":true}
{"reason":"compiler-artifact","package_id":"registry+https://github.com/rust-lang/crates.io-index#dunce@1.0.5","manifest_path":"C:\\Users\\hengu\\.cargo\\registry\\src\\index.crates.io-1949cf8c6b5b557f\\dunce-1.0.5\\Cargo.toml","target":{"kind":["lib"],"crate_types":["lib"],"name":"dunce","src_path":"C:\\Users\\hengu\\.cargo\\registry\\src\\index.crates.io-1949cf8c6b5b557f\\dunce-1.0.5\\src\\lib.rs","edition":"2021","doc":true,"doctest":true,"test":true},"profile":{"opt_level":"s","debuginfo":0,"debug_assertions":false,"overflow_checks":false,"test":false},"features":[],"filenames":["D:\\myhexin-local\\opencorvus\\packages\\overlay\\src-tauri\\target\\release\\deps\\libdunce-5902f3e9e51e83e8.rlib","D:\\myhexin-local\\opencorvus\\packages\\overlay\\src-tauri\\target\\release\\deps\\libdunce-5902f3e9e51e83e8.rmeta"],"executable":null,"fresh":true}
{"reason":"compiler-artifact","package_id":"registry+https://github.com/rust-lang/crates.io-index#fnv@1.0.7","manifest_path":"C:\\Users\\hengu\\.cargo\\registry\\src\\index.crates.io-1949cf8c6b5b557f\\fnv-1.0.7\\Cargo.toml","target":{"kind":["lib"],"crate_types":["lib"],"name":"fnv","src_path":"C:\\Users\\hengu\\.cargo\\registry\\src\\index.crates.io-1949cf8c6b5b557f\\fnv-1.0.7\\lib.rs","edition":"2015","doc":true,"doctest":true,"test":true},"profile":{"opt_level":"s","debuginfo":0,"debug_assertions":false,"overflow_checks":false,"test":false},"features":["default","std"],"filenames":["D:\\myhexin-local\\opencorvus\\packages\\overlay\\src-tauri\\target\\release\\deps\\libfnv-eb1a062dacbe8b0c.rlib","D:\\myhexin-local\\opencorvus\\packages\\overlay\\src-tauri\\target\\release\\deps\\libfnv-eb1a062dacbe8b0c.rmeta"],"executable":null,"fresh":true}
{"reason":"compiler-artifact","package_id":"registry+https://github.com/rust-lang/crates.io-index#scopeguard@1.2.0","manifest_path":"C:\\Users\\hengu\\.cargo\\registry\\src\\index.crates.io-1949cf8c6b5b557f\\scopeguard-1.2.0\\Cargo.toml","target":{"kind":["lib"],"crate_types":["lib"],"name":"scopeguard","src_path":"C:\\Users\\hengu\\.cargo\\registry\\src\\index.crates.io-1949cf8c6b5b557f\\scopeguard-1.2.0\\src\\lib.rs","edition":"2015","doc":true,"doctest":true,"test":true},"profile":{"opt_level":"s","debuginfo":0,"debug_assertions":false,"overflow_checks":false,"test":false},"features":["default","use_std"],"filenames":["D:\\myhexin-local\\opencorvus\\packages\\overlay\\src-tauri\\target\\release\\deps\\libscopeguard-b048adccb70bb22e.rlib","D:\\myhexin-local\\opencorvus\\packages\\overlay\\src-tauri\\target\\release\\deps\\libscopeguard-b048adccb70bb22e.rmeta"],"executable":null,"fresh":true}
{"reason":"compiler-artifact","package_id":"registry+https://github.com/rust-lang/crates.io-index#erased-serde@0.4.10","manifest_path":"C:\\Users\\hengu\\.cargo\\registry\\src\\index.crates.io-1949cf8c6b5b557f\\erased-serde-0.4.10\\Cargo.toml","target":{"kind":["lib"],"crate_types":["lib"],"name":"erased_serde","src_path":"C:\\Users\\hengu\\.cargo\\registry\\src\\index.crates.io-1949cf8c6b5b557f\\erased-serde-0.4.10\\src\\lib.rs","edition":"2021","doc":true,"doctest":true,"test":true},"profile":{"opt_level":"s","debuginfo":0,"debug_assertions":false,"overflow_checks":false,"test":false},"features":["alloc"],"filenames":["D:\\myhexin-local\\opencorvus\\packages\\overlay\\src-tauri\\target\\release\\deps\\liberased_serde-f0015b1d14e32ad5.rlib","D:\\myhexin-local\\opencorvus\\packages\\overlay\\src-tauri\\target\\release\\deps\\liberased_serde-f0015b1d14e32ad5.rmeta"],"executable":null,"fresh":true}
{"reason":"compiler-artifact","package_id":"registry+https://github.com/rust-lang/crates.io-index#phf_shared@0.13.1","manifest_path":"C:\\Users\\hengu\\.cargo\\registry\\src\\index.crates.io-1949cf8c6b5b557f\\phf_shared-0.13.1\\Cargo.toml","target":{"kind":["lib"],"crate_types":["lib"],"name":"phf_shared","src_path":"C:\\Users\\hengu\\.cargo\\registry\\src\\index.crates.io-1949cf8c6b5b557f\\phf_shared-0.13.1\\src\\lib.rs","edition":"2021","doc":true,"doctest":true,"test":false},"profile":{"opt_level":"s","debuginfo":0,"debug_assertions":false,"overflow_checks":false,"test":false},"features":["std"],"filenames":["D:\\myhexin-local\\opencorvus\\packages\\overlay\\src-tauri\\target\\release\\deps\\libphf_shared-e0906c97871a541c.rlib","D:\\myhexin-local\\opencorvus\\packages\\overlay\\src-tauri\\target\\release\\deps\\libphf_shared-e0906c97871a541c.rmeta"],"executable":null,"fresh":true}
{"reason":"compiler-artifact","package_id":"registry+https://github.com/rust-lang/crates.io-index#toml_parser@1.0.9+spec-1.1.0","manifest_path":"C:\\Users\\hengu\\.cargo\\registry\\src\\index.crates.io-1949cf8c6b5b557f\\toml_parser-1.0.9+spec-1.1.0\\Cargo.toml","target":{"kind":["lib"],"crate_types":["lib"],"name":"toml_parser","src_path":"C:\\Users\\hengu\\.cargo\\registry\\src\\index.crates.io-1949cf8c6b5b557f\\toml_parser-1.0.9+spec-1.1.0\\src\\lib.rs","edition":"2021","doc":true,"doctest":true,"test":true},"profile":{"opt_level":"s","debuginfo":0,"debug_assertions":false,"overflow_checks":false,"test":false},"features":["alloc","std"],"filenames":["D:\\myhexin-local\\opencorvus\\packages\\overlay\\src-tauri\\target\\release\\deps\\libtoml_parser-f2f28cc7ce626ac8.rlib","D:\\myhexin-local\\opencorvus\\packages\\overlay\\src-tauri\\target\\release\\deps\\libtoml_parser-f2f28cc7ce626ac8.rmeta"],"executable":null,"fresh":true}
{"reason":"build-script-executed","package_id":"registry+https://github.com/rust-lang/crates.io-index#getrandom@0.3.4","linked_libs":[],"linked_paths":[],"cfgs":[],"env":[],"out_dir":"D:\\myhexin-local\\opencorvus\\packages\\overlay\\src-tauri\\target\\release\\build\\getrandom-a94f1efb33d691a9\\out"}
{"reason":"compiler-artifact","package_id":"registry+https://github.com/rust-lang/crates.io-index#thiserror@1.0.69","manifest_path":"C:\\Users\\hengu\\.cargo\\registry\\src\\index.crates.io-1949cf8c6b5b557f\\thiserror-1.0.69\\Cargo.toml","target":{"kind":["lib"],"crate_types":["lib"],"name":"thiserror","src_path":"C:\\Users\\hengu\\.cargo\\registry\\src\\index.crates.io-1949cf8c6b5b557f\\thiserror-1.0.69\\src\\lib.rs","edition":"2021","doc":true,"doctest":true,"test":true},"profile":{"opt_level":"s","debuginfo":0,"debug_assertions":false,"overflow_checks":false,"test":false},"features":[],"filenames":["D:\\myhexin-local\\opencorvus\\packages\\overlay\\src-tauri\\target\\release\\deps\\libthiserror-afe1cfe7db6a60a3.rlib","D:\\myhexin-local\\opencorvus\\packages\\overlay\\src-tauri\\target\\release\\deps\\libthiserror-afe1cfe7db6a60a3.rmeta"],"executable":null,"fresh":true}
{"reason":"compiler-artifact","package_id":"registry+https://github.com/rust-lang/crates.io-index#sha2@0.10.9","manifest_path":"C:\\Users\\hengu\\.cargo\\registry\\src\\index.crates.io-1949cf8c6b5b557f\\sha2-0.10.9\\Cargo.toml","target":{"kind":["lib"],"crate_types":["lib"],"name":"sha2","src_path":"C:\\Users\\hengu\\.cargo\\registry\\src\\index.crates.io-1949cf8c6b5b557f\\sha2-0.10.9\\src\\lib.rs","edition":"2018","doc":true,"doctest":true,"test":true},"profile":{"opt_level":"0","debuginfo":0,"debug_assertions":false,"overflow_checks":false,"test":false},"features":["default","std"],"filenames":["D:\\myhexin-local\\opencorvus\\packages\\overlay\\src-tauri\\target\\release\\deps\\libsha2-fe10b83b549cafeb.rlib","D:\\myhexin-local\\opencorvus\\packages\\overlay\\src-tauri\\target\\release\\deps\\libsha2-fe10b83b549cafeb.rmeta"],"executable":null,"fresh":true}
{"reason":"compiler-artifact","package_id":"registry+https://github.com/rust-lang/crates.io-index#cfb@0.7.3","manifest_path":"C:\\Users\\hengu\\.cargo\\registry\\src\\index.crates.io-1949cf8c6b5b557f\\cfb-0.7.3\\Cargo.toml","target":{"kind":["lib"],"crate_types":["lib"],"name":"cfb","src_path":"C:\\Users\\hengu\\.cargo\\registry\\src\\index.crates.io-1949cf8c6b5b557f\\cfb-0.7.3\\src\\lib.rs","edition":"2018","doc":true,"doctest":true,"test":true},"profile":{"opt_level":"s","debuginfo":0,"debug_assertions":false,"overflow_checks":false,"test":false},"features":[],"filenames":["D:\\myhexin-local\\opencorvus\\packages\\overlay\\src-tauri\\target\\release\\deps\\libcfb-fba9f6443cad9e73.rlib","D:\\myhexin-local\\opencorvus\\packages\\overlay\\src-tauri\\target\\release\\deps\\libcfb-fba9f6443cad9e73.rmeta"],"executable":null,"fresh":true}
{"reason":"build-script-executed","package_id":"registry+https://github.com/rust-lang/crates.io-index#cookie@0.18.1","linked_libs":[],"linked_paths":[],"cfgs":[],"env":[],"out_dir":"D:\\myhexin-local\\opencorvus\\packages\\overlay\\src-tauri\\target\\release\\build\\cookie-24a483721e42ceec\\out"}
{"reason":"compiler-artifact","package_id":"registry+https://github.com/rust-lang/crates.io-index#crossbeam-channel@0.5.15","manifest_path":"C:\\Users\\hengu\\.cargo\\registry\\src\\index.crates.io-1949cf8c6b5b557f\\crossbeam-channel-0.5.15\\Cargo.toml","target":{"kind":["lib"],"crate_types":["lib"],"name":"crossbeam_channel","src_path":"C:\\Users\\hengu\\.cargo\\registry\\src\\index.crates.io-1949cf8c6b5b557f\\crossbeam-channel-0.5.15\\src\\lib.rs","edition":"2021","doc":true,"doctest":true,"test":true},"profile":{"opt_level":"s","debuginfo":0,"debug_assertions":false,"overflow_checks":false,"test":false},"features":["default","std"],"filenames":["D:\\myhexin-local\\opencorvus\\packages\\overlay\\src-tauri\\target\\release\\deps\\libcrossbeam_channel-b505fee1487ae92e.rlib","D:\\myhexin-local\\opencorvus\\packages\\overlay\\src-tauri\\target\\release\\deps\\libcrossbeam_channel-b505fee1487ae92e.rmeta"],"executable":null,"fresh":true}
{"reason":"compiler-artifact","package_id":"registry+https://github.com/rust-lang/crates.io-index#unic-ucd-ident@0.9.0","manifest_path":"C:\\Users\\hengu\\.cargo\\registry\\src\\index.crates.io-1949cf8c6b5b557f\\unic-ucd-ident-0.9.0\\Cargo.toml","target":{"kind":["lib"],"crate_types":["lib"],"name":"unic_ucd_ident","src_path":"C:\\Users\\hengu\\.cargo\\registry\\src\\index.crates.io-1949cf8c6b5b557f\\unic-ucd-ident-0.9.0\\src\\lib.rs","edition":"2018","doc":true,"doctest":true,"test":true},"profile":{"opt_level":"s","debuginfo":0,"debug_assertions":false,"overflow_checks":false,"test":false},"features":["default","id","xid"],"filenames":["D:\\myhexin-local\\opencorvus\\packages\\overlay\\src-tauri\\target\\release\\deps\\libunic_ucd_ident-eeee5976a784974c.rlib","D:\\myhexin-local\\opencorvus\\packages\\overlay\\src-tauri\\target\\release\\deps\\libunic_ucd_ident-eeee5976a784974c.rmeta"],"executable":null,"fresh":true}
{"reason":"compiler-artifact","package_id":"registry+https://github.com/rust-lang/crates.io-index#webview2-com-sys@0.38.2","manifest_path":"C:\\Users\\hengu\\.cargo\\registry\\src\\index.crates.io-1949cf8c6b5b557f\\webview2-com-sys-0.38.2\\Cargo.toml","target":{"kind":["lib"],"crate_types":["lib"],"name":"webview2_com_sys","src_path":"C:\\Users\\hengu\\.cargo\\registry\\src\\index.crates.io-1949cf8c6b5b557f\\webview2-com-sys-0.38.2\\src\\lib.rs","edition":"2021","doc":true,"doctest":true,"test":true},"profile":{"opt_level":"s","debuginfo":0,"debug_assertions":false,"overflow_checks":false,"test":false},"features":[],"filenames":["D:\\myhexin-local\\opencorvus\\packages\\overlay\\src-tauri\\target\\release\\deps\\libwebview2_com_sys-c7406b729a8ccd51.rlib","D:\\myhexin-local\\opencorvus\\packages\\overlay\\src-tauri\\target\\release\\deps\\libwebview2_com_sys-c7406b729a8ccd51.rmeta"],"executable":null,"fresh":true}
{"reason":"compiler-artifact","package_id":"registry+https://github.com/rust-lang/crates.io-index#same-file@1.0.6","manifest_path":"C:\\Users\\hengu\\.cargo\\registry\\src\\index.crates.io-1949cf8c6b5b557f\\same-file-1.0.6\\Cargo.toml","target":{"kind":["lib"],"crate_types":["lib"],"name":"same_file","src_path":"C:\\Users\\hengu\\.cargo\\registry\\src\\index.crates.io-1949cf8c6b5b557f\\same-file-1.0.6\\src\\lib.rs","edition":"2018","doc":true,"doctest":true,"test":true},"profile":{"opt_level":"s","debuginfo":0,"debug_assertions":false,"overflow_checks":false,"test":false},"features":[],"filenames":["D:\\myhexin-local\\opencorvus\\packages\\overlay\\src-tauri\\target\\release\\deps\\libsame_file-48d6d937ab3a2991.rlib","D:\\myhexin-local\\opencorvus\\packages\\overlay\\src-tauri\\target\\release\\deps\\libsame_file-48d6d937ab3a2991.rmeta"],"executable":null,"fresh":true}
{"reason":"compiler-artifact","package_id":"registry+https://github.com/rust-lang/crates.io-index#brotli-decompressor@5.0.0","manifest_path":"C:\\Users\\hengu\\.cargo\\registry\\src\\index.crates.io-1949cf8c6b5b557f\\brotli-decompressor-5.0.0\\Cargo.toml","target":{"kind":["lib"],"crate_types":["lib"],"name":"brotli_decompressor","src_path":"C:\\Users\\hengu\\.cargo\\registry\\src\\index.crates.io-1949cf8c6b5b557f\\brotli-decompressor-5.0.0\\src\\lib.rs","edition":"2015","doc":true,"doctest":true,"test":true},"profile":{"opt_level":"s","debuginfo":0,"debug_assertions":false,"overflow_checks":false,"test":false},"features":["alloc-stdlib","std"],"filenames":["D:\\myhexin-local\\opencorvus\\packages\\overlay\\src-tauri\\target\\release\\deps\\libbrotli_decompressor-77fbd6b7db7af5dd.rlib","D:\\myhexin-local\\opencorvus\\packages\\overlay\\src-tauri\\target\\release\\deps\\libbrotli_decompressor-77fbd6b7db7af5dd.rmeta"],"executable":null,"fresh":true}
{"reason":"compiler-artifact","package_id":"registry+https://github.com/rust-lang/crates.io-index#regex@1.12.3","manifest_path":"C:\\Users\\hengu\\.cargo\\registry\\src\\index.crates.io-1949cf8c6b5b557f\\regex-1.12.3\\Cargo.toml","target":{"kind":["lib"],"crate_types":["lib"],"name":"regex","src_path":"C:\\Users\\hengu\\.cargo\\registry\\src\\index.crates.io-1949cf8c6b5b557f\\regex-1.12.3\\src\\lib.rs","edition":"2021","doc":true,"doctest":true,"test":true},"profile":{"opt_level":"s","debuginfo":0,"debug_assertions":false,"overflow_checks":false,"test":false},"features":["default","perf","perf-backtrack","perf-cache","perf-dfa","perf-inline","perf-literal","perf-onepass","std","unicode","unicode-age","unicode-bool","unicode-case","unicode-gencat","unicode-perl","unicode-script","unicode-segment"],"filenames":["D:\\myhexin-local\\opencorvus\\packages\\overlay\\src-tauri\\target\\release\\deps\\libregex-5f3caaedaa169c42.rlib","D:\\myhexin-local\\opencorvus\\packages\\overlay\\src-tauri\\target\\release\\deps\\libregex-5f3caaedaa169c42.rmeta"],"executable":null,"fresh":true}
{"reason":"compiler-artifact","package_id":"registry+https://github.com/rust-lang/crates.io-index#windows-targets@0.52.6","manifest_path":"C:\\Users\\hengu\\.cargo\\registry\\src\\index.crates.io-1949cf8c6b5b557f\\windows-targets-0.52.6\\Cargo.toml","target":{"kind":["lib"],"crate_types":["lib"],"name":"windows_targets","src_path":"C:\\Users\\hengu\\.cargo\\registry\\src\\index.crates.io-1949cf8c6b5b557f\\windows-targets-0.52.6\\src\\lib.rs","edition":"2021","doc":true,"doctest":true,"test":true},"profile":{"opt_level":"s","debuginfo":0,"debug_assertions":false,"overflow_checks":false,"test":false},"features":[],"filenames":["D:\\myhexin-local\\opencorvus\\packages\\overlay\\src-tauri\\target\\release\\deps\\libwindows_targets-3d7ac264bb3137f0.rlib","D:\\myhexin-local\\opencorvus\\packages\\overlay\\src-tauri\\target\\release\\deps\\libwindows_targets-3d7ac264bb3137f0.rmeta"],"executable":null,"fresh":true}
{"reason":"compiler-artifact","package_id":"registry+https://github.com/rust-lang/crates.io-index#jsonptr@0.6.3","manifest_path":"C:\\Users\\hengu\\.cargo\\registry\\src\\index.crates.io-1949cf8c6b5b557f\\jsonptr-0.6.3\\Cargo.toml","target":{"kind":["lib"],"crate_types":["lib"],"name":"jsonptr","src_path":"C:\\Users\\hengu\\.cargo\\registry\\src\\index.crates.io-1949cf8c6b5b557f\\jsonptr-0.6.3\\src\\lib.rs","edition":"2021","doc":true,"doctest":true,"test":true},"profile":{"opt_level":"s","debuginfo":0,"debug_assertions":false,"overflow_checks":false,"test":false},"features":["assign","default","delete","json","resolve","serde","std"],"filenames":["D:\\myhexin-local\\opencorvus\\packages\\overlay\\src-tauri\\target\\release\\deps\\libjsonptr-c253bae61f438f39.rlib","D:\\myhexin-local\\opencorvus\\packages\\overlay\\src-tauri\\target\\release\\deps\\libjsonptr-c253bae61f438f39.rmeta"],"executable":null,"fresh":true}
{"reason":"compiler-artifact","package_id":"registry+https://github.com/rust-lang/crates.io-index#fdeflate@0.3.7","manifest_path":"C:\\Users\\hengu\\.cargo\\registry\\src\\index.crates.io-1949cf8c6b5b557f\\fdeflate-0.3.7\\Cargo.toml","target":{"kind":["lib"],"crate_types":["lib"],"name":"fdeflate","src_path":"C:\\Users\\hengu\\.cargo\\registry\\src\\index.crates.io-1949cf8c6b5b557f\\fdeflate-0.3.7\\src\\lib.rs","edition":"2021","doc":true,"doctest":true,"test":true},"profile":{"opt_level":"0","debuginfo":0,"debug_assertions":false,"overflow_checks":false,"test":false},"features":[],"filenames":["D:\\myhexin-local\\opencorvus\\packages\\overlay\\src-tauri\\target\\release\\deps\\libfdeflate-8fdfed0a67a02f11.rlib","D:\\myhexin-local\\opencorvus\\packages\\overlay\\src-tauri\\target\\release\\deps\\libfdeflate-8fdfed0a67a02f11.rmeta"],"executable":null,"fresh":true}
{"reason":"compiler-artifact","package_id":"registry+https://github.com/rust-lang/crates.io-index#quick-xml@0.38.4","manifest_path":"C:\\Users\\hengu\\.cargo\\registry\\src\\index.crates.io-1949cf8c6b5b557f\\quick-xml-0.38.4\\Cargo.toml","target":{"kind":["lib"],"crate_types":["lib"],"name":"quick_xml","src_path":"C:\\Users\\hengu\\.cargo\\registry\\src\\index.crates.io-1949cf8c6b5b557f\\quick-xml-0.38.4\\src\\lib.rs","edition":"2021","doc":true,"doctest":true,"test":true},"profile":{"opt_level":"s","debuginfo":0,"debug_assertions":false,"overflow_checks":false,"test":false},"features":["default"],"filenames":["D:\\myhexin-local\\opencorvus\\packages\\overlay\\src-tauri\\target\\release\\deps\\libquick_xml-fa0867de216d42c8.rlib","D:\\myhexin-local\\opencorvus\\packages\\overlay\\src-tauri\\target\\release\\deps\\libquick_xml-fa0867de216d42c8.rmeta"],"executable":null,"fresh":true}
{"reason":"build-script-executed","package_id":"registry+https://github.com/rust-lang/crates.io-index#anyhow@1.0.102","linked_libs":[],"linked_paths":[],"cfgs":[],"env":[],"out_dir":"D:\\myhexin-local\\opencorvus\\packages\\overlay\\src-tauri\\target\\release\\build\\anyhow-32b38aa72742a33e\\out"}
{"reason":"compiler-artifact","package_id":"registry+https://github.com/rust-lang/crates.io-index#webview2-com-macros@0.8.1","manifest_path":"C:\\Users\\hengu\\.cargo\\registry\\src\\index.crates.io-1949cf8c6b5b557f\\webview2-com-macros-0.8.1\\Cargo.toml","target":{"kind":["proc-macro"],"crate_types":["proc-macro"],"name":"webview2_com_macros","src_path":"C:\\Users\\hengu\\.cargo\\registry\\src\\index.crates.io-1949cf8c6b5b557f\\webview2-com-macros-0.8.1\\src\\lib.rs","edition":"2021","doc":true,"doctest":true,"test":true},"profile":{"opt_level":"0","debuginfo":0,"debug_assertions":false,"overflow_checks":false,"test":false},"features":[],"filenames":["D:\\myhexin-local\\opencorvus\\packages\\overlay\\src-tauri\\target\\release\\deps\\webview2_com_macros-1df88aa6832b3cb3.dll","D:\\myhexin-local\\opencorvus\\packages\\overlay\\src-tauri\\target\\release\\deps\\webview2_com_macros-1df88aa6832b3cb3.dll.lib","D:\\myhexin-local\\opencorvus\\packages\\overlay\\src-tauri\\target\\release\\deps\\webview2_com_macros-1df88aa6832b3cb3.dll.exp","D:\\myhexin-local\\opencorvus\\packages\\overlay\\src-tauri\\target\\release\\deps\\webview2_com_macros-1df88aa6832b3cb3.pdb"],"executable":null,"fresh":true}
{"reason":"compiler-artifact","package_id":"registry+https://github.com/rust-lang/crates.io-index#toml_datetime@0.7.5+spec-1.1.0","manifest_path":"C:\\Users\\hengu\\.cargo\\registry\\src\\index.crates.io-1949cf8c6b5b557f\\toml_datetime-0.7.5+spec-1.1.0\\Cargo.toml","target":{"kind":["lib"],"crate_types":["lib"],"name":"toml_datetime","src_path":"C:\\Users\\hengu\\.cargo\\registry\\src\\index.crates.io-1949cf8c6b5b557f\\toml_datetime-0.7.5+spec-1.1.0\\src\\lib.rs","edition":"2021","doc":true,"doctest":true,"test":true},"profile":{"opt_level":"s","debuginfo":0,"debug_assertions":false,"overflow_checks":false,"test":false},"features":["alloc","serde","std"],"filenames":["D:\\myhexin-local\\opencorvus\\packages\\overlay\\src-tauri\\target\\release\\deps\\libtoml_datetime-8eb423e2e699977b.rlib","D:\\myhexin-local\\opencorvus\\packages\\overlay\\src-tauri\\target\\release\\deps\\libtoml_datetime-8eb423e2e699977b.rmeta"],"executable":null,"fresh":true}
{"reason":"compiler-artifact","package_id":"registry+https://github.com/rust-lang/crates.io-index#serde_spanned@1.0.4","manifest_path":"C:\\Users\\hengu\\.cargo\\registry\\src\\index.crates.io-1949cf8c6b5b557f\\serde_spanned-1.0.4\\Cargo.toml","target":{"kind":["lib"],"crate_types":["lib"],"name":"serde_spanned","src_path":"C:\\Users\\hengu\\.cargo\\registry\\src\\index.crates.io-1949cf8c6b5b557f\\serde_spanned-1.0.4\\src\\lib.rs","edition":"2021","doc":true,"doctest":true,"test":true},"profile":{"opt_level":"s","debuginfo":0,"debug_assertions":false,"overflow_checks":false,"test":false},"features":["alloc","serde","std"],"filenames":["D:\\myhexin-local\\opencorvus\\packages\\overlay\\src-tauri\\target\\release\\deps\\libserde_spanned-de1b22317feed081.rlib","D:\\myhexin-local\\opencorvus\\packages\\overlay\\src-tauri\\target\\release\\deps\\libserde_spanned-de1b22317feed081.rmeta"],"executable":null,"fresh":true}
{"reason":"build-script-executed","package_id":"registry+https://github.com/rust-lang/crates.io-index#parking_lot_core@0.9.12","linked_libs":[],"linked_paths":[],"cfgs":[],"env":[],"out_dir":"D:\\myhexin-local\\opencorvus\\packages\\overlay\\src-tauri\\target\\release\\build\\parking_lot_core-ad63bb6f601cbb57\\out"}
{"reason":"compiler-artifact","package_id":"registry+https://github.com/rust-lang/crates.io-index#toml_writer@1.0.6+spec-1.1.0","manifest_path":"C:\\Users\\hengu\\.cargo\\registry\\src\\index.crates.io-1949cf8c6b5b557f\\toml_writer-1.0.6+spec-1.1.0\\Cargo.toml","target":{"kind":["lib"],"crate_types":["lib"],"name":"toml_writer","src_path":"C:\\Users\\hengu\\.cargo\\registry\\src\\index.crates.io-1949cf8c6b5b557f\\toml_writer-1.0.6+spec-1.1.0\\src\\lib.rs","edition":"2021","doc":true,"doctest":true,"test":true},"profile":{"opt_level":"s","debuginfo":0,"debug_assertions":false,"overflow_checks":false,"test":false},"features":["alloc","std"],"filenames":["D:\\myhexin-local\\opencorvus\\packages\\overlay\\src-tauri\\target\\release\\deps\\libtoml_writer-9aef85024cd1a18e.rlib","D:\\myhexin-local\\opencorvus\\packages\\overlay\\src-tauri\\target\\release\\deps\\libtoml_writer-9aef85024cd1a18e.rmeta"],"executable":null,"fresh":true}
{"reason":"compiler-artifact","package_id":"registry+https://github.com/rust-lang/crates.io-index#toml@0.9.12+spec-1.1.0","manifest_path":"C:\\Users\\hengu\\.cargo\\registry\\src\\index.crates.io-1949cf8c6b5b557f\\toml-0.9.12+spec-1.1.0\\Cargo.toml","target":{"kind":["lib"],"crate_types":["lib"],"name":"toml","src_path":"C:\\Users\\hengu\\.cargo\\registry\\src\\index.crates.io-1949cf8c6b5b557f\\toml-0.9.12+spec-1.1.0\\src\\lib.rs","edition":"2021","doc":true,"doctest":true,"test":true},"profile":{"opt_level":"s","debuginfo":0,"debug_assertions":false,"overflow_checks":false,"test":false},"features":["default","display","parse","serde","std"],"filenames":["D:\\myhexin-local\\opencorvus\\packages\\overlay\\src-tauri\\target\\release\\deps\\libtoml-3754337130e3ad9e.rlib","D:\\myhexin-local\\opencorvus\\packages\\overlay\\src-tauri\\target\\release\\deps\\libtoml-3754337130e3ad9e.rmeta"],"executable":null,"fresh":true}
{"reason":"compiler-artifact","package_id":"registry+https://github.com/rust-lang/crates.io-index#parking_lot_core@0.9.12","manifest_path":"C:\\Users\\hengu\\.cargo\\registry\\src\\index.crates.io-1949cf8c6b5b557f\\parking_lot_core-0.9.12\\Cargo.toml","target":{"kind":["lib"],"crate_types":["lib"],"name":"parking_lot_core","src_path":"C:\\Users\\hengu\\.cargo\\registry\\src\\index.crates.io-1949cf8c6b5b557f\\parking_lot_core-0.9.12\\src\\lib.rs","edition":"2021","doc":true,"doctest":true,"test":true},"profile":{"opt_level":"s","debuginfo":0,"debug_assertions":false,"overflow_checks":false,"test":false},"features":[],"filenames":["D:\\myhexin-local\\opencorvus\\packages\\overlay\\src-tauri\\target\\release\\deps\\libparking_lot_core-65d281bf902f9ae5.rlib","D:\\myhexin-local\\opencorvus\\packages\\overlay\\src-tauri\\target\\release\\deps\\libparking_lot_core-65d281bf902f9ae5.rmeta"],"executable":null,"fresh":true}
{"reason":"compiler-artifact","package_id":"registry+https://github.com/rust-lang/crates.io-index#png@0.17.16","manifest_path":"C:\\Users\\hengu\\.cargo\\registry\\src\\index.crates.io-1949cf8c6b5b557f\\png-0.17.16\\Cargo.toml","target":{"kind":["lib"],"crate_types":["lib"],"name":"png","src_path":"C:\\Users\\hengu\\.cargo\\registry\\src\\index.crates.io-1949cf8c6b5b557f\\png-0.17.16\\src\\lib.rs","edition":"2018","doc":true,"doctest":true,"test":true},"profile":{"opt_level":"0","debuginfo":0,"debug_assertions":false,"overflow_checks":false,"test":false},"features":[],"filenames":["D:\\myhexin-local\\opencorvus\\packages\\overlay\\src-tauri\\target\\release\\deps\\libpng-eb81e92bbfaa4fea.rlib","D:\\myhexin-local\\opencorvus\\packages\\overlay\\src-tauri\\target\\release\\deps\\libpng-eb81e92bbfaa4fea.rmeta"],"executable":null,"fresh":true}
{"reason":"compiler-artifact","package_id":"registry+https://github.com/rust-lang/crates.io-index#webview2-com@0.38.2","manifest_path":"C:\\Users\\hengu\\.cargo\\registry\\src\\index.crates.io-1949cf8c6b5b557f\\webview2-com-0.38.2\\Cargo.toml","target":{"kind":["lib"],"crate_types":["lib"],"name":"webview2_com","src_path":"C:\\Users\\hengu\\.cargo\\registry\\src\\index.crates.io-1949cf8c6b5b557f\\webview2-com-0.38.2\\src\\lib.rs","edition":"2021","doc":true,"doctest":true,"test":true},"profile":{"opt_level":"s","debuginfo":0,"debug_assertions":false,"overflow_checks":false,"test":false},"features":[],"filenames":["D:\\myhexin-local\\opencorvus\\packages\\overlay\\src-tauri\\target\\release\\deps\\libwebview2_com-66679eac6e87899b.rlib","D:\\myhexin-local\\opencorvus\\packages\\overlay\\src-tauri\\target\\release\\deps\\libwebview2_com-66679eac6e87899b.rmeta"],"executable":null,"fresh":true}
{"reason":"compiler-artifact","package_id":"registry+https://github.com/rust-lang/crates.io-index#json-patch@3.0.1","manifest_path":"C:\\Users\\hengu\\.cargo\\registry\\src\\index.crates.io-1949cf8c6b5b557f\\json-patch-3.0.1\\Cargo.toml","target":{"kind":["lib"],"crate_types":["lib"],"name":"json_patch","src_path":"C:\\Users\\hengu\\.cargo\\registry\\src\\index.crates.io-1949cf8c6b5b557f\\json-patch-3.0.1\\src\\lib.rs","edition":"2021","doc":true,"doctest":true,"test":true},"profile":{"opt_level":"s","debuginfo":0,"debug_assertions":false,"overflow_checks":false,"test":false},"features":["default","diff"],"filenames":["D:\\myhexin-local\\opencorvus\\packages\\overlay\\src-tauri\\target\\release\\deps\\libjson_patch-df9571bbe5bb6c5a.rlib","D:\\myhexin-local\\opencorvus\\packages\\overlay\\src-tauri\\target\\release\\deps\\libjson_patch-df9571bbe5bb6c5a.rmeta"],"executable":null,"fresh":true}
{"reason":"compiler-artifact","package_id":"registry+https://github.com/rust-lang/crates.io-index#plist@1.8.0","manifest_path":"C:\\Users\\hengu\\.cargo\\registry\\src\\index.crates.io-1949cf8c6b5b557f\\plist-1.8.0\\Cargo.toml","target":{"kind":["lib"],"crate_types":["lib"],"name":"plist","src_path":"C:\\Users\\hengu\\.cargo\\registry\\src\\index.crates.io-1949cf8c6b5b557f\\plist-1.8.0\\src\\lib.rs","edition":"2021","doc":true,"doctest":true,"test":true},"profile":{"opt_level":"s","debuginfo":0,"debug_assertions":false,"overflow_checks":false,"test":false},"features":["default","serde"],"filenames":["D:\\myhexin-local\\opencorvus\\packages\\overlay\\src-tauri\\target\\release\\deps\\libplist-3d17d7c0a2acf213.rlib","D:\\myhexin-local\\opencorvus\\packages\\overlay\\src-tauri\\target\\release\\deps\\libplist-3d17d7c0a2acf213.rmeta"],"executable":null,"fresh":true}
{"reason":"compiler-artifact","package_id":"registry+https://github.com/rust-lang/crates.io-index#anyhow@1.0.102","manifest_path":"C:\\Users\\hengu\\.cargo\\registry\\src\\index.crates.io-1949cf8c6b5b557f\\anyhow-1.0.102\\Cargo.toml","target":{"kind":["lib"],"crate_types":["lib"],"name":"anyhow","src_path":"C:\\Users\\hengu\\.cargo\\registry\\src\\index.crates.io-1949cf8c6b5b557f\\anyhow-1.0.102\\src\\lib.rs","edition":"2021","doc":true,"doctest":true,"test":true},"profile":{"opt_level":"s","debuginfo":0,"debug_assertions":false,"overflow_checks":false,"test":false},"features":["default","std"],"filenames":["D:\\myhexin-local\\opencorvus\\packages\\overlay\\src-tauri\\target\\release\\deps\\libanyhow-58455abe35999b7c.rlib","D:\\myhexin-local\\opencorvus\\packages\\overlay\\src-tauri\\target\\release\\deps\\libanyhow-58455abe35999b7c.rmeta"],"executable":null,"fresh":true}
{"reason":"compiler-artifact","package_id":"registry+https://github.com/rust-lang/crates.io-index#windows-sys@0.59.0","manifest_path":"C:\\Users\\hengu\\.cargo\\registry\\src\\index.crates.io-1949cf8c6b5b557f\\windows-sys-0.59.0\\Cargo.toml","target":{"kind":["lib"],"crate_types":["lib"],"name":"windows_sys","src_path":"C:\\Users\\hengu\\.cargo\\registry\\src\\index.crates.io-1949cf8c6b5b557f\\windows-sys-0.59.0\\src\\lib.rs","edition":"2021","doc":true,"doctest":false,"test":false},"profile":{"opt_level":"s","debuginfo":0,"debug_assertions":false,"overflow_checks":false,"test":false},"features":["Win32","Win32_Foundation","Win32_Graphics","Win32_Graphics_Dwm","Win32_Graphics_Gdi","Win32_Security","Win32_Storage","Win32_Storage_FileSystem","Win32_System","Win32_System_Diagnostics","Win32_System_Diagnostics_Debug","Win32_System_LibraryLoader","Win32_System_Registry","Win32_System_SystemInformation","Win32_System_Time","Win32_UI","Win32_UI_WindowsAndMessaging","default"],"filenames":["D:\\myhexin-local\\opencorvus\\packages\\overlay\\src-tauri\\target\\release\\deps\\libwindows_sys-78e438424dcdd26a.rlib","D:\\myhexin-local\\opencorvus\\packages\\overlay\\src-tauri\\target\\release\\deps\\libwindows_sys-78e438424dcdd26a.rmeta"],"executable":null,"fresh":true}
{"reason":"compiler-artifact","package_id":"registry+https://github.com/rust-lang/crates.io-index#urlpattern@0.3.0","manifest_path":"C:\\Users\\hengu\\.cargo\\registry\\src\\index.crates.io-1949cf8c6b5b557f\\urlpattern-0.3.0\\Cargo.toml","target":{"kind":["lib"],"crate_types":["lib"],"name":"urlpattern","src_path":"C:\\Users\\hengu\\.cargo\\registry\\src\\index.crates.io-1949cf8c6b5b557f\\urlpattern-0.3.0\\src\\lib.rs","edition":"2021","doc":true,"doctest":true,"test":true},"profile":{"opt_level":"s","debuginfo":0,"debug_assertions":false,"overflow_checks":false,"test":false},"features":[],"filenames":["D:\\myhexin-local\\opencorvus\\packages\\overlay\\src-tauri\\target\\release\\deps\\liburlpattern-cf0105c287ea2037.rlib","D:\\myhexin-local\\opencorvus\\packages\\overlay\\src-tauri\\target\\release\\deps\\liburlpattern-cf0105c287ea2037.rmeta"],"executable":null,"fresh":true}
{"reason":"compiler-artifact","package_id":"registry+https://github.com/rust-lang/crates.io-index#brotli@8.0.2","manifest_path":"C:\\Users\\hengu\\.cargo\\registry\\src\\index.crates.io-1949cf8c6b5b557f\\brotli-8.0.2\\Cargo.toml","target":{"kind":["lib"],"crate_types":["lib"],"name":"brotli","src_path":"C:\\Users\\hengu\\.cargo\\registry\\src\\index.crates.io-1949cf8c6b5b557f\\brotli-8.0.2\\src\\lib.rs","edition":"2015","doc":true,"doctest":true,"test":true},"profile":{"opt_level":"s","debuginfo":0,"debug_assertions":false,"overflow_checks":false,"test":false},"features":["alloc-stdlib","std"],"filenames":["D:\\myhexin-local\\opencorvus\\packages\\overlay\\src-tauri\\target\\release\\deps\\libbrotli-40ac0087fc445aca.rlib","D:\\myhexin-local\\opencorvus\\packages\\overlay\\src-tauri\\target\\release\\deps\\libbrotli-40ac0087fc445aca.rmeta"],"executable":null,"fresh":true}
{"reason":"compiler-artifact","package_id":"registry+https://github.com/rust-lang/crates.io-index#cookie@0.18.1","manifest_path":"C:\\Users\\hengu\\.cargo\\registry\\src\\index.crates.io-1949cf8c6b5b557f\\cookie-0.18.1\\Cargo.toml","target":{"kind":["lib"],"crate_types":["lib"],"name":"cookie","src_path":"C:\\Users\\hengu\\.cargo\\registry\\src\\index.crates.io-1949cf8c6b5b557f\\cookie-0.18.1\\src\\lib.rs","edition":"2018","doc":true,"doctest":true,"test":true},"profile":{"opt_level":"s","debuginfo":0,"debug_assertions":false,"overflow_checks":false,"test":false},"features":[],"filenames":["D:\\myhexin-local\\opencorvus\\packages\\overlay\\src-tauri\\target\\release\\deps\\libcookie-f5c86ab0812f5b49.rlib","D:\\myhexin-local\\opencorvus\\packages\\overlay\\src-tauri\\target\\release\\deps\\libcookie-f5c86ab0812f5b49.rmeta"],"executable":null,"fresh":true}
{"reason":"compiler-artifact","package_id":"registry+https://github.com/rust-lang/crates.io-index#walkdir@2.5.0","manifest_path":"C:\\Users\\hengu\\.cargo\\registry\\src\\index.crates.io-1949cf8c6b5b557f\\walkdir-2.5.0\\Cargo.toml","target":{"kind":["lib"],"crate_types":["lib"],"name":"walkdir","src_path":"C:\\Users\\hengu\\.cargo\\registry\\src\\index.crates.io-1949cf8c6b5b557f\\walkdir-2.5.0\\src\\lib.rs","edition":"2018","doc":true,"doctest":true,"test":true},"profile":{"opt_level":"s","debuginfo":0,"debug_assertions":false,"overflow_checks":false,"test":false},"features":[],"filenames":["D:\\myhexin-local\\opencorvus\\packages\\overlay\\src-tauri\\target\\release\\deps\\libwalkdir-edf6038576884a7e.rlib","D:\\myhexin-local\\opencorvus\\packages\\overlay\\src-tauri\\target\\release\\deps\\libwalkdir-edf6038576884a7e.rmeta"],"executable":null,"fresh":true}
{"reason":"compiler-artifact","package_id":"registry+https://github.com/rust-lang/crates.io-index#infer@0.19.0","manifest_path":"C:\\Users\\hengu\\.cargo\\registry\\src\\index.crates.io-1949cf8c6b5b557f\\infer-0.19.0\\Cargo.toml","target":{"kind":["lib"],"crate_types":["lib"],"name":"infer","src_path":"C:\\Users\\hengu\\.cargo\\registry\\src\\index.crates.io-1949cf8c6b5b557f\\infer-0.19.0\\src\\lib.rs","edition":"2018","doc":true,"doctest":true,"test":true},"profile":{"opt_level":"s","debuginfo":0,"debug_assertions":false,"overflow_checks":false,"test":false},"features":["alloc","cfb","default","std"],"filenames":["D:\\myhexin-local\\opencorvus\\packages\\overlay\\src-tauri\\target\\release\\deps\\libinfer-ee7b90e5ac257148.rlib","D:\\myhexin-local\\opencorvus\\packages\\overlay\\src-tauri\\target\\release\\deps\\libinfer-ee7b90e5ac257148.rmeta"],"executable":null,"fresh":true}
{"reason":"compiler-artifact","package_id":"registry+https://github.com/rust-lang/crates.io-index#serde-untagged@0.1.9","manifest_path":"C:\\Users\\hengu\\.cargo\\registry\\src\\index.crates.io-1949cf8c6b5b557f\\serde-untagged-0.1.9\\Cargo.toml","target":{"kind":["lib"],"crate_types":["lib"],"name":"serde_untagged","src_path":"C:\\Users\\hengu\\.cargo\\registry\\src\\index.crates.io-1949cf8c6b5b557f\\serde-untagged-0.1.9\\src\\lib.rs","edition":"2021","doc":true,"doctest":true,"test":true},"profile":{"opt_level":"s","debuginfo":0,"debug_assertions":false,"overflow_checks":false,"test":false},"features":[],"filenames":["D:\\myhexin-local\\opencorvus\\packages\\overlay\\src-tauri\\target\\release\\deps\\libserde_untagged-44255a64d21b2f67.rlib","D:\\myhexin-local\\opencorvus\\packages\\overlay\\src-tauri\\target\\release\\deps\\libserde_untagged-44255a64d21b2f67.rmeta"],"executable":null,"fresh":true}
{"reason":"compiler-artifact","package_id":"registry+https://github.com/rust-lang/crates.io-index#getrandom@0.3.4","manifest_path":"C:\\Users\\hengu\\.cargo\\registry\\src\\index.crates.io-1949cf8c6b5b557f\\getrandom-0.3.4\\Cargo.toml","target":{"kind":["lib"],"crate_types":["lib"],"name":"getrandom","src_path":"C:\\Users\\hengu\\.cargo\\registry\\src\\index.crates.io-1949cf8c6b5b557f\\getrandom-0.3.4\\src\\lib.rs","edition":"2021","doc":true,"doctest":true,"test":true},"profile":{"opt_level":"s","debuginfo":0,"debug_assertions":false,"overflow_checks":false,"test":false},"features":["std"],"filenames":["D:\\myhexin-local\\opencorvus\\packages\\overlay\\src-tauri\\target\\release\\deps\\libgetrandom-1db55228a3872224.rlib","D:\\myhexin-local\\opencorvus\\packages\\overlay\\src-tauri\\target\\release\\deps\\libgetrandom-1db55228a3872224.rmeta"],"executable":null,"fresh":true}
{"reason":"compiler-artifact","package_id":"registry+https://github.com/rust-lang/crates.io-index#phf@0.13.1","manifest_path":"C:\\Users\\hengu\\.cargo\\registry\\src\\index.crates.io-1949cf8c6b5b557f\\phf-0.13.1\\Cargo.toml","target":{"kind":["lib"],"crate_types":["lib"],"name":"phf","src_path":"C:\\Users\\hengu\\.cargo\\registry\\src\\index.crates.io-1949cf8c6b5b557f\\phf-0.13.1\\src\\lib.rs","edition":"2021","doc":true,"doctest":true,"test":false},"profile":{"opt_level":"s","debuginfo":0,"debug_assertions":false,"overflow_checks":false,"test":false},"features":["default","macros","phf_macros","std"],"filenames":["D:\\myhexin-local\\opencorvus\\packages\\overlay\\src-tauri\\target\\release\\deps\\libphf-2873382f1d4d2807.rlib","D:\\myhexin-local\\opencorvus\\packages\\overlay\\src-tauri\\target\\release\\deps\\libphf-2873382f1d4d2807.rmeta"],"executable":null,"fresh":true}
{"reason":"compiler-artifact","package_id":"registry+https://github.com/rust-lang/crates.io-index#lock_api@0.4.14","manifest_path":"C:\\Users\\hengu\\.cargo\\registry\\src\\index.crates.io-1949cf8c6b5b557f\\lock_api-0.4.14\\Cargo.toml","target":{"kind":["lib"],"crate_types":["lib"],"name":"lock_api","src_path":"C:\\Users\\hengu\\.cargo\\registry\\src\\index.crates.io-1949cf8c6b5b557f\\lock_api-0.4.14\\src\\lib.rs","edition":"2021","doc":true,"doctest":true,"test":true},"profile":{"opt_level":"s","debuginfo":0,"debug_assertions":false,"overflow_checks":false,"test":false},"features":["atomic_usize","default"],"filenames":["D:\\myhexin-local\\opencorvus\\packages\\overlay\\src-tauri\\target\\release\\deps\\liblock_api-c2b6ddacfd115500.rlib","D:\\myhexin-local\\opencorvus\\packages\\overlay\\src-tauri\\target\\release\\deps\\liblock_api-c2b6ddacfd115500.rmeta"],"executable":null,"fresh":true}
{"reason":"compiler-artifact","package_id":"registry+https://github.com/rust-lang/crates.io-index#ctor@0.8.0","manifest_path":"C:\\Users\\hengu\\.cargo\\registry\\src\\index.crates.io-1949cf8c6b5b557f\\ctor-0.8.0\\Cargo.toml","target":{"kind":["lib"],"crate_types":["lib"],"name":"ctor","src_path":"C:\\Users\\hengu\\.cargo\\registry\\src\\index.crates.io-1949cf8c6b5b557f\\ctor-0.8.0\\src\\lib.rs","edition":"2021","doc":true,"doctest":true,"test":true},"profile":{"opt_level":"s","debuginfo":0,"debug_assertions":false,"overflow_checks":false,"test":false},"features":["proc_macro","std"],"filenames":["D:\\myhexin-local\\opencorvus\\packages\\overlay\\src-tauri\\target\\release\\deps\\libctor-f583689211aaa18c.rlib","D:\\myhexin-local\\opencorvus\\packages\\overlay\\src-tauri\\target\\release\\deps\\libctor-f583689211aaa18c.rmeta"],"executable":null,"fresh":true}
{"reason":"compiler-artifact","package_id":"registry+https://github.com/rust-lang/crates.io-index#semver@1.0.27","manifest_path":"C:\\Users\\hengu\\.cargo\\registry\\src\\index.crates.io-1949cf8c6b5b557f\\semver-1.0.27\\Cargo.toml","target":{"kind":["lib"],"crate_types":["lib"],"name":"semver","src_path":"C:\\Users\\hengu\\.cargo\\registry\\src\\index.crates.io-1949cf8c6b5b557f\\semver-1.0.27\\src\\lib.rs","edition":"2018","doc":true,"doctest":true,"test":true},"profile":{"opt_level":"s","debuginfo":0,"debug_assertions":false,"overflow_checks":false,"test":false},"features":["default","serde","std"],"filenames":["D:\\myhexin-local\\opencorvus\\packages\\overlay\\src-tauri\\target\\release\\deps\\libsemver-7163f877196b5543.rlib","D:\\myhexin-local\\opencorvus\\packages\\overlay\\src-tauri\\target\\release\\deps\\libsemver-7163f877196b5543.rmeta"],"executable":null,"fresh":true}
{"reason":"compiler-artifact","package_id":"registry+https://github.com/rust-lang/crates.io-index#wry@0.55.1","manifest_path":"C:\\Users\\hengu\\.cargo\\registry\\src\\index.crates.io-1949cf8c6b5b557f\\wry-0.55.1\\Cargo.toml","target":{"kind":["custom-build"],"crate_types":["bin"],"name":"build-script-build","src_path":"C:\\Users\\hengu\\.cargo\\registry\\src\\index.crates.io-1949cf8c6b5b557f\\wry-0.55.1\\build.rs","edition":"2021","doc":false,"doctest":false,"test":false},"profile":{"opt_level":"0","debuginfo":0,"debug_assertions":false,"overflow_checks":false,"test":false},"features":["devtools","gdkx11","javascriptcore-rs","linux-body","os-webview","protocol","soup3","webkit2gtk","webkit2gtk-sys","x11","x11-dl"],"filenames":["D:\\myhexin-local\\opencorvus\\packages\\overlay\\src-tauri\\target\\release\\build\\wry-bb0517499ff980b3\\build-script-build.exe","D:\\myhexin-local\\opencorvus\\packages\\overlay\\src-tauri\\target\\release\\build\\wry-bb0517499ff980b3\\build_script_build.pdb"],"executable":null,"fresh":true}
{"reason":"compiler-artifact","package_id":"registry+https://github.com/rust-lang/crates.io-index#tauri-runtime@2.11.1","manifest_path":"C:\\Users\\hengu\\.cargo\\registry\\src\\index.crates.io-1949cf8c6b5b557f\\tauri-runtime-2.11.1\\Cargo.toml","target":{"kind":["custom-build"],"crate_types":["bin"],"name":"build-script-build","src_path":"C:\\Users\\hengu\\.cargo\\registry\\src\\index.crates.io-1949cf8c6b5b557f\\tauri-runtime-2.11.1\\build.rs","edition":"2021","doc":false,"doctest":false,"test":false},"profile":{"opt_level":"0","debuginfo":0,"debug_assertions":false,"overflow_checks":false,"test":false},"features":["devtools"],"filenames":["D:\\myhexin-local\\opencorvus\\packages\\overlay\\src-tauri\\target\\release\\build\\tauri-runtime-597fa93958b8623f\\build-script-build.exe","D:\\myhexin-local\\opencorvus\\packages\\overlay\\src-tauri\\target\\release\\build\\tauri-runtime-597fa93958b8623f\\build_script_build.pdb"],"executable":null,"fresh":true}
{"reason":"compiler-artifact","package_id":"registry+https://github.com/rust-lang/crates.io-index#glob@0.3.3","manifest_path":"C:\\Users\\hengu\\.cargo\\registry\\src\\index.crates.io-1949cf8c6b5b557f\\glob-0.3.3\\Cargo.toml","target":{"kind":["lib"],"crate_types":["lib"],"name":"glob","src_path":"C:\\Users\\hengu\\.cargo\\registry\\src\\index.crates.io-1949cf8c6b5b557f\\glob-0.3.3\\src\\lib.rs","edition":"2015","doc":true,"doctest":true,"test":true},"profile":{"opt_level":"s","debuginfo":0,"debug_assertions":false,"overflow_checks":false,"test":false},"features":[],"filenames":["D:\\myhexin-local\\opencorvus\\packages\\overlay\\src-tauri\\target\\release\\deps\\libglob-ed6cfe87a073c026.rlib","D:\\myhexin-local\\opencorvus\\packages\\overlay\\src-tauri\\target\\release\\deps\\libglob-ed6cfe87a073c026.rmeta"],"executable":null,"fresh":true}
{"reason":"compiler-artifact","package_id":"registry+https://github.com/rust-lang/crates.io-index#parking_lot@0.12.5","manifest_path":"C:\\Users\\hengu\\.cargo\\registry\\src\\index.crates.io-1949cf8c6b5b557f\\parking_lot-0.12.5\\Cargo.toml","target":{"kind":["lib"],"crate_types":["lib"],"name":"parking_lot","src_path":"C:\\Users\\hengu\\.cargo\\registry\\src\\index.crates.io-1949cf8c6b5b557f\\parking_lot-0.12.5\\src\\lib.rs","edition":"2021","doc":true,"doctest":true,"test":true},"profile":{"opt_level":"s","debuginfo":0,"debug_assertions":false,"overflow_checks":false,"test":false},"features":["default"],"filenames":["D:\\myhexin-local\\opencorvus\\packages\\overlay\\src-tauri\\target\\release\\deps\\libparking_lot-9b7ec2d580dbc7f6.rlib","D:\\myhexin-local\\opencorvus\\packages\\overlay\\src-tauri\\target\\release\\deps\\libparking_lot-9b7ec2d580dbc7f6.rmeta"],"executable":null,"fresh":true}
{"reason":"compiler-artifact","package_id":"registry+https://github.com/rust-lang/crates.io-index#ico@0.5.0","manifest_path":"C:\\Users\\hengu\\.cargo\\registry\\src\\index.crates.io-1949cf8c6b5b557f\\ico-0.5.0\\Cargo.toml","target":{"kind":["lib"],"crate_types":["lib"],"name":"ico","src_path":"C:\\Users\\hengu\\.cargo\\registry\\src\\index.crates.io-1949cf8c6b5b557f\\ico-0.5.0\\src\\lib.rs","edition":"2021","doc":true,"doctest":true,"test":true},"profile":{"opt_level":"0","debuginfo":0,"debug_assertions":false,"overflow_checks":false,"test":false},"features":[],"filenames":["D:\\myhexin-local\\opencorvus\\packages\\overlay\\src-tauri\\target\\release\\deps\\libico-ed60da85cdf88252.rlib","D:\\myhexin-local\\opencorvus\\packages\\overlay\\src-tauri\\target\\release\\deps\\libico-ed60da85cdf88252.rmeta"],"executable":null,"fresh":true}
{"reason":"compiler-artifact","package_id":"registry+https://github.com/rust-lang/crates.io-index#keyboard-types@0.7.0","manifest_path":"C:\\Users\\hengu\\.cargo\\registry\\src\\index.crates.io-1949cf8c6b5b557f\\keyboard-types-0.7.0\\Cargo.toml","target":{"kind":["lib"],"crate_types":["lib"],"name":"keyboard_types","src_path":"C:\\Users\\hengu\\.cargo\\registry\\src\\index.crates.io-1949cf8c6b5b557f\\keyboard-types-0.7.0\\src\\lib.rs","edition":"2021","doc":true,"doctest":true,"test":true},"profile":{"opt_level":"s","debuginfo":0,"debug_assertions":false,"overflow_checks":false,"test":false},"features":["default","serde","unicode-segmentation","webdriver"],"filenames":["D:\\myhexin-local\\opencorvus\\packages\\overlay\\src-tauri\\target\\release\\deps\\libkeyboard_types-a5ccfca82bee2910.rlib","D:\\myhexin-local\\opencorvus\\packages\\overlay\\src-tauri\\target\\release\\deps\\libkeyboard_types-a5ccfca82bee2910.rmeta"],"executable":null,"fresh":true}
{"reason":"compiler-artifact","package_id":"registry+https://github.com/rust-lang/crates.io-index#option-ext@0.2.0","manifest_path":"C:\\Users\\hengu\\.cargo\\registry\\src\\index.crates.io-1949cf8c6b5b557f\\option-ext-0.2.0\\Cargo.toml","target":{"kind":["lib"],"crate_types":["lib"],"name":"option_ext","src_path":"C:\\Users\\hengu\\.cargo\\registry\\src\\index.crates.io-1949cf8c6b5b557f\\option-ext-0.2.0\\src\\lib.rs","edition":"2015","doc":true,"doctest":true,"test":true},"profile":{"opt_level":"s","debuginfo":0,"debug_assertions":false,"overflow_checks":false,"test":false},"features":[],"filenames":["D:\\myhexin-local\\opencorvus\\packages\\overlay\\src-tauri\\target\\release\\deps\\liboption_ext-1f35db3c32fcf58b.rlib","D:\\myhexin-local\\opencorvus\\packages\\overlay\\src-tauri\\target\\release\\deps\\liboption_ext-1f35db3c32fcf58b.rmeta"],"executable":null,"fresh":true}
{"reason":"compiler-artifact","package_id":"registry+https://github.com/rust-lang/crates.io-index#tauri-runtime-wry@2.11.1","manifest_path":"C:\\Users\\hengu\\.cargo\\registry\\src\\index.crates.io-1949cf8c6b5b557f\\tauri-runtime-wry-2.11.1\\Cargo.toml","target":{"kind":["custom-build"],"crate_types":["bin"],"name":"build-script-build","src_path":"C:\\Users\\hengu\\.cargo\\registry\\src\\index.crates.io-1949cf8c6b5b557f\\tauri-runtime-wry-2.11.1\\build.rs","edition":"2021","doc":false,"doctest":false,"test":false},"profile":{"opt_level":"0","debuginfo":0,"debug_assertions":false,"overflow_checks":false,"test":false},"features":["common-controls-v6","dbus","devtools","unstable","x11"],"filenames":["D:\\myhexin-local\\opencorvus\\packages\\overlay\\src-tauri\\target\\release\\build\\tauri-runtime-wry-00e6e807eb0980af\\build-script-build.exe","D:\\myhexin-local\\opencorvus\\packages\\overlay\\src-tauri\\target\\release\\build\\tauri-runtime-wry-00e6e807eb0980af\\build_script_build.pdb"],"executable":null,"fresh":true}
{"reason":"build-script-executed","package_id":"registry+https://github.com/rust-lang/crates.io-index#wry@0.55.1","linked_libs":[],"linked_paths":[],"cfgs":[],"env":[],"out_dir":"D:\\myhexin-local\\opencorvus\\packages\\overlay\\src-tauri\\target\\release\\build\\wry-4264d5537df96a84\\out"}
{"reason":"build-script-executed","package_id":"registry+https://github.com/rust-lang/crates.io-index#tauri-runtime@2.11.1","linked_libs":[],"linked_paths":[],"cfgs":["desktop"],"env":[],"out_dir":"D:\\myhexin-local\\opencorvus\\packages\\overlay\\src-tauri\\target\\release\\build\\tauri-runtime-80009e03609608af\\out"}
{"reason":"compiler-artifact","package_id":"registry+https://github.com/rust-lang/crates.io-index#dirs-sys@0.5.0","manifest_path":"C:\\Users\\hengu\\.cargo\\registry\\src\\index.crates.io-1949cf8c6b5b557f\\dirs-sys-0.5.0\\Cargo.toml","target":{"kind":["lib"],"crate_types":["lib"],"name":"dirs_sys","src_path":"C:\\Users\\hengu\\.cargo\\registry\\src\\index.crates.io-1949cf8c6b5b557f\\dirs-sys-0.5.0\\src\\lib.rs","edition":"2015","doc":true,"doctest":true,"test":true},"profile":{"opt_level":"s","debuginfo":0,"debug_assertions":false,"overflow_checks":false,"test":false},"features":[],"filenames":["D:\\myhexin-local\\opencorvus\\packages\\overlay\\src-tauri\\target\\release\\deps\\libdirs_sys-07947c7b794236ed.rlib","D:\\myhexin-local\\opencorvus\\packages\\overlay\\src-tauri\\target\\release\\deps\\libdirs_sys-07947c7b794236ed.rmeta"],"executable":null,"fresh":true}
{"reason":"build-script-executed","package_id":"registry+https://github.com/rust-lang/crates.io-index#tauri-runtime-wry@2.11.1","linked_libs":[],"linked_paths":[],"cfgs":["desktop"],"env":[],"out_dir":"D:\\myhexin-local\\opencorvus\\packages\\overlay\\src-tauri\\target\\release\\build\\tauri-runtime-wry-2daca197279acfa9\\out"}
{"reason":"compiler-artifact","package_id":"registry+https://github.com/rust-lang/crates.io-index#muda@0.19.1","manifest_path":"C:\\Users\\hengu\\.cargo\\registry\\src\\index.crates.io-1949cf8c6b5b557f\\muda-0.19.1\\Cargo.toml","target":{"kind":["lib"],"crate_types":["lib"],"name":"muda","src_path":"C:\\Users\\hengu\\.cargo\\registry\\src\\index.crates.io-1949cf8c6b5b557f\\muda-0.19.1\\src\\lib.rs","edition":"2021","doc":true,"doctest":true,"test":true},"profile":{"opt_level":"s","debuginfo":0,"debug_assertions":false,"overflow_checks":false,"test":false},"features":["common-controls-v6","gtk","serde"],"filenames":["D:\\myhexin-local\\opencorvus\\packages\\overlay\\src-tauri\\target\\release\\deps\\libmuda-58b40500403c3725.rlib","D:\\myhexin-local\\opencorvus\\packages\\overlay\\src-tauri\\target\\release\\deps\\libmuda-58b40500403c3725.rmeta"],"executable":null,"fresh":true}
{"reason":"compiler-artifact","package_id":"registry+https://github.com/rust-lang/crates.io-index#tao@0.35.2","manifest_path":"C:\\Users\\hengu\\.cargo\\registry\\src\\index.crates.io-1949cf8c6b5b557f\\tao-0.35.2\\Cargo.toml","target":{"kind":["lib"],"crate_types":["lib"],"name":"tao","src_path":"C:\\Users\\hengu\\.cargo\\registry\\src\\index.crates.io-1949cf8c6b5b557f\\tao-0.35.2\\src\\lib.rs","edition":"2021","doc":true,"doctest":true,"test":true},"profile":{"opt_level":"s","debuginfo":0,"debug_assertions":false,"overflow_checks":false,"test":false},"features":["dbus","rwh_06","x11"],"filenames":["D:\\myhexin-local\\opencorvus\\packages\\overlay\\src-tauri\\target\\release\\deps\\libtao-a978585184bba1ba.rlib","D:\\myhexin-local\\opencorvus\\packages\\overlay\\src-tauri\\target\\release\\deps\\libtao-a978585184bba1ba.rmeta"],"executable":null,"fresh":true}
{"reason":"compiler-artifact","package_id":"registry+https://github.com/rust-lang/crates.io-index#softbuffer@0.4.8","manifest_path":"C:\\Users\\hengu\\.cargo\\registry\\src\\index.crates.io-1949cf8c6b5b557f\\softbuffer-0.4.8\\Cargo.toml","target":{"kind":["lib"],"crate_types":["lib"],"name":"softbuffer","src_path":"C:\\Users\\hengu\\.cargo\\registry\\src\\index.crates.io-1949cf8c6b5b557f\\softbuffer-0.4.8\\src\\lib.rs","edition":"2021","doc":true,"doctest":true,"test":true},"profile":{"opt_level":"s","debuginfo":0,"debug_assertions":false,"overflow_checks":false,"test":false},"features":[],"filenames":["D:\\myhexin-local\\opencorvus\\packages\\overlay\\src-tauri\\target\\release\\deps\\libsoftbuffer-e77b04ab813f6d09.rlib","D:\\myhexin-local\\opencorvus\\packages\\overlay\\src-tauri\\target\\release\\deps\\libsoftbuffer-e77b04ab813f6d09.rmeta"],"executable":null,"fresh":true}
{"reason":"compiler-artifact","package_id":"registry+https://github.com/rust-lang/crates.io-index#ring@0.17.14","manifest_path":"C:\\Users\\hengu\\.cargo\\registry\\src\\index.crates.io-1949cf8c6b5b557f\\ring-0.17.14\\Cargo.toml","target":{"kind":["custom-build"],"crate_types":["bin"],"name":"build-script-build","src_path":"C:\\Users\\hengu\\.cargo\\registry\\src\\index.crates.io-1949cf8c6b5b557f\\ring-0.17.14\\build.rs","edition":"2021","doc":false,"doctest":false,"test":false},"profile":{"opt_level":"0","debuginfo":0,"debug_assertions":false,"overflow_checks":false,"test":false},"features":["alloc","default","dev_urandom_fallback"],"filenames":["D:\\myhexin-local\\opencorvus\\packages\\overlay\\src-tauri\\target\\release\\build\\ring-af718f075d2523fa\\build-script-build.exe","D:\\myhexin-local\\opencorvus\\packages\\overlay\\src-tauri\\target\\release\\build\\ring-af718f075d2523fa\\build_script_build.pdb"],"executable":null,"fresh":true}
{"reason":"compiler-artifact","package_id":"registry+https://github.com/rust-lang/crates.io-index#serialize-to-javascript-impl@0.1.2","manifest_path":"C:\\Users\\hengu\\.cargo\\registry\\src\\index.crates.io-1949cf8c6b5b557f\\serialize-to-javascript-impl-0.1.2\\Cargo.toml","target":{"kind":["proc-macro"],"crate_types":["proc-macro"],"name":"serialize_to_javascript_impl","src_path":"C:\\Users\\hengu\\.cargo\\registry\\src\\index.crates.io-1949cf8c6b5b557f\\serialize-to-javascript-impl-0.1.2\\src\\lib.rs","edition":"2021","doc":true,"doctest":true,"test":true},"profile":{"opt_level":"0","debuginfo":0,"debug_assertions":false,"overflow_checks":false,"test":false},"features":[],"filenames":["D:\\myhexin-local\\opencorvus\\packages\\overlay\\src-tauri\\target\\release\\deps\\serialize_to_javascript_impl-85605dc082efd57a.dll","D:\\myhexin-local\\opencorvus\\packages\\overlay\\src-tauri\\target\\release\\deps\\serialize_to_javascript_impl-85605dc082efd57a.dll.lib","D:\\myhexin-local\\opencorvus\\packages\\overlay\\src-tauri\\target\\release\\deps\\serialize_to_javascript_impl-85605dc082efd57a.dll.exp","D:\\myhexin-local\\opencorvus\\packages\\overlay\\src-tauri\\target\\release\\deps\\serialize_to_javascript_impl-85605dc082efd57a.pdb"],"executable":null,"fresh":true}
{"reason":"compiler-artifact","package_id":"registry+https://github.com/rust-lang/crates.io-index#string_cache_codegen@0.5.4","manifest_path":"C:\\Users\\hengu\\.cargo\\registry\\src\\index.crates.io-1949cf8c6b5b557f\\string_cache_codegen-0.5.4\\Cargo.toml","target":{"kind":["lib"],"crate_types":["lib"],"name":"string_cache_codegen","src_path":"C:\\Users\\hengu\\.cargo\\registry\\src\\index.crates.io-1949cf8c6b5b557f\\string_cache_codegen-0.5.4\\lib.rs","edition":"2018","doc":true,"doctest":true,"test":true},"profile":{"opt_level":"0","debuginfo":0,"debug_assertions":false,"overflow_checks":false,"test":false},"features":[],"filenames":["D:\\myhexin-local\\opencorvus\\packages\\overlay\\src-tauri\\target\\release\\deps\\libstring_cache_codegen-b8048d047a80b032.rlib","D:\\myhexin-local\\opencorvus\\packages\\overlay\\src-tauri\\target\\release\\deps\\libstring_cache_codegen-b8048d047a80b032.rmeta"],"executable":null,"fresh":false}
{"reason":"compiler-artifact","package_id":"registry+https://github.com/rust-lang/crates.io-index#wry@0.55.1","manifest_path":"C:\\Users\\hengu\\.cargo\\registry\\src\\index.crates.io-1949cf8c6b5b557f\\wry-0.55.1\\Cargo.toml","target":{"kind":["lib"],"crate_types":["lib"],"name":"wry","src_path":"C:\\Users\\hengu\\.cargo\\registry\\src\\index.crates.io-1949cf8c6b5b557f\\wry-0.55.1\\src\\lib.rs","edition":"2021","doc":true,"doctest":true,"test":true},"profile":{"opt_level":"s","debuginfo":0,"debug_assertions":false,"overflow_checks":false,"test":false},"features":["devtools","gdkx11","javascriptcore-rs","linux-body","os-webview","protocol","soup3","webkit2gtk","webkit2gtk-sys","x11","x11-dl"],"filenames":["D:\\myhexin-local\\opencorvus\\packages\\overlay\\src-tauri\\target\\release\\deps\\libwry-a8b2beecc67a84a8.rlib","D:\\myhexin-local\\opencorvus\\packages\\overlay\\src-tauri\\target\\release\\deps\\libwry-a8b2beecc67a84a8.rmeta"],"executable":null,"fresh":true}
{"reason":"compiler-artifact","package_id":"registry+https://github.com/rust-lang/crates.io-index#windows_x86_64_msvc@0.53.1","manifest_path":"C:\\Users\\hengu\\.cargo\\registry\\src\\index.crates.io-1949cf8c6b5b557f\\windows_x86_64_msvc-0.53.1\\Cargo.toml","target":{"kind":["custom-build"],"crate_types":["bin"],"name":"build-script-build","src_path":"C:\\Users\\hengu\\.cargo\\registry\\src\\index.crates.io-1949cf8c6b5b557f\\windows_x86_64_msvc-0.53.1\\build.rs","edition":"2021","doc":false,"doctest":false,"test":false},"profile":{"opt_level":"0","debuginfo":0,"debug_assertions":false,"overflow_checks":false,"test":false},"features":[],"filenames":["D:\\myhexin-local\\opencorvus\\packages\\overlay\\src-tauri\\target\\release\\build\\windows_x86_64_msvc-d09b2508fbb498e7\\build-script-build.exe","D:\\myhexin-local\\opencorvus\\packages\\overlay\\src-tauri\\target\\release\\build\\windows_x86_64_msvc-d09b2508fbb498e7\\build_script_build.pdb"],"executable":null,"fresh":true}
{"reason":"build-script-executed","package_id":"registry+https://github.com/rust-lang/crates.io-index#ring@0.17.14","linked_libs":["static=ring_core_0_17_14_","static=ring_core_0_17_14__test"],"linked_paths":["native=D:\\myhexin-local\\opencorvus\\packages\\overlay\\src-tauri\\target\\release\\build\\ring-613456f2252fcd23\\out"],"cfgs":[],"env":[],"out_dir":"D:\\myhexin-local\\opencorvus\\packages\\overlay\\src-tauri\\target\\release\\build\\ring-613456f2252fcd23\\out"}
{"reason":"compiler-artifact","package_id":"registry+https://github.com/rust-lang/crates.io-index#dirs@6.0.0","manifest_path":"C:\\Users\\hengu\\.cargo\\registry\\src\\index.crates.io-1949cf8c6b5b557f\\dirs-6.0.0\\Cargo.toml","target":{"kind":["lib"],"crate_types":["lib"],"name":"dirs","src_path":"C:\\Users\\hengu\\.cargo\\registry\\src\\index.crates.io-1949cf8c6b5b557f\\dirs-6.0.0\\src\\lib.rs","edition":"2015","doc":true,"doctest":true,"test":true},"profile":{"opt_level":"s","debuginfo":0,"debug_assertions":false,"overflow_checks":false,"test":false},"features":[],"filenames":["D:\\myhexin-local\\opencorvus\\packages\\overlay\\src-tauri\\target\\release\\deps\\libdirs-1802b89fa513ec1b.rlib","D:\\myhexin-local\\opencorvus\\packages\\overlay\\src-tauri\\target\\release\\deps\\libdirs-1802b89fa513ec1b.rmeta"],"executable":null,"fresh":true}
{"reason":"compiler-artifact","package_id":"registry+https://github.com/rust-lang/crates.io-index#tray-icon@0.23.1","manifest_path":"C:\\Users\\hengu\\.cargo\\registry\\src\\index.crates.io-1949cf8c6b5b557f\\tray-icon-0.23.1\\Cargo.toml","target":{"kind":["lib"],"crate_types":["lib"],"name":"tray_icon","src_path":"C:\\Users\\hengu\\.cargo\\registry\\src\\index.crates.io-1949cf8c6b5b557f\\tray-icon-0.23.1\\src\\lib.rs","edition":"2021","doc":true,"doctest":true,"test":true},"profile":{"opt_level":"s","debuginfo":0,"debug_assertions":false,"overflow_checks":false,"test":false},"features":["common-controls-v6","serde"],"filenames":["D:\\myhexin-local\\opencorvus\\packages\\overlay\\src-tauri\\target\\release\\deps\\libtray_icon-e1f493cc9df49520.rlib","D:\\myhexin-local\\opencorvus\\packages\\overlay\\src-tauri\\target\\release\\deps\\libtray_icon-e1f493cc9df49520.rmeta"],"executable":null,"fresh":true}
{"reason":"compiler-artifact","package_id":"registry+https://github.com/rust-lang/crates.io-index#serialize-to-javascript@0.1.2","manifest_path":"C:\\Users\\hengu\\.cargo\\registry\\src\\index.crates.io-1949cf8c6b5b557f\\serialize-to-javascript-0.1.2\\Cargo.toml","target":{"kind":["lib"],"crate_types":["lib"],"name":"serialize_to_javascript","src_path":"C:\\Users\\hengu\\.cargo\\registry\\src\\index.crates.io-1949cf8c6b5b557f\\serialize-to-javascript-0.1.2\\src\\lib.rs","edition":"2021","doc":true,"doctest":true,"test":true},"profile":{"opt_level":"s","debuginfo":0,"debug_assertions":false,"overflow_checks":false,"test":false},"features":[],"filenames":["D:\\myhexin-local\\opencorvus\\packages\\overlay\\src-tauri\\target\\release\\deps\\libserialize_to_javascript-f30060fa5c484960.rlib","D:\\myhexin-local\\opencorvus\\packages\\overlay\\src-tauri\\target\\release\\deps\\libserialize_to_javascript-f30060fa5c484960.rmeta"],"executable":null,"fresh":true}
{"reason":"compiler-artifact","package_id":"registry+https://github.com/rust-lang/crates.io-index#window-vibrancy@0.6.0","manifest_path":"C:\\Users\\hengu\\.cargo\\registry\\src\\index.crates.io-1949cf8c6b5b557f\\window-vibrancy-0.6.0\\Cargo.toml","target":{"kind":["lib"],"crate_types":["lib"],"name":"window_vibrancy","src_path":"C:\\Users\\hengu\\.cargo\\registry\\src\\index.crates.io-1949cf8c6b5b557f\\window-vibrancy-0.6.0\\src\\lib.rs","edition":"2021","doc":true,"doctest":true,"test":true},"profile":{"opt_level":"s","debuginfo":0,"debug_assertions":false,"overflow_checks":false,"test":false},"features":[],"filenames":["D:\\myhexin-local\\opencorvus\\packages\\overlay\\src-tauri\\target\\release\\deps\\libwindow_vibrancy-7bde07c285e65460.rlib","D:\\myhexin-local\\opencorvus\\packages\\overlay\\src-tauri\\target\\release\\deps\\libwindow_vibrancy-7bde07c285e65460.rmeta"],"executable":null,"fresh":true}
{"reason":"compiler-artifact","package_id":"registry+https://github.com/rust-lang/crates.io-index#serde_repr@0.1.20","manifest_path":"C:\\Users\\hengu\\.cargo\\registry\\src\\index.crates.io-1949cf8c6b5b557f\\serde_repr-0.1.20\\Cargo.toml","target":{"kind":["proc-macro"],"crate_types":["proc-macro"],"name":"serde_repr","src_path":"C:\\Users\\hengu\\.cargo\\registry\\src\\index.crates.io-1949cf8c6b5b557f\\serde_repr-0.1.20\\src\\lib.rs","edition":"2021","doc":true,"doctest":true,"test":true},"profile":{"opt_level":"0","debuginfo":0,"debug_assertions":false,"overflow_checks":false,"test":false},"features":[],"filenames":["D:\\myhexin-local\\opencorvus\\packages\\overlay\\src-tauri\\target\\release\\deps\\serde_repr-b6ae40f8124a36b3.dll","D:\\myhexin-local\\opencorvus\\packages\\overlay\\src-tauri\\target\\release\\deps\\serde_repr-b6ae40f8124a36b3.dll.lib","D:\\myhexin-local\\opencorvus\\packages\\overlay\\src-tauri\\target\\release\\deps\\serde_repr-b6ae40f8124a36b3.dll.exp","D:\\myhexin-local\\opencorvus\\packages\\overlay\\src-tauri\\target\\release\\deps\\serde_repr-b6ae40f8124a36b3.pdb"],"executable":null,"fresh":true}
{"reason":"compiler-artifact","package_id":"registry+https://github.com/rust-lang/crates.io-index#heck@0.5.0","manifest_path":"C:\\Users\\hengu\\.cargo\\registry\\src\\index.crates.io-1949cf8c6b5b557f\\heck-0.5.0\\Cargo.toml","target":{"kind":["lib"],"crate_types":["lib"],"name":"heck","src_path":"C:\\Users\\hengu\\.cargo\\registry\\src\\index.crates.io-1949cf8c6b5b557f\\heck-0.5.0\\src\\lib.rs","edition":"2021","doc":true,"doctest":true,"test":true},"profile":{"opt_level":"s","debuginfo":0,"debug_assertions":false,"overflow_checks":false,"test":false},"features":[],"filenames":["D:\\myhexin-local\\opencorvus\\packages\\overlay\\src-tauri\\target\\release\\deps\\libheck-5a1df5873edd2dad.rlib","D:\\myhexin-local\\opencorvus\\packages\\overlay\\src-tauri\\target\\release\\deps\\libheck-5a1df5873edd2dad.rmeta"],"executable":null,"fresh":true}
{"reason":"build-script-executed","package_id":"registry+https://github.com/rust-lang/crates.io-index#windows_x86_64_msvc@0.53.1","linked_libs":[],"linked_paths":["native=C:\\Users\\hengu\\.cargo\\registry\\src\\index.crates.io-1949cf8c6b5b557f\\windows_x86_64_msvc-0.53.1\\lib"],"cfgs":[],"env":[],"out_dir":"D:\\myhexin-local\\opencorvus\\packages\\overlay\\src-tauri\\target\\release\\build\\windows_x86_64_msvc-0ce85f0aab907f8d\\out"}
{"reason":"compiler-artifact","package_id":"registry+https://github.com/rust-lang/crates.io-index#mime@0.3.17","manifest_path":"C:\\Users\\hengu\\.cargo\\registry\\src\\index.crates.io-1949cf8c6b5b557f\\mime-0.3.17\\Cargo.toml","target":{"kind":["lib"],"crate_types":["lib"],"name":"mime","src_path":"C:\\Users\\hengu\\.cargo\\registry\\src\\index.crates.io-1949cf8c6b5b557f\\mime-0.3.17\\src\\lib.rs","edition":"2015","doc":true,"doctest":true,"test":true},"profile":{"opt_level":"s","debuginfo":0,"debug_assertions":false,"overflow_checks":false,"test":false},"features":[],"filenames":["D:\\myhexin-local\\opencorvus\\packages\\overlay\\src-tauri\\target\\release\\deps\\libmime-108b86ae7abfbc74.rlib","D:\\myhexin-local\\opencorvus\\packages\\overlay\\src-tauri\\target\\release\\deps\\libmime-108b86ae7abfbc74.rmeta"],"executable":null,"fresh":true}
{"reason":"build-script-executed","package_id":"registry+https://github.com/rust-lang/crates.io-index#crc32fast@1.5.0","linked_libs":[],"linked_paths":[],"cfgs":["stable_arm_crc32_intrinsics"],"env":[],"out_dir":"D:\\myhexin-local\\opencorvus\\packages\\overlay\\src-tauri\\target\\release\\build\\crc32fast-d1e2edf33bc7ecd6\\out"}
{"reason":"compiler-artifact","package_id":"registry+https://github.com/rust-lang/crates.io-index#getrandom@0.2.17","manifest_path":"C:\\Users\\hengu\\.cargo\\registry\\src\\index.crates.io-1949cf8c6b5b557f\\getrandom-0.2.17\\Cargo.toml","target":{"kind":["lib"],"crate_types":["lib"],"name":"getrandom","src_path":"C:\\Users\\hengu\\.cargo\\registry\\src\\index.crates.io-1949cf8c6b5b557f\\getrandom-0.2.17\\src\\lib.rs","edition":"2018","doc":true,"doctest":true,"test":true},"profile":{"opt_level":"s","debuginfo":0,"debug_assertions":false,"overflow_checks":false,"test":false},"features":[],"filenames":["D:\\myhexin-local\\opencorvus\\packages\\overlay\\src-tauri\\target\\release\\deps\\libgetrandom-240381e5457ac545.rlib","D:\\myhexin-local\\opencorvus\\packages\\overlay\\src-tauri\\target\\release\\deps\\libgetrandom-240381e5457ac545.rmeta"],"executable":null,"fresh":true}
{"reason":"compiler-artifact","package_id":"registry+https://github.com/rust-lang/crates.io-index#untrusted@0.9.0","manifest_path":"C:\\Users\\hengu\\.cargo\\registry\\src\\index.crates.io-1949cf8c6b5b557f\\untrusted-0.9.0\\Cargo.toml","target":{"kind":["lib"],"crate_types":["lib"],"name":"untrusted","src_path":"C:\\Users\\hengu\\.cargo\\registry\\src\\index.crates.io-1949cf8c6b5b557f\\untrusted-0.9.0\\src\\lib.rs","edition":"2018","doc":true,"doctest":true,"test":true},"profile":{"opt_level":"s","debuginfo":0,"debug_assertions":false,"overflow_checks":false,"test":false},"features":[],"filenames":["D:\\myhexin-local\\opencorvus\\packages\\overlay\\src-tauri\\target\\release\\deps\\libuntrusted-600eb83f0c97f7e6.rlib","D:\\myhexin-local\\opencorvus\\packages\\overlay\\src-tauri\\target\\release\\deps\\libuntrusted-600eb83f0c97f7e6.rmeta"],"executable":null,"fresh":true}
{"reason":"compiler-artifact","package_id":"registry+https://github.com/rust-lang/crates.io-index#zeroize@1.9.0","manifest_path":"C:\\Users\\hengu\\.cargo\\registry\\src\\index.crates.io-1949cf8c6b5b557f\\zeroize-1.9.0\\Cargo.toml","target":{"kind":["lib"],"crate_types":["lib"],"name":"zeroize","src_path":"C:\\Users\\hengu\\.cargo\\registry\\src\\index.crates.io-1949cf8c6b5b557f\\zeroize-1.9.0\\src\\lib.rs","edition":"2024","doc":true,"doctest":true,"test":true},"profile":{"opt_level":"s","debuginfo":0,"debug_assertions":false,"overflow_checks":false,"test":false},"features":["alloc","default"],"filenames":["D:\\myhexin-local\\opencorvus\\packages\\overlay\\src-tauri\\target\\release\\deps\\libzeroize-2982d06688d1bb8d.rlib","D:\\myhexin-local\\opencorvus\\packages\\overlay\\src-tauri\\target\\release\\deps\\libzeroize-2982d06688d1bb8d.rmeta"],"executable":null,"fresh":true}
{"reason":"compiler-artifact","package_id":"registry+https://github.com/rust-lang/crates.io-index#http-body@1.0.1","manifest_path":"C:\\Users\\hengu\\.cargo\\registry\\src\\index.crates.io-1949cf8c6b5b557f\\http-body-1.0.1\\Cargo.toml","target":{"kind":["lib"],"crate_types":["lib"],"name":"http_body","src_path":"C:\\Users\\hengu\\.cargo\\registry\\src\\index.crates.io-1949cf8c6b5b557f\\http-body-1.0.1\\src\\lib.rs","edition":"2018","doc":true,"doctest":true,"test":true},"profile":{"opt_level":"s","debuginfo":0,"debug_assertions":false,"overflow_checks":false,"test":false},"features":[],"filenames":["D:\\myhexin-local\\opencorvus\\packages\\overlay\\src-tauri\\target\\release\\deps\\libhttp_body-7721002914a66db7.rlib","D:\\myhexin-local\\opencorvus\\packages\\overlay\\src-tauri\\target\\release\\deps\\libhttp_body-7721002914a66db7.rmeta"],"executable":null,"fresh":true}
{"reason":"compiler-artifact","package_id":"registry+https://github.com/rust-lang/crates.io-index#futures-macro@0.3.32","manifest_path":"C:\\Users\\hengu\\.cargo\\registry\\src\\index.crates.io-1949cf8c6b5b557f\\futures-macro-0.3.32\\Cargo.toml","target":{"kind":["proc-macro"],"crate_types":["proc-macro"],"name":"futures_macro","src_path":"C:\\Users\\hengu\\.cargo\\registry\\src\\index.crates.io-1949cf8c6b5b557f\\futures-macro-0.3.32\\src\\lib.rs","edition":"2018","doc":true,"doctest":true,"test":true},"profile":{"opt_level":"0","debuginfo":0,"debug_assertions":false,"overflow_checks":false,"test":false},"features":[],"filenames":["D:\\myhexin-local\\opencorvus\\packages\\overlay\\src-tauri\\target\\release\\deps\\futures_macro-96f07b70c169f54e.dll","D:\\myhexin-local\\opencorvus\\packages\\overlay\\src-tauri\\target\\release\\deps\\futures_macro-96f07b70c169f54e.dll.lib","D:\\myhexin-local\\opencorvus\\packages\\overlay\\src-tauri\\target\\release\\deps\\futures_macro-96f07b70c169f54e.dll.exp","D:\\myhexin-local\\opencorvus\\packages\\overlay\\src-tauri\\target\\release\\deps\\futures_macro-96f07b70c169f54e.pdb"],"executable":null,"fresh":true}
{"reason":"compiler-artifact","package_id":"registry+https://github.com/rust-lang/crates.io-index#httparse@1.10.1","manifest_path":"C:\\Users\\hengu\\.cargo\\registry\\src\\index.crates.io-1949cf8c6b5b557f\\httparse-1.10.1\\Cargo.toml","target":{"kind":["custom-build"],"crate_types":["bin"],"name":"build-script-build","src_path":"C:\\Users\\hengu\\.cargo\\registry\\src\\index.crates.io-1949cf8c6b5b557f\\httparse-1.10.1\\build.rs","edition":"2018","doc":false,"doctest":false,"test":false},"profile":{"opt_level":"0","debuginfo":0,"debug_assertions":false,"overflow_checks":false,"test":false},"features":["default","std"],"filenames":["D:\\myhexin-local\\opencorvus\\packages\\overlay\\src-tauri\\target\\release\\build\\httparse-1f19572e0359fc75\\build-script-build.exe","D:\\myhexin-local\\opencorvus\\packages\\overlay\\src-tauri\\target\\release\\build\\httparse-1f19572e0359fc75\\build_script_build.pdb"],"executable":null,"fresh":true}
{"reason":"compiler-artifact","package_id":"registry+https://github.com/rust-lang/crates.io-index#windows_x86_64_msvc@0.53.1","manifest_path":"C:\\Users\\hengu\\.cargo\\registry\\src\\index.crates.io-1949cf8c6b5b557f\\windows_x86_64_msvc-0.53.1\\Cargo.toml","target":{"kind":["lib"],"crate_types":["lib"],"name":"windows_x86_64_msvc","src_path":"C:\\Users\\hengu\\.cargo\\registry\\src\\index.crates.io-1949cf8c6b5b557f\\windows_x86_64_msvc-0.53.1\\src\\lib.rs","edition":"2021","doc":true,"doctest":true,"test":true},"profile":{"opt_level":"s","debuginfo":0,"debug_assertions":false,"overflow_checks":false,"test":false},"features":[],"filenames":["D:\\myhexin-local\\opencorvus\\packages\\overlay\\src-tauri\\target\\release\\deps\\libwindows_x86_64_msvc-6565e2635ceebed3.rlib","D:\\myhexin-local\\opencorvus\\packages\\overlay\\src-tauri\\target\\release\\deps\\libwindows_x86_64_msvc-6565e2635ceebed3.rmeta"],"executable":null,"fresh":true}
{"reason":"compiler-artifact","package_id":"registry+https://github.com/rust-lang/crates.io-index#rustls-pki-types@1.15.1","manifest_path":"C:\\Users\\hengu\\.cargo\\registry\\src\\index.crates.io-1949cf8c6b5b557f\\rustls-pki-types-1.15.1\\Cargo.toml","target":{"kind":["lib"],"crate_types":["lib"],"name":"rustls_pki_types","src_path":"C:\\Users\\hengu\\.cargo\\registry\\src\\index.crates.io-1949cf8c6b5b557f\\rustls-pki-types-1.15.1\\src\\lib.rs","edition":"2021","doc":true,"doctest":true,"test":true},"profile":{"opt_level":"s","debuginfo":0,"debug_assertions":false,"overflow_checks":false,"test":false},"features":["alloc","default","std"],"filenames":["D:\\myhexin-local\\opencorvus\\packages\\overlay\\src-tauri\\target\\release\\deps\\librustls_pki_types-cdacbc6743b290ea.rlib","D:\\myhexin-local\\opencorvus\\packages\\overlay\\src-tauri\\target\\release\\deps\\librustls_pki_types-cdacbc6743b290ea.rmeta"],"executable":null,"fresh":true}
{"reason":"compiler-artifact","package_id":"registry+https://github.com/rust-lang/crates.io-index#ring@0.17.14","manifest_path":"C:\\Users\\hengu\\.cargo\\registry\\src\\index.crates.io-1949cf8c6b5b557f\\ring-0.17.14\\Cargo.toml","target":{"kind":["lib"],"crate_types":["lib"],"name":"ring","src_path":"C:\\Users\\hengu\\.cargo\\registry\\src\\index.crates.io-1949cf8c6b5b557f\\ring-0.17.14\\src\\lib.rs","edition":"2021","doc":true,"doctest":true,"test":true},"profile":{"opt_level":"s","debuginfo":0,"debug_assertions":false,"overflow_checks":false,"test":false},"features":["alloc","default","dev_urandom_fallback"],"filenames":["D:\\myhexin-local\\opencorvus\\packages\\overlay\\src-tauri\\target\\release\\deps\\libring-10466d22520f21c4.rlib","D:\\myhexin-local\\opencorvus\\packages\\overlay\\src-tauri\\target\\release\\deps\\libring-10466d22520f21c4.rmeta"],"executable":null,"fresh":true}
{"reason":"compiler-artifact","package_id":"registry+https://github.com/rust-lang/crates.io-index#crc32fast@1.5.0","manifest_path":"C:\\Users\\hengu\\.cargo\\registry\\src\\index.crates.io-1949cf8c6b5b557f\\crc32fast-1.5.0\\Cargo.toml","target":{"kind":["lib"],"crate_types":["lib"],"name":"crc32fast","src_path":"C:\\Users\\hengu\\.cargo\\registry\\src\\index.crates.io-1949cf8c6b5b557f\\crc32fast-1.5.0\\src\\lib.rs","edition":"2021","doc":true,"doctest":true,"test":true},"profile":{"opt_level":"s","debuginfo":0,"debug_assertions":false,"overflow_checks":false,"test":false},"features":["default","std"],"filenames":["D:\\myhexin-local\\opencorvus\\packages\\overlay\\src-tauri\\target\\release\\deps\\libcrc32fast-f355beb6ae4c3638.rlib","D:\\myhexin-local\\opencorvus\\packages\\overlay\\src-tauri\\target\\release\\deps\\libcrc32fast-f355beb6ae4c3638.rmeta"],"executable":null,"fresh":true}
{"reason":"compiler-artifact","package_id":"registry+https://github.com/rust-lang/crates.io-index#slab@0.4.12","manifest_path":"C:\\Users\\hengu\\.cargo\\registry\\src\\index.crates.io-1949cf8c6b5b557f\\slab-0.4.12\\Cargo.toml","target":{"kind":["lib"],"crate_types":["lib"],"name":"slab","src_path":"C:\\Users\\hengu\\.cargo\\registry\\src\\index.crates.io-1949cf8c6b5b557f\\slab-0.4.12\\src\\lib.rs","edition":"2018","doc":true,"doctest":true,"test":true},"profile":{"opt_level":"s","debuginfo":0,"debug_assertions":false,"overflow_checks":false,"test":false},"features":["std"],"filenames":["D:\\myhexin-local\\opencorvus\\packages\\overlay\\src-tauri\\target\\release\\deps\\libslab-71774f2955d5f22b.rlib","D:\\myhexin-local\\opencorvus\\packages\\overlay\\src-tauri\\target\\release\\deps\\libslab-71774f2955d5f22b.rmeta"],"executable":null,"fresh":true}
{"reason":"compiler-artifact","package_id":"registry+https://github.com/rust-lang/crates.io-index#futures-task@0.3.32","manifest_path":"C:\\Users\\hengu\\.cargo\\registry\\src\\index.crates.io-1949cf8c6b5b557f\\futures-task-0.3.32\\Cargo.toml","target":{"kind":["lib"],"crate_types":["lib"],"name":"futures_task","src_path":"C:\\Users\\hengu\\.cargo\\registry\\src\\index.crates.io-1949cf8c6b5b557f\\futures-task-0.3.32\\src\\lib.rs","edition":"2018","doc":true,"doctest":true,"test":true},"profile":{"opt_level":"s","debuginfo":0,"debug_assertions":false,"overflow_checks":false,"test":false},"features":["alloc","std"],"filenames":["D:\\myhexin-local\\opencorvus\\packages\\overlay\\src-tauri\\target\\release\\deps\\libfutures_task-58ee0808ddfcb29d.rlib","D:\\myhexin-local\\opencorvus\\packages\\overlay\\src-tauri\\target\\release\\deps\\libfutures_task-58ee0808ddfcb29d.rmeta"],"executable":null,"fresh":true}
{"reason":"compiler-artifact","package_id":"registry+https://github.com/rust-lang/crates.io-index#rustls@0.23.43","manifest_path":"C:\\Users\\hengu\\.cargo\\registry\\src\\index.crates.io-1949cf8c6b5b557f\\rustls-0.23.43\\Cargo.toml","target":{"kind":["custom-build"],"crate_types":["bin"],"name":"build-script-build","src_path":"C:\\Users\\hengu\\.cargo\\registry\\src\\index.crates.io-1949cf8c6b5b557f\\rustls-0.23.43\\build.rs","edition":"2021","doc":false,"doctest":false,"test":false},"profile":{"opt_level":"0","debuginfo":0,"debug_assertions":false,"overflow_checks":false,"test":false},"features":["ring","std","tls12"],"filenames":["D:\\myhexin-local\\opencorvus\\packages\\overlay\\src-tauri\\target\\release\\build\\rustls-bab20694dc753e14\\build-script-build.exe","D:\\myhexin-local\\opencorvus\\packages\\overlay\\src-tauri\\target\\release\\build\\rustls-bab20694dc753e14\\build_script_build.pdb"],"executable":null,"fresh":true}
{"reason":"compiler-artifact","package_id":"registry+https://github.com/rust-lang/crates.io-index#simd-adler32@0.3.8","manifest_path":"C:\\Users\\hengu\\.cargo\\registry\\src\\index.crates.io-1949cf8c6b5b557f\\simd-adler32-0.3.8\\Cargo.toml","target":{"kind":["lib"],"crate_types":["lib"],"name":"simd_adler32","src_path":"C:\\Users\\hengu\\.cargo\\registry\\src\\index.crates.io-1949cf8c6b5b557f\\simd-adler32-0.3.8\\src\\lib.rs","edition":"2018","doc":true,"doctest":true,"test":true},"profile":{"opt_level":"s","debuginfo":0,"debug_assertions":false,"overflow_checks":false,"test":false},"features":["const-generics","default","std"],"filenames":["D:\\myhexin-local\\opencorvus\\packages\\overlay\\src-tauri\\target\\release\\deps\\libsimd_adler32-554a781d6bda29e6.rlib","D:\\myhexin-local\\opencorvus\\packages\\overlay\\src-tauri\\target\\release\\deps\\libsimd_adler32-554a781d6bda29e6.rmeta"],"executable":null,"fresh":true}
{"reason":"build-script-executed","package_id":"registry+https://github.com/rust-lang/crates.io-index#httparse@1.10.1","linked_libs":[],"linked_paths":[],"cfgs":["httparse_simd_neon_intrinsics","httparse_simd"],"env":[],"out_dir":"D:\\myhexin-local\\opencorvus\\packages\\overlay\\src-tauri\\target\\release\\build\\httparse-d863aca7348a2d94\\out"}
{"reason":"compiler-artifact","package_id":"registry+https://github.com/rust-lang/crates.io-index#windows-targets@0.53.5","manifest_path":"C:\\Users\\hengu\\.cargo\\registry\\src\\index.crates.io-1949cf8c6b5b557f\\windows-targets-0.53.5\\Cargo.toml","target":{"kind":["lib"],"crate_types":["lib"],"name":"windows_targets","src_path":"C:\\Users\\hengu\\.cargo\\registry\\src\\index.crates.io-1949cf8c6b5b557f\\windows-targets-0.53.5\\src\\lib.rs","edition":"2021","doc":true,"doctest":true,"test":true},"profile":{"opt_level":"s","debuginfo":0,"debug_assertions":false,"overflow_checks":false,"test":false},"features":[],"filenames":["D:\\myhexin-local\\opencorvus\\packages\\overlay\\src-tauri\\target\\release\\deps\\libwindows_targets-6f3a3dfd2126a77f.rlib","D:\\myhexin-local\\opencorvus\\packages\\overlay\\src-tauri\\target\\release\\deps\\libwindows_targets-6f3a3dfd2126a77f.rmeta"],"executable":null,"fresh":true}
{"reason":"build-script-executed","package_id":"registry+https://github.com/rust-lang/crates.io-index#rustls@0.23.43","linked_libs":[],"linked_paths":[],"cfgs":[],"env":[],"out_dir":"D:\\myhexin-local\\opencorvus\\packages\\overlay\\src-tauri\\target\\release\\build\\rustls-30ef40027317529c\\out"}
{"reason":"compiler-artifact","package_id":"registry+https://github.com/rust-lang/crates.io-index#futures-util@0.3.32","manifest_path":"C:\\Users\\hengu\\.cargo\\registry\\src\\index.crates.io-1949cf8c6b5b557f\\futures-util-0.3.32\\Cargo.toml","target":{"kind":["lib"],"crate_types":["lib"],"name":"futures_util","src_path":"C:\\Users\\hengu\\.cargo\\registry\\src\\index.crates.io-1949cf8c6b5b557f\\futures-util-0.3.32\\src\\lib.rs","edition":"2018","doc":true,"doctest":true,"test":true},"profile":{"opt_level":"s","debuginfo":0,"debug_assertions":false,"overflow_checks":false,"test":false},"features":["alloc","async-await","async-await-macro","default","futures-macro","slab","std"],"filenames":["D:\\myhexin-local\\opencorvus\\packages\\overlay\\src-tauri\\target\\release\\deps\\libfutures_util-00514b7ae1538cf5.rlib","D:\\myhexin-local\\opencorvus\\packages\\overlay\\src-tauri\\target\\release\\deps\\libfutures_util-00514b7ae1538cf5.rmeta"],"executable":null,"fresh":true}
{"reason":"compiler-artifact","package_id":"registry+https://github.com/rust-lang/crates.io-index#rustls-webpki@0.103.13","manifest_path":"C:\\Users\\hengu\\.cargo\\registry\\src\\index.crates.io-1949cf8c6b5b557f\\rustls-webpki-0.103.13\\Cargo.toml","target":{"kind":["lib"],"crate_types":["lib"],"name":"webpki","src_path":"C:\\Users\\hengu\\.cargo\\registry\\src\\index.crates.io-1949cf8c6b5b557f\\rustls-webpki-0.103.13\\src\\lib.rs","edition":"2021","doc":true,"doctest":true,"test":true},"profile":{"opt_level":"s","debuginfo":0,"debug_assertions":false,"overflow_checks":false,"test":false},"features":["alloc","ring","std"],"filenames":["D:\\myhexin-local\\opencorvus\\packages\\overlay\\src-tauri\\target\\release\\deps\\libwebpki-2998aac965ec3b58.rlib","D:\\myhexin-local\\opencorvus\\packages\\overlay\\src-tauri\\target\\release\\deps\\libwebpki-2998aac965ec3b58.rmeta"],"executable":null,"fresh":true}
{"reason":"compiler-artifact","package_id":"registry+https://github.com/rust-lang/crates.io-index#windows-registry@0.5.3","manifest_path":"C:\\Users\\hengu\\.cargo\\registry\\src\\index.crates.io-1949cf8c6b5b557f\\windows-registry-0.5.3\\Cargo.toml","target":{"kind":["lib"],"crate_types":["lib"],"name":"windows_registry","src_path":"C:\\Users\\hengu\\.cargo\\registry\\src\\index.crates.io-1949cf8c6b5b557f\\windows-registry-0.5.3\\src\\lib.rs","edition":"2021","doc":true,"doctest":true,"test":true},"profile":{"opt_level":"s","debuginfo":0,"debug_assertions":false,"overflow_checks":false,"test":false},"features":["default","std"],"filenames":["D:\\myhexin-local\\opencorvus\\packages\\overlay\\src-tauri\\target\\release\\deps\\libwindows_registry-a1c49aec18d2c5e7.rlib","D:\\myhexin-local\\opencorvus\\packages\\overlay\\src-tauri\\target\\release\\deps\\libwindows_registry-a1c49aec18d2c5e7.rmeta"],"executable":null,"fresh":true}
{"reason":"compiler-artifact","package_id":"registry+https://github.com/rust-lang/crates.io-index#num-traits@0.2.19","manifest_path":"C:\\Users\\hengu\\.cargo\\registry\\src\\index.crates.io-1949cf8c6b5b557f\\num-traits-0.2.19\\Cargo.toml","target":{"kind":["custom-build"],"crate_types":["bin"],"name":"build-script-build","src_path":"C:\\Users\\hengu\\.cargo\\registry\\src\\index.crates.io-1949cf8c6b5b557f\\num-traits-0.2.19\\build.rs","edition":"2021","doc":false,"doctest":false,"test":false},"profile":{"opt_level":"0","debuginfo":0,"debug_assertions":false,"overflow_checks":false,"test":false},"features":["default","std"],"filenames":["D:\\myhexin-local\\opencorvus\\packages\\overlay\\src-tauri\\target\\release\\build\\num-traits-f4cc8a3407330149\\build-script-build.exe","D:\\myhexin-local\\opencorvus\\packages\\overlay\\src-tauri\\target\\release\\build\\num-traits-f4cc8a3407330149\\build_script_build.pdb"],"executable":null,"fresh":true}
{"reason":"compiler-artifact","package_id":"registry+https://github.com/rust-lang/crates.io-index#tower-service@0.3.3","manifest_path":"C:\\Users\\hengu\\.cargo\\registry\\src\\index.crates.io-1949cf8c6b5b557f\\tower-service-0.3.3\\Cargo.toml","target":{"kind":["lib"],"crate_types":["lib"],"name":"tower_service","src_path":"C:\\Users\\hengu\\.cargo\\registry\\src\\index.crates.io-1949cf8c6b5b557f\\tower-service-0.3.3\\src\\lib.rs","edition":"2018","doc":true,"doctest":true,"test":true},"profile":{"opt_level":"s","debuginfo":0,"debug_assertions":false,"overflow_checks":false,"test":false},"features":[],"filenames":["D:\\myhexin-local\\opencorvus\\packages\\overlay\\src-tauri\\target\\release\\deps\\libtower_service-fe9fd123d5502de4.rlib","D:\\myhexin-local\\opencorvus\\packages\\overlay\\src-tauri\\target\\release\\deps\\libtower_service-fe9fd123d5502de4.rmeta"],"executable":null,"fresh":true}
{"reason":"compiler-artifact","package_id":"registry+https://github.com/rust-lang/crates.io-index#adler2@2.0.1","manifest_path":"C:\\Users\\hengu\\.cargo\\registry\\src\\index.crates.io-1949cf8c6b5b557f\\adler2-2.0.1\\Cargo.toml","target":{"kind":["lib"],"crate_types":["lib"],"name":"adler2","src_path":"C:\\Users\\hengu\\.cargo\\registry\\src\\index.crates.io-1949cf8c6b5b557f\\adler2-2.0.1\\src\\lib.rs","edition":"2021","doc":true,"doctest":true,"test":true},"profile":{"opt_level":"s","debuginfo":0,"debug_assertions":false,"overflow_checks":false,"test":false},"features":[],"filenames":["D:\\myhexin-local\\opencorvus\\packages\\overlay\\src-tauri\\target\\release\\deps\\libadler2-921dbdd8113371bf.rlib","D:\\myhexin-local\\opencorvus\\packages\\overlay\\src-tauri\\target\\release\\deps\\libadler2-921dbdd8113371bf.rmeta"],"executable":null,"fresh":true}
{"reason":"compiler-artifact","package_id":"registry+https://github.com/rust-lang/crates.io-index#try-lock@0.2.5","manifest_path":"C:\\Users\\hengu\\.cargo\\registry\\src\\index.crates.io-1949cf8c6b5b557f\\try-lock-0.2.5\\Cargo.toml","target":{"kind":["lib"],"crate_types":["lib"],"name":"try_lock","src_path":"C:\\Users\\hengu\\.cargo\\registry\\src\\index.crates.io-1949cf8c6b5b557f\\try-lock-0.2.5\\src\\lib.rs","edition":"2015","doc":true,"doctest":true,"test":true},"profile":{"opt_level":"s","debuginfo":0,"debug_assertions":false,"overflow_checks":false,"test":false},"features":[],"filenames":["D:\\myhexin-local\\opencorvus\\packages\\overlay\\src-tauri\\target\\release\\deps\\libtry_lock-a83d5deaada0f42b.rlib","D:\\myhexin-local\\opencorvus\\packages\\overlay\\src-tauri\\target\\release\\deps\\libtry_lock-a83d5deaada0f42b.rmeta"],"executable":null,"fresh":true}
{"reason":"compiler-artifact","package_id":"registry+https://github.com/rust-lang/crates.io-index#windows-sys@0.60.2","manifest_path":"C:\\Users\\hengu\\.cargo\\registry\\src\\index.crates.io-1949cf8c6b5b557f\\windows-sys-0.60.2\\Cargo.toml","target":{"kind":["lib"],"crate_types":["lib"],"name":"windows_sys","src_path":"C:\\Users\\hengu\\.cargo\\registry\\src\\index.crates.io-1949cf8c6b5b557f\\windows-sys-0.60.2\\src\\lib.rs","edition":"2021","doc":true,"doctest":false,"test":false},"profile":{"opt_level":"s","debuginfo":0,"debug_assertions":false,"overflow_checks":false,"test":false},"features":["Win32","Win32_Foundation","Win32_Graphics","Win32_Graphics_Gdi","Win32_Security","Win32_Storage","Win32_Storage_FileSystem","Win32_System","Win32_System_Com","Win32_System_DataExchange","Win32_System_LibraryLoader","Win32_System_Memory","Win32_System_Ole","Win32_System_Threading","Win32_UI","Win32_UI_Controls","Win32_UI_Shell","Win32_UI_Shell_Common","Win32_UI_WindowsAndMessaging","default"],"filenames":["D:\\myhexin-local\\opencorvus\\packages\\overlay\\src-tauri\\target\\release\\deps\\libwindows_sys-fdd4152982e4a049.rlib","D:\\myhexin-local\\opencorvus\\packages\\overlay\\src-tauri\\target\\release\\deps\\libwindows_sys-fdd4152982e4a049.rmeta"],"executable":null,"fresh":true}
{"reason":"compiler-artifact","package_id":"registry+https://github.com/rust-lang/crates.io-index#subtle@2.6.1","manifest_path":"C:\\Users\\hengu\\.cargo\\registry\\src\\index.crates.io-1949cf8c6b5b557f\\subtle-2.6.1\\Cargo.toml","target":{"kind":["lib"],"crate_types":["lib"],"name":"subtle","src_path":"C:\\Users\\hengu\\.cargo\\registry\\src\\index.crates.io-1949cf8c6b5b557f\\subtle-2.6.1\\src\\lib.rs","edition":"2018","doc":true,"doctest":true,"test":true},"profile":{"opt_level":"s","debuginfo":0,"debug_assertions":false,"overflow_checks":false,"test":false},"features":[],"filenames":["D:\\myhexin-local\\opencorvus\\packages\\overlay\\src-tauri\\target\\release\\deps\\libsubtle-0f63eef0e3ec8360.rlib","D:\\myhexin-local\\opencorvus\\packages\\overlay\\src-tauri\\target\\release\\deps\\libsubtle-0f63eef0e3ec8360.rmeta"],"executable":null,"fresh":true}
{"reason":"compiler-artifact","package_id":"registry+https://github.com/rust-lang/crates.io-index#miniz_oxide@0.8.9","manifest_path":"C:\\Users\\hengu\\.cargo\\registry\\src\\index.crates.io-1949cf8c6b5b557f\\miniz_oxide-0.8.9\\Cargo.toml","target":{"kind":["lib"],"crate_types":["lib"],"name":"miniz_oxide","src_path":"C:\\Users\\hengu\\.cargo\\registry\\src\\index.crates.io-1949cf8c6b5b557f\\miniz_oxide-0.8.9\\src\\lib.rs","edition":"2021","doc":true,"doctest":true,"test":true},"profile":{"opt_level":"s","debuginfo":0,"debug_assertions":false,"overflow_checks":false,"test":false},"features":["default","simd","simd-adler32","with-alloc"],"filenames":["D:\\myhexin-local\\opencorvus\\packages\\overlay\\src-tauri\\target\\release\\deps\\libminiz_oxide-7726025c92df1a04.rlib","D:\\myhexin-local\\opencorvus\\packages\\overlay\\src-tauri\\target\\release\\deps\\libminiz_oxide-7726025c92df1a04.rmeta"],"executable":null,"fresh":true}
{"reason":"build-script-executed","package_id":"registry+https://github.com/rust-lang/crates.io-index#num-traits@0.2.19","linked_libs":[],"linked_paths":[],"cfgs":["has_total_cmp"],"env":[],"out_dir":"D:\\myhexin-local\\opencorvus\\packages\\overlay\\src-tauri\\target\\release\\build\\num-traits-b6bb2b848c9f003a\\out"}
{"reason":"compiler-artifact","package_id":"registry+https://github.com/rust-lang/crates.io-index#want@0.3.1","manifest_path":"C:\\Users\\hengu\\.cargo\\registry\\src\\index.crates.io-1949cf8c6b5b557f\\want-0.3.1\\Cargo.toml","target":{"kind":["lib"],"crate_types":["lib"],"name":"want","src_path":"C:\\Users\\hengu\\.cargo\\registry\\src\\index.crates.io-1949cf8c6b5b557f\\want-0.3.1\\src\\lib.rs","edition":"2018","doc":true,"doctest":true,"test":true},"profile":{"opt_level":"s","debuginfo":0,"debug_assertions":false,"overflow_checks":false,"test":false},"features":[],"filenames":["D:\\myhexin-local\\opencorvus\\packages\\overlay\\src-tauri\\target\\release\\deps\\libwant-b0fa2e71d7e52a27.rlib","D:\\myhexin-local\\opencorvus\\packages\\overlay\\src-tauri\\target\\release\\deps\\libwant-b0fa2e71d7e52a27.rmeta"],"executable":null,"fresh":true}
{"reason":"compiler-artifact","package_id":"registry+https://github.com/rust-lang/crates.io-index#httparse@1.10.1","manifest_path":"C:\\Users\\hengu\\.cargo\\registry\\src\\index.crates.io-1949cf8c6b5b557f\\httparse-1.10.1\\Cargo.toml","target":{"kind":["lib"],"crate_types":["lib"],"name":"httparse","src_path":"C:\\Users\\hengu\\.cargo\\registry\\src\\index.crates.io-1949cf8c6b5b557f\\httparse-1.10.1\\src\\lib.rs","edition":"2018","doc":true,"doctest":true,"test":true},"profile":{"opt_level":"s","debuginfo":0,"debug_assertions":false,"overflow_checks":false,"test":false},"features":["default","std"],"filenames":["D:\\myhexin-local\\opencorvus\\packages\\overlay\\src-tauri\\target\\release\\deps\\libhttparse-a5ec5db18e9792c7.rlib","D:\\myhexin-local\\opencorvus\\packages\\overlay\\src-tauri\\target\\release\\deps\\libhttparse-a5ec5db18e9792c7.rmeta"],"executable":null,"fresh":true}
{"reason":"compiler-artifact","package_id":"registry+https://github.com/rust-lang/crates.io-index#futures-channel@0.3.32","manifest_path":"C:\\Users\\hengu\\.cargo\\registry\\src\\index.crates.io-1949cf8c6b5b557f\\futures-channel-0.3.32\\Cargo.toml","target":{"kind":["lib"],"crate_types":["lib"],"name":"futures_channel","src_path":"C:\\Users\\hengu\\.cargo\\registry\\src\\index.crates.io-1949cf8c6b5b557f\\futures-channel-0.3.32\\src\\lib.rs","edition":"2018","doc":true,"doctest":true,"test":true},"profile":{"opt_level":"s","debuginfo":0,"debug_assertions":false,"overflow_checks":false,"test":false},"features":["alloc","default","std"],"filenames":["D:\\myhexin-local\\opencorvus\\packages\\overlay\\src-tauri\\target\\release\\deps\\libfutures_channel-f46d9bd11735c46c.rlib","D:\\myhexin-local\\opencorvus\\packages\\overlay\\src-tauri\\target\\release\\deps\\libfutures_channel-f46d9bd11735c46c.rmeta"],"executable":null,"fresh":true}
{"reason":"build-script-executed","package_id":"registry+https://github.com/rust-lang/crates.io-index#zerocopy@0.8.40","linked_libs":[],"linked_paths":[],"cfgs":[],"env":[],"out_dir":"D:\\myhexin-local\\opencorvus\\packages\\overlay\\src-tauri\\target\\release\\build\\zerocopy-9de42e34ad4bf98c\\out"}
{"reason":"compiler-artifact","package_id":"registry+https://github.com/rust-lang/crates.io-index#ucd-trie@0.1.7","manifest_path":"C:\\Users\\hengu\\.cargo\\registry\\src\\index.crates.io-1949cf8c6b5b557f\\ucd-trie-0.1.7\\Cargo.toml","target":{"kind":["lib"],"crate_types":["lib"],"name":"ucd_trie","src_path":"C:\\Users\\hengu\\.cargo\\registry\\src\\index.crates.io-1949cf8c6b5b557f\\ucd-trie-0.1.7\\src\\lib.rs","edition":"2021","doc":true,"doctest":true,"test":true},"profile":{"opt_level":"0","debuginfo":0,"debug_assertions":false,"overflow_checks":false,"test":false},"features":["std"],"filenames":["D:\\myhexin-local\\opencorvus\\packages\\overlay\\src-tauri\\target\\release\\deps\\libucd_trie-28e6b9fc53a76ba4.rlib","D:\\myhexin-local\\opencorvus\\packages\\overlay\\src-tauri\\target\\release\\deps\\libucd_trie-28e6b9fc53a76ba4.rmeta"],"executable":null,"fresh":true}
{"reason":"compiler-artifact","package_id":"registry+https://github.com/rust-lang/crates.io-index#rustls@0.23.43","manifest_path":"C:\\Users\\hengu\\.cargo\\registry\\src\\index.crates.io-1949cf8c6b5b557f\\rustls-0.23.43\\Cargo.toml","target":{"kind":["lib"],"crate_types":["lib"],"name":"rustls","src_path":"C:\\Users\\hengu\\.cargo\\registry\\src\\index.crates.io-1949cf8c6b5b557f\\rustls-0.23.43\\src\\lib.rs","edition":"2021","doc":true,"doctest":true,"test":true},"profile":{"opt_level":"s","debuginfo":0,"debug_assertions":false,"overflow_checks":false,"test":false},"features":["ring","std","tls12"],"filenames":["D:\\myhexin-local\\opencorvus\\packages\\overlay\\src-tauri\\target\\release\\deps\\librustls-e5fd493e5ec4dfdd.rlib","D:\\myhexin-local\\opencorvus\\packages\\overlay\\src-tauri\\target\\release\\deps\\librustls-e5fd493e5ec4dfdd.rmeta"],"executable":null,"fresh":true}
{"reason":"compiler-artifact","package_id":"registry+https://github.com/rust-lang/crates.io-index#atomic-waker@1.1.2","manifest_path":"C:\\Users\\hengu\\.cargo\\registry\\src\\index.crates.io-1949cf8c6b5b557f\\atomic-waker-1.1.2\\Cargo.toml","target":{"kind":["lib"],"crate_types":["lib"],"name":"atomic_waker","src_path":"C:\\Users\\hengu\\.cargo\\registry\\src\\index.crates.io-1949cf8c6b5b557f\\atomic-waker-1.1.2\\src\\lib.rs","edition":"2018","doc":true,"doctest":true,"test":true},"profile":{"opt_level":"s","debuginfo":0,"debug_assertions":false,"overflow_checks":false,"test":false},"features":[],"filenames":["D:\\myhexin-local\\opencorvus\\packages\\overlay\\src-tauri\\target\\release\\deps\\libatomic_waker-69935fb5624e36d1.rlib","D:\\myhexin-local\\opencorvus\\packages\\overlay\\src-tauri\\target\\release\\deps\\libatomic_waker-69935fb5624e36d1.rmeta"],"executable":null,"fresh":true}
{"reason":"compiler-artifact","package_id":"registry+https://github.com/rust-lang/crates.io-index#pin-utils@0.1.0","manifest_path":"C:\\Users\\hengu\\.cargo\\registry\\src\\index.crates.io-1949cf8c6b5b557f\\pin-utils-0.1.0\\Cargo.toml","target":{"kind":["lib"],"crate_types":["lib"],"name":"pin_utils","src_path":"C:\\Users\\hengu\\.cargo\\registry\\src\\index.crates.io-1949cf8c6b5b557f\\pin-utils-0.1.0\\src\\lib.rs","edition":"2018","doc":true,"doctest":true,"test":true},"profile":{"opt_level":"s","debuginfo":0,"debug_assertions":false,"overflow_checks":false,"test":false},"features":[],"filenames":["D:\\myhexin-local\\opencorvus\\packages\\overlay\\src-tauri\\target\\release\\deps\\libpin_utils-77031984bc4fdcce.rlib","D:\\myhexin-local\\opencorvus\\packages\\overlay\\src-tauri\\target\\release\\deps\\libpin_utils-77031984bc4fdcce.rmeta"],"executable":null,"fresh":true}
{"reason":"compiler-artifact","package_id":"registry+https://github.com/rust-lang/crates.io-index#fastrand@2.3.0","manifest_path":"C:\\Users\\hengu\\.cargo\\registry\\src\\index.crates.io-1949cf8c6b5b557f\\fastrand-2.3.0\\Cargo.toml","target":{"kind":["lib"],"crate_types":["lib"],"name":"fastrand","src_path":"C:\\Users\\hengu\\.cargo\\registry\\src\\index.crates.io-1949cf8c6b5b557f\\fastrand-2.3.0\\src\\lib.rs","edition":"2018","doc":true,"doctest":true,"test":true},"profile":{"opt_level":"s","debuginfo":0,"debug_assertions":false,"overflow_checks":false,"test":false},"features":["alloc","default","std"],"filenames":["D:\\myhexin-local\\opencorvus\\packages\\overlay\\src-tauri\\target\\release\\deps\\libfastrand-bd6273fc1a8bba3e.rlib","D:\\myhexin-local\\opencorvus\\packages\\overlay\\src-tauri\\target\\release\\deps\\libfastrand-bd6273fc1a8bba3e.rmeta"],"executable":null,"fresh":true}
{"reason":"compiler-artifact","package_id":"registry+https://github.com/rust-lang/crates.io-index#num-traits@0.2.19","manifest_path":"C:\\Users\\hengu\\.cargo\\registry\\src\\index.crates.io-1949cf8c6b5b557f\\num-traits-0.2.19\\Cargo.toml","target":{"kind":["lib"],"crate_types":["lib"],"name":"num_traits","src_path":"C:\\Users\\hengu\\.cargo\\registry\\src\\index.crates.io-1949cf8c6b5b557f\\num-traits-0.2.19\\src\\lib.rs","edition":"2021","doc":true,"doctest":true,"test":true},"profile":{"opt_level":"s","debuginfo":0,"debug_assertions":false,"overflow_checks":false,"test":false},"features":["default","std"],"filenames":["D:\\myhexin-local\\opencorvus\\packages\\overlay\\src-tauri\\target\\release\\deps\\libnum_traits-2974ec09086be8dd.rlib","D:\\myhexin-local\\opencorvus\\packages\\overlay\\src-tauri\\target\\release\\deps\\libnum_traits-2974ec09086be8dd.rmeta"],"executable":null,"fresh":true}
{"reason":"compiler-artifact","package_id":"registry+https://github.com/rust-lang/crates.io-index#flate2@1.1.9","manifest_path":"C:\\Users\\hengu\\.cargo\\registry\\src\\index.crates.io-1949cf8c6b5b557f\\flate2-1.1.9\\Cargo.toml","target":{"kind":["lib"],"crate_types":["lib"],"name":"flate2","src_path":"C:\\Users\\hengu\\.cargo\\registry\\src\\index.crates.io-1949cf8c6b5b557f\\flate2-1.1.9\\src\\lib.rs","edition":"2018","doc":true,"doctest":true,"test":true},"profile":{"opt_level":"s","debuginfo":0,"debug_assertions":false,"overflow_checks":false,"test":false},"features":["any_impl","default","miniz_oxide","rust_backend"],"filenames":["D:\\myhexin-local\\opencorvus\\packages\\overlay\\src-tauri\\target\\release\\deps\\libflate2-c44f6c8db045c21d.rlib","D:\\myhexin-local\\opencorvus\\packages\\overlay\\src-tauri\\target\\release\\deps\\libflate2-c44f6c8db045c21d.rmeta"],"executable":null,"fresh":true}
{"reason":"compiler-artifact","package_id":"registry+https://github.com/rust-lang/crates.io-index#zerocopy@0.8.40","manifest_path":"C:\\Users\\hengu\\.cargo\\registry\\src\\index.crates.io-1949cf8c6b5b557f\\zerocopy-0.8.40\\Cargo.toml","target":{"kind":["lib"],"crate_types":["lib"],"name":"zerocopy","src_path":"C:\\Users\\hengu\\.cargo\\registry\\src\\index.crates.io-1949cf8c6b5b557f\\zerocopy-0.8.40\\src\\lib.rs","edition":"2021","doc":true,"doctest":true,"test":true},"profile":{"opt_level":"s","debuginfo":0,"debug_assertions":false,"overflow_checks":false,"test":false},"features":["simd"],"filenames":["D:\\myhexin-local\\opencorvus\\packages\\overlay\\src-tauri\\target\\release\\deps\\libzerocopy-739daba8b7960d93.rlib","D:\\myhexin-local\\opencorvus\\packages\\overlay\\src-tauri\\target\\release\\deps\\libzerocopy-739daba8b7960d93.rmeta"],"executable":null,"fresh":true}
{"reason":"compiler-artifact","package_id":"registry+https://github.com/rust-lang/crates.io-index#pest@2.8.6","manifest_path":"C:\\Users\\hengu\\.cargo\\registry\\src\\index.crates.io-1949cf8c6b5b557f\\pest-2.8.6\\Cargo.toml","target":{"kind":["lib"],"crate_types":["lib"],"name":"pest","src_path":"C:\\Users\\hengu\\.cargo\\registry\\src\\index.crates.io-1949cf8c6b5b557f\\pest-2.8.6\\src\\lib.rs","edition":"2021","doc":true,"doctest":true,"test":true},"profile":{"opt_level":"0","debuginfo":0,"debug_assertions":false,"overflow_checks":false,"test":false},"features":["default","memchr","std"],"filenames":["D:\\myhexin-local\\opencorvus\\packages\\overlay\\src-tauri\\target\\release\\deps\\libpest-bdf6e9e1d7528136.rlib","D:\\myhexin-local\\opencorvus\\packages\\overlay\\src-tauri\\target\\release\\deps\\libpest-bdf6e9e1d7528136.rmeta"],"executable":null,"fresh":true}
{"reason":"compiler-artifact","package_id":"registry+https://github.com/rust-lang/crates.io-index#fdeflate@0.3.7","manifest_path":"C:\\Users\\hengu\\.cargo\\registry\\src\\index.crates.io-1949cf8c6b5b557f\\fdeflate-0.3.7\\Cargo.toml","target":{"kind":["lib"],"crate_types":["lib"],"name":"fdeflate","src_path":"C:\\Users\\hengu\\.cargo\\registry\\src\\index.crates.io-1949cf8c6b5b557f\\fdeflate-0.3.7\\src\\lib.rs","edition":"2021","doc":true,"doctest":true,"test":true},"profile":{"opt_level":"s","debuginfo":0,"debug_assertions":false,"overflow_checks":false,"test":false},"features":[],"filenames":["D:\\myhexin-local\\opencorvus\\packages\\overlay\\src-tauri\\target\\release\\deps\\libfdeflate-83b6fd6aad55b27d.rlib","D:\\myhexin-local\\opencorvus\\packages\\overlay\\src-tauri\\target\\release\\deps\\libfdeflate-83b6fd6aad55b27d.rmeta"],"executable":null,"fresh":true}
{"reason":"compiler-artifact","package_id":"registry+https://github.com/rust-lang/crates.io-index#hyper@1.8.1","manifest_path":"C:\\Users\\hengu\\.cargo\\registry\\src\\index.crates.io-1949cf8c6b5b557f\\hyper-1.8.1\\Cargo.toml","target":{"kind":["lib"],"crate_types":["lib"],"name":"hyper","src_path":"C:\\Users\\hengu\\.cargo\\registry\\src\\index.crates.io-1949cf8c6b5b557f\\hyper-1.8.1\\src\\lib.rs","edition":"2021","doc":true,"doctest":true,"test":true},"profile":{"opt_level":"s","debuginfo":0,"debug_assertions":false,"overflow_checks":false,"test":false},"features":["client","default","http1"],"filenames":["D:\\myhexin-local\\opencorvus\\packages\\overlay\\src-tauri\\target\\release\\deps\\libhyper-78f934fb951b0758.rlib","D:\\myhexin-local\\opencorvus\\packages\\overlay\\src-tauri\\target\\release\\deps\\libhyper-78f934fb951b0758.rmeta"],"executable":null,"fresh":true}
{"reason":"compiler-artifact","package_id":"registry+https://github.com/rust-lang/crates.io-index#sync_wrapper@1.0.2","manifest_path":"C:\\Users\\hengu\\.cargo\\registry\\src\\index.crates.io-1949cf8c6b5b557f\\sync_wrapper-1.0.2\\Cargo.toml","target":{"kind":["lib"],"crate_types":["lib"],"name":"sync_wrapper","src_path":"C:\\Users\\hengu\\.cargo\\registry\\src\\index.crates.io-1949cf8c6b5b557f\\sync_wrapper-1.0.2\\src\\lib.rs","edition":"2021","doc":true,"doctest":true,"test":true},"profile":{"opt_level":"s","debuginfo":0,"debug_assertions":false,"overflow_checks":false,"test":false},"features":["futures","futures-core"],"filenames":["D:\\myhexin-local\\opencorvus\\packages\\overlay\\src-tauri\\target\\release\\deps\\libsync_wrapper-79d2acfa4592ca4f.rlib","D:\\myhexin-local\\opencorvus\\packages\\overlay\\src-tauri\\target\\release\\deps\\libsync_wrapper-79d2acfa4592ca4f.rmeta"],"executable":null,"fresh":true}
{"reason":"compiler-artifact","package_id":"registry+https://github.com/rust-lang/crates.io-index#ipnet@2.12.0","manifest_path":"C:\\Users\\hengu\\.cargo\\registry\\src\\index.crates.io-1949cf8c6b5b557f\\ipnet-2.12.0\\Cargo.toml","target":{"kind":["lib"],"crate_types":["lib"],"name":"ipnet","src_path":"C:\\Users\\hengu\\.cargo\\registry\\src\\index.crates.io-1949cf8c6b5b557f\\ipnet-2.12.0\\src\\lib.rs","edition":"2018","doc":true,"doctest":true,"test":true},"profile":{"opt_level":"s","debuginfo":0,"debug_assertions":false,"overflow_checks":false,"test":false},"features":["default","std"],"filenames":["D:\\myhexin-local\\opencorvus\\packages\\overlay\\src-tauri\\target\\release\\deps\\libipnet-91d7b8e34e998d70.rlib","D:\\myhexin-local\\opencorvus\\packages\\overlay\\src-tauri\\target\\release\\deps\\libipnet-91d7b8e34e998d70.rmeta"],"executable":null,"fresh":true}
{"reason":"compiler-artifact","package_id":"registry+https://github.com/rust-lang/crates.io-index#tower-layer@0.3.3","manifest_path":"C:\\Users\\hengu\\.cargo\\registry\\src\\index.crates.io-1949cf8c6b5b557f\\tower-layer-0.3.3\\Cargo.toml","target":{"kind":["lib"],"crate_types":["lib"],"name":"tower_layer","src_path":"C:\\Users\\hengu\\.cargo\\registry\\src\\index.crates.io-1949cf8c6b5b557f\\tower-layer-0.3.3\\src\\lib.rs","edition":"2018","doc":true,"doctest":true,"test":true},"profile":{"opt_level":"s","debuginfo":0,"debug_assertions":false,"overflow_checks":false,"test":false},"features":[],"filenames":["D:\\myhexin-local\\opencorvus\\packages\\overlay\\src-tauri\\target\\release\\deps\\libtower_layer-0ca7df226e391bfc.rlib","D:\\myhexin-local\\opencorvus\\packages\\overlay\\src-tauri\\target\\release\\deps\\libtower_layer-0ca7df226e391bfc.rmeta"],"executable":null,"fresh":true}
{"reason":"compiler-artifact","package_id":"registry+https://github.com/rust-lang/crates.io-index#pxfm@0.1.28","manifest_path":"C:\\Users\\hengu\\.cargo\\registry\\src\\index.crates.io-1949cf8c6b5b557f\\pxfm-0.1.28\\Cargo.toml","target":{"kind":["lib"],"crate_types":["lib"],"name":"pxfm","src_path":"C:\\Users\\hengu\\.cargo\\registry\\src\\index.crates.io-1949cf8c6b5b557f\\pxfm-0.1.28\\src\\lib.rs","edition":"2024","doc":true,"doctest":true,"test":true},"profile":{"opt_level":"s","debuginfo":0,"debug_assertions":false,"overflow_checks":false,"test":false},"features":[],"filenames":["D:\\myhexin-local\\opencorvus\\packages\\overlay\\src-tauri\\target\\release\\deps\\libpxfm-98295976fd24ef02.rlib","D:\\myhexin-local\\opencorvus\\packages\\overlay\\src-tauri\\target\\release\\deps\\libpxfm-98295976fd24ef02.rmeta"],"executable":null,"fresh":true}
{"reason":"compiler-artifact","package_id":"registry+https://github.com/rust-lang/crates.io-index#png@0.18.1","manifest_path":"C:\\Users\\hengu\\.cargo\\registry\\src\\index.crates.io-1949cf8c6b5b557f\\png-0.18.1\\Cargo.toml","target":{"kind":["lib"],"crate_types":["lib"],"name":"png","src_path":"C:\\Users\\hengu\\.cargo\\registry\\src\\index.crates.io-1949cf8c6b5b557f\\png-0.18.1\\src\\lib.rs","edition":"2021","doc":true,"doctest":true,"test":true},"profile":{"opt_level":"s","debuginfo":0,"debug_assertions":false,"overflow_checks":false,"test":false},"features":[],"filenames":["D:\\myhexin-local\\opencorvus\\packages\\overlay\\src-tauri\\target\\release\\deps\\libpng-e3bf07c3fad4812e.rlib","D:\\myhexin-local\\opencorvus\\packages\\overlay\\src-tauri\\target\\release\\deps\\libpng-e3bf07c3fad4812e.rmeta"],"executable":null,"fresh":true}
{"reason":"compiler-artifact","package_id":"registry+https://github.com/rust-lang/crates.io-index#ppv-lite86@0.2.21","manifest_path":"C:\\Users\\hengu\\.cargo\\registry\\src\\index.crates.io-1949cf8c6b5b557f\\ppv-lite86-0.2.21\\Cargo.toml","target":{"kind":["lib"],"crate_types":["lib"],"name":"ppv_lite86","src_path":"C:\\Users\\hengu\\.cargo\\registry\\src\\index.crates.io-1949cf8c6b5b557f\\ppv-lite86-0.2.21\\src\\lib.rs","edition":"2021","doc":true,"doctest":true,"test":true},"profile":{"opt_level":"s","debuginfo":0,"debug_assertions":false,"overflow_checks":false,"test":false},"features":["simd","std"],"filenames":["D:\\myhexin-local\\opencorvus\\packages\\overlay\\src-tauri\\target\\release\\deps\\libppv_lite86-6b239b72403061d3.rlib","D:\\myhexin-local\\opencorvus\\packages\\overlay\\src-tauri\\target\\release\\deps\\libppv_lite86-6b239b72403061d3.rmeta"],"executable":null,"fresh":true}
{"reason":"compiler-artifact","package_id":"registry+https://github.com/rust-lang/crates.io-index#tokio-rustls@0.26.4","manifest_path":"C:\\Users\\hengu\\.cargo\\registry\\src\\index.crates.io-1949cf8c6b5b557f\\tokio-rustls-0.26.4\\Cargo.toml","target":{"kind":["lib"],"crate_types":["lib"],"name":"tokio_rustls","src_path":"C:\\Users\\hengu\\.cargo\\registry\\src\\index.crates.io-1949cf8c6b5b557f\\tokio-rustls-0.26.4\\src\\lib.rs","edition":"2021","doc":true,"doctest":true,"test":true},"profile":{"opt_level":"s","debuginfo":0,"debug_assertions":false,"overflow_checks":false,"test":false},"features":["tls12"],"filenames":["D:\\myhexin-local\\opencorvus\\packages\\overlay\\src-tauri\\target\\release\\deps\\libtokio_rustls-2be9c721b21ca3ec.rlib","D:\\myhexin-local\\opencorvus\\packages\\overlay\\src-tauri\\target\\release\\deps\\libtokio_rustls-2be9c721b21ca3ec.rmeta"],"executable":null,"fresh":true}
{"reason":"compiler-artifact","package_id":"registry+https://github.com/rust-lang/crates.io-index#pest_meta@2.8.6","manifest_path":"C:\\Users\\hengu\\.cargo\\registry\\src\\index.crates.io-1949cf8c6b5b557f\\pest_meta-2.8.6\\Cargo.toml","target":{"kind":["lib"],"crate_types":["lib"],"name":"pest_meta","src_path":"C:\\Users\\hengu\\.cargo\\registry\\src\\index.crates.io-1949cf8c6b5b557f\\pest_meta-2.8.6\\src\\lib.rs","edition":"2021","doc":true,"doctest":true,"test":true},"profile":{"opt_level":"0","debuginfo":0,"debug_assertions":false,"overflow_checks":false,"test":false},"features":["default"],"filenames":["D:\\myhexin-local\\opencorvus\\packages\\overlay\\src-tauri\\target\\release\\deps\\libpest_meta-33a0ab528c54eaa4.rlib","D:\\myhexin-local\\opencorvus\\packages\\overlay\\src-tauri\\target\\release\\deps\\libpest_meta-33a0ab528c54eaa4.rmeta"],"executable":null,"fresh":true}
{"reason":"compiler-artifact","package_id":"registry+https://github.com/rust-lang/crates.io-index#moxcms@0.7.11","manifest_path":"C:\\Users\\hengu\\.cargo\\registry\\src\\index.crates.io-1949cf8c6b5b557f\\moxcms-0.7.11\\Cargo.toml","target":{"kind":["lib"],"crate_types":["lib"],"name":"moxcms","src_path":"C:\\Users\\hengu\\.cargo\\registry\\src\\index.crates.io-1949cf8c6b5b557f\\moxcms-0.7.11\\src\\lib.rs","edition":"2024","doc":true,"doctest":true,"test":true},"profile":{"opt_level":"s","debuginfo":0,"debug_assertions":false,"overflow_checks":false,"test":false},"features":["avx","default","neon","sse"],"filenames":["D:\\myhexin-local\\opencorvus\\packages\\overlay\\src-tauri\\target\\release\\deps\\libmoxcms-5a11e5fd05c925cd.rlib","D:\\myhexin-local\\opencorvus\\packages\\overlay\\src-tauri\\target\\release\\deps\\libmoxcms-5a11e5fd05c925cd.rmeta"],"executable":null,"fresh":true}
{"reason":"compiler-artifact","package_id":"registry+https://github.com/rust-lang/crates.io-index#hyper-util@0.1.20","manifest_path":"C:\\Users\\hengu\\.cargo\\registry\\src\\index.crates.io-1949cf8c6b5b557f\\hyper-util-0.1.20\\Cargo.toml","target":{"kind":["lib"],"crate_types":["lib"],"name":"hyper_util","src_path":"C:\\Users\\hengu\\.cargo\\registry\\src\\index.crates.io-1949cf8c6b5b557f\\hyper-util-0.1.20\\src\\lib.rs","edition":"2021","doc":true,"doctest":true,"test":true},"profile":{"opt_level":"s","debuginfo":0,"debug_assertions":false,"overflow_checks":false,"test":false},"features":["client","client-legacy","client-proxy","client-proxy-system","default","http1","tokio"],"filenames":["D:\\myhexin-local\\opencorvus\\packages\\overlay\\src-tauri\\target\\release\\deps\\libhyper_util-a4902dc5ecb55225.rlib","D:\\myhexin-local\\opencorvus\\packages\\overlay\\src-tauri\\target\\release\\deps\\libhyper_util-a4902dc5ecb55225.rmeta"],"executable":null,"fresh":true}
{"reason":"compiler-artifact","package_id":"registry+https://github.com/rust-lang/crates.io-index#tower@0.5.3","manifest_path":"C:\\Users\\hengu\\.cargo\\registry\\src\\index.crates.io-1949cf8c6b5b557f\\tower-0.5.3\\Cargo.toml","target":{"kind":["lib"],"crate_types":["lib"],"name":"tower","src_path":"C:\\Users\\hengu\\.cargo\\registry\\src\\index.crates.io-1949cf8c6b5b557f\\tower-0.5.3\\src\\lib.rs","edition":"2018","doc":true,"doctest":true,"test":true},"profile":{"opt_level":"s","debuginfo":0,"debug_assertions":false,"overflow_checks":false,"test":false},"features":["futures-core","futures-util","pin-project-lite","retry","sync_wrapper","timeout","tokio","util"],"filenames":["D:\\myhexin-local\\opencorvus\\packages\\overlay\\src-tauri\\target\\release\\deps\\libtower-24d111de1a23a00f.rlib","D:\\myhexin-local\\opencorvus\\packages\\overlay\\src-tauri\\target\\release\\deps\\libtower-24d111de1a23a00f.rmeta"],"executable":null,"fresh":true}
{"reason":"compiler-artifact","package_id":"registry+https://github.com/rust-lang/crates.io-index#rand_core@0.9.5","manifest_path":"C:\\Users\\hengu\\.cargo\\registry\\src\\index.crates.io-1949cf8c6b5b557f\\rand_core-0.9.5\\Cargo.toml","target":{"kind":["lib"],"crate_types":["lib"],"name":"rand_core","src_path":"C:\\Users\\hengu\\.cargo\\registry\\src\\index.crates.io-1949cf8c6b5b557f\\rand_core-0.9.5\\src\\lib.rs","edition":"2021","doc":true,"doctest":true,"test":true},"profile":{"opt_level":"s","debuginfo":0,"debug_assertions":false,"overflow_checks":false,"test":false},"features":["os_rng","std"],"filenames":["D:\\myhexin-local\\opencorvus\\packages\\overlay\\src-tauri\\target\\release\\deps\\librand_core-0a56945c1b5c722a.rlib","D:\\myhexin-local\\opencorvus\\packages\\overlay\\src-tauri\\target\\release\\deps\\librand_core-0a56945c1b5c722a.rmeta"],"executable":null,"fresh":true}
{"reason":"compiler-artifact","package_id":"registry+https://github.com/rust-lang/crates.io-index#quick-xml@0.37.5","manifest_path":"C:\\Users\\hengu\\.cargo\\registry\\src\\index.crates.io-1949cf8c6b5b557f\\quick-xml-0.37.5\\Cargo.toml","target":{"kind":["lib"],"crate_types":["lib"],"name":"quick_xml","src_path":"C:\\Users\\hengu\\.cargo\\registry\\src\\index.crates.io-1949cf8c6b5b557f\\quick-xml-0.37.5\\src\\lib.rs","edition":"2021","doc":true,"doctest":true,"test":true},"profile":{"opt_level":"s","debuginfo":0,"debug_assertions":false,"overflow_checks":false,"test":false},"features":["default"],"filenames":["D:\\myhexin-local\\opencorvus\\packages\\overlay\\src-tauri\\target\\release\\deps\\libquick_xml-b0da5da00ecbdd87.rlib","D:\\myhexin-local\\opencorvus\\packages\\overlay\\src-tauri\\target\\release\\deps\\libquick_xml-b0da5da00ecbdd87.rmeta"],"executable":null,"fresh":true}
{"reason":"build-script-executed","package_id":"registry+https://github.com/rust-lang/crates.io-index#getrandom@0.4.2","linked_libs":[],"linked_paths":[],"cfgs":[],"env":[],"out_dir":"D:\\myhexin-local\\opencorvus\\packages\\overlay\\src-tauri\\target\\release\\build\\getrandom-61b3fb0879071b49\\out"}
{"reason":"compiler-artifact","package_id":"registry+https://github.com/rust-lang/crates.io-index#filetime@0.2.29","manifest_path":"C:\\Users\\hengu\\.cargo\\registry\\src\\index.crates.io-1949cf8c6b5b557f\\filetime-0.2.29\\Cargo.toml","target":{"kind":["lib"],"crate_types":["lib"],"name":"filetime","src_path":"C:\\Users\\hengu\\.cargo\\registry\\src\\index.crates.io-1949cf8c6b5b557f\\filetime-0.2.29\\src\\lib.rs","edition":"2018","doc":true,"doctest":true,"test":true},"profile":{"opt_level":"0","debuginfo":0,"debug_assertions":false,"overflow_checks":false,"test":false},"features":[],"filenames":["D:\\myhexin-local\\opencorvus\\packages\\overlay\\src-tauri\\target\\release\\deps\\libfiletime-e66b130be3b1f817.rlib","D:\\myhexin-local\\opencorvus\\packages\\overlay\\src-tauri\\target\\release\\deps\\libfiletime-e66b130be3b1f817.rmeta"],"executable":null,"fresh":true}
{"reason":"compiler-artifact","package_id":"registry+https://github.com/rust-lang/crates.io-index#byteorder-lite@0.1.0","manifest_path":"C:\\Users\\hengu\\.cargo\\registry\\src\\index.crates.io-1949cf8c6b5b557f\\byteorder-lite-0.1.0\\Cargo.toml","target":{"kind":["lib"],"crate_types":["lib"],"name":"byteorder_lite","src_path":"C:\\Users\\hengu\\.cargo\\registry\\src\\index.crates.io-1949cf8c6b5b557f\\byteorder-lite-0.1.0\\src\\lib.rs","edition":"2021","doc":true,"doctest":true,"test":true},"profile":{"opt_level":"s","debuginfo":0,"debug_assertions":false,"overflow_checks":false,"test":false},"features":["default","std"],"filenames":["D:\\myhexin-local\\opencorvus\\packages\\overlay\\src-tauri\\target\\release\\deps\\libbyteorder_lite-b07aff3c53a5a160.rlib","D:\\myhexin-local\\opencorvus\\packages\\overlay\\src-tauri\\target\\release\\deps\\libbyteorder_lite-b07aff3c53a5a160.rmeta"],"executable":null,"fresh":true}
{"reason":"compiler-artifact","package_id":"registry+https://github.com/rust-lang/crates.io-index#rfd@0.16.0","manifest_path":"C:\\Users\\hengu\\.cargo\\registry\\src\\index.crates.io-1949cf8c6b5b557f\\rfd-0.16.0\\Cargo.toml","target":{"kind":["custom-build"],"crate_types":["bin"],"name":"build-script-build","src_path":"C:\\Users\\hengu\\.cargo\\registry\\src\\index.crates.io-1949cf8c6b5b557f\\rfd-0.16.0\\build.rs","edition":"2021","doc":false,"doctest":false,"test":false},"profile":{"opt_level":"0","debuginfo":0,"debug_assertions":false,"overflow_checks":false,"test":false},"features":["common-controls-v6","glib-sys","gobject-sys","gtk-sys","gtk3"],"filenames":["D:\\myhexin-local\\opencorvus\\packages\\overlay\\src-tauri\\target\\release\\build\\rfd-9447e5b6015251e2\\build-script-build.exe","D:\\myhexin-local\\opencorvus\\packages\\overlay\\src-tauri\\target\\release\\build\\rfd-9447e5b6015251e2\\build_script_build.pdb"],"executable":null,"fresh":true}
{"reason":"compiler-artifact","package_id":"registry+https://github.com/rust-lang/crates.io-index#futures-sink@0.3.32","manifest_path":"C:\\Users\\hengu\\.cargo\\registry\\src\\index.crates.io-1949cf8c6b5b557f\\futures-sink-0.3.32\\Cargo.toml","target":{"kind":["lib"],"crate_types":["lib"],"name":"futures_sink","src_path":"C:\\Users\\hengu\\.cargo\\registry\\src\\index.crates.io-1949cf8c6b5b557f\\futures-sink-0.3.32\\src\\lib.rs","edition":"2018","doc":true,"doctest":true,"test":true},"profile":{"opt_level":"s","debuginfo":0,"debug_assertions":false,"overflow_checks":false,"test":false},"features":["alloc","default","std"],"filenames":["D:\\myhexin-local\\opencorvus\\packages\\overlay\\src-tauri\\target\\release\\deps\\libfutures_sink-cfbe0998f12efeb9.rlib","D:\\myhexin-local\\opencorvus\\packages\\overlay\\src-tauri\\target\\release\\deps\\libfutures_sink-cfbe0998f12efeb9.rmeta"],"executable":null,"fresh":true}
{"reason":"compiler-artifact","package_id":"registry+https://github.com/rust-lang/crates.io-index#error-code@3.3.2","manifest_path":"C:\\Users\\hengu\\.cargo\\registry\\src\\index.crates.io-1949cf8c6b5b557f\\error-code-3.3.2\\Cargo.toml","target":{"kind":["lib"],"crate_types":["lib"],"name":"error_code","src_path":"C:\\Users\\hengu\\.cargo\\registry\\src\\index.crates.io-1949cf8c6b5b557f\\error-code-3.3.2\\src\\lib.rs","edition":"2018","doc":true,"doctest":true,"test":true},"profile":{"opt_level":"s","debuginfo":0,"debug_assertions":false,"overflow_checks":false,"test":false},"features":["std"],"filenames":["D:\\myhexin-local\\opencorvus\\packages\\overlay\\src-tauri\\target\\release\\deps\\liberror_code-43812afaf31ef112.rlib","D:\\myhexin-local\\opencorvus\\packages\\overlay\\src-tauri\\target\\release\\deps\\liberror_code-43812afaf31ef112.rmeta"],"executable":null,"fresh":true}
{"reason":"compiler-artifact","package_id":"registry+https://github.com/rust-lang/crates.io-index#futures-io@0.3.32","manifest_path":"C:\\Users\\hengu\\.cargo\\registry\\src\\index.crates.io-1949cf8c6b5b557f\\futures-io-0.3.32\\Cargo.toml","target":{"kind":["lib"],"crate_types":["lib"],"name":"futures_io","src_path":"C:\\Users\\hengu\\.cargo\\registry\\src\\index.crates.io-1949cf8c6b5b557f\\futures-io-0.3.32\\src\\lib.rs","edition":"2018","doc":true,"doctest":true,"test":true},"profile":{"opt_level":"s","debuginfo":0,"debug_assertions":false,"overflow_checks":false,"test":false},"features":["default","std"],"filenames":["D:\\myhexin-local\\opencorvus\\packages\\overlay\\src-tauri\\target\\release\\deps\\libfutures_io-e81fecbeb0ede714.rlib","D:\\myhexin-local\\opencorvus\\packages\\overlay\\src-tauri\\target\\release\\deps\\libfutures_io-e81fecbeb0ede714.rmeta"],"executable":null,"fresh":true}
{"reason":"compiler-artifact","package_id":"registry+https://github.com/rust-lang/crates.io-index#bytemuck@1.25.0","manifest_path":"C:\\Users\\hengu\\.cargo\\registry\\src\\index.crates.io-1949cf8c6b5b557f\\bytemuck-1.25.0\\Cargo.toml","target":{"kind":["lib"],"crate_types":["lib"],"name":"bytemuck","src_path":"C:\\Users\\hengu\\.cargo\\registry\\src\\index.crates.io-1949cf8c6b5b557f\\bytemuck-1.25.0\\src\\lib.rs","edition":"2018","doc":true,"doctest":true,"test":true},"profile":{"opt_level":"s","debuginfo":0,"debug_assertions":false,"overflow_checks":false,"test":false},"features":["extern_crate_alloc"],"filenames":["D:\\myhexin-local\\opencorvus\\packages\\overlay\\src-tauri\\target\\release\\deps\\libbytemuck-06905586b656dbed.rlib","D:\\myhexin-local\\opencorvus\\packages\\overlay\\src-tauri\\target\\release\\deps\\libbytemuck-06905586b656dbed.rmeta"],"executable":null,"fresh":true}
{"reason":"compiler-artifact","package_id":"registry+https://github.com/rust-lang/crates.io-index#iri-string@0.7.10","manifest_path":"C:\\Users\\hengu\\.cargo\\registry\\src\\index.crates.io-1949cf8c6b5b557f\\iri-string-0.7.10\\Cargo.toml","target":{"kind":["lib"],"crate_types":["lib"],"name":"iri_string","src_path":"C:\\Users\\hengu\\.cargo\\registry\\src\\index.crates.io-1949cf8c6b5b557f\\iri-string-0.7.10\\src\\lib.rs","edition":"2021","doc":true,"doctest":true,"test":true},"profile":{"opt_level":"s","debuginfo":0,"debug_assertions":false,"overflow_checks":false,"test":false},"features":["alloc","default","std"],"filenames":["D:\\myhexin-local\\opencorvus\\packages\\overlay\\src-tauri\\target\\release\\deps\\libiri_string-fabdb3e02e632fbe.rlib","D:\\myhexin-local\\opencorvus\\packages\\overlay\\src-tauri\\target\\release\\deps\\libiri_string-fabdb3e02e632fbe.rmeta"],"executable":null,"fresh":true}
{"reason":"compiler-artifact","package_id":"registry+https://github.com/rust-lang/crates.io-index#parking@2.2.1","manifest_path":"C:\\Users\\hengu\\.cargo\\registry\\src\\index.crates.io-1949cf8c6b5b557f\\parking-2.2.1\\Cargo.toml","target":{"kind":["lib"],"crate_types":["lib"],"name":"parking","src_path":"C:\\Users\\hengu\\.cargo\\registry\\src\\index.crates.io-1949cf8c6b5b557f\\parking-2.2.1\\src\\lib.rs","edition":"2018","doc":true,"doctest":true,"test":true},"profile":{"opt_level":"s","debuginfo":0,"debug_assertions":false,"overflow_checks":false,"test":false},"features":[],"filenames":["D:\\myhexin-local\\opencorvus\\packages\\overlay\\src-tauri\\target\\release\\deps\\libparking-4b28335072020361.rlib","D:\\myhexin-local\\opencorvus\\packages\\overlay\\src-tauri\\target\\release\\deps\\libparking-4b28335072020361.rmeta"],"executable":null,"fresh":true}
{"reason":"compiler-artifact","package_id":"registry+https://github.com/rust-lang/crates.io-index#tar@0.4.46","manifest_path":"C:\\Users\\hengu\\.cargo\\registry\\src\\index.crates.io-1949cf8c6b5b557f\\tar-0.4.46\\Cargo.toml","target":{"kind":["lib"],"crate_types":["lib"],"name":"tar","src_path":"C:\\Users\\hengu\\.cargo\\registry\\src\\index.crates.io-1949cf8c6b5b557f\\tar-0.4.46\\src\\lib.rs","edition":"2021","doc":true,"doctest":true,"test":true},"profile":{"opt_level":"0","debuginfo":0,"debug_assertions":false,"overflow_checks":false,"test":false},"features":["default","xattr"],"filenames":["D:\\myhexin-local\\opencorvus\\packages\\overlay\\src-tauri\\target\\release\\deps\\libtar-48f8747ea3176770.rlib","D:\\myhexin-local\\opencorvus\\packages\\overlay\\src-tauri\\target\\release\\deps\\libtar-48f8747ea3176770.rmeta"],"executable":null,"fresh":true}
{"reason":"build-script-executed","package_id":"registry+https://github.com/rust-lang/crates.io-index#rfd@0.16.0","linked_libs":[],"linked_paths":[],"cfgs":[],"env":[],"out_dir":"D:\\myhexin-local\\opencorvus\\packages\\overlay\\src-tauri\\target\\release\\build\\rfd-2eabcef29bb31e7d\\out"}
{"reason":"compiler-artifact","package_id":"registry+https://github.com/rust-lang/crates.io-index#getrandom@0.4.2","manifest_path":"C:\\Users\\hengu\\.cargo\\registry\\src\\index.crates.io-1949cf8c6b5b557f\\getrandom-0.4.2\\Cargo.toml","target":{"kind":["lib"],"crate_types":["lib"],"name":"getrandom","src_path":"C:\\Users\\hengu\\.cargo\\registry\\src\\index.crates.io-1949cf8c6b5b557f\\getrandom-0.4.2\\src\\lib.rs","edition":"2024","doc":true,"doctest":true,"test":true},"profile":{"opt_level":"s","debuginfo":0,"debug_assertions":false,"overflow_checks":false,"test":false},"features":[],"filenames":["D:\\myhexin-local\\opencorvus\\packages\\overlay\\src-tauri\\target\\release\\deps\\libgetrandom-da66d7ab7d2716c0.rlib","D:\\myhexin-local\\opencorvus\\packages\\overlay\\src-tauri\\target\\release\\deps\\libgetrandom-da66d7ab7d2716c0.rmeta"],"executable":null,"fresh":true}
{"reason":"compiler-artifact","package_id":"registry+https://github.com/rust-lang/crates.io-index#futures-lite@2.6.1","manifest_path":"C:\\Users\\hengu\\.cargo\\registry\\src\\index.crates.io-1949cf8c6b5b557f\\futures-lite-2.6.1\\Cargo.toml","target":{"kind":["lib"],"crate_types":["lib"],"name":"futures_lite","src_path":"C:\\Users\\hengu\\.cargo\\registry\\src\\index.crates.io-1949cf8c6b5b557f\\futures-lite-2.6.1\\src\\lib.rs","edition":"2021","doc":true,"doctest":true,"test":true},"profile":{"opt_level":"s","debuginfo":0,"debug_assertions":false,"overflow_checks":false,"test":false},"features":["alloc","default","fastrand","futures-io","parking","race","std"],"filenames":["D:\\myhexin-local\\opencorvus\\packages\\overlay\\src-tauri\\target\\release\\deps\\libfutures_lite-c79c0f25ebe10da7.rlib","D:\\myhexin-local\\opencorvus\\packages\\overlay\\src-tauri\\target\\release\\deps\\libfutures_lite-c79c0f25ebe10da7.rmeta"],"executable":null,"fresh":true}
{"reason":"compiler-artifact","package_id":"registry+https://github.com/rust-lang/crates.io-index#tower-http@0.6.8","manifest_path":"C:\\Users\\hengu\\.cargo\\registry\\src\\index.crates.io-1949cf8c6b5b557f\\tower-http-0.6.8\\Cargo.toml","target":{"kind":["lib"],"crate_types":["lib"],"name":"tower_http","src_path":"C:\\Users\\hengu\\.cargo\\registry\\src\\index.crates.io-1949cf8c6b5b557f\\tower-http-0.6.8\\src\\lib.rs","edition":"2018","doc":true,"doctest":true,"test":true},"profile":{"opt_level":"s","debuginfo":0,"debug_assertions":false,"overflow_checks":false,"test":false},"features":["follow-redirect","futures-util","iri-string","tower"],"filenames":["D:\\myhexin-local\\opencorvus\\packages\\overlay\\src-tauri\\target\\release\\deps\\libtower_http-f7ed1dda801b7bbe.rlib","D:\\myhexin-local\\opencorvus\\packages\\overlay\\src-tauri\\target\\release\\deps\\libtower_http-f7ed1dda801b7bbe.rmeta"],"executable":null,"fresh":true}
{"reason":"compiler-artifact","package_id":"registry+https://github.com/rust-lang/crates.io-index#tokio-util@0.7.18","manifest_path":"C:\\Users\\hengu\\.cargo\\registry\\src\\index.crates.io-1949cf8c6b5b557f\\tokio-util-0.7.18\\Cargo.toml","target":{"kind":["lib"],"crate_types":["lib"],"name":"tokio_util","src_path":"C:\\Users\\hengu\\.cargo\\registry\\src\\index.crates.io-1949cf8c6b5b557f\\tokio-util-0.7.18\\src\\lib.rs","edition":"2021","doc":true,"doctest":true,"test":true},"profile":{"opt_level":"s","debuginfo":0,"debug_assertions":false,"overflow_checks":false,"test":false},"features":["io"],"filenames":["D:\\myhexin-local\\opencorvus\\packages\\overlay\\src-tauri\\target\\release\\deps\\libtokio_util-16562dba9f132561.rlib","D:\\myhexin-local\\opencorvus\\packages\\overlay\\src-tauri\\target\\release\\deps\\libtokio_util-16562dba9f132561.rmeta"],"executable":null,"fresh":true}
{"reason":"compiler-artifact","package_id":"registry+https://github.com/rust-lang/crates.io-index#image@0.25.9","manifest_path":"C:\\Users\\hengu\\.cargo\\registry\\src\\index.crates.io-1949cf8c6b5b557f\\image-0.25.9\\Cargo.toml","target":{"kind":["lib"],"crate_types":["lib"],"name":"image","src_path":"C:\\Users\\hengu\\.cargo\\registry\\src\\index.crates.io-1949cf8c6b5b557f\\image-0.25.9\\src\\lib.rs","edition":"2021","doc":true,"doctest":true,"test":true},"profile":{"opt_level":"s","debuginfo":0,"debug_assertions":false,"overflow_checks":false,"test":false},"features":["bmp","png"],"filenames":["D:\\myhexin-local\\opencorvus\\packages\\overlay\\src-tauri\\target\\release\\deps\\libimage-06d6ee7b4110d11c.rlib","D:\\myhexin-local\\opencorvus\\packages\\overlay\\src-tauri\\target\\release\\deps\\libimage-06d6ee7b4110d11c.rmeta"],"executable":null,"fresh":true}
{"reason":"compiler-artifact","package_id":"registry+https://github.com/rust-lang/crates.io-index#clipboard-win@5.4.1","manifest_path":"C:\\Users\\hengu\\.cargo\\registry\\src\\index.crates.io-1949cf8c6b5b557f\\clipboard-win-5.4.1\\Cargo.toml","target":{"kind":["lib"],"crate_types":["lib"],"name":"clipboard_win","src_path":"C:\\Users\\hengu\\.cargo\\registry\\src\\index.crates.io-1949cf8c6b5b557f\\clipboard-win-5.4.1\\src\\lib.rs","edition":"2018","doc":true,"doctest":true,"test":true},"profile":{"opt_level":"s","debuginfo":0,"debug_assertions":false,"overflow_checks":false,"test":false},"features":["std"],"filenames":["D:\\myhexin-local\\opencorvus\\packages\\overlay\\src-tauri\\target\\release\\deps\\libclipboard_win-9cd537936be1f895.rlib","D:\\myhexin-local\\opencorvus\\packages\\overlay\\src-tauri\\target\\release\\deps\\libclipboard_win-9cd537936be1f895.rmeta"],"executable":null,"fresh":true}
{"reason":"compiler-artifact","package_id":"registry+https://github.com/rust-lang/crates.io-index#rand_chacha@0.9.0","manifest_path":"C:\\Users\\hengu\\.cargo\\registry\\src\\index.crates.io-1949cf8c6b5b557f\\rand_chacha-0.9.0\\Cargo.toml","target":{"kind":["lib"],"crate_types":["lib"],"name":"rand_chacha","src_path":"C:\\Users\\hengu\\.cargo\\registry\\src\\index.crates.io-1949cf8c6b5b557f\\rand_chacha-0.9.0\\src\\lib.rs","edition":"2021","doc":true,"doctest":true,"test":true},"profile":{"opt_level":"s","debuginfo":0,"debug_assertions":false,"overflow_checks":false,"test":false},"features":["std"],"filenames":["D:\\myhexin-local\\opencorvus\\packages\\overlay\\src-tauri\\target\\release\\deps\\librand_chacha-bc85e39c7beb9d2f.rlib","D:\\myhexin-local\\opencorvus\\packages\\overlay\\src-tauri\\target\\release\\deps\\librand_chacha-bc85e39c7beb9d2f.rmeta"],"executable":null,"fresh":true}
{"reason":"compiler-artifact","package_id":"registry+https://github.com/rust-lang/crates.io-index#tauri-winrt-notification@0.7.2","manifest_path":"C:\\Users\\hengu\\.cargo\\registry\\src\\index.crates.io-1949cf8c6b5b557f\\tauri-winrt-notification-0.7.2\\Cargo.toml","target":{"kind":["lib"],"crate_types":["lib"],"name":"tauri_winrt_notification","src_path":"C:\\Users\\hengu\\.cargo\\registry\\src\\index.crates.io-1949cf8c6b5b557f\\tauri-winrt-notification-0.7.2\\src\\lib.rs","edition":"2021","doc":true,"doctest":true,"test":true},"profile":{"opt_level":"s","debuginfo":0,"debug_assertions":false,"overflow_checks":false,"test":false},"features":[],"filenames":["D:\\myhexin-local\\opencorvus\\packages\\overlay\\src-tauri\\target\\release\\deps\\libtauri_winrt_notification-0f955fa82ed7806b.rlib","D:\\myhexin-local\\opencorvus\\packages\\overlay\\src-tauri\\target\\release\\deps\\libtauri_winrt_notification-0f955fa82ed7806b.rmeta"],"executable":null,"fresh":true}
{"reason":"compiler-artifact","package_id":"registry+https://github.com/rust-lang/crates.io-index#hyper-rustls@0.27.9","manifest_path":"C:\\Users\\hengu\\.cargo\\registry\\src\\index.crates.io-1949cf8c6b5b557f\\hyper-rustls-0.27.9\\Cargo.toml","target":{"kind":["lib"],"crate_types":["lib"],"name":"hyper_rustls","src_path":"C:\\Users\\hengu\\.cargo\\registry\\src\\index.crates.io-1949cf8c6b5b557f\\hyper-rustls-0.27.9\\src\\lib.rs","edition":"2021","doc":true,"doctest":true,"test":true},"profile":{"opt_level":"s","debuginfo":0,"debug_assertions":false,"overflow_checks":false,"test":false},"features":["http1","tls12"],"filenames":["D:\\myhexin-local\\opencorvus\\packages\\overlay\\src-tauri\\target\\release\\deps\\libhyper_rustls-083e8cb8606bdecb.rlib","D:\\myhexin-local\\opencorvus\\packages\\overlay\\src-tauri\\target\\release\\deps\\libhyper_rustls-083e8cb8606bdecb.rmeta"],"executable":null,"fresh":true}
{"reason":"compiler-artifact","package_id":"registry+https://github.com/rust-lang/crates.io-index#pest_generator@2.8.6","manifest_path":"C:\\Users\\hengu\\.cargo\\registry\\src\\index.crates.io-1949cf8c6b5b557f\\pest_generator-2.8.6\\Cargo.toml","target":{"kind":["lib"],"crate_types":["lib"],"name":"pest_generator","src_path":"C:\\Users\\hengu\\.cargo\\registry\\src\\index.crates.io-1949cf8c6b5b557f\\pest_generator-2.8.6\\src\\lib.rs","edition":"2021","doc":true,"doctest":true,"test":true},"profile":{"opt_level":"0","debuginfo":0,"debug_assertions":false,"overflow_checks":false,"test":false},"features":["std"],"filenames":["D:\\myhexin-local\\opencorvus\\packages\\overlay\\src-tauri\\target\\release\\deps\\libpest_generator-d8b7f0072dc4b9f3.rlib","D:\\myhexin-local\\opencorvus\\packages\\overlay\\src-tauri\\target\\release\\deps\\libpest_generator-d8b7f0072dc4b9f3.rmeta"],"executable":null,"fresh":true}
{"reason":"compiler-artifact","package_id":"registry+https://github.com/rust-lang/crates.io-index#rustls-platform-verifier@0.6.2","manifest_path":"C:\\Users\\hengu\\.cargo\\registry\\src\\index.crates.io-1949cf8c6b5b557f\\rustls-platform-verifier-0.6.2\\Cargo.toml","target":{"kind":["lib"],"crate_types":["lib"],"name":"rustls_platform_verifier","src_path":"C:\\Users\\hengu\\.cargo\\registry\\src\\index.crates.io-1949cf8c6b5b557f\\rustls-platform-verifier-0.6.2\\src\\lib.rs","edition":"2021","doc":true,"doctest":true,"test":true},"profile":{"opt_level":"s","debuginfo":0,"debug_assertions":false,"overflow_checks":false,"test":false},"features":[],"filenames":["D:\\myhexin-local\\opencorvus\\packages\\overlay\\src-tauri\\target\\release\\deps\\librustls_platform_verifier-43b1e417925ff663.rlib","D:\\myhexin-local\\opencorvus\\packages\\overlay\\src-tauri\\target\\release\\deps\\librustls_platform_verifier-43b1e417925ff663.rmeta"],"executable":null,"fresh":true}
{"reason":"compiler-artifact","package_id":"registry+https://github.com/rust-lang/crates.io-index#http-body-util@0.1.3","manifest_path":"C:\\Users\\hengu\\.cargo\\registry\\src\\index.crates.io-1949cf8c6b5b557f\\http-body-util-0.1.3\\Cargo.toml","target":{"kind":["lib"],"crate_types":["lib"],"name":"http_body_util","src_path":"C:\\Users\\hengu\\.cargo\\registry\\src\\index.crates.io-1949cf8c6b5b557f\\http-body-util-0.1.3\\src\\lib.rs","edition":"2018","doc":true,"doctest":true,"test":true},"profile":{"opt_level":"s","debuginfo":0,"debug_assertions":false,"overflow_checks":false,"test":false},"features":["default"],"filenames":["D:\\myhexin-local\\opencorvus\\packages\\overlay\\src-tauri\\target\\release\\deps\\libhttp_body_util-798c807a7bb99d0a.rlib","D:\\myhexin-local\\opencorvus\\packages\\overlay\\src-tauri\\target\\release\\deps\\libhttp_body_util-798c807a7bb99d0a.rmeta"],"executable":null,"fresh":true}
{"reason":"compiler-artifact","package_id":"registry+https://github.com/rust-lang/crates.io-index#ucd-trie@0.1.7","manifest_path":"C:\\Users\\hengu\\.cargo\\registry\\src\\index.crates.io-1949cf8c6b5b557f\\ucd-trie-0.1.7\\Cargo.toml","target":{"kind":["lib"],"crate_types":["lib"],"name":"ucd_trie","src_path":"C:\\Users\\hengu\\.cargo\\registry\\src\\index.crates.io-1949cf8c6b5b557f\\ucd-trie-0.1.7\\src\\lib.rs","edition":"2021","doc":true,"doctest":true,"test":true},"profile":{"opt_level":"s","debuginfo":0,"debug_assertions":false,"overflow_checks":false,"test":false},"features":["std"],"filenames":["D:\\myhexin-local\\opencorvus\\packages\\overlay\\src-tauri\\target\\release\\deps\\libucd_trie-baa7774d97928986.rlib","D:\\myhexin-local\\opencorvus\\packages\\overlay\\src-tauri\\target\\release\\deps\\libucd_trie-baa7774d97928986.rmeta"],"executable":null,"fresh":true}
{"reason":"compiler-artifact","package_id":"registry+https://github.com/rust-lang/crates.io-index#rand@0.9.4","manifest_path":"C:\\Users\\hengu\\.cargo\\registry\\src\\index.crates.io-1949cf8c6b5b557f\\rand-0.9.4\\Cargo.toml","target":{"kind":["lib"],"crate_types":["lib"],"name":"rand","src_path":"C:\\Users\\hengu\\.cargo\\registry\\src\\index.crates.io-1949cf8c6b5b557f\\rand-0.9.4\\src\\lib.rs","edition":"2021","doc":true,"doctest":true,"test":true},"profile":{"opt_level":"s","debuginfo":0,"debug_assertions":false,"overflow_checks":false,"test":false},"features":["alloc","default","os_rng","small_rng","std","std_rng","thread_rng"],"filenames":["D:\\myhexin-local\\opencorvus\\packages\\overlay\\src-tauri\\target\\release\\deps\\librand-eaa09a5c4f3c555c.rlib","D:\\myhexin-local\\opencorvus\\packages\\overlay\\src-tauri\\target\\release\\deps\\librand-eaa09a5c4f3c555c.rmeta"],"executable":null,"fresh":true}
{"reason":"compiler-artifact","package_id":"registry+https://github.com/rust-lang/crates.io-index#pest_derive@2.8.6","manifest_path":"C:\\Users\\hengu\\.cargo\\registry\\src\\index.crates.io-1949cf8c6b5b557f\\pest_derive-2.8.6\\Cargo.toml","target":{"kind":["proc-macro"],"crate_types":["proc-macro"],"name":"pest_derive","src_path":"C:\\Users\\hengu\\.cargo\\registry\\src\\index.crates.io-1949cf8c6b5b557f\\pest_derive-2.8.6\\src\\lib.rs","edition":"2021","doc":true,"doctest":true,"test":true},"profile":{"opt_level":"0","debuginfo":0,"debug_assertions":false,"overflow_checks":false,"test":false},"features":["default","std"],"filenames":["D:\\myhexin-local\\opencorvus\\packages\\overlay\\src-tauri\\target\\release\\deps\\pest_derive-ab8453f80e5d632c.dll","D:\\myhexin-local\\opencorvus\\packages\\overlay\\src-tauri\\target\\release\\deps\\pest_derive-ab8453f80e5d632c.dll.lib","D:\\myhexin-local\\opencorvus\\packages\\overlay\\src-tauri\\target\\release\\deps\\pest_derive-ab8453f80e5d632c.dll.exp","D:\\myhexin-local\\opencorvus\\packages\\overlay\\src-tauri\\target\\release\\deps\\pest_derive-ab8453f80e5d632c.pdb"],"executable":null,"fresh":true}
{"reason":"compiler-artifact","package_id":"registry+https://github.com/rust-lang/crates.io-index#notify-rust@4.17.0","manifest_path":"C:\\Users\\hengu\\.cargo\\registry\\src\\index.crates.io-1949cf8c6b5b557f\\notify-rust-4.17.0\\Cargo.toml","target":{"kind":["lib"],"crate_types":["lib"],"name":"notify_rust","src_path":"C:\\Users\\hengu\\.cargo\\registry\\src\\index.crates.io-1949cf8c6b5b557f\\notify-rust-4.17.0\\src\\lib.rs","edition":"2021","doc":true,"doctest":true,"test":true},"profile":{"opt_level":"s","debuginfo":0,"debug_assertions":false,"overflow_checks":false,"test":false},"features":["async","default","serde","z","zbus"],"filenames":["D:\\myhexin-local\\opencorvus\\packages\\overlay\\src-tauri\\target\\release\\deps\\libnotify_rust-432edd4afffb3302.rlib","D:\\myhexin-local\\opencorvus\\packages\\overlay\\src-tauri\\target\\release\\deps\\libnotify_rust-432edd4afffb3302.rmeta"],"executable":null,"fresh":true}
{"reason":"compiler-artifact","package_id":"registry+https://github.com/rust-lang/crates.io-index#arboard@3.6.1","manifest_path":"C:\\Users\\hengu\\.cargo\\registry\\src\\index.crates.io-1949cf8c6b5b557f\\arboard-3.6.1\\Cargo.toml","target":{"kind":["lib"],"crate_types":["lib"],"name":"arboard","src_path":"C:\\Users\\hengu\\.cargo\\registry\\src\\index.crates.io-1949cf8c6b5b557f\\arboard-3.6.1\\src\\lib.rs","edition":"2021","doc":true,"doctest":true,"test":true},"profile":{"opt_level":"s","debuginfo":0,"debug_assertions":false,"overflow_checks":false,"test":false},"features":["core-graphics","default","image","image-data","wayland-data-control","windows-sys","wl-clipboard-rs"],"filenames":["D:\\myhexin-local\\opencorvus\\packages\\overlay\\src-tauri\\target\\release\\deps\\libarboard-9f6cf9234aacae83.rlib","D:\\myhexin-local\\opencorvus\\packages\\overlay\\src-tauri\\target\\release\\deps\\libarboard-9f6cf9234aacae83.rmeta"],"executable":null,"fresh":true}
{"reason":"compiler-artifact","package_id":"registry+https://github.com/rust-lang/crates.io-index#rfd@0.16.0","manifest_path":"C:\\Users\\hengu\\.cargo\\registry\\src\\index.crates.io-1949cf8c6b5b557f\\rfd-0.16.0\\Cargo.toml","target":{"kind":["lib"],"crate_types":["lib"],"name":"rfd","src_path":"C:\\Users\\hengu\\.cargo\\registry\\src\\index.crates.io-1949cf8c6b5b557f\\rfd-0.16.0\\src\\lib.rs","edition":"2021","doc":true,"doctest":true,"test":true},"profile":{"opt_level":"s","debuginfo":0,"debug_assertions":false,"overflow_checks":false,"test":false},"features":["common-controls-v6","glib-sys","gobject-sys","gtk-sys","gtk3"],"filenames":["D:\\myhexin-local\\opencorvus\\packages\\overlay\\src-tauri\\target\\release\\deps\\librfd-d0f4a67a03f8c5b5.rlib","D:\\myhexin-local\\opencorvus\\packages\\overlay\\src-tauri\\target\\release\\deps\\librfd-d0f4a67a03f8c5b5.rmeta"],"executable":null,"fresh":true}
{"reason":"compiler-artifact","package_id":"registry+https://github.com/rust-lang/crates.io-index#tempfile@3.26.0","manifest_path":"C:\\Users\\hengu\\.cargo\\registry\\src\\index.crates.io-1949cf8c6b5b557f\\tempfile-3.26.0\\Cargo.toml","target":{"kind":["lib"],"crate_types":["lib"],"name":"tempfile","src_path":"C:\\Users\\hengu\\.cargo\\registry\\src\\index.crates.io-1949cf8c6b5b557f\\tempfile-3.26.0\\src\\lib.rs","edition":"2021","doc":true,"doctest":true,"test":true},"profile":{"opt_level":"s","debuginfo":0,"debug_assertions":false,"overflow_checks":false,"test":false},"features":["default","getrandom"],"filenames":["D:\\myhexin-local\\opencorvus\\packages\\overlay\\src-tauri\\target\\release\\deps\\libtempfile-612236a1767f2cce.rlib","D:\\myhexin-local\\opencorvus\\packages\\overlay\\src-tauri\\target\\release\\deps\\libtempfile-612236a1767f2cce.rmeta"],"executable":null,"fresh":true}
{"reason":"compiler-artifact","package_id":"registry+https://github.com/rust-lang/crates.io-index#reqwest@0.13.2","manifest_path":"C:\\Users\\hengu\\.cargo\\registry\\src\\index.crates.io-1949cf8c6b5b557f\\reqwest-0.13.2\\Cargo.toml","target":{"kind":["lib"],"crate_types":["lib"],"name":"reqwest","src_path":"C:\\Users\\hengu\\.cargo\\registry\\src\\index.crates.io-1949cf8c6b5b557f\\reqwest-0.13.2\\src\\lib.rs","edition":"2021","doc":true,"doctest":true,"test":true},"profile":{"opt_level":"s","debuginfo":0,"debug_assertions":false,"overflow_checks":false,"test":false},"features":["__rustls","__tls","json","rustls-no-provider","stream","system-proxy"],"filenames":["D:\\myhexin-local\\opencorvus\\packages\\overlay\\src-tauri\\target\\release\\deps\\libreqwest-b22ee76df8d592a6.rlib","D:\\myhexin-local\\opencorvus\\packages\\overlay\\src-tauri\\target\\release\\deps\\libreqwest-b22ee76df8d592a6.rmeta"],"executable":null,"fresh":true}
{"reason":"compiler-artifact","package_id":"registry+https://github.com/rust-lang/crates.io-index#pest@2.8.6","manifest_path":"C:\\Users\\hengu\\.cargo\\registry\\src\\index.crates.io-1949cf8c6b5b557f\\pest-2.8.6\\Cargo.toml","target":{"kind":["lib"],"crate_types":["lib"],"name":"pest","src_path":"C:\\Users\\hengu\\.cargo\\registry\\src\\index.crates.io-1949cf8c6b5b557f\\pest-2.8.6\\src\\lib.rs","edition":"2021","doc":true,"doctest":true,"test":true},"profile":{"opt_level":"s","debuginfo":0,"debug_assertions":false,"overflow_checks":false,"test":false},"features":["default","memchr","std"],"filenames":["D:\\myhexin-local\\opencorvus\\packages\\overlay\\src-tauri\\target\\release\\deps\\libpest-fbc882275bd6681d.rlib","D:\\myhexin-local\\opencorvus\\packages\\overlay\\src-tauri\\target\\release\\deps\\libpest-fbc882275bd6681d.rmeta"],"executable":null,"fresh":true}
{"reason":"compiler-artifact","package_id":"registry+https://github.com/rust-lang/crates.io-index#zip@4.6.1","manifest_path":"C:\\Users\\hengu\\.cargo\\registry\\src\\index.crates.io-1949cf8c6b5b557f\\zip-4.6.1\\Cargo.toml","target":{"kind":["lib"],"crate_types":["lib"],"name":"zip","src_path":"C:\\Users\\hengu\\.cargo\\registry\\src\\index.crates.io-1949cf8c6b5b557f\\zip-4.6.1\\src\\lib.rs","edition":"2021","doc":true,"doctest":true,"test":true},"profile":{"opt_level":"s","debuginfo":0,"debug_assertions":false,"overflow_checks":false,"test":false},"features":[],"filenames":["D:\\myhexin-local\\opencorvus\\packages\\overlay\\src-tauri\\target\\release\\deps\\libzip-a932ce343e9e3757.rlib","D:\\myhexin-local\\opencorvus\\packages\\overlay\\src-tauri\\target\\release\\deps\\libzip-a932ce343e9e3757.rmeta"],"executable":null,"fresh":true}
{"reason":"compiler-artifact","package_id":"registry+https://github.com/rust-lang/crates.io-index#winreg@0.55.0","manifest_path":"C:\\Users\\hengu\\.cargo\\registry\\src\\index.crates.io-1949cf8c6b5b557f\\winreg-0.55.0\\Cargo.toml","target":{"kind":["lib"],"crate_types":["lib"],"name":"winreg","src_path":"C:\\Users\\hengu\\.cargo\\registry\\src\\index.crates.io-1949cf8c6b5b557f\\winreg-0.55.0\\src\\lib.rs","edition":"2021","doc":true,"doctest":true,"test":true},"profile":{"opt_level":"s","debuginfo":0,"debug_assertions":false,"overflow_checks":false,"test":false},"features":[],"filenames":["D:\\myhexin-local\\opencorvus\\packages\\overlay\\src-tauri\\target\\release\\deps\\libwinreg-801cf8030ee5919a.rlib","D:\\myhexin-local\\opencorvus\\packages\\overlay\\src-tauri\\target\\release\\deps\\libwinreg-801cf8030ee5919a.rmeta"],"executable":null,"fresh":true}
{"reason":"compiler-artifact","package_id":"registry+https://github.com/rust-lang/crates.io-index#open@5.3.3","manifest_path":"C:\\Users\\hengu\\.cargo\\registry\\src\\index.crates.io-1949cf8c6b5b557f\\open-5.3.3\\Cargo.toml","target":{"kind":["lib"],"crate_types":["lib"],"name":"open","src_path":"C:\\Users\\hengu\\.cargo\\registry\\src\\index.crates.io-1949cf8c6b5b557f\\open-5.3.3\\src\\lib.rs","edition":"2018","doc":true,"doctest":true,"test":true},"profile":{"opt_level":"s","debuginfo":0,"debug_assertions":false,"overflow_checks":false,"test":false},"features":["shellexecute-on-windows"],"filenames":["D:\\myhexin-local\\opencorvus\\packages\\overlay\\src-tauri\\target\\release\\deps\\libopen-d542e633d7a062c1.rlib","D:\\myhexin-local\\opencorvus\\packages\\overlay\\src-tauri\\target\\release\\deps\\libopen-d542e633d7a062c1.rmeta"],"executable":null,"fresh":true}
{"reason":"compiler-artifact","package_id":"registry+https://github.com/rust-lang/crates.io-index#filetime@0.2.29","manifest_path":"C:\\Users\\hengu\\.cargo\\registry\\src\\index.crates.io-1949cf8c6b5b557f\\filetime-0.2.29\\Cargo.toml","target":{"kind":["lib"],"crate_types":["lib"],"name":"filetime","src_path":"C:\\Users\\hengu\\.cargo\\registry\\src\\index.crates.io-1949cf8c6b5b557f\\filetime-0.2.29\\src\\lib.rs","edition":"2018","doc":true,"doctest":true,"test":true},"profile":{"opt_level":"s","debuginfo":0,"debug_assertions":false,"overflow_checks":false,"test":false},"features":[],"filenames":["D:\\myhexin-local\\opencorvus\\packages\\overlay\\src-tauri\\target\\release\\deps\\libfiletime-8fb71a8d05797b58.rlib","D:\\myhexin-local\\opencorvus\\packages\\overlay\\src-tauri\\target\\release\\deps\\libfiletime-8fb71a8d05797b58.rmeta"],"executable":null,"fresh":true}
{"reason":"compiler-artifact","package_id":"registry+https://github.com/rust-lang/crates.io-index#minisign-verify@0.2.5","manifest_path":"C:\\Users\\hengu\\.cargo\\registry\\src\\index.crates.io-1949cf8c6b5b557f\\minisign-verify-0.2.5\\Cargo.toml","target":{"kind":["lib"],"crate_types":["lib"],"name":"minisign_verify","src_path":"C:\\Users\\hengu\\.cargo\\registry\\src\\index.crates.io-1949cf8c6b5b557f\\minisign-verify-0.2.5\\src\\lib.rs","edition":"2018","doc":true,"doctest":true,"test":true},"profile":{"opt_level":"s","debuginfo":0,"debug_assertions":false,"overflow_checks":false,"test":false},"features":[],"filenames":["D:\\myhexin-local\\opencorvus\\packages\\overlay\\src-tauri\\target\\release\\deps\\libminisign_verify-74fa9d6a122cbfbd.rlib","D:\\myhexin-local\\opencorvus\\packages\\overlay\\src-tauri\\target\\release\\deps\\libminisign_verify-74fa9d6a122cbfbd.rmeta"],"executable":null,"fresh":true}
{"reason":"compiler-artifact","package_id":"registry+https://github.com/rust-lang/crates.io-index#fs4@1.1.0","manifest_path":"C:\\Users\\hengu\\.cargo\\registry\\src\\index.crates.io-1949cf8c6b5b557f\\fs4-1.1.0\\Cargo.toml","target":{"kind":["lib"],"crate_types":["lib"],"name":"fs4","src_path":"C:\\Users\\hengu\\.cargo\\registry\\src\\index.crates.io-1949cf8c6b5b557f\\fs4-1.1.0\\src\\lib.rs","edition":"2021","doc":true,"doctest":true,"test":true},"profile":{"opt_level":"s","debuginfo":0,"debug_assertions":false,"overflow_checks":false,"test":false},"features":["default","sync"],"filenames":["D:\\myhexin-local\\opencorvus\\packages\\overlay\\src-tauri\\target\\release\\deps\\libfs4-efdfd62cae454d5e.rlib","D:\\myhexin-local\\opencorvus\\packages\\overlay\\src-tauri\\target\\release\\deps\\libfs4-efdfd62cae454d5e.rmeta"],"executable":null,"fresh":true}
{"reason":"compiler-artifact","package_id":"registry+https://github.com/rust-lang/crates.io-index#winrt-toast-reborn@0.3.8","manifest_path":"C:\\Users\\hengu\\.cargo\\registry\\src\\index.crates.io-1949cf8c6b5b557f\\winrt-toast-reborn-0.3.8\\Cargo.toml","target":{"kind":["lib"],"crate_types":["lib"],"name":"winrt_toast_reborn","src_path":"C:\\Users\\hengu\\.cargo\\registry\\src\\index.crates.io-1949cf8c6b5b557f\\winrt-toast-reborn-0.3.8\\src\\lib.rs","edition":"2021","doc":true,"doctest":true,"test":true},"profile":{"opt_level":"s","debuginfo":0,"debug_assertions":false,"overflow_checks":false,"test":false},"features":[],"filenames":["D:\\myhexin-local\\opencorvus\\packages\\overlay\\src-tauri\\target\\release\\deps\\libwinrt_toast_reborn-ed1695a711af9662.rlib","D:\\myhexin-local\\opencorvus\\packages\\overlay\\src-tauri\\target\\release\\deps\\libwinrt_toast_reborn-ed1695a711af9662.rmeta"],"executable":null,"fresh":true}
{"reason":"compiler-artifact","package_id":"registry+https://github.com/rust-lang/crates.io-index#json5@0.4.1","manifest_path":"C:\\Users\\hengu\\.cargo\\registry\\src\\index.crates.io-1949cf8c6b5b557f\\json5-0.4.1\\Cargo.toml","target":{"kind":["lib"],"crate_types":["lib"],"name":"json5","src_path":"C:\\Users\\hengu\\.cargo\\registry\\src\\index.crates.io-1949cf8c6b5b557f\\json5-0.4.1\\src\\lib.rs","edition":"2018","doc":true,"doctest":true,"test":true},"profile":{"opt_level":"s","debuginfo":0,"debug_assertions":false,"overflow_checks":false,"test":false},"features":[],"filenames":["D:\\myhexin-local\\opencorvus\\packages\\overlay\\src-tauri\\target\\release\\deps\\libjson5-9cf7c59544cc8087.rlib","D:\\myhexin-local\\opencorvus\\packages\\overlay\\src-tauri\\target\\release\\deps\\libjson5-9cf7c59544cc8087.rmeta"],"executable":null,"fresh":true}
{"reason":"compiler-artifact","package_id":"registry+https://github.com/rust-lang/crates.io-index#tar@0.4.46","manifest_path":"C:\\Users\\hengu\\.cargo\\registry\\src\\index.crates.io-1949cf8c6b5b557f\\tar-0.4.46\\Cargo.toml","target":{"kind":["lib"],"crate_types":["lib"],"name":"tar","src_path":"C:\\Users\\hengu\\.cargo\\registry\\src\\index.crates.io-1949cf8c6b5b557f\\tar-0.4.46\\src\\lib.rs","edition":"2021","doc":true,"doctest":true,"test":true},"profile":{"opt_level":"s","debuginfo":0,"debug_assertions":false,"overflow_checks":false,"test":false},"features":["default","xattr"],"filenames":["D:\\myhexin-local\\opencorvus\\packages\\overlay\\src-tauri\\target\\release\\deps\\libtar-6649d035631388dd.rlib","D:\\myhexin-local\\opencorvus\\packages\\overlay\\src-tauri\\target\\release\\deps\\libtar-6649d035631388dd.rmeta"],"executable":null,"fresh":true}
{"reason":"compiler-artifact","package_id":"registry+https://github.com/rust-lang/crates.io-index#darling_core@0.23.0","manifest_path":"C:\\Users\\hengu\\.cargo\\registry\\src\\index.crates.io-1949cf8c6b5b557f\\darling_core-0.23.0\\Cargo.toml","target":{"kind":["lib"],"crate_types":["lib"],"name":"darling_core","src_path":"C:\\Users\\hengu\\.cargo\\registry\\src\\index.crates.io-1949cf8c6b5b557f\\darling_core-0.23.0\\src\\lib.rs","edition":"2021","doc":true,"doctest":true,"test":true},"profile":{"opt_level":"0","debuginfo":0,"debug_assertions":false,"overflow_checks":false,"test":false},"features":["strsim","suggestions"],"filenames":["D:\\myhexin-local\\opencorvus\\packages\\overlay\\src-tauri\\target\\release\\deps\\libdarling_core-5a1819caaf9e63ae.rlib","D:\\myhexin-local\\opencorvus\\packages\\overlay\\src-tauri\\target\\release\\deps\\libdarling_core-5a1819caaf9e63ae.rmeta"],"executable":null,"fresh":false}
{"reason":"compiler-artifact","package_id":"registry+https://github.com/rust-lang/crates.io-index#phf_macros@0.10.0","manifest_path":"C:\\Users\\hengu\\.cargo\\registry\\src\\index.crates.io-1949cf8c6b5b557f\\phf_macros-0.10.0\\Cargo.toml","target":{"kind":["proc-macro"],"crate_types":["proc-macro"],"name":"phf_macros","src_path":"C:\\Users\\hengu\\.cargo\\registry\\src\\index.crates.io-1949cf8c6b5b557f\\phf_macros-0.10.0\\src\\lib.rs","edition":"2018","doc":true,"doctest":true,"test":true},"profile":{"opt_level":"0","debuginfo":0,"debug_assertions":false,"overflow_checks":false,"test":false},"features":[],"filenames":["D:\\myhexin-local\\opencorvus\\packages\\overlay\\src-tauri\\target\\release\\deps\\phf_macros-ca0e417b7d2b4620.dll","D:\\myhexin-local\\opencorvus\\packages\\overlay\\src-tauri\\target\\release\\deps\\phf_macros-ca0e417b7d2b4620.dll.lib","D:\\myhexin-local\\opencorvus\\packages\\overlay\\src-tauri\\target\\release\\deps\\phf_macros-ca0e417b7d2b4620.dll.exp","D:\\myhexin-local\\opencorvus\\packages\\overlay\\src-tauri\\target\\release\\deps\\phf_macros-ca0e417b7d2b4620.pdb"],"executable":null,"fresh":false}
{"reason":"compiler-artifact","package_id":"registry+https://github.com/rust-lang/crates.io-index#markup5ever@0.14.1","manifest_path":"C:\\Users\\hengu\\.cargo\\registry\\src\\index.crates.io-1949cf8c6b5b557f\\markup5ever-0.14.1\\Cargo.toml","target":{"kind":["custom-build"],"crate_types":["bin"],"name":"build-script-build","src_path":"C:\\Users\\hengu\\.cargo\\registry\\src\\index.crates.io-1949cf8c6b5b557f\\markup5ever-0.14.1\\build.rs","edition":"2021","doc":false,"doctest":false,"test":false},"profile":{"opt_level":"0","debuginfo":0,"debug_assertions":false,"overflow_checks":false,"test":false},"features":[],"filenames":["D:\\myhexin-local\\opencorvus\\packages\\overlay\\src-tauri\\target\\release\\build\\markup5ever-429bd76006b21f21\\build-script-build.exe","D:\\myhexin-local\\opencorvus\\packages\\overlay\\src-tauri\\target\\release\\build\\markup5ever-429bd76006b21f21\\build_script_build.pdb"],"executable":null,"fresh":false}
{"reason":"compiler-artifact","package_id":"registry+https://github.com/rust-lang/crates.io-index#phf@0.10.1","manifest_path":"C:\\Users\\hengu\\.cargo\\registry\\src\\index.crates.io-1949cf8c6b5b557f\\phf-0.10.1\\Cargo.toml","target":{"kind":["lib"],"crate_types":["lib"],"name":"phf","src_path":"C:\\Users\\hengu\\.cargo\\registry\\src\\index.crates.io-1949cf8c6b5b557f\\phf-0.10.1\\src\\lib.rs","edition":"2018","doc":true,"doctest":true,"test":false},"profile":{"opt_level":"0","debuginfo":0,"debug_assertions":false,"overflow_checks":false,"test":false},"features":["default","macros","phf_macros","proc-macro-hack","std"],"filenames":["D:\\myhexin-local\\opencorvus\\packages\\overlay\\src-tauri\\target\\release\\deps\\libphf-dcef875729e5162f.rlib","D:\\myhexin-local\\opencorvus\\packages\\overlay\\src-tauri\\target\\release\\deps\\libphf-dcef875729e5162f.rmeta"],"executable":null,"fresh":false}
{"reason":"compiler-artifact","package_id":"registry+https://github.com/rust-lang/crates.io-index#darling_macro@0.23.0","manifest_path":"C:\\Users\\hengu\\.cargo\\registry\\src\\index.crates.io-1949cf8c6b5b557f\\darling_macro-0.23.0\\Cargo.toml","target":{"kind":["proc-macro"],"crate_types":["proc-macro"],"name":"darling_macro","src_path":"C:\\Users\\hengu\\.cargo\\registry\\src\\index.crates.io-1949cf8c6b5b557f\\darling_macro-0.23.0\\src\\lib.rs","edition":"2021","doc":true,"doctest":true,"test":true},"profile":{"opt_level":"0","debuginfo":0,"debug_assertions":false,"overflow_checks":false,"test":false},"features":[],"filenames":["D:\\myhexin-local\\opencorvus\\packages\\overlay\\src-tauri\\target\\release\\deps\\darling_macro-88810768060fdb45.dll","D:\\myhexin-local\\opencorvus\\packages\\overlay\\src-tauri\\target\\release\\deps\\darling_macro-88810768060fdb45.dll.lib","D:\\myhexin-local\\opencorvus\\packages\\overlay\\src-tauri\\target\\release\\deps\\darling_macro-88810768060fdb45.dll.exp","D:\\myhexin-local\\opencorvus\\packages\\overlay\\src-tauri\\target\\release\\deps\\darling_macro-88810768060fdb45.pdb"],"executable":null,"fresh":false}
{"reason":"build-script-executed","package_id":"registry+https://github.com/rust-lang/crates.io-index#markup5ever@0.14.1","linked_libs":[],"linked_paths":[],"cfgs":[],"env":[],"out_dir":"D:\\myhexin-local\\opencorvus\\packages\\overlay\\src-tauri\\target\\release\\build\\markup5ever-9338ea5c1a22d3c5\\out"}
{"reason":"compiler-artifact","package_id":"registry+https://github.com/rust-lang/crates.io-index#darling@0.23.0","manifest_path":"C:\\Users\\hengu\\.cargo\\registry\\src\\index.crates.io-1949cf8c6b5b557f\\darling-0.23.0\\Cargo.toml","target":{"kind":["lib"],"crate_types":["lib"],"name":"darling","src_path":"C:\\Users\\hengu\\.cargo\\registry\\src\\index.crates.io-1949cf8c6b5b557f\\darling-0.23.0\\src\\lib.rs","edition":"2021","doc":true,"doctest":true,"test":true},"profile":{"opt_level":"0","debuginfo":0,"debug_assertions":false,"overflow_checks":false,"test":false},"features":["default","suggestions"],"filenames":["D:\\myhexin-local\\opencorvus\\packages\\overlay\\src-tauri\\target\\release\\deps\\libdarling-bae563ab9fe336d5.rlib","D:\\myhexin-local\\opencorvus\\packages\\overlay\\src-tauri\\target\\release\\deps\\libdarling-bae563ab9fe336d5.rmeta"],"executable":null,"fresh":false}
{"reason":"compiler-artifact","package_id":"registry+https://github.com/rust-lang/crates.io-index#cssparser@0.29.6","manifest_path":"C:\\Users\\hengu\\.cargo\\registry\\src\\index.crates.io-1949cf8c6b5b557f\\cssparser-0.29.6\\Cargo.toml","target":{"kind":["lib"],"crate_types":["lib"],"name":"cssparser","src_path":"C:\\Users\\hengu\\.cargo\\registry\\src\\index.crates.io-1949cf8c6b5b557f\\cssparser-0.29.6\\src\\lib.rs","edition":"2018","doc":true,"doctest":true,"test":true},"profile":{"opt_level":"0","debuginfo":0,"debug_assertions":false,"overflow_checks":false,"test":false},"features":[],"filenames":["D:\\myhexin-local\\opencorvus\\packages\\overlay\\src-tauri\\target\\release\\deps\\libcssparser-ba1762bb365bc9dc.rlib","D:\\myhexin-local\\opencorvus\\packages\\overlay\\src-tauri\\target\\release\\deps\\libcssparser-ba1762bb365bc9dc.rmeta"],"executable":null,"fresh":false}
{"reason":"compiler-artifact","package_id":"registry+https://github.com/rust-lang/crates.io-index#markup5ever@0.14.1","manifest_path":"C:\\Users\\hengu\\.cargo\\registry\\src\\index.crates.io-1949cf8c6b5b557f\\markup5ever-0.14.1\\Cargo.toml","target":{"kind":["lib"],"crate_types":["lib"],"name":"markup5ever","src_path":"C:\\Users\\hengu\\.cargo\\registry\\src\\index.crates.io-1949cf8c6b5b557f\\markup5ever-0.14.1\\lib.rs","edition":"2021","doc":true,"doctest":true,"test":true},"profile":{"opt_level":"0","debuginfo":0,"debug_assertions":false,"overflow_checks":false,"test":false},"features":[],"filenames":["D:\\myhexin-local\\opencorvus\\packages\\overlay\\src-tauri\\target\\release\\deps\\libmarkup5ever-05ce0b3d7545fbd0.rlib","D:\\myhexin-local\\opencorvus\\packages\\overlay\\src-tauri\\target\\release\\deps\\libmarkup5ever-05ce0b3d7545fbd0.rmeta"],"executable":null,"fresh":false}
{"reason":"compiler-artifact","package_id":"registry+https://github.com/rust-lang/crates.io-index#serde_with_macros@3.21.0","manifest_path":"C:\\Users\\hengu\\.cargo\\registry\\src\\index.crates.io-1949cf8c6b5b557f\\serde_with_macros-3.21.0\\Cargo.toml","target":{"kind":["proc-macro"],"crate_types":["proc-macro"],"name":"serde_with_macros","src_path":"C:\\Users\\hengu\\.cargo\\registry\\src\\index.crates.io-1949cf8c6b5b557f\\serde_with_macros-3.21.0\\src\\lib.rs","edition":"2021","doc":true,"doctest":true,"test":true},"profile":{"opt_level":"0","debuginfo":0,"debug_assertions":false,"overflow_checks":false,"test":false},"features":[],"filenames":["D:\\myhexin-local\\opencorvus\\packages\\overlay\\src-tauri\\target\\release\\deps\\serde_with_macros-7a30682673b8c51d.dll","D:\\myhexin-local\\opencorvus\\packages\\overlay\\src-tauri\\target\\release\\deps\\serde_with_macros-7a30682673b8c51d.dll.lib","D:\\myhexin-local\\opencorvus\\packages\\overlay\\src-tauri\\target\\release\\deps\\serde_with_macros-7a30682673b8c51d.dll.exp","D:\\myhexin-local\\opencorvus\\packages\\overlay\\src-tauri\\target\\release\\deps\\serde_with_macros-7a30682673b8c51d.pdb"],"executable":null,"fresh":false}
{"reason":"compiler-artifact","package_id":"registry+https://github.com/rust-lang/crates.io-index#selectors@0.24.0","manifest_path":"C:\\Users\\hengu\\.cargo\\registry\\src\\index.crates.io-1949cf8c6b5b557f\\selectors-0.24.0\\Cargo.toml","target":{"kind":["lib"],"crate_types":["lib"],"name":"selectors","src_path":"C:\\Users\\hengu\\.cargo\\registry\\src\\index.crates.io-1949cf8c6b5b557f\\selectors-0.24.0\\lib.rs","edition":"2015","doc":true,"doctest":true,"test":true},"profile":{"opt_level":"0","debuginfo":0,"debug_assertions":false,"overflow_checks":false,"test":false},"features":[],"filenames":["D:\\myhexin-local\\opencorvus\\packages\\overlay\\src-tauri\\target\\release\\deps\\libselectors-7ef21f311e812d22.rlib","D:\\myhexin-local\\opencorvus\\packages\\overlay\\src-tauri\\target\\release\\deps\\libselectors-7ef21f311e812d22.rmeta"],"executable":null,"fresh":false}
{"reason":"compiler-artifact","package_id":"registry+https://github.com/rust-lang/crates.io-index#html5ever@0.29.1","manifest_path":"C:\\Users\\hengu\\.cargo\\registry\\src\\index.crates.io-1949cf8c6b5b557f\\html5ever-0.29.1\\Cargo.toml","target":{"kind":["lib"],"crate_types":["lib"],"name":"html5ever","src_path":"C:\\Users\\hengu\\.cargo\\registry\\src\\index.crates.io-1949cf8c6b5b557f\\html5ever-0.29.1\\src\\lib.rs","edition":"2021","doc":true,"doctest":true,"test":true},"profile":{"opt_level":"0","debuginfo":0,"debug_assertions":false,"overflow_checks":false,"test":false},"features":[],"filenames":["D:\\myhexin-local\\opencorvus\\packages\\overlay\\src-tauri\\target\\release\\deps\\libhtml5ever-5106d22665d6e65e.rlib","D:\\myhexin-local\\opencorvus\\packages\\overlay\\src-tauri\\target\\release\\deps\\libhtml5ever-5106d22665d6e65e.rmeta"],"executable":null,"fresh":false}
{"reason":"compiler-artifact","package_id":"registry+https://github.com/rust-lang/crates.io-index#serde_with@3.21.0","manifest_path":"C:\\Users\\hengu\\.cargo\\registry\\src\\index.crates.io-1949cf8c6b5b557f\\serde_with-3.21.0\\Cargo.toml","target":{"kind":["lib"],"crate_types":["lib"],"name":"serde_with","src_path":"C:\\Users\\hengu\\.cargo\\registry\\src\\index.crates.io-1949cf8c6b5b557f\\serde_with-3.21.0\\src\\lib.rs","edition":"2021","doc":true,"doctest":true,"test":true},"profile":{"opt_level":"0","debuginfo":0,"debug_assertions":false,"overflow_checks":false,"test":false},"features":["alloc","default","macros","std"],"filenames":["D:\\myhexin-local\\opencorvus\\packages\\overlay\\src-tauri\\target\\release\\deps\\libserde_with-10db9bda16e608af.rlib","D:\\myhexin-local\\opencorvus\\packages\\overlay\\src-tauri\\target\\release\\deps\\libserde_with-10db9bda16e608af.rmeta"],"executable":null,"fresh":false}
{"reason":"compiler-artifact","package_id":"registry+https://github.com/rust-lang/crates.io-index#kuchikiki@0.8.8-speedreader","manifest_path":"C:\\Users\\hengu\\.cargo\\registry\\src\\index.crates.io-1949cf8c6b5b557f\\kuchikiki-0.8.8-speedreader\\Cargo.toml","target":{"kind":["lib"],"crate_types":["lib"],"name":"kuchikiki","src_path":"C:\\Users\\hengu\\.cargo\\registry\\src\\index.crates.io-1949cf8c6b5b557f\\kuchikiki-0.8.8-speedreader\\src\\lib.rs","edition":"2018","doc":true,"doctest":true,"test":true},"profile":{"opt_level":"0","debuginfo":0,"debug_assertions":false,"overflow_checks":false,"test":false},"features":[],"filenames":["D:\\myhexin-local\\opencorvus\\packages\\overlay\\src-tauri\\target\\release\\deps\\libkuchikiki-68f30d720d08d466.rlib","D:\\myhexin-local\\opencorvus\\packages\\overlay\\src-tauri\\target\\release\\deps\\libkuchikiki-68f30d720d08d466.rmeta"],"executable":null,"fresh":false}
{"reason":"compiler-artifact","package_id":"registry+https://github.com/rust-lang/crates.io-index#serde_with@3.21.0","manifest_path":"C:\\Users\\hengu\\.cargo\\registry\\src\\index.crates.io-1949cf8c6b5b557f\\serde_with-3.21.0\\Cargo.toml","target":{"kind":["lib"],"crate_types":["lib"],"name":"serde_with","src_path":"C:\\Users\\hengu\\.cargo\\registry\\src\\index.crates.io-1949cf8c6b5b557f\\serde_with-3.21.0\\src\\lib.rs","edition":"2021","doc":true,"doctest":true,"test":true},"profile":{"opt_level":"s","debuginfo":0,"debug_assertions":false,"overflow_checks":false,"test":false},"features":["alloc","default","macros","std"],"filenames":["D:\\myhexin-local\\opencorvus\\packages\\overlay\\src-tauri\\target\\release\\deps\\libserde_with-4f5948924af3d759.rlib","D:\\myhexin-local\\opencorvus\\packages\\overlay\\src-tauri\\target\\release\\deps\\libserde_with-4f5948924af3d759.rmeta"],"executable":null,"fresh":false}
{"reason":"compiler-artifact","package_id":"registry+https://github.com/rust-lang/crates.io-index#tauri-runtime@2.11.1","manifest_path":"C:\\Users\\hengu\\.cargo\\registry\\src\\index.crates.io-1949cf8c6b5b557f\\tauri-runtime-2.11.1\\Cargo.toml","target":{"kind":["lib"],"crate_types":["lib"],"name":"tauri_runtime","src_path":"C:\\Users\\hengu\\.cargo\\registry\\src\\index.crates.io-1949cf8c6b5b557f\\tauri-runtime-2.11.1\\src\\lib.rs","edition":"2021","doc":true,"doctest":true,"test":true},"profile":{"opt_level":"s","debuginfo":0,"debug_assertions":false,"overflow_checks":false,"test":false},"features":["devtools"],"filenames":["D:\\myhexin-local\\opencorvus\\packages\\overlay\\src-tauri\\target\\release\\deps\\libtauri_runtime-a8b581a022a12dd4.rlib","D:\\myhexin-local\\opencorvus\\packages\\overlay\\src-tauri\\target\\release\\deps\\libtauri_runtime-a8b581a022a12dd4.rmeta"],"executable":null,"fresh":false}
{"reason":"compiler-artifact","package_id":"registry+https://github.com/rust-lang/crates.io-index#tauri-plugin@2.5.4","manifest_path":"C:\\Users\\hengu\\.cargo\\registry\\src\\index.crates.io-1949cf8c6b5b557f\\tauri-plugin-2.5.4\\Cargo.toml","target":{"kind":["lib"],"crate_types":["lib"],"name":"tauri_plugin","src_path":"C:\\Users\\hengu\\.cargo\\registry\\src\\index.crates.io-1949cf8c6b5b557f\\tauri-plugin-2.5.4\\src\\lib.rs","edition":"2021","doc":true,"doctest":true,"test":true},"profile":{"opt_level":"0","debuginfo":0,"debug_assertions":false,"overflow_checks":false,"test":false},"features":["build"],"filenames":["D:\\myhexin-local\\opencorvus\\packages\\overlay\\src-tauri\\target\\release\\deps\\libtauri_plugin-1a00aa4695114dc7.rlib","D:\\myhexin-local\\opencorvus\\packages\\overlay\\src-tauri\\target\\release\\deps\\libtauri_plugin-1a00aa4695114dc7.rmeta"],"executable":null,"fresh":false}
{"reason":"compiler-artifact","package_id":"registry+https://github.com/rust-lang/crates.io-index#tauri-runtime-wry@2.11.1","manifest_path":"C:\\Users\\hengu\\.cargo\\registry\\src\\index.crates.io-1949cf8c6b5b557f\\tauri-runtime-wry-2.11.1\\Cargo.toml","target":{"kind":["lib"],"crate_types":["lib"],"name":"tauri_runtime_wry","src_path":"C:\\Users\\hengu\\.cargo\\registry\\src\\index.crates.io-1949cf8c6b5b557f\\tauri-runtime-wry-2.11.1\\src\\lib.rs","edition":"2021","doc":true,"doctest":true,"test":true},"profile":{"opt_level":"s","debuginfo":0,"debug_assertions":false,"overflow_checks":false,"test":false},"features":["common-controls-v6","dbus","devtools","unstable","x11"],"filenames":["D:\\myhexin-local\\opencorvus\\packages\\overlay\\src-tauri\\target\\release\\deps\\libtauri_runtime_wry-70ebd87f033b1c62.rlib","D:\\myhexin-local\\opencorvus\\packages\\overlay\\src-tauri\\target\\release\\deps\\libtauri_runtime_wry-70ebd87f033b1c62.rmeta"],"executable":null,"fresh":false}
{"reason":"compiler-artifact","package_id":"registry+https://github.com/rust-lang/crates.io-index#tauri-build@2.6.1","manifest_path":"C:\\Users\\hengu\\.cargo\\registry\\src\\index.crates.io-1949cf8c6b5b557f\\tauri-build-2.6.1\\Cargo.toml","target":{"kind":["lib"],"crate_types":["lib"],"name":"tauri_build","src_path":"C:\\Users\\hengu\\.cargo\\registry\\src\\index.crates.io-1949cf8c6b5b557f\\tauri-build-2.6.1\\src\\lib.rs","edition":"2021","doc":true,"doctest":true,"test":true},"profile":{"opt_level":"0","debuginfo":0,"debug_assertions":false,"overflow_checks":false,"test":false},"features":["config-json","default"],"filenames":["D:\\myhexin-local\\opencorvus\\packages\\overlay\\src-tauri\\target\\release\\deps\\libtauri_build-a79cb7d5492b90cf.rlib","D:\\myhexin-local\\opencorvus\\packages\\overlay\\src-tauri\\target\\release\\deps\\libtauri_build-a79cb7d5492b90cf.rmeta"],"executable":null,"fresh":false}
{"reason":"compiler-artifact","package_id":"registry+https://github.com/rust-lang/crates.io-index#tauri-codegen@2.6.1","manifest_path":"C:\\Users\\hengu\\.cargo\\registry\\src\\index.crates.io-1949cf8c6b5b557f\\tauri-codegen-2.6.1\\Cargo.toml","target":{"kind":["lib"],"crate_types":["lib"],"name":"tauri_codegen","src_path":"C:\\Users\\hengu\\.cargo\\registry\\src\\index.crates.io-1949cf8c6b5b557f\\tauri-codegen-2.6.1\\src\\lib.rs","edition":"2021","doc":true,"doctest":true,"test":true},"profile":{"opt_level":"0","debuginfo":0,"debug_assertions":false,"overflow_checks":false,"test":false},"features":["brotli","compression"],"filenames":["D:\\myhexin-local\\opencorvus\\packages\\overlay\\src-tauri\\target\\release\\deps\\libtauri_codegen-d3bedd5fdd9427cf.rlib","D:\\myhexin-local\\opencorvus\\packages\\overlay\\src-tauri\\target\\release\\deps\\libtauri_codegen-d3bedd5fdd9427cf.rmeta"],"executable":null,"fresh":false}
{"reason":"compiler-artifact","package_id":"registry+https://github.com/rust-lang/crates.io-index#tauri-utils@2.9.1","manifest_path":"C:\\Users\\hengu\\.cargo\\registry\\src\\index.crates.io-1949cf8c6b5b557f\\tauri-utils-2.9.1\\Cargo.toml","target":{"kind":["lib"],"crate_types":["lib"],"name":"tauri_utils","src_path":"C:\\Users\\hengu\\.cargo\\registry\\src\\index.crates.io-1949cf8c6b5b557f\\tauri-utils-2.9.1\\src\\lib.rs","edition":"2021","doc":true,"doctest":true,"test":true},"profile":{"opt_level":"0","debuginfo":0,"debug_assertions":false,"overflow_checks":false,"test":false},"features":["brotli","build","build-2","cargo_metadata","compression","html-manipulation","html-manipulation-2","proc-macro2","quote","resources","schema","schemars","swift-rs","walkdir"],"filenames":["D:\\myhexin-local\\opencorvus\\packages\\overlay\\src-tauri\\target\\release\\deps\\libtauri_utils-23cdf6ec3c82ae5b.rlib","D:\\myhexin-local\\opencorvus\\packages\\overlay\\src-tauri\\target\\release\\deps\\libtauri_utils-23cdf6ec3c82ae5b.rmeta"],"executable":null,"fresh":false}
{"reason":"compiler-artifact","package_id":"registry+https://github.com/rust-lang/crates.io-index#tauri@2.11.1","manifest_path":"C:\\Users\\hengu\\.cargo\\registry\\src\\index.crates.io-1949cf8c6b5b557f\\tauri-2.11.1\\Cargo.toml","target":{"kind":["custom-build"],"crate_types":["bin"],"name":"build-script-build","src_path":"C:\\Users\\hengu\\.cargo\\registry\\src\\index.crates.io-1949cf8c6b5b557f\\tauri-2.11.1\\build.rs","edition":"2021","doc":false,"doctest":false,"test":false},"profile":{"opt_level":"0","debuginfo":0,"debug_assertions":false,"overflow_checks":false,"test":false},"features":["common-controls-v6","compression","custom-protocol","dbus","default","devtools","dynamic-acl","tauri-runtime-wry","tray-icon","unstable","webkit2gtk","webview2-com","wry","x11"],"filenames":["D:\\myhexin-local\\opencorvus\\packages\\overlay\\src-tauri\\target\\release\\build\\tauri-b98100b44ce7f93d\\build-script-build.exe","D:\\myhexin-local\\opencorvus\\packages\\overlay\\src-tauri\\target\\release\\build\\tauri-b98100b44ce7f93d\\build_script_build.pdb"],"executable":null,"fresh":false}
{"reason":"compiler-artifact","package_id":"registry+https://github.com/rust-lang/crates.io-index#tauri-plugin-clipboard-manager@2.3.2","manifest_path":"C:\\Users\\hengu\\.cargo\\registry\\src\\index.crates.io-1949cf8c6b5b557f\\tauri-plugin-clipboard-manager-2.3.2\\Cargo.toml","target":{"kind":["custom-build"],"crate_types":["bin"],"name":"build-script-build","src_path":"C:\\Users\\hengu\\.cargo\\registry\\src\\index.crates.io-1949cf8c6b5b557f\\tauri-plugin-clipboard-manager-2.3.2\\build.rs","edition":"2021","doc":false,"doctest":false,"test":false},"profile":{"opt_level":"0","debuginfo":0,"debug_assertions":false,"overflow_checks":false,"test":false},"features":[],"filenames":["D:\\myhexin-local\\opencorvus\\packages\\overlay\\src-tauri\\target\\release\\build\\tauri-plugin-clipboard-manager-9c273ba63a3758ee\\build-script-build.exe","D:\\myhexin-local\\opencorvus\\packages\\overlay\\src-tauri\\target\\release\\build\\tauri-plugin-clipboard-manager-9c273ba63a3758ee\\build_script_build.pdb"],"executable":null,"fresh":false}
{"reason":"compiler-artifact","package_id":"registry+https://github.com/rust-lang/crates.io-index#tauri-plugin-dialog@2.6.0","manifest_path":"C:\\Users\\hengu\\.cargo\\registry\\src\\index.crates.io-1949cf8c6b5b557f\\tauri-plugin-dialog-2.6.0\\Cargo.toml","target":{"kind":["custom-build"],"crate_types":["bin"],"name":"build-script-build","src_path":"C:\\Users\\hengu\\.cargo\\registry\\src\\index.crates.io-1949cf8c6b5b557f\\tauri-plugin-dialog-2.6.0\\build.rs","edition":"2021","doc":false,"doctest":false,"test":false},"profile":{"opt_level":"0","debuginfo":0,"debug_assertions":false,"overflow_checks":false,"test":false},"features":["default","gtk3"],"filenames":["D:\\myhexin-local\\opencorvus\\packages\\overlay\\src-tauri\\target\\release\\build\\tauri-plugin-dialog-35e277f0e5442e34\\build-script-build.exe","D:\\myhexin-local\\opencorvus\\packages\\overlay\\src-tauri\\target\\release\\build\\tauri-plugin-dialog-35e277f0e5442e34\\build_script_build.pdb"],"executable":null,"fresh":false}
{"reason":"compiler-artifact","package_id":"registry+https://github.com/rust-lang/crates.io-index#tauri-plugin-updater@2.12.0","manifest_path":"C:\\Users\\hengu\\.cargo\\registry\\src\\index.crates.io-1949cf8c6b5b557f\\tauri-plugin-updater-2.12.0\\Cargo.toml","target":{"kind":["custom-build"],"crate_types":["bin"],"name":"build-script-build","src_path":"C:\\Users\\hengu\\.cargo\\registry\\src\\index.crates.io-1949cf8c6b5b557f\\tauri-plugin-updater-2.12.0\\build.rs","edition":"2021","doc":false,"doctest":false,"test":false},"profile":{"opt_level":"0","debuginfo":0,"debug_assertions":false,"overflow_checks":false,"test":false},"features":["default","rustls-tls","system-proxy","zip"],"filenames":["D:\\myhexin-local\\opencorvus\\packages\\overlay\\src-tauri\\target\\release\\build\\tauri-plugin-updater-e55ea93fed5572f9\\build-script-build.exe","D:\\myhexin-local\\opencorvus\\packages\\overlay\\src-tauri\\target\\release\\build\\tauri-plugin-updater-e55ea93fed5572f9\\build_script_build.pdb"],"executable":null,"fresh":false}
{"reason":"compiler-artifact","package_id":"registry+https://github.com/rust-lang/crates.io-index#tauri-plugin-notification@2.3.3","manifest_path":"C:\\Users\\hengu\\.cargo\\registry\\src\\index.crates.io-1949cf8c6b5b557f\\tauri-plugin-notification-2.3.3\\Cargo.toml","target":{"kind":["custom-build"],"crate_types":["bin"],"name":"build-script-build","src_path":"C:\\Users\\hengu\\.cargo\\registry\\src\\index.crates.io-1949cf8c6b5b557f\\tauri-plugin-notification-2.3.3\\build.rs","edition":"2021","doc":false,"doctest":false,"test":false},"profile":{"opt_level":"0","debuginfo":0,"debug_assertions":false,"overflow_checks":false,"test":false},"features":[],"filenames":["D:\\myhexin-local\\opencorvus\\packages\\overlay\\src-tauri\\target\\release\\build\\tauri-plugin-notification-bd61e556da3bf342\\build-script-build.exe","D:\\myhexin-local\\opencorvus\\packages\\overlay\\src-tauri\\target\\release\\build\\tauri-plugin-notification-bd61e556da3bf342\\build_script_build.pdb"],"executable":null,"fresh":false}
{"reason":"compiler-artifact","package_id":"registry+https://github.com/rust-lang/crates.io-index#tauri-plugin-deep-link@2.4.9","manifest_path":"C:\\Users\\hengu\\.cargo\\registry\\src\\index.crates.io-1949cf8c6b5b557f\\tauri-plugin-deep-link-2.4.9\\Cargo.toml","target":{"kind":["custom-build"],"crate_types":["bin"],"name":"build-script-build","src_path":"C:\\Users\\hengu\\.cargo\\registry\\src\\index.crates.io-1949cf8c6b5b557f\\tauri-plugin-deep-link-2.4.9\\build.rs","edition":"2021","doc":false,"doctest":false,"test":false},"profile":{"opt_level":"0","debuginfo":0,"debug_assertions":false,"overflow_checks":false,"test":false},"features":[],"filenames":["D:\\myhexin-local\\opencorvus\\packages\\overlay\\src-tauri\\target\\release\\build\\tauri-plugin-deep-link-3626a0b740d8a5d0\\build-script-build.exe","D:\\myhexin-local\\opencorvus\\packages\\overlay\\src-tauri\\target\\release\\build\\tauri-plugin-deep-link-3626a0b740d8a5d0\\build_script_build.pdb"],"executable":null,"fresh":false}
{"reason":"compiler-artifact","package_id":"registry+https://github.com/rust-lang/crates.io-index#tauri-plugin-opener@2.5.3","manifest_path":"C:\\Users\\hengu\\.cargo\\registry\\src\\index.crates.io-1949cf8c6b5b557f\\tauri-plugin-opener-2.5.3\\Cargo.toml","target":{"kind":["custom-build"],"crate_types":["bin"],"name":"build-script-build","src_path":"C:\\Users\\hengu\\.cargo\\registry\\src\\index.crates.io-1949cf8c6b5b557f\\tauri-plugin-opener-2.5.3\\build.rs","edition":"2021","doc":false,"doctest":false,"test":false},"profile":{"opt_level":"0","debuginfo":0,"debug_assertions":false,"overflow_checks":false,"test":false},"features":[],"filenames":["D:\\myhexin-local\\opencorvus\\packages\\overlay\\src-tauri\\target\\release\\build\\tauri-plugin-opener-78a05da85519cb63\\build-script-build.exe","D:\\myhexin-local\\opencorvus\\packages\\overlay\\src-tauri\\target\\release\\build\\tauri-plugin-opener-78a05da85519cb63\\build_script_build.pdb"],"executable":null,"fresh":false}
{"reason":"compiler-artifact","package_id":"registry+https://github.com/rust-lang/crates.io-index#tauri-plugin-fs@2.4.5","manifest_path":"C:\\Users\\hengu\\.cargo\\registry\\src\\index.crates.io-1949cf8c6b5b557f\\tauri-plugin-fs-2.4.5\\Cargo.toml","target":{"kind":["custom-build"],"crate_types":["bin"],"name":"build-script-build","src_path":"C:\\Users\\hengu\\.cargo\\registry\\src\\index.crates.io-1949cf8c6b5b557f\\tauri-plugin-fs-2.4.5\\build.rs","edition":"2021","doc":false,"doctest":false,"test":false},"profile":{"opt_level":"0","debuginfo":0,"debug_assertions":false,"overflow_checks":false,"test":false},"features":[],"filenames":["D:\\myhexin-local\\opencorvus\\packages\\overlay\\src-tauri\\target\\release\\build\\tauri-plugin-fs-1f77d9ac68abef26\\build-script-build.exe","D:\\myhexin-local\\opencorvus\\packages\\overlay\\src-tauri\\target\\release\\build\\tauri-plugin-fs-1f77d9ac68abef26\\build_script_build.pdb"],"executable":null,"fresh":false}
{"reason":"compiler-artifact","package_id":"registry+https://github.com/rust-lang/crates.io-index#tauri-macros@2.6.1","manifest_path":"C:\\Users\\hengu\\.cargo\\registry\\src\\index.crates.io-1949cf8c6b5b557f\\tauri-macros-2.6.1\\Cargo.toml","target":{"kind":["proc-macro"],"crate_types":["proc-macro"],"name":"tauri_macros","src_path":"C:\\Users\\hengu\\.cargo\\registry\\src\\index.crates.io-1949cf8c6b5b557f\\tauri-macros-2.6.1\\src\\lib.rs","edition":"2021","doc":true,"doctest":true,"test":true},"profile":{"opt_level":"0","debuginfo":0,"debug_assertions":false,"overflow_checks":false,"test":false},"features":["compression","custom-protocol"],"filenames":["D:\\myhexin-local\\opencorvus\\packages\\overlay\\src-tauri\\target\\release\\deps\\tauri_macros-9a0f63c7ca7ec8c1.dll","D:\\myhexin-local\\opencorvus\\packages\\overlay\\src-tauri\\target\\release\\deps\\tauri_macros-9a0f63c7ca7ec8c1.dll.lib","D:\\myhexin-local\\opencorvus\\packages\\overlay\\src-tauri\\target\\release\\deps\\tauri_macros-9a0f63c7ca7ec8c1.dll.exp","D:\\myhexin-local\\opencorvus\\packages\\overlay\\src-tauri\\target\\release\\deps\\tauri_macros-9a0f63c7ca7ec8c1.pdb"],"executable":null,"fresh":false}
{"reason":"build-script-executed","package_id":"registry+https://github.com/rust-lang/crates.io-index#tauri@2.11.1","linked_libs":[],"linked_paths":[],"cfgs":["custom_protocol","desktop"],"env":[],"out_dir":"D:\\myhexin-local\\opencorvus\\packages\\overlay\\src-tauri\\target\\release\\build\\tauri-b75fa80b72d264e2\\out"}
{"reason":"compiler-artifact","package_id":"path+file:///D:/myhexin-local/opencorvus/packages/overlay/src-tauri#opencorvus-overlay@0.1.23","manifest_path":"D:\\myhexin-local\\opencorvus\\packages\\overlay\\src-tauri\\Cargo.toml","target":{"kind":["custom-build"],"crate_types":["bin"],"name":"build-script-build","src_path":"D:\\myhexin-local\\opencorvus\\packages\\overlay\\src-tauri\\build.rs","edition":"2021","doc":false,"doctest":false,"test":false},"profile":{"opt_level":"0","debuginfo":0,"debug_assertions":false,"overflow_checks":false,"test":false},"features":["default","devtools"],"filenames":["D:\\myhexin-local\\opencorvus\\packages\\overlay\\src-tauri\\target\\release\\build\\opencorvus-overlay-52b516eb4ccfc84a\\build-script-build.exe","D:\\myhexin-local\\opencorvus\\packages\\overlay\\src-tauri\\target\\release\\build\\opencorvus-overlay-52b516eb4ccfc84a\\build_script_build.pdb"],"executable":null,"fresh":false}
{"reason":"build-script-executed","package_id":"registry+https://github.com/rust-lang/crates.io-index#tauri-plugin-deep-link@2.4.9","linked_libs":[],"linked_paths":[],"cfgs":["desktop"],"env":[],"out_dir":"D:\\myhexin-local\\opencorvus\\packages\\overlay\\src-tauri\\target\\release\\build\\tauri-plugin-deep-link-5e3b06c56a553910\\out"}
{"reason":"build-script-executed","package_id":"registry+https://github.com/rust-lang/crates.io-index#tauri-plugin-updater@2.12.0","linked_libs":[],"linked_paths":[],"cfgs":["desktop","desktop"],"env":[],"out_dir":"D:\\myhexin-local\\opencorvus\\packages\\overlay\\src-tauri\\target\\release\\build\\tauri-plugin-updater-d7d5f655c278f310\\out"}
{"reason":"build-script-executed","package_id":"registry+https://github.com/rust-lang/crates.io-index#tauri-plugin-notification@2.3.3","linked_libs":[],"linked_paths":[],"cfgs":["desktop"],"env":[],"out_dir":"D:\\myhexin-local\\opencorvus\\packages\\overlay\\src-tauri\\target\\release\\build\\tauri-plugin-notification-2d1c6cfc6d455e7e\\out"}
{"reason":"build-script-executed","package_id":"registry+https://github.com/rust-lang/crates.io-index#tauri-plugin-clipboard-manager@2.3.2","linked_libs":[],"linked_paths":[],"cfgs":["desktop"],"env":[],"out_dir":"D:\\myhexin-local\\opencorvus\\packages\\overlay\\src-tauri\\target\\release\\build\\tauri-plugin-clipboard-manager-be32dd1af834e44a\\out"}
{"reason":"build-script-executed","package_id":"registry+https://github.com/rust-lang/crates.io-index#tauri-plugin-opener@2.5.3","linked_libs":[],"linked_paths":[],"cfgs":["desktop","desktop"],"env":[],"out_dir":"D:\\myhexin-local\\opencorvus\\packages\\overlay\\src-tauri\\target\\release\\build\\tauri-plugin-opener-7553002c8a7018cc\\out"}
{"reason":"build-script-executed","package_id":"registry+https://github.com/rust-lang/crates.io-index#tauri-plugin-fs@2.4.5","linked_libs":[],"linked_paths":[],"cfgs":["desktop"],"env":[],"out_dir":"D:\\myhexin-local\\opencorvus\\packages\\overlay\\src-tauri\\target\\release\\build\\tauri-plugin-fs-638e79e2c3f16a00\\out"}
{"reason":"build-script-executed","package_id":"registry+https://github.com/rust-lang/crates.io-index#tauri-plugin-dialog@2.6.0","linked_libs":[],"linked_paths":[],"cfgs":["desktop"],"env":[],"out_dir":"D:\\myhexin-local\\opencorvus\\packages\\overlay\\src-tauri\\target\\release\\build\\tauri-plugin-dialog-a4b6a35b18d813b9\\out"}
{"reason":"compiler-artifact","package_id":"registry+https://github.com/rust-lang/crates.io-index#tauri-plugin-clipboard-manager@2.3.2","manifest_path":"C:\\Users\\hengu\\.cargo\\registry\\src\\index.crates.io-1949cf8c6b5b557f\\tauri-plugin-clipboard-manager-2.3.2\\Cargo.toml","target":{"kind":["lib"],"crate_types":["lib"],"name":"tauri_plugin_clipboard_manager","src_path":"C:\\Users\\hengu\\.cargo\\registry\\src\\index.crates.io-1949cf8c6b5b557f\\tauri-plugin-clipboard-manager-2.3.2\\src\\lib.rs","edition":"2021","doc":true,"doctest":true,"test":true},"profile":{"opt_level":"s","debuginfo":0,"debug_assertions":false,"overflow_checks":false,"test":false},"features":[],"filenames":["D:\\myhexin-local\\opencorvus\\packages\\overlay\\src-tauri\\target\\release\\deps\\libtauri_plugin_clipboard_manager-8b6b76dae83d1f0f.rlib","D:\\myhexin-local\\opencorvus\\packages\\overlay\\src-tauri\\target\\release\\deps\\libtauri_plugin_clipboard_manager-8b6b76dae83d1f0f.rmeta"],"executable":null,"fresh":false}
{"reason":"compiler-artifact","package_id":"registry+https://github.com/rust-lang/crates.io-index#tauri-plugin-deep-link@2.4.9","manifest_path":"C:\\Users\\hengu\\.cargo\\registry\\src\\index.crates.io-1949cf8c6b5b557f\\tauri-plugin-deep-link-2.4.9\\Cargo.toml","target":{"kind":["lib"],"crate_types":["lib"],"name":"tauri_plugin_deep_link","src_path":"C:\\Users\\hengu\\.cargo\\registry\\src\\index.crates.io-1949cf8c6b5b557f\\tauri-plugin-deep-link-2.4.9\\src\\lib.rs","edition":"2021","doc":true,"doctest":true,"test":true},"profile":{"opt_level":"s","debuginfo":0,"debug_assertions":false,"overflow_checks":false,"test":false},"features":[],"filenames":["D:\\myhexin-local\\opencorvus\\packages\\overlay\\src-tauri\\target\\release\\deps\\libtauri_plugin_deep_link-e39cbb3062bc3400.rlib","D:\\myhexin-local\\opencorvus\\packages\\overlay\\src-tauri\\target\\release\\deps\\libtauri_plugin_deep_link-e39cbb3062bc3400.rmeta"],"executable":null,"fresh":false}
{"reason":"compiler-artifact","package_id":"registry+https://github.com/rust-lang/crates.io-index#tauri-plugin-opener@2.5.3","manifest_path":"C:\\Users\\hengu\\.cargo\\registry\\src\\index.crates.io-1949cf8c6b5b557f\\tauri-plugin-opener-2.5.3\\Cargo.toml","target":{"kind":["lib"],"crate_types":["lib"],"name":"tauri_plugin_opener","src_path":"C:\\Users\\hengu\\.cargo\\registry\\src\\index.crates.io-1949cf8c6b5b557f\\tauri-plugin-opener-2.5.3\\src\\lib.rs","edition":"2021","doc":true,"doctest":true,"test":true},"profile":{"opt_level":"s","debuginfo":0,"debug_assertions":false,"overflow_checks":false,"test":false},"features":[],"filenames":["D:\\myhexin-local\\opencorvus\\packages\\overlay\\src-tauri\\target\\release\\deps\\libtauri_plugin_opener-25718b4f8ca89ef7.rlib","D:\\myhexin-local\\opencorvus\\packages\\overlay\\src-tauri\\target\\release\\deps\\libtauri_plugin_opener-25718b4f8ca89ef7.rmeta"],"executable":null,"fresh":false}
{"reason":"compiler-artifact","package_id":"registry+https://github.com/rust-lang/crates.io-index#tauri-plugin-single-instance@2.4.3","manifest_path":"C:\\Users\\hengu\\.cargo\\registry\\src\\index.crates.io-1949cf8c6b5b557f\\tauri-plugin-single-instance-2.4.3\\Cargo.toml","target":{"kind":["lib"],"crate_types":["lib"],"name":"tauri_plugin_single_instance","src_path":"C:\\Users\\hengu\\.cargo\\registry\\src\\index.crates.io-1949cf8c6b5b557f\\tauri-plugin-single-instance-2.4.3\\src\\lib.rs","edition":"2021","doc":true,"doctest":true,"test":true},"profile":{"opt_level":"s","debuginfo":0,"debug_assertions":false,"overflow_checks":false,"test":false},"features":["deep-link"],"filenames":["D:\\myhexin-local\\opencorvus\\packages\\overlay\\src-tauri\\target\\release\\deps\\libtauri_plugin_single_instance-7bec80baa115bda8.rlib","D:\\myhexin-local\\opencorvus\\packages\\overlay\\src-tauri\\target\\release\\deps\\libtauri_plugin_single_instance-7bec80baa115bda8.rmeta"],"executable":null,"fresh":false}
{"reason":"compiler-artifact","package_id":"registry+https://github.com/rust-lang/crates.io-index#tauri-plugin-fs@2.4.5","manifest_path":"C:\\Users\\hengu\\.cargo\\registry\\src\\index.crates.io-1949cf8c6b5b557f\\tauri-plugin-fs-2.4.5\\Cargo.toml","target":{"kind":["lib"],"crate_types":["lib"],"name":"tauri_plugin_fs","src_path":"C:\\Users\\hengu\\.cargo\\registry\\src\\index.crates.io-1949cf8c6b5b557f\\tauri-plugin-fs-2.4.5\\src\\lib.rs","edition":"2021","doc":true,"doctest":true,"test":true},"profile":{"opt_level":"s","debuginfo":0,"debug_assertions":false,"overflow_checks":false,"test":false},"features":[],"filenames":["D:\\myhexin-local\\opencorvus\\packages\\overlay\\src-tauri\\target\\release\\deps\\libtauri_plugin_fs-35cede97a3b2ff2f.rlib","D:\\myhexin-local\\opencorvus\\packages\\overlay\\src-tauri\\target\\release\\deps\\libtauri_plugin_fs-35cede97a3b2ff2f.rmeta"],"executable":null,"fresh":false}
{"reason":"compiler-artifact","package_id":"registry+https://github.com/rust-lang/crates.io-index#tauri-plugin-notification@2.3.3","manifest_path":"C:\\Users\\hengu\\.cargo\\registry\\src\\index.crates.io-1949cf8c6b5b557f\\tauri-plugin-notification-2.3.3\\Cargo.toml","target":{"kind":["lib"],"crate_types":["lib"],"name":"tauri_plugin_notification","src_path":"C:\\Users\\hengu\\.cargo\\registry\\src\\index.crates.io-1949cf8c6b5b557f\\tauri-plugin-notification-2.3.3\\src\\lib.rs","edition":"2021","doc":true,"doctest":true,"test":true},"profile":{"opt_level":"s","debuginfo":0,"debug_assertions":false,"overflow_checks":false,"test":false},"features":[],"filenames":["D:\\myhexin-local\\opencorvus\\packages\\overlay\\src-tauri\\target\\release\\deps\\libtauri_plugin_notification-d75e5fdb6392f3bd.rlib","D:\\myhexin-local\\opencorvus\\packages\\overlay\\src-tauri\\target\\release\\deps\\libtauri_plugin_notification-d75e5fdb6392f3bd.rmeta"],"executable":null,"fresh":false}
{"reason":"compiler-artifact","package_id":"registry+https://github.com/rust-lang/crates.io-index#tauri-plugin-dialog@2.6.0","manifest_path":"C:\\Users\\hengu\\.cargo\\registry\\src\\index.crates.io-1949cf8c6b5b557f\\tauri-plugin-dialog-2.6.0\\Cargo.toml","target":{"kind":["lib"],"crate_types":["lib"],"name":"tauri_plugin_dialog","src_path":"C:\\Users\\hengu\\.cargo\\registry\\src\\index.crates.io-1949cf8c6b5b557f\\tauri-plugin-dialog-2.6.0\\src\\lib.rs","edition":"2021","doc":true,"doctest":true,"test":true},"profile":{"opt_level":"s","debuginfo":0,"debug_assertions":false,"overflow_checks":false,"test":false},"features":["default","gtk3"],"filenames":["D:\\myhexin-local\\opencorvus\\packages\\overlay\\src-tauri\\target\\release\\deps\\libtauri_plugin_dialog-3eaceddc0fdb6394.rlib","D:\\myhexin-local\\opencorvus\\packages\\overlay\\src-tauri\\target\\release\\deps\\libtauri_plugin_dialog-3eaceddc0fdb6394.rmeta"],"executable":null,"fresh":false}
{"reason":"compiler-artifact","package_id":"registry+https://github.com/rust-lang/crates.io-index#tauri-plugin-updater@2.12.0","manifest_path":"C:\\Users\\hengu\\.cargo\\registry\\src\\index.crates.io-1949cf8c6b5b557f\\tauri-plugin-updater-2.12.0\\Cargo.toml","target":{"kind":["lib"],"crate_types":["lib"],"name":"tauri_plugin_updater","src_path":"C:\\Users\\hengu\\.cargo\\registry\\src\\index.crates.io-1949cf8c6b5b557f\\tauri-plugin-updater-2.12.0\\src\\lib.rs","edition":"2021","doc":true,"doctest":true,"test":true},"profile":{"opt_level":"s","debuginfo":0,"debug_assertions":false,"overflow_checks":false,"test":false},"features":["default","rustls-tls","system-proxy","zip"],"filenames":["D:\\myhexin-local\\opencorvus\\packages\\overlay\\src-tauri\\target\\release\\deps\\libtauri_plugin_updater-0500bbaea228157f.rlib","D:\\myhexin-local\\opencorvus\\packages\\overlay\\src-tauri\\target\\release\\deps\\libtauri_plugin_updater-0500bbaea228157f.rmeta"],"executable":null,"fresh":false}
{"reason":"compiler-artifact","package_id":"registry+https://github.com/rust-lang/crates.io-index#tauri-utils@2.9.1","manifest_path":"C:\\Users\\hengu\\.cargo\\registry\\src\\index.crates.io-1949cf8c6b5b557f\\tauri-utils-2.9.1\\Cargo.toml","target":{"kind":["lib"],"crate_types":["lib"],"name":"tauri_utils","src_path":"C:\\Users\\hengu\\.cargo\\registry\\src\\index.crates.io-1949cf8c6b5b557f\\tauri-utils-2.9.1\\src\\lib.rs","edition":"2021","doc":true,"doctest":true,"test":true},"profile":{"opt_level":"s","debuginfo":0,"debug_assertions":false,"overflow_checks":false,"test":false},"features":["brotli","compression","resources","walkdir"],"filenames":["D:\\myhexin-local\\opencorvus\\packages\\overlay\\src-tauri\\target\\release\\deps\\libtauri_utils-ffb25b4398e66312.rlib","D:\\myhexin-local\\opencorvus\\packages\\overlay\\src-tauri\\target\\release\\deps\\libtauri_utils-ffb25b4398e66312.rmeta"],"executable":null,"fresh":false}
{"reason":"compiler-artifact","package_id":"registry+https://github.com/rust-lang/crates.io-index#tauri@2.11.1","manifest_path":"C:\\Users\\hengu\\.cargo\\registry\\src\\index.crates.io-1949cf8c6b5b557f\\tauri-2.11.1\\Cargo.toml","target":{"kind":["lib"],"crate_types":["lib"],"name":"tauri","src_path":"C:\\Users\\hengu\\.cargo\\registry\\src\\index.crates.io-1949cf8c6b5b557f\\tauri-2.11.1\\src\\lib.rs","edition":"2021","doc":true,"doctest":true,"test":true},"profile":{"opt_level":"s","debuginfo":0,"debug_assertions":false,"overflow_checks":false,"test":false},"features":["common-controls-v6","compression","custom-protocol","dbus","default","devtools","dynamic-acl","tauri-runtime-wry","tray-icon","unstable","webkit2gtk","webview2-com","wry","x11"],"filenames":["D:\\myhexin-local\\opencorvus\\packages\\overlay\\src-tauri\\target\\release\\deps\\libtauri-a88a1c0d78847b0d.rlib","D:\\myhexin-local\\opencorvus\\packages\\overlay\\src-tauri\\target\\release\\deps\\libtauri-a88a1c0d78847b0d.rmeta"],"executable":null,"fresh":false}
{"reason":"build-script-executed","package_id":"path+file:///D:/myhexin-local/opencorvus/packages/overlay/src-tauri#opencorvus-overlay@0.1.23","linked_libs":[],"linked_paths":["native=D:\\myhexin-local\\opencorvus\\packages\\overlay\\src-tauri\\target\\release\\build\\opencorvus-overlay-9820880387e611c4\\out"],"cfgs":["desktop"],"env":[["TAURI_ANDROID_PACKAGE_NAME_APP_NAME","overlay"],["TAURI_ANDROID_PACKAGE_NAME_PREFIX","ai_opencorvus"],["TAURI_ENV_TARGET_TRIPLE","x86_64-pc-windows-msvc"]],"out_dir":"D:\\myhexin-local\\opencorvus\\packages\\overlay\\src-tauri\\target\\release\\build\\opencorvus-overlay-9820880387e611c4\\out"}
{"reason":"compiler-artifact","package_id":"path+file:///D:/myhexin-local/opencorvus/packages/overlay/src-tauri#opencorvus-overlay@0.1.23","manifest_path":"D:\\myhexin-local\\opencorvus\\packages\\overlay\\src-tauri\\Cargo.toml","target":{"kind":["bin"],"crate_types":["bin"],"name":"opencorvus-overlay","src_path":"D:\\myhexin-local\\opencorvus\\packages\\overlay\\src-tauri\\src\\main.rs","edition":"2021","doc":true,"doctest":false,"test":true},"profile":{"opt_level":"s","debuginfo":0,"debug_assertions":false,"overflow_checks":false,"test":false},"features":["default","devtools"],"filenames":["D:\\myhexin-local\\opencorvus\\packages\\overlay\\src-tauri\\target\\release\\opencorvus-overlay.exe","D:\\myhexin-local\\opencorvus\\packages\\overlay\\src-tauri\\target\\release\\opencorvus_overlay.pdb"],"executable":"D:\\myhexin-local\\opencorvus\\packages\\overlay\\src-tauri\\target\\release\\opencorvus-overlay.exe","fresh":false}
{"reason":"build-finished","success":true}

── Copy binary to dist/ ──
→ D:\myhexin-local\opencorvus\packages\overlay\dist\opencorvus-overlay-windows-x64\opencorvus-overlay.exe
WebView2Loader.dll not present (statically linked) — skip

✓ Full overlay build complete.
