[main 176addf4] fix: preserve diff preview through equivalent live updates
 1244 files changed, 52015 insertions(+), 8 deletions(-)
 create mode 100644 specs/artifacts/2026-10-05-connection-workspace-authority/diff-request-stability-plan.md
 create mode 100644 specs/artifacts/2026-10-05-connection-workspace-authority/diff-request-stability/README.md
 create mode 100644 specs/artifacts/2026-10-05-connection-workspace-authority/diff-request-stability/actual-40-downloaded-notes.txt
 create mode 100644 specs/artifacts/2026-10-05-connection-workspace-authority/diff-request-stability/actual-40-formal-notes-download-correct.png
 create mode 100644 specs/artifacts/2026-10-05-connection-workspace-authority/diff-request-stability/actual-40-formal-notes-download-correct.txt
 create mode 100644 specs/artifacts/2026-10-05-connection-workspace-authority/diff-request-stability/actual-40-formal-notes-download.png
 create mode 100644 specs/artifacts/2026-10-05-connection-workspace-authority/diff-request-stability/actual-40-formal-notes-download.txt
 create mode 100644 specs/artifacts/2026-10-05-connection-workspace-authority/diff-request-stability/actual-40-hello-keyboard.png
 create mode 100644 specs/artifacts/2026-10-05-connection-workspace-authority/diff-request-stability/actual-40-hello-keyboard.txt
 create mode 100644 specs/artifacts/2026-10-05-connection-workspace-authority/diff-request-stability/actual-40-launch.log
 create mode 100644 specs/artifacts/2026-10-05-connection-workspace-authority/diff-request-stability/actual-40-materialized-hello.txt
 create mode 100644 specs/artifacts/2026-10-05-connection-workspace-authority/diff-request-stability/actual-40-materialized-notes.txt
 create mode 100644 specs/artifacts/2026-10-05-connection-workspace-authority/diff-request-stability/actual-40-mid-progress.txt
 create mode 100644 specs/artifacts/2026-10-05-connection-workspace-authority/diff-request-stability/actual-40-notes-download-result.json
 create mode 100644 specs/artifacts/2026-10-05-connection-workspace-authority/diff-request-stability/actual-40-notes-downloads-before.json
 create mode 100644 specs/artifacts/2026-10-05-connection-workspace-authority/diff-request-stability/actual-40-notes-first.png
 create mode 100644 specs/artifacts/2026-10-05-connection-workspace-authority/diff-request-stability/actual-40-notes-first.txt
 create mode 100644 specs/artifacts/2026-10-05-connection-workspace-authority/diff-request-stability/actual-40-notes-keyboard-return.png
 create mode 100644 specs/artifacts/2026-10-05-connection-workspace-authority/diff-request-stability/actual-40-notes-keyboard-return.txt
 create mode 100644 specs/artifacts/2026-10-05-connection-workspace-authority/diff-request-stability/actual-40-notes-update.png
 create mode 100644 specs/artifacts/2026-10-05-connection-workspace-authority/diff-request-stability/actual-40-notes-update.txt
 create mode 100644 specs/artifacts/2026-10-05-connection-workspace-authority/diff-request-stability/actual-40-readonly-facts.json
 create mode 100644 specs/artifacts/2026-10-05-connection-workspace-authority/diff-request-stability/actual-40-readonly-tool-facts.json
 create mode 100644 specs/artifacts/2026-10-05-connection-workspace-authority/diff-request-stability/actual-40-readonly.log
 create mode 100644 specs/artifacts/2026-10-05-connection-workspace-authority/diff-request-stability/actual-40-real-qualification.json
 create mode 100644 specs/artifacts/2026-10-05-connection-workspace-authority/diff-request-stability/actual-40-root-closure.json
 create mode 100644 specs/artifacts/2026-10-05-connection-workspace-authority/diff-request-stability/actual-40-running.png
 create mode 100644 specs/artifacts/2026-10-05-connection-workspace-authority/diff-request-stability/actual-40-running.txt
 create mode 100644 specs/artifacts/2026-10-05-connection-workspace-authority/diff-request-stability/actual-40-shutdown.log
 create mode 100644 specs/artifacts/2026-10-05-connection-workspace-authority/diff-request-stability/actual-40-task-accepted-cli.json
 create mode 100644 specs/artifacts/2026-10-05-connection-workspace-authority/diff-request-stability/actual-40-task-create-first.log
 create mode 100644 specs/artifacts/2026-10-05-connection-workspace-authority/diff-request-stability/actual-40-task-request-input.json
 create mode 100644 specs/artifacts/2026-10-05-connection-workspace-authority/diff-request-stability/actual-40-task-selection.json
 create mode 100644 specs/artifacts/2026-10-05-connection-workspace-authority/diff-request-stability/before-DiffPreviewPanel.tsx
 create mode 100644 specs/artifacts/2026-10-05-connection-workspace-authority/diff-request-stability/build-first.log
 create mode 100644 specs/artifacts/2026-10-05-connection-workspace-authority/diff-request-stability/diff-request-40-chain-supervision-74020-1.json
 create mode 100644 specs/artifacts/2026-10-05-connection-workspace-authority/diff-request-stability/diff-request-40-chain-supervision-74020-10.json
 create mode 100644 specs/artifacts/2026-10-05-connection-workspace-authority/diff-request-stability/diff-request-40-chain-supervision-74020-100.json
 create mode 100644 specs/artifacts/2026-10-05-connection-workspace-authority/diff-request-stability/diff-request-40-chain-supervision-74020-101.json
 create mode 100644 specs/artifacts/2026-10-05-connection-workspace-authority/diff-request-stability/diff-request-40-chain-supervision-74020-102.json
 create mode 100644 specs/artifacts/2026-10-05-connection-workspace-authority/diff-request-stability/diff-request-40-chain-supervision-74020-103.json
 create mode 100644 specs/artifacts/2026-10-05-connection-workspace-authority/diff-request-stability/diff-request-40-chain-supervision-74020-104.json
 create mode 100644 specs/artifacts/2026-10-05-connection-workspace-authority/diff-request-stability/diff-request-40-chain-supervision-74020-105.json
 create mode 100644 specs/artifacts/2026-10-05-connection-workspace-authority/diff-request-stability/diff-request-40-chain-supervision-74020-106.json
 create mode 100644 specs/artifacts/2026-10-05-connection-workspace-authority/diff-request-stability/diff-request-40-chain-supervision-74020-107.json
 create mode 100644 specs/artifacts/2026-10-05-connection-workspace-authority/diff-request-stability/diff-request-40-chain-supervision-74020-108.json
 create mode 100644 specs/artifacts/2026-10-05-connection-workspace-authority/diff-request-stability/diff-request-40-chain-supervision-74020-109.json
 create mode 100644 specs/artifacts/2026-10-05-connection-workspace-authority/diff-request-stability/diff-request-40-chain-supervision-74020-11.json
 create mode 100644 specs/artifacts/2026-10-05-connection-workspace-authority/diff-request-stability/diff-request-40-chain-supervision-74020-110.json
 create mode 100644 specs/artifacts/2026-10-05-connection-workspace-authority/diff-request-stability/diff-request-40-chain-supervision-74020-111.json
 create mode 100644 specs/artifacts/2026-10-05-connection-workspace-authority/diff-request-stability/diff-request-40-chain-supervision-74020-112.json
 create mode 100644 specs/artifacts/2026-10-05-connection-workspace-authority/diff-request-stability/diff-request-40-chain-supervision-74020-113.json
 create mode 100644 specs/artifacts/2026-10-05-connection-workspace-authority/diff-request-stability/diff-request-40-chain-supervision-74020-114.json
 create mode 100644 specs/artifacts/2026-10-05-connection-workspace-authority/diff-request-stability/diff-request-40-chain-supervision-74020-115.json
 create mode 100644 specs/artifacts/2026-10-05-connection-workspace-authority/diff-request-stability/diff-request-40-chain-supervision-74020-116.json
 create mode 100644 specs/artifacts/2026-10-05-connection-workspace-authority/diff-request-stability/diff-request-40-chain-supervision-74020-117.json
 create mode 100644 specs/artifacts/2026-10-05-connection-workspace-authority/diff-request-stability/diff-request-40-chain-supervision-74020-118.json
 create mode 100644 specs/artifacts/2026-10-05-connection-workspace-authority/diff-request-stability/diff-request-40-chain-supervision-74020-119.json
 create mode 100644 specs/artifacts/2026-10-05-connection-workspace-authority/diff-request-stability/diff-request-40-chain-supervision-74020-12.json
 create mode 100644 specs/artifacts/2026-10-05-connection-workspace-authority/diff-request-stability/diff-request-40-chain-supervision-74020-120.json
 create mode 100644 specs/artifacts/2026-10-05-connection-workspace-authority/diff-request-stability/diff-request-40-chain-supervision-74020-121.json
 create mode 100644 specs/artifacts/2026-10-05-connection-workspace-authority/diff-request-stability/diff-request-40-chain-supervision-74020-122.json
 create mode 100644 specs/artifacts/2026-10-05-connection-workspace-authority/diff-request-stability/diff-request-40-chain-supervision-74020-123.json
 create mode 100644 specs/artifacts/2026-10-05-connection-workspace-authority/diff-request-stability/diff-request-40-chain-supervision-74020-124.json
 create mode 100644 specs/artifacts/2026-10-05-connection-workspace-authority/diff-request-stability/diff-request-40-chain-supervision-74020-125.json
 create mode 100644 specs/artifacts/2026-10-05-connection-workspace-authority/diff-request-stability/diff-request-40-chain-supervision-74020-126.json
 create mode 100644 specs/artifacts/2026-10-05-connection-workspace-authority/diff-request-stability/diff-request-40-chain-supervision-74020-127.json
 create mode 100644 specs/artifacts/2026-10-05-connection-workspace-authority/diff-request-stability/diff-request-40-chain-supervision-74020-128.json
 create mode 100644 specs/artifacts/2026-10-05-connection-workspace-authority/diff-request-stability/diff-request-40-chain-supervision-74020-129.json
 create mode 100644 specs/artifacts/2026-10-05-connection-workspace-authority/diff-request-stability/diff-request-40-chain-supervision-74020-13.json
 create mode 100644 specs/artifacts/2026-10-05-connection-workspace-authority/diff-request-stability/diff-request-40-chain-supervision-74020-130.json
 create mode 100644 specs/artifacts/2026-10-05-connection-workspace-authority/diff-request-stability/diff-request-40-chain-supervision-74020-131.json
 create mode 100644 specs/artifacts/2026-10-05-connection-workspace-authority/diff-request-stability/diff-request-40-chain-supervision-74020-132.json
 create mode 100644 specs/artifacts/2026-10-05-connection-workspace-authority/diff-request-stability/diff-request-40-chain-supervision-74020-133.json
 create mode 100644 specs/artifacts/2026-10-05-connection-workspace-authority/diff-request-stability/diff-request-40-chain-supervision-74020-134.json
 create mode 100644 specs/artifacts/2026-10-05-connection-workspace-authority/diff-request-stability/diff-request-40-chain-supervision-74020-135.json
 create mode 100644 specs/artifacts/2026-10-05-connection-workspace-authority/diff-request-stability/diff-request-40-chain-supervision-74020-136.json
 create mode 100644 specs/artifacts/2026-10-05-connection-workspace-authority/diff-request-stability/diff-request-40-chain-supervision-74020-137.json
 create mode 100644 specs/artifacts/2026-10-05-connection-workspace-authority/diff-request-stability/diff-request-40-chain-supervision-74020-138.json
 create mode 100644 specs/artifacts/2026-10-05-connection-workspace-authority/diff-request-stability/diff-request-40-chain-supervision-74020-139.json
 create mode 100644 specs/artifacts/2026-10-05-connection-workspace-authority/diff-request-stability/diff-request-40-chain-supervision-74020-14.json
 create mode 100644 specs/artifacts/2026-10-05-connection-workspace-authority/diff-request-stability/diff-request-40-chain-supervision-74020-140.json
 create mode 100644 specs/artifacts/2026-10-05-connection-workspace-authority/diff-request-stability/diff-request-40-chain-supervision-74020-141.json
 create mode 100644 specs/artifacts/2026-10-05-connection-workspace-authority/diff-request-stability/diff-request-40-chain-supervision-74020-142.json
 create mode 100644 specs/artifacts/2026-10-05-connection-workspace-authority/diff-request-stability/diff-request-40-chain-supervision-74020-143.json
 create mode 100644 specs/artifacts/2026-10-05-connection-workspace-authority/diff-request-stability/diff-request-40-chain-supervision-74020-144.json
 create mode 100644 specs/artifacts/2026-10-05-connection-workspace-authority/diff-request-stability/diff-request-40-chain-supervision-74020-145.json
 create mode 100644 specs/artifacts/2026-10-05-connection-workspace-authority/diff-request-stability/diff-request-40-chain-supervision-74020-146.json
 create mode 100644 specs/artifacts/2026-10-05-connection-workspace-authority/diff-request-stability/diff-request-40-chain-supervision-74020-147.json
 create mode 100644 specs/artifacts/2026-10-05-connection-workspace-authority/diff-request-stability/diff-request-40-chain-supervision-74020-148.json
 create mode 100644 specs/artifacts/2026-10-05-connection-workspace-authority/diff-request-stability/diff-request-40-chain-supervision-74020-149.json
 create mode 100644 specs/artifacts/2026-10-05-connection-workspace-authority/diff-request-stability/diff-request-40-chain-supervision-74020-15.json
 create mode 100644 specs/artifacts/2026-10-05-connection-workspace-authority/diff-request-stability/diff-request-40-chain-supervision-74020-150.json
 create mode 100644 specs/artifacts/2026-10-05-connection-workspace-authority/diff-request-stability/diff-request-40-chain-supervision-74020-151.json
 create mode 100644 specs/artifacts/2026-10-05-connection-workspace-authority/diff-request-stability/diff-request-40-chain-supervision-74020-152.json
 create mode 100644 specs/artifacts/2026-10-05-connection-workspace-authority/diff-request-stability/diff-request-40-chain-supervision-74020-153.json
 create mode 100644 specs/artifacts/2026-10-05-connection-workspace-authority/diff-request-stability/diff-request-40-chain-supervision-74020-154.json
 create mode 100644 specs/artifacts/2026-10-05-connection-workspace-authority/diff-request-stability/diff-request-40-chain-supervision-74020-155.json
 create mode 100644 specs/artifacts/2026-10-05-connection-workspace-authority/diff-request-stability/diff-request-40-chain-supervision-74020-156.json
 create mode 100644 specs/artifacts/2026-10-05-connection-workspace-authority/diff-request-stability/diff-request-40-chain-supervision-74020-157.json
 create mode 100644 specs/artifacts/2026-10-05-connection-workspace-authority/diff-request-stability/diff-request-40-chain-supervision-74020-158.json
 create mode 100644 specs/artifacts/2026-10-05-connection-workspace-authority/diff-request-stability/diff-request-40-chain-supervision-74020-159.json
 create mode 100644 specs/artifacts/2026-10-05-connection-workspace-authority/diff-request-stability/diff-request-40-chain-supervision-74020-16.json
 create mode 100644 specs/artifacts/2026-10-05-connection-workspace-authority/diff-request-stability/diff-request-40-chain-supervision-74020-160.json
 create mode 100644 specs/artifacts/2026-10-05-connection-workspace-authority/diff-request-stability/diff-request-40-chain-supervision-74020-161.json
 create mode 100644 specs/artifacts/2026-10-05-connection-workspace-authority/diff-request-stability/diff-request-40-chain-supervision-74020-162.json
 create mode 100644 specs/artifacts/2026-10-05-connection-workspace-authority/diff-request-stability/diff-request-40-chain-supervision-74020-163.json
 create mode 100644 specs/artifacts/2026-10-05-connection-workspace-authority/diff-request-stability/diff-request-40-chain-supervision-74020-164.json
 create mode 100644 specs/artifacts/2026-10-05-connection-workspace-authority/diff-request-stability/diff-request-40-chain-supervision-74020-165.json
 create mode 100644 specs/artifacts/2026-10-05-connection-workspace-authority/diff-request-stability/diff-request-40-chain-supervision-74020-166.json
 create mode 100644 specs/artifacts/2026-10-05-connection-workspace-authority/diff-request-stability/diff-request-40-chain-supervision-74020-167.json
 create mode 100644 specs/artifacts/2026-10-05-connection-workspace-authority/diff-request-stability/diff-request-40-chain-supervision-74020-168.json
 create mode 100644 specs/artifacts/2026-10-05-connection-workspace-authority/diff-request-stability/diff-request-40-chain-supervision-74020-17.json
 create mode 100644 specs/artifacts/2026-10-05-connection-workspace-authority/diff-request-stability/diff-request-40-chain-supervision-74020-18.json
 create mode 100644 specs/artifacts/2026-10-05-connection-workspace-authority/diff-request-stability/diff-request-40-chain-supervision-74020-19.json
 create mode 100644 specs/artifacts/2026-10-05-connection-workspace-authority/diff-request-stability/diff-request-40-chain-supervision-74020-2.json
 create mode 100644 specs/artifacts/2026-10-05-connection-workspace-authority/diff-request-stability/diff-request-40-chain-supervision-74020-20.json
 create mode 100644 specs/artifacts/2026-10-05-connection-workspace-authority/diff-request-stability/diff-request-40-chain-supervision-74020-21.json
 create mode 100644 specs/artifacts/2026-10-05-connection-workspace-authority/diff-request-stability/diff-request-40-chain-supervision-74020-22.json
 create mode 100644 specs/artifacts/2026-10-05-connection-workspace-authority/diff-request-stability/diff-request-40-chain-supervision-74020-23.json
 create mode 100644 specs/artifacts/2026-10-05-connection-workspace-authority/diff-request-stability/diff-request-40-chain-supervision-74020-24.json
 create mode 100644 specs/artifacts/2026-10-05-connection-workspace-authority/diff-request-stability/diff-request-40-chain-supervision-74020-25.json
 create mode 100644 specs/artifacts/2026-10-05-connection-workspace-authority/diff-request-stability/diff-request-40-chain-supervision-74020-26.json
 create mode 100644 specs/artifacts/2026-10-05-connection-workspace-authority/diff-request-stability/diff-request-40-chain-supervision-74020-27.json
 create mode 100644 specs/artifacts/2026-10-05-connection-workspace-authority/diff-request-stability/diff-request-40-chain-supervision-74020-28.json
 create mode 100644 specs/artifacts/2026-10-05-connection-workspace-authority/diff-request-stability/diff-request-40-chain-supervision-74020-29.json
 create mode 100644 specs/artifacts/2026-10-05-connection-workspace-authority/diff-request-stability/diff-request-40-chain-supervision-74020-3.json
 create mode 100644 specs/artifacts/2026-10-05-connection-workspace-authority/diff-request-stability/diff-request-40-chain-supervision-74020-30.json
 create mode 100644 specs/artifacts/2026-10-05-connection-workspace-authority/diff-request-stability/diff-request-40-chain-supervision-74020-31.json
 create mode 100644 specs/artifacts/2026-10-05-connection-workspace-authority/diff-request-stability/diff-request-40-chain-supervision-74020-32.json
 create mode 100644 specs/artifacts/2026-10-05-connection-workspace-authority/diff-request-stability/diff-request-40-chain-supervision-74020-33.json
 create mode 100644 specs/artifacts/2026-10-05-connection-workspace-authority/diff-request-stability/diff-request-40-chain-supervision-74020-34.json
 create mode 100644 specs/artifacts/2026-10-05-connection-workspace-authority/diff-request-stability/diff-request-40-chain-supervision-74020-35.json
 create mode 100644 specs/artifacts/2026-10-05-connection-workspace-authority/diff-request-stability/diff-request-40-chain-supervision-74020-36.json
 create mode 100644 specs/artifacts/2026-10-05-connection-workspace-authority/diff-request-stability/diff-request-40-chain-supervision-74020-37.json
 create mode 100644 specs/artifacts/2026-10-05-connection-workspace-authority/diff-request-stability/diff-request-40-chain-supervision-74020-38.json
 create mode 100644 specs/artifacts/2026-10-05-connection-workspace-authority/diff-request-stability/diff-request-40-chain-supervision-74020-39.json
 create mode 100644 specs/artifacts/2026-10-05-connection-workspace-authority/diff-request-stability/diff-request-40-chain-supervision-74020-4.json
 create mode 100644 specs/artifacts/2026-10-05-connection-workspace-authority/diff-request-stability/diff-request-40-chain-supervision-74020-40.json
 create mode 100644 specs/artifacts/2026-10-05-connection-workspace-authority/diff-request-stability/diff-request-40-chain-supervision-74020-41.json
 create mode 100644 specs/artifacts/2026-10-05-connection-workspace-authority/diff-request-stability/diff-request-40-chain-supervision-74020-42.json
 create mode 100644 specs/artifacts/2026-10-05-connection-workspace-authority/diff-request-stability/diff-request-40-chain-supervision-74020-43.json
 create mode 100644 specs/artifacts/2026-10-05-connection-workspace-authority/diff-request-stability/diff-request-40-chain-supervision-74020-44.json
 create mode 100644 specs/artifacts/2026-10-05-connection-workspace-authority/diff-request-stability/diff-request-40-chain-supervision-74020-45.json
 create mode 100644 specs/artifacts/2026-10-05-connection-workspace-authority/diff-request-stability/diff-request-40-chain-supervision-74020-46.json
 create mode 100644 specs/artifacts/2026-10-05-connection-workspace-authority/diff-request-stability/diff-request-40-chain-supervision-74020-47.json
 create mode 100644 specs/artifacts/2026-10-05-connection-workspace-authority/diff-request-stability/diff-request-40-chain-supervision-74020-48.json
 create mode 100644 specs/artifacts/2026-10-05-connection-workspace-authority/diff-request-stability/diff-request-40-chain-supervision-74020-49.json
 create mode 100644 specs/artifacts/2026-10-05-connection-workspace-authority/diff-request-stability/diff-request-40-chain-supervision-74020-5.json
 create mode 100644 specs/artifacts/2026-10-05-connection-workspace-authority/diff-request-stability/diff-request-40-chain-supervision-74020-50.json
 create mode 100644 specs/artifacts/2026-10-05-connection-workspace-authority/diff-request-stability/diff-request-40-chain-supervision-74020-51.json
 create mode 100644 specs/artifacts/2026-10-05-connection-workspace-authority/diff-request-stability/diff-request-40-chain-supervision-74020-52.json
 create mode 100644 specs/artifacts/2026-10-05-connection-workspace-authority/diff-request-stability/diff-request-40-chain-supervision-74020-53.json
 create mode 100644 specs/artifacts/2026-10-05-connection-workspace-authority/diff-request-stability/diff-request-40-chain-supervision-74020-54.json
 create mode 100644 specs/artifacts/2026-10-05-connection-workspace-authority/diff-request-stability/diff-request-40-chain-supervision-74020-55.json
 create mode 100644 specs/artifacts/2026-10-05-connection-workspace-authority/diff-request-stability/diff-request-40-chain-supervision-74020-56.json
 create mode 100644 specs/artifacts/2026-10-05-connection-workspace-authority/diff-request-stability/diff-request-40-chain-supervision-74020-57.json
 create mode 100644 specs/artifacts/2026-10-05-connection-workspace-authority/diff-request-stability/diff-request-40-chain-supervision-74020-58.json
 create mode 100644 specs/artifacts/2026-10-05-connection-workspace-authority/diff-request-stability/diff-request-40-chain-supervision-74020-59.json
 create mode 100644 specs/artifacts/2026-10-05-connection-workspace-authority/diff-request-stability/diff-request-40-chain-supervision-74020-6.json
 create mode 100644 specs/artifacts/2026-10-05-connection-workspace-authority/diff-request-stability/diff-request-40-chain-supervision-74020-60.json
 create mode 100644 specs/artifacts/2026-10-05-connection-workspace-authority/diff-request-stability/diff-request-40-chain-supervision-74020-61.json
 create mode 100644 specs/artifacts/2026-10-05-connection-workspace-authority/diff-request-stability/diff-request-40-chain-supervision-74020-62.json
 create mode 100644 specs/artifacts/2026-10-05-connection-workspace-authority/diff-request-stability/diff-request-40-chain-supervision-74020-63.json
 create mode 100644 specs/artifacts/2026-10-05-connection-workspace-authority/diff-request-stability/diff-request-40-chain-supervision-74020-64.json
 create mode 100644 specs/artifacts/2026-10-05-connection-workspace-authority/diff-request-stability/diff-request-40-chain-supervision-74020-65.json
 create mode 100644 specs/artifacts/2026-10-05-connection-workspace-authority/diff-request-stability/diff-request-40-chain-supervision-74020-66.json
 create mode 100644 specs/artifacts/2026-10-05-connection-workspace-authority/diff-request-stability/diff-request-40-chain-supervision-74020-67.json
 create mode 100644 specs/artifacts/2026-10-05-connection-workspace-authority/diff-request-stability/diff-request-40-chain-supervision-74020-68.json
 create mode 100644 specs/artifacts/2026-10-05-connection-workspace-authority/diff-request-stability/diff-request-40-chain-supervision-74020-69.json
 create mode 100644 specs/artifacts/2026-10-05-connection-workspace-authority/diff-request-stability/diff-request-40-chain-supervision-74020-7.json
 create mode 100644 specs/artifacts/2026-10-05-connection-workspace-authority/diff-request-stability/diff-request-40-chain-supervision-74020-70.json
 create mode 100644 specs/artifacts/2026-10-05-connection-workspace-authority/diff-request-stability/diff-request-40-chain-supervision-74020-71.json
 create mode 100644 specs/artifacts/2026-10-05-connection-workspace-authority/diff-request-stability/diff-request-40-chain-supervision-74020-72.json
 create mode 100644 specs/artifacts/2026-10-05-connection-workspace-authority/diff-request-stability/diff-request-40-chain-supervision-74020-73.json
 create mode 100644 specs/artifacts/2026-10-05-connection-workspace-authority/diff-request-stability/diff-request-40-chain-supervision-74020-74.json
 create mode 100644 specs/artifacts/2026-10-05-connection-workspace-authority/diff-request-stability/diff-request-40-chain-supervision-74020-75.json
 create mode 100644 specs/artifacts/2026-10-05-connection-workspace-authority/diff-request-stability/diff-request-40-chain-supervision-74020-76.json
 create mode 100644 specs/artifacts/2026-10-05-connection-workspace-authority/diff-request-stability/diff-request-40-chain-supervision-74020-77.json
 create mode 100644 specs/artifacts/2026-10-05-connection-workspace-authority/diff-request-stability/diff-request-40-chain-supervision-74020-78.json
 create mode 100644 specs/artifacts/2026-10-05-connection-workspace-authority/diff-request-stability/diff-request-40-chain-supervision-74020-79.json
 create mode 100644 specs/artifacts/2026-10-05-connection-workspace-authority/diff-request-stability/diff-request-40-chain-supervision-74020-8.json
 create mode 100644 specs/artifacts/2026-10-05-connection-workspace-authority/diff-request-stability/diff-request-40-chain-supervision-74020-80.json
 create mode 100644 specs/artifacts/2026-10-05-connection-workspace-authority/diff-request-stability/diff-request-40-chain-supervision-74020-81.json
 create mode 100644 specs/artifacts/2026-10-05-connection-workspace-authority/diff-request-stability/diff-request-40-chain-supervision-74020-82.json
 create mode 100644 specs/artifacts/2026-10-05-connection-workspace-authority/diff-request-stability/diff-request-40-chain-supervision-74020-83.json
 create mode 100644 specs/artifacts/2026-10-05-connection-workspace-authority/diff-request-stability/diff-request-40-chain-supervision-74020-84.json
 create mode 100644 specs/artifacts/2026-10-05-connection-workspace-authority/diff-request-stability/diff-request-40-chain-supervision-74020-85.json
 create mode 100644 specs/artifacts/2026-10-05-connection-workspace-authority/diff-request-stability/diff-request-40-chain-supervision-74020-86.json
 create mode 100644 specs/artifacts/2026-10-05-connection-workspace-authority/diff-request-stability/diff-request-40-chain-supervision-74020-87.json
 create mode 100644 specs/artifacts/2026-10-05-connection-workspace-authority/diff-request-stability/diff-request-40-chain-supervision-74020-88.json
 create mode 100644 specs/artifacts/2026-10-05-connection-workspace-authority/diff-request-stability/diff-request-40-chain-supervision-74020-89.json
 create mode 100644 specs/artifacts/2026-10-05-connection-workspace-authority/diff-request-stability/diff-request-40-chain-supervision-74020-9.json
 create mode 100644 specs/artifacts/2026-10-05-connection-workspace-authority/diff-request-stability/diff-request-40-chain-supervision-74020-90.json
 create mode 100644 specs/artifacts/2026-10-05-connection-workspace-authority/diff-request-stability/diff-request-40-chain-supervision-74020-91.json
 create mode 100644 specs/artifacts/2026-10-05-connection-workspace-authority/diff-request-stability/diff-request-40-chain-supervision-74020-92.json
 create mode 100644 specs/artifacts/2026-10-05-connection-workspace-authority/diff-request-stability/diff-request-40-chain-supervision-74020-93.json
 create mode 100644 specs/artifacts/2026-10-05-connection-workspace-authority/diff-request-stability/diff-request-40-chain-supervision-74020-94.json
 create mode 100644 specs/artifacts/2026-10-05-connection-workspace-authority/diff-request-stability/diff-request-40-chain-supervision-74020-95.json
 create mode 100644 specs/artifacts/2026-10-05-connection-workspace-authority/diff-request-stability/diff-request-40-chain-supervision-74020-96.json
 create mode 100644 specs/artifacts/2026-10-05-connection-workspace-authority/diff-request-stability/diff-request-40-chain-supervision-74020-97.json
 create mode 100644 specs/artifacts/2026-10-05-connection-workspace-authority/diff-request-stability/diff-request-40-chain-supervision-74020-98.json
 create mode 100644 specs/artifacts/2026-10-05-connection-workspace-authority/diff-request-stability/diff-request-40-chain-supervision-74020-99.json
 create mode 100644 specs/artifacts/2026-10-05-connection-workspace-authority/diff-request-stability/diff-request-40-final-provider-audit.json
 create mode 100644 specs/artifacts/2026-10-05-connection-workspace-authority/diff-request-stability/diff-request-40-physical-terminal-and-pair-cleanup.json
 create mode 100644 specs/artifacts/2026-10-05-connection-workspace-authority/diff-request-stability/diff-request-40-settlement-owner.json
 create mode 100644 specs/artifacts/2026-10-05-connection-workspace-authority/diff-request-stability/diff-request-40-shutdown-admission.json
 create mode 100644 specs/artifacts/2026-10-05-connection-workspace-authority/diff-request-stability/docs-admission.log
 create mode 100644 specs/artifacts/2026-10-05-connection-workspace-authority/diff-request-stability/docs-final.log
 create mode 100644 specs/artifacts/2026-10-05-connection-workspace-authority/diff-request-stability/docs-plan.log
 create mode 100644 specs/artifacts/2026-10-05-connection-workspace-authority/diff-request-stability/docs-source.log
 create mode 100644 specs/artifacts/2026-10-05-connection-workspace-authority/diff-request-stability/format.log
 create mode 100644 specs/artifacts/2026-10-05-connection-workspace-authority/diff-request-stability/offline-byte-qualification.ps1
 create mode 100644 specs/artifacts/2026-10-05-connection-workspace-authority/diff-request-stability/prior-39-normal-commit.log
 create mode 100644 specs/artifacts/2026-10-05-connection-workspace-authority/diff-request-stability/prior-39-normal-fetch.log
 create mode 100644 specs/artifacts/2026-10-05-connection-workspace-authority/diff-request-stability/prior-39-normal-merge.log
 create mode 100644 specs/artifacts/2026-10-05-connection-workspace-authority/diff-request-stability/prior-39-normal-outgoing.log
 create mode 100644 specs/artifacts/2026-10-05-connection-workspace-authority/diff-request-stability/prior-39-normal-push.log
 create mode 100644 specs/artifacts/2026-10-05-connection-workspace-authority/diff-request-stability/prior-39-stable-build-observation.json
 create mode 100644 specs/artifacts/2026-10-05-connection-workspace-authority/diff-request-stability/qualification-tool-final.log
 create mode 100644 specs/artifacts/2026-10-05-connection-workspace-authority/diff-request-stability/qualification-tool-first.log
 create mode 100644 specs/artifacts/2026-10-05-connection-workspace-authority/diff-request-stability/readonly-collector.ts
 create mode 100644 specs/artifacts/2026-10-05-connection-workspace-authority/diff-request-stability/readonly-tools.log
 create mode 100644 specs/artifacts/2026-10-05-connection-workspace-authority/diff-request-stability/runtime-evidence-40/authority-ready.json
 create mode 100644 specs/artifacts/2026-10-05-connection-workspace-authority/diff-request-stability/runtime-evidence-40/launch-owner.json
 create mode 100644 specs/artifacts/2026-10-05-connection-workspace-authority/diff-request-stability/runtime-evidence-40/managed-parent-ready.json
 create mode 100644 specs/artifacts/2026-10-05-connection-workspace-authority/diff-request-stability/runtime-evidence-40/native-host-ready.json
 create mode 100644 specs/artifacts/2026-10-05-connection-workspace-authority/diff-request-stability/runtime-evidence-40/native-host-settled.json
 create mode 100644 specs/artifacts/2026-10-05-connection-workspace-authority/diff-request-stability/runtime-evidence-40/owned-config-hierarchy.json
 create mode 100644 specs/artifacts/2026-10-05-connection-workspace-authority/diff-request-stability/runtime-evidence-40/preflight-ready.json
 create mode 100644 specs/artifacts/2026-10-05-connection-workspace-authority/diff-request-stability/runtime-evidence-40/project-baseline.json
 create mode 100644 specs/artifacts/2026-10-05-connection-workspace-authority/diff-request-stability/runtime-evidence-40/provider-49880-6bc6b815-44e9-4a4c-97ea-b5593ab595b1-1.json
 create mode 100644 specs/artifacts/2026-10-05-connection-workspace-authority/diff-request-stability/runtime-evidence-40/provider-49880-6bc6b815-44e9-4a4c-97ea-b5593ab595b1-10.json
 create mode 100644 specs/artifacts/2026-10-05-connection-workspace-authority/diff-request-stability/runtime-evidence-40/provider-49880-6bc6b815-44e9-4a4c-97ea-b5593ab595b1-100.json
 create mode 100644 specs/artifacts/2026-10-05-connection-workspace-authority/diff-request-stability/runtime-evidence-40/provider-49880-6bc6b815-44e9-4a4c-97ea-b5593ab595b1-101.json
 create mode 100644 specs/artifacts/2026-10-05-connection-workspace-authority/diff-request-stability/runtime-evidence-40/provider-49880-6bc6b815-44e9-4a4c-97ea-b5593ab595b1-102.json
 create mode 100644 specs/artifacts/2026-10-05-connection-workspace-authority/diff-request-stability/runtime-evidence-40/provider-49880-6bc6b815-44e9-4a4c-97ea-b5593ab595b1-103.json
 create mode 100644 specs/artifacts/2026-10-05-connection-workspace-authority/diff-request-stability/runtime-evidence-40/provider-49880-6bc6b815-44e9-4a4c-97ea-b5593ab595b1-104.json
 create mode 100644 specs/artifacts/2026-10-05-connection-workspace-authority/diff-request-stability/runtime-evidence-40/provider-49880-6bc6b815-44e9-4a4c-97ea-b5593ab595b1-105.json
 create mode 100644 specs/artifacts/2026-10-05-connection-workspace-authority/diff-request-stability/runtime-evidence-40/provider-49880-6bc6b815-44e9-4a4c-97ea-b5593ab595b1-106.json
 create mode 100644 specs/artifacts/2026-10-05-connection-workspace-authority/diff-request-stability/runtime-evidence-40/provider-49880-6bc6b815-44e9-4a4c-97ea-b5593ab595b1-107.json
 create mode 100644 specs/artifacts/2026-10-05-connection-workspace-authority/diff-request-stability/runtime-evidence-40/provider-49880-6bc6b815-44e9-4a4c-97ea-b5593ab595b1-108.json
 create mode 100644 specs/artifacts/2026-10-05-connection-workspace-authority/diff-request-stability/runtime-evidence-40/provider-49880-6bc6b815-44e9-4a4c-97ea-b5593ab595b1-109.json
 create mode 100644 specs/artifacts/2026-10-05-connection-workspace-authority/diff-request-stability/runtime-evidence-40/provider-49880-6bc6b815-44e9-4a4c-97ea-b5593ab595b1-11.json
 create mode 100644 specs/artifacts/2026-10-05-connection-workspace-authority/diff-request-stability/runtime-evidence-40/provider-49880-6bc6b815-44e9-4a4c-97ea-b5593ab595b1-110.json
 create mode 100644 specs/artifacts/2026-10-05-connection-workspace-authority/diff-request-stability/runtime-evidence-40/provider-49880-6bc6b815-44e9-4a4c-97ea-b5593ab595b1-111.json
 create mode 100644 specs/artifacts/2026-10-05-connection-workspace-authority/diff-request-stability/runtime-evidence-40/provider-49880-6bc6b815-44e9-4a4c-97ea-b5593ab595b1-112.json
 create mode 100644 specs/artifacts/2026-10-05-connection-workspace-authority/diff-request-stability/runtime-evidence-40/provider-49880-6bc6b815-44e9-4a4c-97ea-b5593ab595b1-113.json
 create mode 100644 specs/artifacts/2026-10-05-connection-workspace-authority/diff-request-stability/runtime-evidence-40/provider-49880-6bc6b815-44e9-4a4c-97ea-b5593ab595b1-114.json
 create mode 100644 specs/artifacts/2026-10-05-connection-workspace-authority/diff-request-stability/runtime-evidence-40/provider-49880-6bc6b815-44e9-4a4c-97ea-b5593ab595b1-115.json
 create mode 100644 specs/artifacts/2026-10-05-connection-workspace-authority/diff-request-stability/runtime-evidence-40/provider-49880-6bc6b815-44e9-4a4c-97ea-b5593ab595b1-116.json
 create mode 100644 specs/artifacts/2026-10-05-connection-workspace-authority/diff-request-stability/runtime-evidence-40/provider-49880-6bc6b815-44e9-4a4c-97ea-b5593ab595b1-117.json
 create mode 100644 specs/artifacts/2026-10-05-connection-workspace-authority/diff-request-stability/runtime-evidence-40/provider-49880-6bc6b815-44e9-4a4c-97ea-b5593ab595b1-118.json
 create mode 100644 specs/artifacts/2026-10-05-connection-workspace-authority/diff-request-stability/runtime-evidence-40/provider-49880-6bc6b815-44e9-4a4c-97ea-b5593ab595b1-119.json
 create mode 100644 specs/artifacts/2026-10-05-connection-workspace-authority/diff-request-stability/runtime-evidence-40/provider-49880-6bc6b815-44e9-4a4c-97ea-b5593ab595b1-12.json
 create mode 100644 specs/artifacts/2026-10-05-connection-workspace-authority/diff-request-stability/runtime-evidence-40/provider-49880-6bc6b815-44e9-4a4c-97ea-b5593ab595b1-120.json
 create mode 100644 specs/artifacts/2026-10-05-connection-workspace-authority/diff-request-stability/runtime-evidence-40/provider-49880-6bc6b815-44e9-4a4c-97ea-b5593ab595b1-121.json
 create mode 100644 specs/artifacts/2026-10-05-connection-workspace-authority/diff-request-stability/runtime-evidence-40/provider-49880-6bc6b815-44e9-4a4c-97ea-b5593ab595b1-122.json
 create mode 100644 specs/artifacts/2026-10-05-connection-workspace-authority/diff-request-stability/runtime-evidence-40/provider-49880-6bc6b815-44e9-4a4c-97ea-b5593ab595b1-123.json
 create mode 100644 specs/artifacts/2026-10-05-connection-workspace-authority/diff-request-stability/runtime-evidence-40/provider-49880-6bc6b815-44e9-4a4c-97ea-b5593ab595b1-124.json
 create mode 100644 specs/artifacts/2026-10-05-connection-workspace-authority/diff-request-stability/runtime-evidence-40/provider-49880-6bc6b815-44e9-4a4c-97ea-b5593ab595b1-125.json
 create mode 100644 specs/artifacts/2026-10-05-connection-workspace-authority/diff-request-stability/runtime-evidence-40/provider-49880-6bc6b815-44e9-4a4c-97ea-b5593ab595b1-126.json
 create mode 100644 specs/artifacts/2026-10-05-connection-workspace-authority/diff-request-stability/runtime-evidence-40/provider-49880-6bc6b815-44e9-4a4c-97ea-b5593ab595b1-127.json
 create mode 100644 specs/artifacts/2026-10-05-connection-workspace-authority/diff-request-stability/runtime-evidence-40/provider-49880-6bc6b815-44e9-4a4c-97ea-b5593ab595b1-128.json
 create mode 100644 specs/artifacts/2026-10-05-connection-workspace-authority/diff-request-stability/runtime-evidence-40/provider-49880-6bc6b815-44e9-4a4c-97ea-b5593ab595b1-129.json
 create mode 100644 specs/artifacts/2026-10-05-connection-workspace-authority/diff-request-stability/runtime-evidence-40/provider-49880-6bc6b815-44e9-4a4c-97ea-b5593ab595b1-13.json
 create mode 100644 specs/artifacts/2026-10-05-connection-workspace-authority/diff-request-stability/runtime-evidence-40/provider-49880-6bc6b815-44e9-4a4c-97ea-b5593ab595b1-130.json
 create mode 100644 specs/artifacts/2026-10-05-connection-workspace-authority/diff-request-stability/runtime-evidence-40/provider-49880-6bc6b815-44e9-4a4c-97ea-b5593ab595b1-131.json
 create mode 100644 specs/artifacts/2026-10-05-connection-workspace-authority/diff-request-stability/runtime-evidence-40/provider-49880-6bc6b815-44e9-4a4c-97ea-b5593ab595b1-132.json
 create mode 100644 specs/artifacts/2026-10-05-connection-workspace-authority/diff-request-stability/runtime-evidence-40/provider-49880-6bc6b815-44e9-4a4c-97ea-b5593ab595b1-133.json
 create mode 100644 specs/artifacts/2026-10-05-connection-workspace-authority/diff-request-stability/runtime-evidence-40/provider-49880-6bc6b815-44e9-4a4c-97ea-b5593ab595b1-134.json
 create mode 100644 specs/artifacts/2026-10-05-connection-workspace-authority/diff-request-stability/runtime-evidence-40/provider-49880-6bc6b815-44e9-4a4c-97ea-b5593ab595b1-135.json
 create mode 100644 specs/artifacts/2026-10-05-connection-workspace-authority/diff-request-stability/runtime-evidence-40/provider-49880-6bc6b815-44e9-4a4c-97ea-b5593ab595b1-136.json
 create mode 100644 specs/artifacts/2026-10-05-connection-workspace-authority/diff-request-stability/runtime-evidence-40/provider-49880-6bc6b815-44e9-4a4c-97ea-b5593ab595b1-137.json
 create mode 100644 specs/artifacts/2026-10-05-connection-workspace-authority/diff-request-stability/runtime-evidence-40/provider-49880-6bc6b815-44e9-4a4c-97ea-b5593ab595b1-138.json
 create mode 100644 specs/artifacts/2026-10-05-connection-workspace-authority/diff-request-stability/runtime-evidence-40/provider-49880-6bc6b815-44e9-4a4c-97ea-b5593ab595b1-139.json
 create mode 100644 specs/artifacts/2026-10-05-connection-workspace-authority/diff-request-stability/runtime-evidence-40/provider-49880-6bc6b815-44e9-4a4c-97ea-b5593ab595b1-14.json
 create mode 100644 specs/artifacts/2026-10-05-connection-workspace-authority/diff-request-stability/runtime-evidence-40/provider-49880-6bc6b815-44e9-4a4c-97ea-b5593ab595b1-140.json
 create mode 100644 specs/artifacts/2026-10-05-connection-workspace-authority/diff-request-stability/runtime-evidence-40/provider-49880-6bc6b815-44e9-4a4c-97ea-b5593ab595b1-141.json
 create mode 100644 specs/artifacts/2026-10-05-connection-workspace-authority/diff-request-stability/runtime-evidence-40/provider-49880-6bc6b815-44e9-4a4c-97ea-b5593ab595b1-142.json
 create mode 100644 specs/artifacts/2026-10-05-connection-workspace-authority/diff-request-stability/runtime-evidence-40/provider-49880-6bc6b815-44e9-4a4c-97ea-b5593ab595b1-143.json
 create mode 100644 specs/artifacts/2026-10-05-connection-workspace-authority/diff-request-stability/runtime-evidence-40/provider-49880-6bc6b815-44e9-4a4c-97ea-b5593ab595b1-144.json
 create mode 100644 specs/artifacts/2026-10-05-connection-workspace-authority/diff-request-stability/runtime-evidence-40/provider-49880-6bc6b815-44e9-4a4c-97ea-b5593ab595b1-145.json
 create mode 100644 specs/artifacts/2026-10-05-connection-workspace-authority/diff-request-stability/runtime-evidence-40/provider-49880-6bc6b815-44e9-4a4c-97ea-b5593ab595b1-146.json
 create mode 100644 specs/artifacts/2026-10-05-connection-workspace-authority/diff-request-stability/runtime-evidence-40/provider-49880-6bc6b815-44e9-4a4c-97ea-b5593ab595b1-147.json
 create mode 100644 specs/artifacts/2026-10-05-connection-workspace-authority/diff-request-stability/runtime-evidence-40/provider-49880-6bc6b815-44e9-4a4c-97ea-b5593ab595b1-148.json
 create mode 100644 specs/artifacts/2026-10-05-connection-workspace-authority/diff-request-stability/runtime-evidence-40/provider-49880-6bc6b815-44e9-4a4c-97ea-b5593ab595b1-149.json
 create mode 100644 specs/artifacts/2026-10-05-connection-workspace-authority/diff-request-stability/runtime-evidence-40/provider-49880-6bc6b815-44e9-4a4c-97ea-b5593ab595b1-15.json
 create mode 100644 specs/artifacts/2026-10-05-connection-workspace-authority/diff-request-stability/runtime-evidence-40/provider-49880-6bc6b815-44e9-4a4c-97ea-b5593ab595b1-150.json
 create mode 100644 specs/artifacts/2026-10-05-connection-workspace-authority/diff-request-stability/runtime-evidence-40/provider-49880-6bc6b815-44e9-4a4c-97ea-b5593ab595b1-151.json
 create mode 100644 specs/artifacts/2026-10-05-connection-workspace-authority/diff-request-stability/runtime-evidence-40/provider-49880-6bc6b815-44e9-4a4c-97ea-b5593ab595b1-152.json
 create mode 100644 specs/artifacts/2026-10-05-connection-workspace-authority/diff-request-stability/runtime-evidence-40/provider-49880-6bc6b815-44e9-4a4c-97ea-b5593ab595b1-153.json
 create mode 100644 specs/artifacts/2026-10-05-connection-workspace-authority/diff-request-stability/runtime-evidence-40/provider-49880-6bc6b815-44e9-4a4c-97ea-b5593ab595b1-154.json
 create mode 100644 specs/artifacts/2026-10-05-connection-workspace-authority/diff-request-stability/runtime-evidence-40/provider-49880-6bc6b815-44e9-4a4c-97ea-b5593ab595b1-155.json
 create mode 100644 specs/artifacts/2026-10-05-connection-workspace-authority/diff-request-stability/runtime-evidence-40/provider-49880-6bc6b815-44e9-4a4c-97ea-b5593ab595b1-156.json
 create mode 100644 specs/artifacts/2026-10-05-connection-workspace-authority/diff-request-stability/runtime-evidence-40/provider-49880-6bc6b815-44e9-4a4c-97ea-b5593ab595b1-157.json
 create mode 100644 specs/artifacts/2026-10-05-connection-workspace-authority/diff-request-stability/runtime-evidence-40/provider-49880-6bc6b815-44e9-4a4c-97ea-b5593ab595b1-158.json
 create mode 100644 specs/artifacts/2026-10-05-connection-workspace-authority/diff-request-stability/runtime-evidence-40/provider-49880-6bc6b815-44e9-4a4c-97ea-b5593ab595b1-159.json
 create mode 100644 specs/artifacts/2026-10-05-connection-workspace-authority/diff-request-stability/runtime-evidence-40/provider-49880-6bc6b815-44e9-4a4c-97ea-b5593ab595b1-16.json
 create mode 100644 specs/artifacts/2026-10-05-connection-workspace-authority/diff-request-stability/runtime-evidence-40/provider-49880-6bc6b815-44e9-4a4c-97ea-b5593ab595b1-160.json
 create mode 100644 specs/artifacts/2026-10-05-connection-workspace-authority/diff-request-stability/runtime-evidence-40/provider-49880-6bc6b815-44e9-4a4c-97ea-b5593ab595b1-161.json
 create mode 100644 specs/artifacts/2026-10-05-connection-workspace-authority/diff-request-stability/runtime-evidence-40/provider-49880-6bc6b815-44e9-4a4c-97ea-b5593ab595b1-162.json
 create mode 100644 specs/artifacts/2026-10-05-connection-workspace-authority/diff-request-stability/runtime-evidence-40/provider-49880-6bc6b815-44e9-4a4c-97ea-b5593ab595b1-163.json
 create mode 100644 specs/artifacts/2026-10-05-connection-workspace-authority/diff-request-stability/runtime-evidence-40/provider-49880-6bc6b815-44e9-4a4c-97ea-b5593ab595b1-164.json
 create mode 100644 specs/artifacts/2026-10-05-connection-workspace-authority/diff-request-stability/runtime-evidence-40/provider-49880-6bc6b815-44e9-4a4c-97ea-b5593ab595b1-165.json
 create mode 100644 specs/artifacts/2026-10-05-connection-workspace-authority/diff-request-stability/runtime-evidence-40/provider-49880-6bc6b815-44e9-4a4c-97ea-b5593ab595b1-166.json
 create mode 100644 specs/artifacts/2026-10-05-connection-workspace-authority/diff-request-stability/runtime-evidence-40/provider-49880-6bc6b815-44e9-4a4c-97ea-b5593ab595b1-167.json
 create mode 100644 specs/artifacts/2026-10-05-connection-workspace-authority/diff-request-stability/runtime-evidence-40/provider-49880-6bc6b815-44e9-4a4c-97ea-b5593ab595b1-168.json
 create mode 100644 specs/artifacts/2026-10-05-connection-workspace-authority/diff-request-stability/runtime-evidence-40/provider-49880-6bc6b815-44e9-4a4c-97ea-b5593ab595b1-169.json
 create mode 100644 specs/artifacts/2026-10-05-connection-workspace-authority/diff-request-stability/runtime-evidence-40/provider-49880-6bc6b815-44e9-4a4c-97ea-b5593ab595b1-17.json
 create mode 100644 specs/artifacts/2026-10-05-connection-workspace-authority/diff-request-stability/runtime-evidence-40/provider-49880-6bc6b815-44e9-4a4c-97ea-b5593ab595b1-170.json
 create mode 100644 specs/artifacts/2026-10-05-connection-workspace-authority/diff-request-stability/runtime-evidence-40/provider-49880-6bc6b815-44e9-4a4c-97ea-b5593ab595b1-171.json
 create mode 100644 specs/artifacts/2026-10-05-connection-workspace-authority/diff-request-stability/runtime-evidence-40/provider-49880-6bc6b815-44e9-4a4c-97ea-b5593ab595b1-172.json
 create mode 100644 specs/artifacts/2026-10-05-connection-workspace-authority/diff-request-stability/runtime-evidence-40/provider-49880-6bc6b815-44e9-4a4c-97ea-b5593ab595b1-173.json
 create mode 100644 specs/artifacts/2026-10-05-connection-workspace-authority/diff-request-stability/runtime-evidence-40/provider-49880-6bc6b815-44e9-4a4c-97ea-b5593ab595b1-174.json
 create mode 100644 specs/artifacts/2026-10-05-connection-workspace-authority/diff-request-stability/runtime-evidence-40/provider-49880-6bc6b815-44e9-4a4c-97ea-b5593ab595b1-175.json
 create mode 100644 specs/artifacts/2026-10-05-connection-workspace-authority/diff-request-stability/runtime-evidence-40/provider-49880-6bc6b815-44e9-4a4c-97ea-b5593ab595b1-176.json
 create mode 100644 specs/artifacts/2026-10-05-connection-workspace-authority/diff-request-stability/runtime-evidence-40/provider-49880-6bc6b815-44e9-4a4c-97ea-b5593ab595b1-177.json
 create mode 100644 specs/artifacts/2026-10-05-connection-workspace-authority/diff-request-stability/runtime-evidence-40/provider-49880-6bc6b815-44e9-4a4c-97ea-b5593ab595b1-178.json
 create mode 100644 specs/artifacts/2026-10-05-connection-workspace-authority/diff-request-stability/runtime-evidence-40/provider-49880-6bc6b815-44e9-4a4c-97ea-b5593ab595b1-179.json
 create mode 100644 specs/artifacts/2026-10-05-connection-workspace-authority/diff-request-stability/runtime-evidence-40/provider-49880-6bc6b815-44e9-4a4c-97ea-b5593ab595b1-18.json
 create mode 100644 specs/artifacts/2026-10-05-connection-workspace-authority/diff-request-stability/runtime-evidence-40/provider-49880-6bc6b815-44e9-4a4c-97ea-b5593ab595b1-180.json
 create mode 100644 specs/artifacts/2026-10-05-connection-workspace-authority/diff-request-stability/runtime-evidence-40/provider-49880-6bc6b815-44e9-4a4c-97ea-b5593ab595b1-181.json
 create mode 100644 specs/artifacts/2026-10-05-connection-workspace-authority/diff-request-stability/runtime-evidence-40/provider-49880-6bc6b815-44e9-4a4c-97ea-b5593ab595b1-182.json
 create mode 100644 specs/artifacts/2026-10-05-connection-workspace-authority/diff-request-stability/runtime-evidence-40/provider-49880-6bc6b815-44e9-4a4c-97ea-b5593ab595b1-183.json
 create mode 100644 specs/artifacts/2026-10-05-connection-workspace-authority/diff-request-stability/runtime-evidence-40/provider-49880-6bc6b815-44e9-4a4c-97ea-b5593ab595b1-184.json
 create mode 100644 specs/artifacts/2026-10-05-connection-workspace-authority/diff-request-stability/runtime-evidence-40/provider-49880-6bc6b815-44e9-4a4c-97ea-b5593ab595b1-185.json
 create mode 100644 specs/artifacts/2026-10-05-connection-workspace-authority/diff-request-stability/runtime-evidence-40/provider-49880-6bc6b815-44e9-4a4c-97ea-b5593ab595b1-186.json
 create mode 100644 specs/artifacts/2026-10-05-connection-workspace-authority/diff-request-stability/runtime-evidence-40/provider-49880-6bc6b815-44e9-4a4c-97ea-b5593ab595b1-187.json
 create mode 100644 specs/artifacts/2026-10-05-connection-workspace-authority/diff-request-stability/runtime-evidence-40/provider-49880-6bc6b815-44e9-4a4c-97ea-b5593ab595b1-188.json
 create mode 100644 specs/artifacts/2026-10-05-connection-workspace-authority/diff-request-stability/runtime-evidence-40/provider-49880-6bc6b815-44e9-4a4c-97ea-b5593ab595b1-189.json
 create mode 100644 specs/artifacts/2026-10-05-connection-workspace-authority/diff-request-stability/runtime-evidence-40/provider-49880-6bc6b815-44e9-4a4c-97ea-b5593ab595b1-19.json
 create mode 100644 specs/artifacts/2026-10-05-connection-workspace-authority/diff-request-stability/runtime-evidence-40/provider-49880-6bc6b815-44e9-4a4c-97ea-b5593ab595b1-190.json
 create mode 100644 specs/artifacts/2026-10-05-connection-workspace-authority/diff-request-stability/runtime-evidence-40/provider-49880-6bc6b815-44e9-4a4c-97ea-b5593ab595b1-2.json
 create mode 100644 specs/artifacts/2026-10-05-connection-workspace-authority/diff-request-stability/runtime-evidence-40/provider-49880-6bc6b815-44e9-4a4c-97ea-b5593ab595b1-20.json
 create mode 100644 specs/artifacts/2026-10-05-connection-workspace-authority/diff-request-stability/runtime-evidence-40/provider-49880-6bc6b815-44e9-4a4c-97ea-b5593ab595b1-21.json
 create mode 100644 specs/artifacts/2026-10-05-connection-workspace-authority/diff-request-stability/runtime-evidence-40/provider-49880-6bc6b815-44e9-4a4c-97ea-b5593ab595b1-22.json
 create mode 100644 specs/artifacts/2026-10-05-connection-workspace-authority/diff-request-stability/runtime-evidence-40/provider-49880-6bc6b815-44e9-4a4c-97ea-b5593ab595b1-23.json
 create mode 100644 specs/artifacts/2026-10-05-connection-workspace-authority/diff-request-stability/runtime-evidence-40/provider-49880-6bc6b815-44e9-4a4c-97ea-b5593ab595b1-24.json
 create mode 100644 specs/artifacts/2026-10-05-connection-workspace-authority/diff-request-stability/runtime-evidence-40/provider-49880-6bc6b815-44e9-4a4c-97ea-b5593ab595b1-25.json
 create mode 100644 specs/artifacts/2026-10-05-connection-workspace-authority/diff-request-stability/runtime-evidence-40/provider-49880-6bc6b815-44e9-4a4c-97ea-b5593ab595b1-26.json
 create mode 100644 specs/artifacts/2026-10-05-connection-workspace-authority/diff-request-stability/runtime-evidence-40/provider-49880-6bc6b815-44e9-4a4c-97ea-b5593ab595b1-27.json
 create mode 100644 specs/artifacts/2026-10-05-connection-workspace-authority/diff-request-stability/runtime-evidence-40/provider-49880-6bc6b815-44e9-4a4c-97ea-b5593ab595b1-28.json
 create mode 100644 specs/artifacts/2026-10-05-connection-workspace-authority/diff-request-stability/runtime-evidence-40/provider-49880-6bc6b815-44e9-4a4c-97ea-b5593ab595b1-29.json
 create mode 100644 specs/artifacts/2026-10-05-connection-workspace-authority/diff-request-stability/runtime-evidence-40/provider-49880-6bc6b815-44e9-4a4c-97ea-b5593ab595b1-3.json
 create mode 100644 specs/artifacts/2026-10-05-connection-workspace-authority/diff-request-stability/runtime-evidence-40/provider-49880-6bc6b815-44e9-4a4c-97ea-b5593ab595b1-30.json
 create mode 100644 specs/artifacts/2026-10-05-connection-workspace-authority/diff-request-stability/runtime-evidence-40/provider-49880-6bc6b815-44e9-4a4c-97ea-b5593ab595b1-31.json
 create mode 100644 specs/artifacts/2026-10-05-connection-workspace-authority/diff-request-stability/runtime-evidence-40/provider-49880-6bc6b815-44e9-4a4c-97ea-b5593ab595b1-32.json
 create mode 100644 specs/artifacts/2026-10-05-connection-workspace-authority/diff-request-stability/runtime-evidence-40/provider-49880-6bc6b815-44e9-4a4c-97ea-b5593ab595b1-33.json
 create mode 100644 specs/artifacts/2026-10-05-connection-workspace-authority/diff-request-stability/runtime-evidence-40/provider-49880-6bc6b815-44e9-4a4c-97ea-b5593ab595b1-34.json
 create mode 100644 specs/artifacts/2026-10-05-connection-workspace-authority/diff-request-stability/runtime-evidence-40/provider-49880-6bc6b815-44e9-4a4c-97ea-b5593ab595b1-35.json
 create mode 100644 specs/artifacts/2026-10-05-connection-workspace-authority/diff-request-stability/runtime-evidence-40/provider-49880-6bc6b815-44e9-4a4c-97ea-b5593ab595b1-36.json
 create mode 100644 specs/artifacts/2026-10-05-connection-workspace-authority/diff-request-stability/runtime-evidence-40/provider-49880-6bc6b815-44e9-4a4c-97ea-b5593ab595b1-37.json
 create mode 100644 specs/artifacts/2026-10-05-connection-workspace-authority/diff-request-stability/runtime-evidence-40/provider-49880-6bc6b815-44e9-4a4c-97ea-b5593ab595b1-38.json
 create mode 100644 specs/artifacts/2026-10-05-connection-workspace-authority/diff-request-stability/runtime-evidence-40/provider-49880-6bc6b815-44e9-4a4c-97ea-b5593ab595b1-39.json
 create mode 100644 specs/artifacts/2026-10-05-connection-workspace-authority/diff-request-stability/runtime-evidence-40/provider-49880-6bc6b815-44e9-4a4c-97ea-b5593ab595b1-4.json
 create mode 100644 specs/artifacts/2026-10-05-connection-workspace-authority/diff-request-stability/runtime-evidence-40/provider-49880-6bc6b815-44e9-4a4c-97ea-b5593ab595b1-40.json
 create mode 100644 specs/artifacts/2026-10-05-connection-workspace-authority/diff-request-stability/runtime-evidence-40/provider-49880-6bc6b815-44e9-4a4c-97ea-b5593ab595b1-41.json
 create mode 100644 specs/artifacts/2026-10-05-connection-workspace-authority/diff-request-stability/runtime-evidence-40/provider-49880-6bc6b815-44e9-4a4c-97ea-b5593ab595b1-42.json
 create mode 100644 specs/artifacts/2026-10-05-connection-workspace-authority/diff-request-stability/runtime-evidence-40/provider-49880-6bc6b815-44e9-4a4c-97ea-b5593ab595b1-43.json
 create mode 100644 specs/artifacts/2026-10-05-connection-workspace-authority/diff-request-stability/runtime-evidence-40/provider-49880-6bc6b815-44e9-4a4c-97ea-b5593ab595b1-44.json
 create mode 100644 specs/artifacts/2026-10-05-connection-workspace-authority/diff-request-stability/runtime-evidence-40/provider-49880-6bc6b815-44e9-4a4c-97ea-b5593ab595b1-45.json
 create mode 100644 specs/artifacts/2026-10-05-connection-workspace-authority/diff-request-stability/runtime-evidence-40/provider-49880-6bc6b815-44e9-4a4c-97ea-b5593ab595b1-46.json
 create mode 100644 specs/artifacts/2026-10-05-connection-workspace-authority/diff-request-stability/runtime-evidence-40/provider-49880-6bc6b815-44e9-4a4c-97ea-b5593ab595b1-47.json
 create mode 100644 specs/artifacts/2026-10-05-connection-workspace-authority/diff-request-stability/runtime-evidence-40/provider-49880-6bc6b815-44e9-4a4c-97ea-b5593ab595b1-48.json
 create mode 100644 specs/artifacts/2026-10-05-connection-workspace-authority/diff-request-stability/runtime-evidence-40/provider-49880-6bc6b815-44e9-4a4c-97ea-b5593ab595b1-49.json
 create mode 100644 specs/artifacts/2026-10-05-connection-workspace-authority/diff-request-stability/runtime-evidence-40/provider-49880-6bc6b815-44e9-4a4c-97ea-b5593ab595b1-5.json
 create mode 100644 specs/artifacts/2026-10-05-connection-workspace-authority/diff-request-stability/runtime-evidence-40/provider-49880-6bc6b815-44e9-4a4c-97ea-b5593ab595b1-50.json
 create mode 100644 specs/artifacts/2026-10-05-connection-workspace-authority/diff-request-stability/runtime-evidence-40/provider-49880-6bc6b815-44e9-4a4c-97ea-b5593ab595b1-51.json
 create mode 100644 specs/artifacts/2026-10-05-connection-workspace-authority/diff-request-stability/runtime-evidence-40/provider-49880-6bc6b815-44e9-4a4c-97ea-b5593ab595b1-52.json
 create mode 100644 specs/artifacts/2026-10-05-connection-workspace-authority/diff-request-stability/runtime-evidence-40/provider-49880-6bc6b815-44e9-4a4c-97ea-b5593ab595b1-53.json
 create mode 100644 specs/artifacts/2026-10-05-connection-workspace-authority/diff-request-stability/runtime-evidence-40/provider-49880-6bc6b815-44e9-4a4c-97ea-b5593ab595b1-54.json
 create mode 100644 specs/artifacts/2026-10-05-connection-workspace-authority/diff-request-stability/runtime-evidence-40/provider-49880-6bc6b815-44e9-4a4c-97ea-b5593ab595b1-55.json
 create mode 100644 specs/artifacts/2026-10-05-connection-workspace-authority/diff-request-stability/runtime-evidence-40/provider-49880-6bc6b815-44e9-4a4c-97ea-b5593ab595b1-56.json
 create mode 100644 specs/artifacts/2026-10-05-connection-workspace-authority/diff-request-stability/runtime-evidence-40/provider-49880-6bc6b815-44e9-4a4c-97ea-b5593ab595b1-57.json
 create mode 100644 specs/artifacts/2026-10-05-connection-workspace-authority/diff-request-stability/runtime-evidence-40/provider-49880-6bc6b815-44e9-4a4c-97ea-b5593ab595b1-58.json
 create mode 100644 specs/artifacts/2026-10-05-connection-workspace-authority/diff-request-stability/runtime-evidence-40/provider-49880-6bc6b815-44e9-4a4c-97ea-b5593ab595b1-59.json
 create mode 100644 specs/artifacts/2026-10-05-connection-workspace-authority/diff-request-stability/runtime-evidence-40/provider-49880-6bc6b815-44e9-4a4c-97ea-b5593ab595b1-6.json
 create mode 100644 specs/artifacts/2026-10-05-connection-workspace-authority/diff-request-stability/runtime-evidence-40/provider-49880-6bc6b815-44e9-4a4c-97ea-b5593ab595b1-60.json
 create mode 100644 specs/artifacts/2026-10-05-connection-workspace-authority/diff-request-stability/runtime-evidence-40/provider-49880-6bc6b815-44e9-4a4c-97ea-b5593ab595b1-61.json
 create mode 100644 specs/artifacts/2026-10-05-connection-workspace-authority/diff-request-stability/runtime-evidence-40/provider-49880-6bc6b815-44e9-4a4c-97ea-b5593ab595b1-62.json
 create mode 100644 specs/artifacts/2026-10-05-connection-workspace-authority/diff-request-stability/runtime-evidence-40/provider-49880-6bc6b815-44e9-4a4c-97ea-b5593ab595b1-63.json
 create mode 100644 specs/artifacts/2026-10-05-connection-workspace-authority/diff-request-stability/runtime-evidence-40/provider-49880-6bc6b815-44e9-4a4c-97ea-b5593ab595b1-64.json
 create mode 100644 specs/artifacts/2026-10-05-connection-workspace-authority/diff-request-stability/runtime-evidence-40/provider-49880-6bc6b815-44e9-4a4c-97ea-b5593ab595b1-65.json
 create mode 100644 specs/artifacts/2026-10-05-connection-workspace-authority/diff-request-stability/runtime-evidence-40/provider-49880-6bc6b815-44e9-4a4c-97ea-b5593ab595b1-66.json
 create mode 100644 specs/artifacts/2026-10-05-connection-workspace-authority/diff-request-stability/runtime-evidence-40/provider-49880-6bc6b815-44e9-4a4c-97ea-b5593ab595b1-67.json
 create mode 100644 specs/artifacts/2026-10-05-connection-workspace-authority/diff-request-stability/runtime-evidence-40/provider-49880-6bc6b815-44e9-4a4c-97ea-b5593ab595b1-68.json
 create mode 100644 specs/artifacts/2026-10-05-connection-workspace-authority/diff-request-stability/runtime-evidence-40/provider-49880-6bc6b815-44e9-4a4c-97ea-b5593ab595b1-69.json
 create mode 100644 specs/artifacts/2026-10-05-connection-workspace-authority/diff-request-stability/runtime-evidence-40/provider-49880-6bc6b815-44e9-4a4c-97ea-b5593ab595b1-7.json
 create mode 100644 specs/artifacts/2026-10-05-connection-workspace-authority/diff-request-stability/runtime-evidence-40/provider-49880-6bc6b815-44e9-4a4c-97ea-b5593ab595b1-70.json
 create mode 100644 specs/artifacts/2026-10-05-connection-workspace-authority/diff-request-stability/runtime-evidence-40/provider-49880-6bc6b815-44e9-4a4c-97ea-b5593ab595b1-71.json
 create mode 100644 specs/artifacts/2026-10-05-connection-workspace-authority/diff-request-stability/runtime-evidence-40/provider-49880-6bc6b815-44e9-4a4c-97ea-b5593ab595b1-72.json
 create mode 100644 specs/artifacts/2026-10-05-connection-workspace-authority/diff-request-stability/runtime-evidence-40/provider-49880-6bc6b815-44e9-4a4c-97ea-b5593ab595b1-73.json
 create mode 100644 specs/artifacts/2026-10-05-connection-workspace-authority/diff-request-stability/runtime-evidence-40/provider-49880-6bc6b815-44e9-4a4c-97ea-b5593ab595b1-74.json
 create mode 100644 specs/artifacts/2026-10-05-connection-workspace-authority/diff-request-stability/runtime-evidence-40/provider-49880-6bc6b815-44e9-4a4c-97ea-b5593ab595b1-75.json
 create mode 100644 specs/artifacts/2026-10-05-connection-workspace-authority/diff-request-stability/runtime-evidence-40/provider-49880-6bc6b815-44e9-4a4c-97ea-b5593ab595b1-76.json
 create mode 100644 specs/artifacts/2026-10-05-connection-workspace-authority/diff-request-stability/runtime-evidence-40/provider-49880-6bc6b815-44e9-4a4c-97ea-b5593ab595b1-77.json
 create mode 100644 specs/artifacts/2026-10-05-connection-workspace-authority/diff-request-stability/runtime-evidence-40/provider-49880-6bc6b815-44e9-4a4c-97ea-b5593ab595b1-78.json
 create mode 100644 specs/artifacts/2026-10-05-connection-workspace-authority/diff-request-stability/runtime-evidence-40/provider-49880-6bc6b815-44e9-4a4c-97ea-b5593ab595b1-79.json
 create mode 100644 specs/artifacts/2026-10-05-connection-workspace-authority/diff-request-stability/runtime-evidence-40/provider-49880-6bc6b815-44e9-4a4c-97ea-b5593ab595b1-8.json
 create mode 100644 specs/artifacts/2026-10-05-connection-workspace-authority/diff-request-stability/runtime-evidence-40/provider-49880-6bc6b815-44e9-4a4c-97ea-b5593ab595b1-80.json
 create mode 100644 specs/artifacts/2026-10-05-connection-workspace-authority/diff-request-stability/runtime-evidence-40/provider-49880-6bc6b815-44e9-4a4c-97ea-b5593ab595b1-81.json
 create mode 100644 specs/artifacts/2026-10-05-connection-workspace-authority/diff-request-stability/runtime-evidence-40/provider-49880-6bc6b815-44e9-4a4c-97ea-b5593ab595b1-82.json
 create mode 100644 specs/artifacts/2026-10-05-connection-workspace-authority/diff-request-stability/runtime-evidence-40/provider-49880-6bc6b815-44e9-4a4c-97ea-b5593ab595b1-83.json
 create mode 100644 specs/artifacts/2026-10-05-connection-workspace-authority/diff-request-stability/runtime-evidence-40/provider-49880-6bc6b815-44e9-4a4c-97ea-b5593ab595b1-84.json
 create mode 100644 specs/artifacts/2026-10-05-connection-workspace-authority/diff-request-stability/runtime-evidence-40/provider-49880-6bc6b815-44e9-4a4c-97ea-b5593ab595b1-85.json
 create mode 100644 specs/artifacts/2026-10-05-connection-workspace-authority/diff-request-stability/runtime-evidence-40/provider-49880-6bc6b815-44e9-4a4c-97ea-b5593ab595b1-86.json
 create mode 100644 specs/artifacts/2026-10-05-connection-workspace-authority/diff-request-stability/runtime-evidence-40/provider-49880-6bc6b815-44e9-4a4c-97ea-b5593ab595b1-87.json
 create mode 100644 specs/artifacts/2026-10-05-connection-workspace-authority/diff-request-stability/runtime-evidence-40/provider-49880-6bc6b815-44e9-4a4c-97ea-b5593ab595b1-88.json
 create mode 100644 specs/artifacts/2026-10-05-connection-workspace-authority/diff-request-stability/runtime-evidence-40/provider-49880-6bc6b815-44e9-4a4c-97ea-b5593ab595b1-89.json
 create mode 100644 specs/artifacts/2026-10-05-connection-workspace-authority/diff-request-stability/runtime-evidence-40/provider-49880-6bc6b815-44e9-4a4c-97ea-b5593ab595b1-9.json
 create mode 100644 specs/artifacts/2026-10-05-connection-workspace-authority/diff-request-stability/runtime-evidence-40/provider-49880-6bc6b815-44e9-4a4c-97ea-b5593ab595b1-90.json
 create mode 100644 specs/artifacts/2026-10-05-connection-workspace-authority/diff-request-stability/runtime-evidence-40/provider-49880-6bc6b815-44e9-4a4c-97ea-b5593ab595b1-91.json
 create mode 100644 specs/artifacts/2026-10-05-connection-workspace-authority/diff-request-stability/runtime-evidence-40/provider-49880-6bc6b815-44e9-4a4c-97ea-b5593ab595b1-92.json
 create mode 100644 specs/artifacts/2026-10-05-connection-workspace-authority/diff-request-stability/runtime-evidence-40/provider-49880-6bc6b815-44e9-4a4c-97ea-b5593ab595b1-93.json
 create mode 100644 specs/artifacts/2026-10-05-connection-workspace-authority/diff-request-stability/runtime-evidence-40/provider-49880-6bc6b815-44e9-4a4c-97ea-b5593ab595b1-94.json
 create mode 100644 specs/artifacts/2026-10-05-connection-workspace-authority/diff-request-stability/runtime-evidence-40/provider-49880-6bc6b815-44e9-4a4c-97ea-b5593ab595b1-95.json
 create mode 100644 specs/artifacts/2026-10-05-connection-workspace-authority/diff-request-stability/runtime-evidence-40/provider-49880-6bc6b815-44e9-4a4c-97ea-b5593ab595b1-96.json
 create mode 100644 specs/artifacts/2026-10-05-connection-workspace-authority/diff-request-stability/runtime-evidence-40/provider-49880-6bc6b815-44e9-4a4c-97ea-b5593ab595b1-97.json
 create mode 100644 specs/artifacts/2026-10-05-connection-workspace-authority/diff-request-stability/runtime-evidence-40/provider-49880-6bc6b815-44e9-4a4c-97ea-b5593ab595b1-98.json
 create mode 100644 specs/artifacts/2026-10-05-connection-workspace-authority/diff-request-stability/runtime-evidence-40/provider-49880-6bc6b815-44e9-4a4c-97ea-b5593ab595b1-99.json
 create mode 100644 specs/artifacts/2026-10-05-connection-workspace-authority/diff-request-stability/runtime-evidence-40/provider-pair-staging.json
 create mode 100644 specs/artifacts/2026-10-05-connection-workspace-authority/diff-request-stability/runtime-evidence-40/qa-package-installed.json
 create mode 100644 specs/artifacts/2026-10-05-connection-workspace-authority/diff-request-stability/runtime-evidence-40/startup.json
 create mode 100644 specs/artifacts/2026-10-05-connection-workspace-authority/diff-request-stability/runtime-evidence-40/stderr.log
 create mode 100644 specs/artifacts/2026-10-05-connection-workspace-authority/diff-request-stability/runtime-evidence-40/stdout.log
 create mode 100644 specs/artifacts/2026-10-05-connection-workspace-authority/diff-request-stability/runtime-evidence-40/task-boundary-admitted.json
 create mode 100644 specs/artifacts/2026-10-05-connection-workspace-authority/diff-request-stability/runtime-evidence-40/task-complete.json
 create mode 100644 specs/artifacts/2026-10-05-connection-workspace-authority/diff-request-stability/runtime-evidence-40/task-observation-49880-98f0c9a2-2ad2-43ec-b851-92d91a19bb3a-1.json
 create mode 100644 specs/artifacts/2026-10-05-connection-workspace-authority/diff-request-stability/runtime-evidence-40/task-observation-49880-98f0c9a2-2ad2-43ec-b851-92d91a19bb3a-10.json
 create mode 100644 specs/artifacts/2026-10-05-connection-workspace-authority/diff-request-stability/runtime-evidence-40/task-observation-49880-98f0c9a2-2ad2-43ec-b851-92d91a19bb3a-100.json
 create mode 100644 specs/artifacts/2026-10-05-connection-workspace-authority/diff-request-stability/runtime-evidence-40/task-observation-49880-98f0c9a2-2ad2-43ec-b851-92d91a19bb3a-101.json
 create mode 100644 specs/artifacts/2026-10-05-connection-workspace-authority/diff-request-stability/runtime-evidence-40/task-observation-49880-98f0c9a2-2ad2-43ec-b851-92d91a19bb3a-102.json
 create mode 100644 specs/artifacts/2026-10-05-connection-workspace-authority/diff-request-stability/runtime-evidence-40/task-observation-49880-98f0c9a2-2ad2-43ec-b851-92d91a19bb3a-103.json
 create mode 100644 specs/artifacts/2026-10-05-connection-workspace-authority/diff-request-stability/runtime-evidence-40/task-observation-49880-98f0c9a2-2ad2-43ec-b851-92d91a19bb3a-104.json
 create mode 100644 specs/artifacts/2026-10-05-connection-workspace-authority/diff-request-stability/runtime-evidence-40/task-observation-49880-98f0c9a2-2ad2-43ec-b851-92d91a19bb3a-105.json
 create mode 100644 specs/artifacts/2026-10-05-connection-workspace-authority/diff-request-stability/runtime-evidence-40/task-observation-49880-98f0c9a2-2ad2-43ec-b851-92d91a19bb3a-106.json
 create mode 100644 specs/artifacts/2026-10-05-connection-workspace-authority/diff-request-stability/runtime-evidence-40/task-observation-49880-98f0c9a2-2ad2-43ec-b851-92d91a19bb3a-107.json
 create mode 100644 specs/artifacts/2026-10-05-connection-workspace-authority/diff-request-stability/runtime-evidence-40/task-observation-49880-98f0c9a2-2ad2-43ec-b851-92d91a19bb3a-108.json
 create mode 100644 specs/artifacts/2026-10-05-connection-workspace-authority/diff-request-stability/runtime-evidence-40/task-observation-49880-98f0c9a2-2ad2-43ec-b851-92d91a19bb3a-109.json
 create mode 100644 specs/artifacts/2026-10-05-connection-workspace-authority/diff-request-stability/runtime-evidence-40/task-observation-49880-98f0c9a2-2ad2-43ec-b851-92d91a19bb3a-11.json
 create mode 100644 specs/artifacts/2026-10-05-connection-workspace-authority/diff-request-stability/runtime-evidence-40/task-observation-49880-98f0c9a2-2ad2-43ec-b851-92d91a19bb3a-110.json
 create mode 100644 specs/artifacts/2026-10-05-connection-workspace-authority/diff-request-stability/runtime-evidence-40/task-observation-49880-98f0c9a2-2ad2-43ec-b851-92d91a19bb3a-111.json
 create mode 100644 specs/artifacts/2026-10-05-connection-workspace-authority/diff-request-stability/runtime-evidence-40/task-observation-49880-98f0c9a2-2ad2-43ec-b851-92d91a19bb3a-112.json
 create mode 100644 specs/artifacts/2026-10-05-connection-workspace-authority/diff-request-stability/runtime-evidence-40/task-observation-49880-98f0c9a2-2ad2-43ec-b851-92d91a19bb3a-113.json
 create mode 100644 specs/artifacts/2026-10-05-connection-workspace-authority/diff-request-stability/runtime-evidence-40/task-observation-49880-98f0c9a2-2ad2-43ec-b851-92d91a19bb3a-114.json
 create mode 100644 specs/artifacts/2026-10-05-connection-workspace-authority/diff-request-stability/runtime-evidence-40/task-observation-49880-98f0c9a2-2ad2-43ec-b851-92d91a19bb3a-115.json
 create mode 100644 specs/artifacts/2026-10-05-connection-workspace-authority/diff-request-stability/runtime-evidence-40/task-observation-49880-98f0c9a2-2ad2-43ec-b851-92d91a19bb3a-116.json
 create mode 100644 specs/artifacts/2026-10-05-connection-workspace-authority/diff-request-stability/runtime-evidence-40/task-observation-49880-98f0c9a2-2ad2-43ec-b851-92d91a19bb3a-117.json
 create mode 100644 specs/artifacts/2026-10-05-connection-workspace-authority/diff-request-stability/runtime-evidence-40/task-observation-49880-98f0c9a2-2ad2-43ec-b851-92d91a19bb3a-118.json
 create mode 100644 specs/artifacts/2026-10-05-connection-workspace-authority/diff-request-stability/runtime-evidence-40/task-observation-49880-98f0c9a2-2ad2-43ec-b851-92d91a19bb3a-119.json
 create mode 100644 specs/artifacts/2026-10-05-connection-workspace-authority/diff-request-stability/runtime-evidence-40/task-observation-49880-98f0c9a2-2ad2-43ec-b851-92d91a19bb3a-12.json
 create mode 100644 specs/artifacts/2026-10-05-connection-workspace-authority/diff-request-stability/runtime-evidence-40/task-observation-49880-98f0c9a2-2ad2-43ec-b851-92d91a19bb3a-120.json
 create mode 100644 specs/artifacts/2026-10-05-connection-workspace-authority/diff-request-stability/runtime-evidence-40/task-observation-49880-98f0c9a2-2ad2-43ec-b851-92d91a19bb3a-121.json
 create mode 100644 specs/artifacts/2026-10-05-connection-workspace-authority/diff-request-stability/runtime-evidence-40/task-observation-49880-98f0c9a2-2ad2-43ec-b851-92d91a19bb3a-122.json
 create mode 100644 specs/artifacts/2026-10-05-connection-workspace-authority/diff-request-stability/runtime-evidence-40/task-observation-49880-98f0c9a2-2ad2-43ec-b851-92d91a19bb3a-123.json
 create mode 100644 specs/artifacts/2026-10-05-connection-workspace-authority/diff-request-stability/runtime-evidence-40/task-observation-49880-98f0c9a2-2ad2-43ec-b851-92d91a19bb3a-124.json
 create mode 100644 specs/artifacts/2026-10-05-connection-workspace-authority/diff-request-stability/runtime-evidence-40/task-observation-49880-98f0c9a2-2ad2-43ec-b851-92d91a19bb3a-125.json
 create mode 100644 specs/artifacts/2026-10-05-connection-workspace-authority/diff-request-stability/runtime-evidence-40/task-observation-49880-98f0c9a2-2ad2-43ec-b851-92d91a19bb3a-126.json
 create mode 100644 specs/artifacts/2026-10-05-connection-workspace-authority/diff-request-stability/runtime-evidence-40/task-observation-49880-98f0c9a2-2ad2-43ec-b851-92d91a19bb3a-127.json
 create mode 100644 specs/artifacts/2026-10-05-connection-workspace-authority/diff-request-stability/runtime-evidence-40/task-observation-49880-98f0c9a2-2ad2-43ec-b851-92d91a19bb3a-128.json
 create mode 100644 specs/artifacts/2026-10-05-connection-workspace-authority/diff-request-stability/runtime-evidence-40/task-observation-49880-98f0c9a2-2ad2-43ec-b851-92d91a19bb3a-129.json
 create mode 100644 specs/artifacts/2026-10-05-connection-workspace-authority/diff-request-stability/runtime-evidence-40/task-observation-49880-98f0c9a2-2ad2-43ec-b851-92d91a19bb3a-13.json
 create mode 100644 specs/artifacts/2026-10-05-connection-workspace-authority/diff-request-stability/runtime-evidence-40/task-observation-49880-98f0c9a2-2ad2-43ec-b851-92d91a19bb3a-130.json
 create mode 100644 specs/artifacts/2026-10-05-connection-workspace-authority/diff-request-stability/runtime-evidence-40/task-observation-49880-98f0c9a2-2ad2-43ec-b851-92d91a19bb3a-131.json
 create mode 100644 specs/artifacts/2026-10-05-connection-workspace-authority/diff-request-stability/runtime-evidence-40/task-observation-49880-98f0c9a2-2ad2-43ec-b851-92d91a19bb3a-132.json
 create mode 100644 specs/artifacts/2026-10-05-connection-workspace-authority/diff-request-stability/runtime-evidence-40/task-observation-49880-98f0c9a2-2ad2-43ec-b851-92d91a19bb3a-133.json
 create mode 100644 specs/artifacts/2026-10-05-connection-workspace-authority/diff-request-stability/runtime-evidence-40/task-observation-49880-98f0c9a2-2ad2-43ec-b851-92d91a19bb3a-134.json
 create mode 100644 specs/artifacts/2026-10-05-connection-workspace-authority/diff-request-stability/runtime-evidence-40/task-observation-49880-98f0c9a2-2ad2-43ec-b851-92d91a19bb3a-135.json
 create mode 100644 specs/artifacts/2026-10-05-connection-workspace-authority/diff-request-stability/runtime-evidence-40/task-observation-49880-98f0c9a2-2ad2-43ec-b851-92d91a19bb3a-136.json
 create mode 100644 specs/artifacts/2026-10-05-connection-workspace-authority/diff-request-stability/runtime-evidence-40/task-observation-49880-98f0c9a2-2ad2-43ec-b851-92d91a19bb3a-137.json
 create mode 100644 specs/artifacts/2026-10-05-connection-workspace-authority/diff-request-stability/runtime-evidence-40/task-observation-49880-98f0c9a2-2ad2-43ec-b851-92d91a19bb3a-138.json
 create mode 100644 specs/artifacts/2026-10-05-connection-workspace-authority/diff-request-stability/runtime-evidence-40/task-observation-49880-98f0c9a2-2ad2-43ec-b851-92d91a19bb3a-139.json
 create mode 100644 specs/artifacts/2026-10-05-connection-workspace-authority/diff-request-stability/runtime-evidence-40/task-observation-49880-98f0c9a2-2ad2-43ec-b851-92d91a19bb3a-14.json
 create mode 100644 specs/artifacts/2026-10-05-connection-workspace-authority/diff-request-stability/runtime-evidence-40/task-observation-49880-98f0c9a2-2ad2-43ec-b851-92d91a19bb3a-140.json
 create mode 100644 specs/artifacts/2026-10-05-connection-workspace-authority/diff-request-stability/runtime-evidence-40/task-observation-49880-98f0c9a2-2ad2-43ec-b851-92d91a19bb3a-141.json
 create mode 100644 specs/artifacts/2026-10-05-connection-workspace-authority/diff-request-stability/runtime-evidence-40/task-observation-49880-98f0c9a2-2ad2-43ec-b851-92d91a19bb3a-142.json
 create mode 100644 specs/artifacts/2026-10-05-connection-workspace-authority/diff-request-stability/runtime-evidence-40/task-observation-49880-98f0c9a2-2ad2-43ec-b851-92d91a19bb3a-143.json
 create mode 100644 specs/artifacts/2026-10-05-connection-workspace-authority/diff-request-stability/runtime-evidence-40/task-observation-49880-98f0c9a2-2ad2-43ec-b851-92d91a19bb3a-144.json
 create mode 100644 specs/artifacts/2026-10-05-connection-workspace-authority/diff-request-stability/runtime-evidence-40/task-observation-49880-98f0c9a2-2ad2-43ec-b851-92d91a19bb3a-145.json
 create mode 100644 specs/artifacts/2026-10-05-connection-workspace-authority/diff-request-stability/runtime-evidence-40/task-observation-49880-98f0c9a2-2ad2-43ec-b851-92d91a19bb3a-146.json
 create mode 100644 specs/artifacts/2026-10-05-connection-workspace-authority/diff-request-stability/runtime-evidence-40/task-observation-49880-98f0c9a2-2ad2-43ec-b851-92d91a19bb3a-147.json
 create mode 100644 specs/artifacts/2026-10-05-connection-workspace-authority/diff-request-stability/runtime-evidence-40/task-observation-49880-98f0c9a2-2ad2-43ec-b851-92d91a19bb3a-148.json
 create mode 100644 specs/artifacts/2026-10-05-connection-workspace-authority/diff-request-stability/runtime-evidence-40/task-observation-49880-98f0c9a2-2ad2-43ec-b851-92d91a19bb3a-149.json
 create mode 100644 specs/artifacts/2026-10-05-connection-workspace-authority/diff-request-stability/runtime-evidence-40/task-observation-49880-98f0c9a2-2ad2-43ec-b851-92d91a19bb3a-15.json
 create mode 100644 specs/artifacts/2026-10-05-connection-workspace-authority/diff-request-stability/runtime-evidence-40/task-observation-49880-98f0c9a2-2ad2-43ec-b851-92d91a19bb3a-150.json
 create mode 100644 specs/artifacts/2026-10-05-connection-workspace-authority/diff-request-stability/runtime-evidence-40/task-observation-49880-98f0c9a2-2ad2-43ec-b851-92d91a19bb3a-151.json
 create mode 100644 specs/artifacts/2026-10-05-connection-workspace-authority/diff-request-stability/runtime-evidence-40/task-observation-49880-98f0c9a2-2ad2-43ec-b851-92d91a19bb3a-152.json
 create mode 100644 specs/artifacts/2026-10-05-connection-workspace-authority/diff-request-stability/runtime-evidence-40/task-observation-49880-98f0c9a2-2ad2-43ec-b851-92d91a19bb3a-153.json
 create mode 100644 specs/artifacts/2026-10-05-connection-workspace-authority/diff-request-stability/runtime-evidence-40/task-observation-49880-98f0c9a2-2ad2-43ec-b851-92d91a19bb3a-154.json
 create mode 100644 specs/artifacts/2026-10-05-connection-workspace-authority/diff-request-stability/runtime-evidence-40/task-observation-49880-98f0c9a2-2ad2-43ec-b851-92d91a19bb3a-155.json
 create mode 100644 specs/artifacts/2026-10-05-connection-workspace-authority/diff-request-stability/runtime-evidence-40/task-observation-49880-98f0c9a2-2ad2-43ec-b851-92d91a19bb3a-156.json
 create mode 100644 specs/artifacts/2026-10-05-connection-workspace-authority/diff-request-stability/runtime-evidence-40/task-observation-49880-98f0c9a2-2ad2-43ec-b851-92d91a19bb3a-157.json
 create mode 100644 specs/artifacts/2026-10-05-connection-workspace-authority/diff-request-stability/runtime-evidence-40/task-observation-49880-98f0c9a2-2ad2-43ec-b851-92d91a19bb3a-158.json
 create mode 100644 specs/artifacts/2026-10-05-connection-workspace-authority/diff-request-stability/runtime-evidence-40/task-observation-49880-98f0c9a2-2ad2-43ec-b851-92d91a19bb3a-159.json
 create mode 100644 specs/artifacts/2026-10-05-connection-workspace-authority/diff-request-stability/runtime-evidence-40/task-observation-49880-98f0c9a2-2ad2-43ec-b851-92d91a19bb3a-16.json
 create mode 100644 specs/artifacts/2026-10-05-connection-workspace-authority/diff-request-stability/runtime-evidence-40/task-observation-49880-98f0c9a2-2ad2-43ec-b851-92d91a19bb3a-160.json
 create mode 100644 specs/artifacts/2026-10-05-connection-workspace-authority/diff-request-stability/runtime-evidence-40/task-observation-49880-98f0c9a2-2ad2-43ec-b851-92d91a19bb3a-161.json
 create mode 100644 specs/artifacts/2026-10-05-connection-workspace-authority/diff-request-stability/runtime-evidence-40/task-observation-49880-98f0c9a2-2ad2-43ec-b851-92d91a19bb3a-162.json
 create mode 100644 specs/artifacts/2026-10-05-connection-workspace-authority/diff-request-stability/runtime-evidence-40/task-observation-49880-98f0c9a2-2ad2-43ec-b851-92d91a19bb3a-163.json
 create mode 100644 specs/artifacts/2026-10-05-connection-workspace-authority/diff-request-stability/runtime-evidence-40/task-observation-49880-98f0c9a2-2ad2-43ec-b851-92d91a19bb3a-164.json
 create mode 100644 specs/artifacts/2026-10-05-connection-workspace-authority/diff-request-stability/runtime-evidence-40/task-observation-49880-98f0c9a2-2ad2-43ec-b851-92d91a19bb3a-165.json
 create mode 100644 specs/artifacts/2026-10-05-connection-workspace-authority/diff-request-stability/runtime-evidence-40/task-observation-49880-98f0c9a2-2ad2-43ec-b851-92d91a19bb3a-166.json
 create mode 100644 specs/artifacts/2026-10-05-connection-workspace-authority/diff-request-stability/runtime-evidence-40/task-observation-49880-98f0c9a2-2ad2-43ec-b851-92d91a19bb3a-167.json
 create mode 100644 specs/artifacts/2026-10-05-connection-workspace-authority/diff-request-stability/runtime-evidence-40/task-observation-49880-98f0c9a2-2ad2-43ec-b851-92d91a19bb3a-168.json
 create mode 100644 specs/artifacts/2026-10-05-connection-workspace-authority/diff-request-stability/runtime-evidence-40/task-observation-49880-98f0c9a2-2ad2-43ec-b851-92d91a19bb3a-169.json
 create mode 100644 specs/artifacts/2026-10-05-connection-workspace-authority/diff-request-stability/runtime-evidence-40/task-observation-49880-98f0c9a2-2ad2-43ec-b851-92d91a19bb3a-17.json
 create mode 100644 specs/artifacts/2026-10-05-connection-workspace-authority/diff-request-stability/runtime-evidence-40/task-observation-49880-98f0c9a2-2ad2-43ec-b851-92d91a19bb3a-170.json
 create mode 100644 specs/artifacts/2026-10-05-connection-workspace-authority/diff-request-stability/runtime-evidence-40/task-observation-49880-98f0c9a2-2ad2-43ec-b851-92d91a19bb3a-171.json
 create mode 100644 specs/artifacts/2026-10-05-connection-workspace-authority/diff-request-stability/runtime-evidence-40/task-observation-49880-98f0c9a2-2ad2-43ec-b851-92d91a19bb3a-172.json
 create mode 100644 specs/artifacts/2026-10-05-connection-workspace-authority/diff-request-stability/runtime-evidence-40/task-observation-49880-98f0c9a2-2ad2-43ec-b851-92d91a19bb3a-173.json
 create mode 100644 specs/artifacts/2026-10-05-connection-workspace-authority/diff-request-stability/runtime-evidence-40/task-observation-49880-98f0c9a2-2ad2-43ec-b851-92d91a19bb3a-174.json
 create mode 100644 specs/artifacts/2026-10-05-connection-workspace-authority/diff-request-stability/runtime-evidence-40/task-observation-49880-98f0c9a2-2ad2-43ec-b851-92d91a19bb3a-175.json
 create mode 100644 specs/artifacts/2026-10-05-connection-workspace-authority/diff-request-stability/runtime-evidence-40/task-observation-49880-98f0c9a2-2ad2-43ec-b851-92d91a19bb3a-176.json
 create mode 100644 specs/artifacts/2026-10-05-connection-workspace-authority/diff-request-stability/runtime-evidence-40/task-observation-49880-98f0c9a2-2ad2-43ec-b851-92d91a19bb3a-177.json
 create mode 100644 specs/artifacts/2026-10-05-connection-workspace-authority/diff-request-stability/runtime-evidence-40/task-observation-49880-98f0c9a2-2ad2-43ec-b851-92d91a19bb3a-178.json
 create mode 100644 specs/artifacts/2026-10-05-connection-workspace-authority/diff-request-stability/runtime-evidence-40/task-observation-49880-98f0c9a2-2ad2-43ec-b851-92d91a19bb3a-179.json
 create mode 100644 specs/artifacts/2026-10-05-connection-workspace-authority/diff-request-stability/runtime-evidence-40/task-observation-49880-98f0c9a2-2ad2-43ec-b851-92d91a19bb3a-18.json
 create mode 100644 specs/artifacts/2026-10-05-connection-workspace-authority/diff-request-stability/runtime-evidence-40/task-observation-49880-98f0c9a2-2ad2-43ec-b851-92d91a19bb3a-180.json
 create mode 100644 specs/artifacts/2026-10-05-connection-workspace-authority/diff-request-stability/runtime-evidence-40/task-observation-49880-98f0c9a2-2ad2-43ec-b851-92d91a19bb3a-181.json
 create mode 100644 specs/artifacts/2026-10-05-connection-workspace-authority/diff-request-stability/runtime-evidence-40/task-observation-49880-98f0c9a2-2ad2-43ec-b851-92d91a19bb3a-182.json
 create mode 100644 specs/artifacts/2026-10-05-connection-workspace-authority/diff-request-stability/runtime-evidence-40/task-observation-49880-98f0c9a2-2ad2-43ec-b851-92d91a19bb3a-183.json
 create mode 100644 specs/artifacts/2026-10-05-connection-workspace-authority/diff-request-stability/runtime-evidence-40/task-observation-49880-98f0c9a2-2ad2-43ec-b851-92d91a19bb3a-184.json
 create mode 100644 specs/artifacts/2026-10-05-connection-workspace-authority/diff-request-stability/runtime-evidence-40/task-observation-49880-98f0c9a2-2ad2-43ec-b851-92d91a19bb3a-185.json
 create mode 100644 specs/artifacts/2026-10-05-connection-workspace-authority/diff-request-stability/runtime-evidence-40/task-observation-49880-98f0c9a2-2ad2-43ec-b851-92d91a19bb3a-186.json
 create mode 100644 specs/artifacts/2026-10-05-connection-workspace-authority/diff-request-stability/runtime-evidence-40/task-observation-49880-98f0c9a2-2ad2-43ec-b851-92d91a19bb3a-187.json
 create mode 100644 specs/artifacts/2026-10-05-connection-workspace-authority/diff-request-stability/runtime-evidence-40/task-observation-49880-98f0c9a2-2ad2-43ec-b851-92d91a19bb3a-188.json
 create mode 100644 specs/artifacts/2026-10-05-connection-workspace-authority/diff-request-stability/runtime-evidence-40/task-observation-49880-98f0c9a2-2ad2-43ec-b851-92d91a19bb3a-189.json
 create mode 100644 specs/artifacts/2026-10-05-connection-workspace-authority/diff-request-stability/runtime-evidence-40/task-observation-49880-98f0c9a2-2ad2-43ec-b851-92d91a19bb3a-19.json
 create mode 100644 specs/artifacts/2026-10-05-connection-workspace-authority/diff-request-stability/runtime-evidence-40/task-observation-49880-98f0c9a2-2ad2-43ec-b851-92d91a19bb3a-190.json
 create mode 100644 specs/artifacts/2026-10-05-connection-workspace-authority/diff-request-stability/runtime-evidence-40/task-observation-49880-98f0c9a2-2ad2-43ec-b851-92d91a19bb3a-191.json
 create mode 100644 specs/artifacts/2026-10-05-connection-workspace-authority/diff-request-stability/runtime-evidence-40/task-observation-49880-98f0c9a2-2ad2-43ec-b851-92d91a19bb3a-192.json
 create mode 100644 specs/artifacts/2026-10-05-connection-workspace-authority/diff-request-stability/runtime-evidence-40/task-observation-49880-98f0c9a2-2ad2-43ec-b851-92d91a19bb3a-193.json
 create mode 100644 specs/artifacts/2026-10-05-connection-workspace-authority/diff-request-stability/runtime-evidence-40/task-observation-49880-98f0c9a2-2ad2-43ec-b851-92d91a19bb3a-194.json
 create mode 100644 specs/artifacts/2026-10-05-connection-workspace-authority/diff-request-stability/runtime-evidence-40/task-observation-49880-98f0c9a2-2ad2-43ec-b851-92d91a19bb3a-195.json
 create mode 100644 specs/artifacts/2026-10-05-connection-workspace-authority/diff-request-stability/runtime-evidence-40/task-observation-49880-98f0c9a2-2ad2-43ec-b851-92d91a19bb3a-196.json
 create mode 100644 specs/artifacts/2026-10-05-connection-workspace-authority/diff-request-stability/runtime-evidence-40/task-observation-49880-98f0c9a2-2ad2-43ec-b851-92d91a19bb3a-197.json
 create mode 100644 specs/artifacts/2026-10-05-connection-workspace-authority/diff-request-stability/runtime-evidence-40/task-observation-49880-98f0c9a2-2ad2-43ec-b851-92d91a19bb3a-198.json
 create mode 100644 specs/artifacts/2026-10-05-connection-workspace-authority/diff-request-stability/runtime-evidence-40/task-observation-49880-98f0c9a2-2ad2-43ec-b851-92d91a19bb3a-199.json
 create mode 100644 specs/artifacts/2026-10-05-connection-workspace-authority/diff-request-stability/runtime-evidence-40/task-observation-49880-98f0c9a2-2ad2-43ec-b851-92d91a19bb3a-2.json
 create mode 100644 specs/artifacts/2026-10-05-connection-workspace-authority/diff-request-stability/runtime-evidence-40/task-observation-49880-98f0c9a2-2ad2-43ec-b851-92d91a19bb3a-20.json
 create mode 100644 specs/artifacts/2026-10-05-connection-workspace-authority/diff-request-stability/runtime-evidence-40/task-observation-49880-98f0c9a2-2ad2-43ec-b851-92d91a19bb3a-200.json
 create mode 100644 specs/artifacts/2026-10-05-connection-workspace-authority/diff-request-stability/runtime-evidence-40/task-observation-49880-98f0c9a2-2ad2-43ec-b851-92d91a19bb3a-201.json
 create mode 100644 specs/artifacts/2026-10-05-connection-workspace-authority/diff-request-stability/runtime-evidence-40/task-observation-49880-98f0c9a2-2ad2-43ec-b851-92d91a19bb3a-202.json
 create mode 100644 specs/artifacts/2026-10-05-connection-workspace-authority/diff-request-stability/runtime-evidence-40/task-observation-49880-98f0c9a2-2ad2-43ec-b851-92d91a19bb3a-203.json
 create mode 100644 specs/artifacts/2026-10-05-connection-workspace-authority/diff-request-stability/runtime-evidence-40/task-observation-49880-98f0c9a2-2ad2-43ec-b851-92d91a19bb3a-204.json
 create mode 100644 specs/artifacts/2026-10-05-connection-workspace-authority/diff-request-stability/runtime-evidence-40/task-observation-49880-98f0c9a2-2ad2-43ec-b851-92d91a19bb3a-205.json
 create mode 100644 specs/artifacts/2026-10-05-connection-workspace-authority/diff-request-stability/runtime-evidence-40/task-observation-49880-98f0c9a2-2ad2-43ec-b851-92d91a19bb3a-206.json
 create mode 100644 specs/artifacts/2026-10-05-connection-workspace-authority/diff-request-stability/runtime-evidence-40/task-observation-49880-98f0c9a2-2ad2-43ec-b851-92d91a19bb3a-207.json
 create mode 100644 specs/artifacts/2026-10-05-connection-workspace-authority/diff-request-stability/runtime-evidence-40/task-observation-49880-98f0c9a2-2ad2-43ec-b851-92d91a19bb3a-208.json
 create mode 100644 specs/artifacts/2026-10-05-connection-workspace-authority/diff-request-stability/runtime-evidence-40/task-observation-49880-98f0c9a2-2ad2-43ec-b851-92d91a19bb3a-209.json
 create mode 100644 specs/artifacts/2026-10-05-connection-workspace-authority/diff-request-stability/runtime-evidence-40/task-observation-49880-98f0c9a2-2ad2-43ec-b851-92d91a19bb3a-21.json
 create mode 100644 specs/artifacts/2026-10-05-connection-workspace-authority/diff-request-stability/runtime-evidence-40/task-observation-49880-98f0c9a2-2ad2-43ec-b851-92d91a19bb3a-210.json
 create mode 100644 specs/artifacts/2026-10-05-connection-workspace-authority/diff-request-stability/runtime-evidence-40/task-observation-49880-98f0c9a2-2ad2-43ec-b851-92d91a19bb3a-211.json
 create mode 100644 specs/artifacts/2026-10-05-connection-workspace-authority/diff-request-stability/runtime-evidence-40/task-observation-49880-98f0c9a2-2ad2-43ec-b851-92d91a19bb3a-212.json
 create mode 100644 specs/artifacts/2026-10-05-connection-workspace-authority/diff-request-stability/runtime-evidence-40/task-observation-49880-98f0c9a2-2ad2-43ec-b851-92d91a19bb3a-213.json
 create mode 100644 specs/artifacts/2026-10-05-connection-workspace-authority/diff-request-stability/runtime-evidence-40/task-observation-49880-98f0c9a2-2ad2-43ec-b851-92d91a19bb3a-214.json
 create mode 100644 specs/artifacts/2026-10-05-connection-workspace-authority/diff-request-stability/runtime-evidence-40/task-observation-49880-98f0c9a2-2ad2-43ec-b851-92d91a19bb3a-215.json
 create mode 100644 specs/artifacts/2026-10-05-connection-workspace-authority/diff-request-stability/runtime-evidence-40/task-observation-49880-98f0c9a2-2ad2-43ec-b851-92d91a19bb3a-216.json
 create mode 100644 specs/artifacts/2026-10-05-connection-workspace-authority/diff-request-stability/runtime-evidence-40/task-observation-49880-98f0c9a2-2ad2-43ec-b851-92d91a19bb3a-217.json
 create mode 100644 specs/artifacts/2026-10-05-connection-workspace-authority/diff-request-stability/runtime-evidence-40/task-observation-49880-98f0c9a2-2ad2-43ec-b851-92d91a19bb3a-218.json
 create mode 100644 specs/artifacts/2026-10-05-connection-workspace-authority/diff-request-stability/runtime-evidence-40/task-observation-49880-98f0c9a2-2ad2-43ec-b851-92d91a19bb3a-219.json
 create mode 100644 specs/artifacts/2026-10-05-connection-workspace-authority/diff-request-stability/runtime-evidence-40/task-observation-49880-98f0c9a2-2ad2-43ec-b851-92d91a19bb3a-22.json
 create mode 100644 specs/artifacts/2026-10-05-connection-workspace-authority/diff-request-stability/runtime-evidence-40/task-observation-49880-98f0c9a2-2ad2-43ec-b851-92d91a19bb3a-220.json
 create mode 100644 specs/artifacts/2026-10-05-connection-workspace-authority/diff-request-stability/runtime-evidence-40/task-observation-49880-98f0c9a2-2ad2-43ec-b851-92d91a19bb3a-221.json
 create mode 100644 specs/artifacts/2026-10-05-connection-workspace-authority/diff-request-stability/runtime-evidence-40/task-observation-49880-98f0c9a2-2ad2-43ec-b851-92d91a19bb3a-222.json
 create mode 100644 specs/artifacts/2026-10-05-connection-workspace-authority/diff-request-stability/runtime-evidence-40/task-observation-49880-98f0c9a2-2ad2-43ec-b851-92d91a19bb3a-223.json
 create mode 100644 specs/artifacts/2026-10-05-connection-workspace-authority/diff-request-stability/runtime-evidence-40/task-observation-49880-98f0c9a2-2ad2-43ec-b851-92d91a19bb3a-224.json
 create mode 100644 specs/artifacts/2026-10-05-connection-workspace-authority/diff-request-stability/runtime-evidence-40/task-observation-49880-98f0c9a2-2ad2-43ec-b851-92d91a19bb3a-225.json
 create mode 100644 specs/artifacts/2026-10-05-connection-workspace-authority/diff-request-stability/runtime-evidence-40/task-observation-49880-98f0c9a2-2ad2-43ec-b851-92d91a19bb3a-226.json
 create mode 100644 specs/artifacts/2026-10-05-connection-workspace-authority/diff-request-stability/runtime-evidence-40/task-observation-49880-98f0c9a2-2ad2-43ec-b851-92d91a19bb3a-227.json
 create mode 100644 specs/artifacts/2026-10-05-connection-workspace-authority/diff-request-stability/runtime-evidence-40/task-observation-49880-98f0c9a2-2ad2-43ec-b851-92d91a19bb3a-228.json
 create mode 100644 specs/artifacts/2026-10-05-connection-workspace-authority/diff-request-stability/runtime-evidence-40/task-observation-49880-98f0c9a2-2ad2-43ec-b851-92d91a19bb3a-229.json
 create mode 100644 specs/artifacts/2026-10-05-connection-workspace-authority/diff-request-stability/runtime-evidence-40/task-observation-49880-98f0c9a2-2ad2-43ec-b851-92d91a19bb3a-23.json
 create mode 100644 specs/artifacts/2026-10-05-connection-workspace-authority/diff-request-stability/runtime-evidence-40/task-observation-49880-98f0c9a2-2ad2-43ec-b851-92d91a19bb3a-230.json
 create mode 100644 specs/artifacts/2026-10-05-connection-workspace-authority/diff-request-stability/runtime-evidence-40/task-observation-49880-98f0c9a2-2ad2-43ec-b851-92d91a19bb3a-231.json
 create mode 100644 specs/artifacts/2026-10-05-connection-workspace-authority/diff-request-stability/runtime-evidence-40/task-observation-49880-98f0c9a2-2ad2-43ec-b851-92d91a19bb3a-232.json
 create mode 100644 specs/artifacts/2026-10-05-connection-workspace-authority/diff-request-stability/runtime-evidence-40/task-observation-49880-98f0c9a2-2ad2-43ec-b851-92d91a19bb3a-233.json
 create mode 100644 specs/artifacts/2026-10-05-connection-workspace-authority/diff-request-stability/runtime-evidence-40/task-observation-49880-98f0c9a2-2ad2-43ec-b851-92d91a19bb3a-234.json
 create mode 100644 specs/artifacts/2026-10-05-connection-workspace-authority/diff-request-stability/runtime-evidence-40/task-observation-49880-98f0c9a2-2ad2-43ec-b851-92d91a19bb3a-235.json
 create mode 100644 specs/artifacts/2026-10-05-connection-workspace-authority/diff-request-stability/runtime-evidence-40/task-observation-49880-98f0c9a2-2ad2-43ec-b851-92d91a19bb3a-236.json
 create mode 100644 specs/artifacts/2026-10-05-connection-workspace-authority/diff-request-stability/runtime-evidence-40/task-observation-49880-98f0c9a2-2ad2-43ec-b851-92d91a19bb3a-237.json
 create mode 100644 specs/artifacts/2026-10-05-connection-workspace-authority/diff-request-stability/runtime-evidence-40/task-observation-49880-98f0c9a2-2ad2-43ec-b851-92d91a19bb3a-238.json
 create mode 100644 specs/artifacts/2026-10-05-connection-workspace-authority/diff-request-stability/runtime-evidence-40/task-observation-49880-98f0c9a2-2ad2-43ec-b851-92d91a19bb3a-239.json
 create mode 100644 specs/artifacts/2026-10-05-connection-workspace-authority/diff-request-stability/runtime-evidence-40/task-observation-49880-98f0c9a2-2ad2-43ec-b851-92d91a19bb3a-24.json
 create mode 100644 specs/artifacts/2026-10-05-connection-workspace-authority/diff-request-stability/runtime-evidence-40/task-observation-49880-98f0c9a2-2ad2-43ec-b851-92d91a19bb3a-240.json
 create mode 100644 specs/artifacts/2026-10-05-connection-workspace-authority/diff-request-stability/runtime-evidence-40/task-observation-49880-98f0c9a2-2ad2-43ec-b851-92d91a19bb3a-241.json
 create mode 100644 specs/artifacts/2026-10-05-connection-workspace-authority/diff-request-stability/runtime-evidence-40/task-observation-49880-98f0c9a2-2ad2-43ec-b851-92d91a19bb3a-242.json
 create mode 100644 specs/artifacts/2026-10-05-connection-workspace-authority/diff-request-stability/runtime-evidence-40/task-observation-49880-98f0c9a2-2ad2-43ec-b851-92d91a19bb3a-243.json
 create mode 100644 specs/artifacts/2026-10-05-connection-workspace-authority/diff-request-stability/runtime-evidence-40/task-observation-49880-98f0c9a2-2ad2-43ec-b851-92d91a19bb3a-244.json
 create mode 100644 specs/artifacts/2026-10-05-connection-workspace-authority/diff-request-stability/runtime-evidence-40/task-observation-49880-98f0c9a2-2ad2-43ec-b851-92d91a19bb3a-245.json
 create mode 100644 specs/artifacts/2026-10-05-connection-workspace-authority/diff-request-stability/runtime-evidence-40/task-observation-49880-98f0c9a2-2ad2-43ec-b851-92d91a19bb3a-246.json
 create mode 100644 specs/artifacts/2026-10-05-connection-workspace-authority/diff-request-stability/runtime-evidence-40/task-observation-49880-98f0c9a2-2ad2-43ec-b851-92d91a19bb3a-247.json
 create mode 100644 specs/artifacts/2026-10-05-connection-workspace-authority/diff-request-stability/runtime-evidence-40/task-observation-49880-98f0c9a2-2ad2-43ec-b851-92d91a19bb3a-248.json
 create mode 100644 specs/artifacts/2026-10-05-connection-workspace-authority/diff-request-stability/runtime-evidence-40/task-observation-49880-98f0c9a2-2ad2-43ec-b851-92d91a19bb3a-249.json
 create mode 100644 specs/artifacts/2026-10-05-connection-workspace-authority/diff-request-stability/runtime-evidence-40/task-observation-49880-98f0c9a2-2ad2-43ec-b851-92d91a19bb3a-25.json
 create mode 100644 specs/artifacts/2026-10-05-connection-workspace-authority/diff-request-stability/runtime-evidence-40/task-observation-49880-98f0c9a2-2ad2-43ec-b851-92d91a19bb3a-250.json
 create mode 100644 specs/artifacts/2026-10-05-connection-workspace-authority/diff-request-stability/runtime-evidence-40/task-observation-49880-98f0c9a2-2ad2-43ec-b851-92d91a19bb3a-251.json
 create mode 100644 specs/artifacts/2026-10-05-connection-workspace-authority/diff-request-stability/runtime-evidence-40/task-observation-49880-98f0c9a2-2ad2-43ec-b851-92d91a19bb3a-252.json
 create mode 100644 specs/artifacts/2026-10-05-connection-workspace-authority/diff-request-stability/runtime-evidence-40/task-observation-49880-98f0c9a2-2ad2-43ec-b851-92d91a19bb3a-253.json
 create mode 100644 specs/artifacts/2026-10-05-connection-workspace-authority/diff-request-stability/runtime-evidence-40/task-observation-49880-98f0c9a2-2ad2-43ec-b851-92d91a19bb3a-254.json
 create mode 100644 specs/artifacts/2026-10-05-connection-workspace-authority/diff-request-stability/runtime-evidence-40/task-observation-49880-98f0c9a2-2ad2-43ec-b851-92d91a19bb3a-255.json
 create mode 100644 specs/artifacts/2026-10-05-connection-workspace-authority/diff-request-stability/runtime-evidence-40/task-observation-49880-98f0c9a2-2ad2-43ec-b851-92d91a19bb3a-256.json
 create mode 100644 specs/artifacts/2026-10-05-connection-workspace-authority/diff-request-stability/runtime-evidence-40/task-observation-49880-98f0c9a2-2ad2-43ec-b851-92d91a19bb3a-257.json
 create mode 100644 specs/artifacts/2026-10-05-connection-workspace-authority/diff-request-stability/runtime-evidence-40/task-observation-49880-98f0c9a2-2ad2-43ec-b851-92d91a19bb3a-258.json
 create mode 100644 specs/artifacts/2026-10-05-connection-workspace-authority/diff-request-stability/runtime-evidence-40/task-observation-49880-98f0c9a2-2ad2-43ec-b851-92d91a19bb3a-259.json
 create mode 100644 specs/artifacts/2026-10-05-connection-workspace-authority/diff-request-stability/runtime-evidence-40/task-observation-49880-98f0c9a2-2ad2-43ec-b851-92d91a19bb3a-26.json
 create mode 100644 specs/artifacts/2026-10-05-connection-workspace-authority/diff-request-stability/runtime-evidence-40/task-observation-49880-98f0c9a2-2ad2-43ec-b851-92d91a19bb3a-260.json
 create mode 100644 specs/artifacts/2026-10-05-connection-workspace-authority/diff-request-stability/runtime-evidence-40/task-observation-49880-98f0c9a2-2ad2-43ec-b851-92d91a19bb3a-261.json
 create mode 100644 specs/artifacts/2026-10-05-connection-workspace-authority/diff-request-stability/runtime-evidence-40/task-observation-49880-98f0c9a2-2ad2-43ec-b851-92d91a19bb3a-262.json
 create mode 100644 specs/artifacts/2026-10-05-connection-workspace-authority/diff-request-stability/runtime-evidence-40/task-observation-49880-98f0c9a2-2ad2-43ec-b851-92d91a19bb3a-263.json
 create mode 100644 specs/artifacts/2026-10-05-connection-workspace-authority/diff-request-stability/runtime-evidence-40/task-observation-49880-98f0c9a2-2ad2-43ec-b851-92d91a19bb3a-264.json
 create mode 100644 specs/artifacts/2026-10-05-connection-workspace-authority/diff-request-stability/runtime-evidence-40/task-observation-49880-98f0c9a2-2ad2-43ec-b851-92d91a19bb3a-265.json
 create mode 100644 specs/artifacts/2026-10-05-connection-workspace-authority/diff-request-stability/runtime-evidence-40/task-observation-49880-98f0c9a2-2ad2-43ec-b851-92d91a19bb3a-266.json
 create mode 100644 specs/artifacts/2026-10-05-connection-workspace-authority/diff-request-stability/runtime-evidence-40/task-observation-49880-98f0c9a2-2ad2-43ec-b851-92d91a19bb3a-267.json
 create mode 100644 specs/artifacts/2026-10-05-connection-workspace-authority/diff-request-stability/runtime-evidence-40/task-observation-49880-98f0c9a2-2ad2-43ec-b851-92d91a19bb3a-268.json
 create mode 100644 specs/artifacts/2026-10-05-connection-workspace-authority/diff-request-stability/runtime-evidence-40/task-observation-49880-98f0c9a2-2ad2-43ec-b851-92d91a19bb3a-269.json
 create mode 100644 specs/artifacts/2026-10-05-connection-workspace-authority/diff-request-stability/runtime-evidence-40/task-observation-49880-98f0c9a2-2ad2-43ec-b851-92d91a19bb3a-27.json
 create mode 100644 specs/artifacts/2026-10-05-connection-workspace-authority/diff-request-stability/runtime-evidence-40/task-observation-49880-98f0c9a2-2ad2-43ec-b851-92d91a19bb3a-270.json
 create mode 100644 specs/artifacts/2026-10-05-connection-workspace-authority/diff-request-stability/runtime-evidence-40/task-observation-49880-98f0c9a2-2ad2-43ec-b851-92d91a19bb3a-271.json
 create mode 100644 specs/artifacts/2026-10-05-connection-workspace-authority/diff-request-stability/runtime-evidence-40/task-observation-49880-98f0c9a2-2ad2-43ec-b851-92d91a19bb3a-272.json
 create mode 100644 specs/artifacts/2026-10-05-connection-workspace-authority/diff-request-stability/runtime-evidence-40/task-observation-49880-98f0c9a2-2ad2-43ec-b851-92d91a19bb3a-273.json
 create mode 100644 specs/artifacts/2026-10-05-connection-workspace-authority/diff-request-stability/runtime-evidence-40/task-observation-49880-98f0c9a2-2ad2-43ec-b851-92d91a19bb3a-274.json
 create mode 100644 specs/artifacts/2026-10-05-connection-workspace-authority/diff-request-stability/runtime-evidence-40/task-observation-49880-98f0c9a2-2ad2-43ec-b851-92d91a19bb3a-275.json
 create mode 100644 specs/artifacts/2026-10-05-connection-workspace-authority/diff-request-stability/runtime-evidence-40/task-observation-49880-98f0c9a2-2ad2-43ec-b851-92d91a19bb3a-276.json
 create mode 100644 specs/artifacts/2026-10-05-connection-workspace-authority/diff-request-stability/runtime-evidence-40/task-observation-49880-98f0c9a2-2ad2-43ec-b851-92d91a19bb3a-277.json
 create mode 100644 specs/artifacts/2026-10-05-connection-workspace-authority/diff-request-stability/runtime-evidence-40/task-observation-49880-98f0c9a2-2ad2-43ec-b851-92d91a19bb3a-278.json
 create mode 100644 specs/artifacts/2026-10-05-connection-workspace-authority/diff-request-stability/runtime-evidence-40/task-observation-49880-98f0c9a2-2ad2-43ec-b851-92d91a19bb3a-279.json
 create mode 100644 specs/artifacts/2026-10-05-connection-workspace-authority/diff-request-stability/runtime-evidence-40/task-observation-49880-98f0c9a2-2ad2-43ec-b851-92d91a19bb3a-28.json
 create mode 100644 specs/artifacts/2026-10-05-connection-workspace-authority/diff-request-stability/runtime-evidence-40/task-observation-49880-98f0c9a2-2ad2-43ec-b851-92d91a19bb3a-280.json
 create mode 100644 specs/artifacts/2026-10-05-connection-workspace-authority/diff-request-stability/runtime-evidence-40/task-observation-49880-98f0c9a2-2ad2-43ec-b851-92d91a19bb3a-281.json
 create mode 100644 specs/artifacts/2026-10-05-connection-workspace-authority/diff-request-stability/runtime-evidence-40/task-observation-49880-98f0c9a2-2ad2-43ec-b851-92d91a19bb3a-282.json
 create mode 100644 specs/artifacts/2026-10-05-connection-workspace-authority/diff-request-stability/runtime-evidence-40/task-observation-49880-98f0c9a2-2ad2-43ec-b851-92d91a19bb3a-283.json
 create mode 100644 specs/artifacts/2026-10-05-connection-workspace-authority/diff-request-stability/runtime-evidence-40/task-observation-49880-98f0c9a2-2ad2-43ec-b851-92d91a19bb3a-284.json
 create mode 100644 specs/artifacts/2026-10-05-connection-workspace-authority/diff-request-stability/runtime-evidence-40/task-observation-49880-98f0c9a2-2ad2-43ec-b851-92d91a19bb3a-285.json
 create mode 100644 specs/artifacts/2026-10-05-connection-workspace-authority/diff-request-stability/runtime-evidence-40/task-observation-49880-98f0c9a2-2ad2-43ec-b851-92d91a19bb3a-286.json
 create mode 100644 specs/artifacts/2026-10-05-connection-workspace-authority/diff-request-stability/runtime-evidence-40/task-observation-49880-98f0c9a2-2ad2-43ec-b851-92d91a19bb3a-287.json
 create mode 100644 specs/artifacts/2026-10-05-connection-workspace-authority/diff-request-stability/runtime-evidence-40/task-observation-49880-98f0c9a2-2ad2-43ec-b851-92d91a19bb3a-288.json
 create mode 100644 specs/artifacts/2026-10-05-connection-workspace-authority/diff-request-stability/runtime-evidence-40/task-observation-49880-98f0c9a2-2ad2-43ec-b851-92d91a19bb3a-289.json
 create mode 100644 specs/artifacts/2026-10-05-connection-workspace-authority/diff-request-stability/runtime-evidence-40/task-observation-49880-98f0c9a2-2ad2-43ec-b851-92d91a19bb3a-29.json
 create mode 100644 specs/artifacts/2026-10-05-connection-workspace-authority/diff-request-stability/runtime-evidence-40/task-observation-49880-98f0c9a2-2ad2-43ec-b851-92d91a19bb3a-290.json
 create mode 100644 specs/artifacts/2026-10-05-connection-workspace-authority/diff-request-stability/runtime-evidence-40/task-observation-49880-98f0c9a2-2ad2-43ec-b851-92d91a19bb3a-291.json
 create mode 100644 specs/artifacts/2026-10-05-connection-workspace-authority/diff-request-stability/runtime-evidence-40/task-observation-49880-98f0c9a2-2ad2-43ec-b851-92d91a19bb3a-292.json
 create mode 100644 specs/artifacts/2026-10-05-connection-workspace-authority/diff-request-stability/runtime-evidence-40/task-observation-49880-98f0c9a2-2ad2-43ec-b851-92d91a19bb3a-293.json
 create mode 100644 specs/artifacts/2026-10-05-connection-workspace-authority/diff-request-stability/runtime-evidence-40/task-observation-49880-98f0c9a2-2ad2-43ec-b851-92d91a19bb3a-294.json
 create mode 100644 specs/artifacts/2026-10-05-connection-workspace-authority/diff-request-stability/runtime-evidence-40/task-observation-49880-98f0c9a2-2ad2-43ec-b851-92d91a19bb3a-295.json
 create mode 100644 specs/artifacts/2026-10-05-connection-workspace-authority/diff-request-stability/runtime-evidence-40/task-observation-49880-98f0c9a2-2ad2-43ec-b851-92d91a19bb3a-296.json
 create mode 100644 specs/artifacts/2026-10-05-connection-workspace-authority/diff-request-stability/runtime-evidence-40/task-observation-49880-98f0c9a2-2ad2-43ec-b851-92d91a19bb3a-297.json
 create mode 100644 specs/artifacts/2026-10-05-connection-workspace-authority/diff-request-stability/runtime-evidence-40/task-observation-49880-98f0c9a2-2ad2-43ec-b851-92d91a19bb3a-298.json
 create mode 100644 specs/artifacts/2026-10-05-connection-workspace-authority/diff-request-stability/runtime-evidence-40/task-observation-49880-98f0c9a2-2ad2-43ec-b851-92d91a19bb3a-299.json
 create mode 100644 specs/artifacts/2026-10-05-connection-workspace-authority/diff-request-stability/runtime-evidence-40/task-observation-49880-98f0c9a2-2ad2-43ec-b851-92d91a19bb3a-3.json
 create mode 100644 specs/artifacts/2026-10-05-connection-workspace-authority/diff-request-stability/runtime-evidence-40/task-observation-49880-98f0c9a2-2ad2-43ec-b851-92d91a19bb3a-30.json
 create mode 100644 specs/artifacts/2026-10-05-connection-workspace-authority/diff-request-stability/runtime-evidence-40/task-observation-49880-98f0c9a2-2ad2-43ec-b851-92d91a19bb3a-300.json
 create mode 100644 specs/artifacts/2026-10-05-connection-workspace-authority/diff-request-stability/runtime-evidence-40/task-observation-49880-98f0c9a2-2ad2-43ec-b851-92d91a19bb3a-301.json
 create mode 100644 specs/artifacts/2026-10-05-connection-workspace-authority/diff-request-stability/runtime-evidence-40/task-observation-49880-98f0c9a2-2ad2-43ec-b851-92d91a19bb3a-302.json
 create mode 100644 specs/artifacts/2026-10-05-connection-workspace-authority/diff-request-stability/runtime-evidence-40/task-observation-49880-98f0c9a2-2ad2-43ec-b851-92d91a19bb3a-303.json
 create mode 100644 specs/artifacts/2026-10-05-connection-workspace-authority/diff-request-stability/runtime-evidence-40/task-observation-49880-98f0c9a2-2ad2-43ec-b851-92d91a19bb3a-304.json
 create mode 100644 specs/artifacts/2026-10-05-connection-workspace-authority/diff-request-stability/runtime-evidence-40/task-observation-49880-98f0c9a2-2ad2-43ec-b851-92d91a19bb3a-305.json
 create mode 100644 specs/artifacts/2026-10-05-connection-workspace-authority/diff-request-stability/runtime-evidence-40/task-observation-49880-98f0c9a2-2ad2-43ec-b851-92d91a19bb3a-306.json
 create mode 100644 specs/artifacts/2026-10-05-connection-workspace-authority/diff-request-stability/runtime-evidence-40/task-observation-49880-98f0c9a2-2ad2-43ec-b851-92d91a19bb3a-307.json
 create mode 100644 specs/artifacts/2026-10-05-connection-workspace-authority/diff-request-stability/runtime-evidence-40/task-observation-49880-98f0c9a2-2ad2-43ec-b851-92d91a19bb3a-308.json
 create mode 100644 specs/artifacts/2026-10-05-connection-workspace-authority/diff-request-stability/runtime-evidence-40/task-observation-49880-98f0c9a2-2ad2-43ec-b851-92d91a19bb3a-309.json
 create mode 100644 specs/artifacts/2026-10-05-connection-workspace-authority/diff-request-stability/runtime-evidence-40/task-observation-49880-98f0c9a2-2ad2-43ec-b851-92d91a19bb3a-31.json
 create mode 100644 specs/artifacts/2026-10-05-connection-workspace-authority/diff-request-stability/runtime-evidence-40/task-observation-49880-98f0c9a2-2ad2-43ec-b851-92d91a19bb3a-310.json
 create mode 100644 specs/artifacts/2026-10-05-connection-workspace-authority/diff-request-stability/runtime-evidence-40/task-observation-49880-98f0c9a2-2ad2-43ec-b851-92d91a19bb3a-311.json
 create mode 100644 specs/artifacts/2026-10-05-connection-workspace-authority/diff-request-stability/runtime-evidence-40/task-observation-49880-98f0c9a2-2ad2-43ec-b851-92d91a19bb3a-312.json
 create mode 100644 specs/artifacts/2026-10-05-connection-workspace-authority/diff-request-stability/runtime-evidence-40/task-observation-49880-98f0c9a2-2ad2-43ec-b851-92d91a19bb3a-313.json
 create mode 100644 specs/artifacts/2026-10-05-connection-workspace-authority/diff-request-stability/runtime-evidence-40/task-observation-49880-98f0c9a2-2ad2-43ec-b851-92d91a19bb3a-314.json
 create mode 100644 specs/artifacts/2026-10-05-connection-workspace-authority/diff-request-stability/runtime-evidence-40/task-observation-49880-98f0c9a2-2ad2-43ec-b851-92d91a19bb3a-315.json
 create mode 100644 specs/artifacts/2026-10-05-connection-workspace-authority/diff-request-stability/runtime-evidence-40/task-observation-49880-98f0c9a2-2ad2-43ec-b851-92d91a19bb3a-316.json
 create mode 100644 specs/artifacts/2026-10-05-connection-workspace-authority/diff-request-stability/runtime-evidence-40/task-observation-49880-98f0c9a2-2ad2-43ec-b851-92d91a19bb3a-317.json
 create mode 100644 specs/artifacts/2026-10-05-connection-workspace-authority/diff-request-stability/runtime-evidence-40/task-observation-49880-98f0c9a2-2ad2-43ec-b851-92d91a19bb3a-318.json
 create mode 100644 specs/artifacts/2026-10-05-connection-workspace-authority/diff-request-stability/runtime-evidence-40/task-observation-49880-98f0c9a2-2ad2-43ec-b851-92d91a19bb3a-319.json
 create mode 100644 specs/artifacts/2026-10-05-connection-workspace-authority/diff-request-stability/runtime-evidence-40/task-observation-49880-98f0c9a2-2ad2-43ec-b851-92d91a19bb3a-32.json
 create mode 100644 specs/artifacts/2026-10-05-connection-workspace-authority/diff-request-stability/runtime-evidence-40/task-observation-49880-98f0c9a2-2ad2-43ec-b851-92d91a19bb3a-320.json
 create mode 100644 specs/artifacts/2026-10-05-connection-workspace-authority/diff-request-stability/runtime-evidence-40/task-observation-49880-98f0c9a2-2ad2-43ec-b851-92d91a19bb3a-321.json
 create mode 100644 specs/artifacts/2026-10-05-connection-workspace-authority/diff-request-stability/runtime-evidence-40/task-observation-49880-98f0c9a2-2ad2-43ec-b851-92d91a19bb3a-322.json
 create mode 100644 specs/artifacts/2026-10-05-connection-workspace-authority/diff-request-stability/runtime-evidence-40/task-observation-49880-98f0c9a2-2ad2-43ec-b851-92d91a19bb3a-323.json
 create mode 100644 specs/artifacts/2026-10-05-connection-workspace-authority/diff-request-stability/runtime-evidence-40/task-observation-49880-98f0c9a2-2ad2-43ec-b851-92d91a19bb3a-324.json
 create mode 100644 specs/artifacts/2026-10-05-connection-workspace-authority/diff-request-stability/runtime-evidence-40/task-observation-49880-98f0c9a2-2ad2-43ec-b851-92d91a19bb3a-325.json
 create mode 100644 specs/artifacts/2026-10-05-connection-workspace-authority/diff-request-stability/runtime-evidence-40/task-observation-49880-98f0c9a2-2ad2-43ec-b851-92d91a19bb3a-326.json
 create mode 100644 specs/artifacts/2026-10-05-connection-workspace-authority/diff-request-stability/runtime-evidence-40/task-observation-49880-98f0c9a2-2ad2-43ec-b851-92d91a19bb3a-327.json
 create mode 100644 specs/artifacts/2026-10-05-connection-workspace-authority/diff-request-stability/runtime-evidence-40/task-observation-49880-98f0c9a2-2ad2-43ec-b851-92d91a19bb3a-328.json
 create mode 100644 specs/artifacts/2026-10-05-connection-workspace-authority/diff-request-stability/runtime-evidence-40/task-observation-49880-98f0c9a2-2ad2-43ec-b851-92d91a19bb3a-329.json
 create mode 100644 specs/artifacts/2026-10-05-connection-workspace-authority/diff-request-stability/runtime-evidence-40/task-observation-49880-98f0c9a2-2ad2-43ec-b851-92d91a19bb3a-33.json
 create mode 100644 specs/artifacts/2026-10-05-connection-workspace-authority/diff-request-stability/runtime-evidence-40/task-observation-49880-98f0c9a2-2ad2-43ec-b851-92d91a19bb3a-330.json
 create mode 100644 specs/artifacts/2026-10-05-connection-workspace-authority/diff-request-stability/runtime-evidence-40/task-observation-49880-98f0c9a2-2ad2-43ec-b851-92d91a19bb3a-331.json
 create mode 100644 specs/artifacts/2026-10-05-connection-workspace-authority/diff-request-stability/runtime-evidence-40/task-observation-49880-98f0c9a2-2ad2-43ec-b851-92d91a19bb3a-332.json
 create mode 100644 specs/artifacts/2026-10-05-connection-workspace-authority/diff-request-stability/runtime-evidence-40/task-observation-49880-98f0c9a2-2ad2-43ec-b851-92d91a19bb3a-333.json
 create mode 100644 specs/artifacts/2026-10-05-connection-workspace-authority/diff-request-stability/runtime-evidence-40/task-observation-49880-98f0c9a2-2ad2-43ec-b851-92d91a19bb3a-334.json
 create mode 100644 specs/artifacts/2026-10-05-connection-workspace-authority/diff-request-stability/runtime-evidence-40/task-observation-49880-98f0c9a2-2ad2-43ec-b851-92d91a19bb3a-335.json
 create mode 100644 specs/artifacts/2026-10-05-connection-workspace-authority/diff-request-stability/runtime-evidence-40/task-observation-49880-98f0c9a2-2ad2-43ec-b851-92d91a19bb3a-336.json
 create mode 100644 specs/artifacts/2026-10-05-connection-workspace-authority/diff-request-stability/runtime-evidence-40/task-observation-49880-98f0c9a2-2ad2-43ec-b851-92d91a19bb3a-337.json
 create mode 100644 specs/artifacts/2026-10-05-connection-workspace-authority/diff-request-stability/runtime-evidence-40/task-observation-49880-98f0c9a2-2ad2-43ec-b851-92d91a19bb3a-338.json
 create mode 100644 specs/artifacts/2026-10-05-connection-workspace-authority/diff-request-stability/runtime-evidence-40/task-observation-49880-98f0c9a2-2ad2-43ec-b851-92d91a19bb3a-339.json
 create mode 100644 specs/artifacts/2026-10-05-connection-workspace-authority/diff-request-stability/runtime-evidence-40/task-observation-49880-98f0c9a2-2ad2-43ec-b851-92d91a19bb3a-34.json
 create mode 100644 specs/artifacts/2026-10-05-connection-workspace-authority/diff-request-stability/runtime-evidence-40/task-observation-49880-98f0c9a2-2ad2-43ec-b851-92d91a19bb3a-340.json
 create mode 100644 specs/artifacts/2026-10-05-connection-workspace-authority/diff-request-stability/runtime-evidence-40/task-observation-49880-98f0c9a2-2ad2-43ec-b851-92d91a19bb3a-341.json
 create mode 100644 specs/artifacts/2026-10-05-connection-workspace-authority/diff-request-stability/runtime-evidence-40/task-observation-49880-98f0c9a2-2ad2-43ec-b851-92d91a19bb3a-342.json
 create mode 100644 specs/artifacts/2026-10-05-connection-workspace-authority/diff-request-stability/runtime-evidence-40/task-observation-49880-98f0c9a2-2ad2-43ec-b851-92d91a19bb3a-343.json
 create mode 100644 specs/artifacts/2026-10-05-connection-workspace-authority/diff-request-stability/runtime-evidence-40/task-observation-49880-98f0c9a2-2ad2-43ec-b851-92d91a19bb3a-344.json
 create mode 100644 specs/artifacts/2026-10-05-connection-workspace-authority/diff-request-stability/runtime-evidence-40/task-observation-49880-98f0c9a2-2ad2-43ec-b851-92d91a19bb3a-345.json
 create mode 100644 specs/artifacts/2026-10-05-connection-workspace-authority/diff-request-stability/runtime-evidence-40/task-observation-49880-98f0c9a2-2ad2-43ec-b851-92d91a19bb3a-346.json
 create mode 100644 specs/artifacts/2026-10-05-connection-workspace-authority/diff-request-stability/runtime-evidence-40/task-observation-49880-98f0c9a2-2ad2-43ec-b851-92d91a19bb3a-347.json
 create mode 100644 specs/artifacts/2026-10-05-connection-workspace-authority/diff-request-stability/runtime-evidence-40/task-observation-49880-98f0c9a2-2ad2-43ec-b851-92d91a19bb3a-348.json
 create mode 100644 specs/artifacts/2026-10-05-connection-workspace-authority/diff-request-stability/runtime-evidence-40/task-observation-49880-98f0c9a2-2ad2-43ec-b851-92d91a19bb3a-349.json
 create mode 100644 specs/artifacts/2026-10-05-connection-workspace-authority/diff-request-stability/runtime-evidence-40/task-observation-49880-98f0c9a2-2ad2-43ec-b851-92d91a19bb3a-35.json
 create mode 100644 specs/artifacts/2026-10-05-connection-workspace-authority/diff-request-stability/runtime-evidence-40/task-observation-49880-98f0c9a2-2ad2-43ec-b851-92d91a19bb3a-350.json
 create mode 100644 specs/artifacts/2026-10-05-connection-workspace-authority/diff-request-stability/runtime-evidence-40/task-observation-49880-98f0c9a2-2ad2-43ec-b851-92d91a19bb3a-351.json
 create mode 100644 specs/artifacts/2026-10-05-connection-workspace-authority/diff-request-stability/runtime-evidence-40/task-observation-49880-98f0c9a2-2ad2-43ec-b851-92d91a19bb3a-352.json
 create mode 100644 specs/artifacts/2026-10-05-connection-workspace-authority/diff-request-stability/runtime-evidence-40/task-observation-49880-98f0c9a2-2ad2-43ec-b851-92d91a19bb3a-353.json
 create mode 100644 specs/artifacts/2026-10-05-connection-workspace-authority/diff-request-stability/runtime-evidence-40/task-observation-49880-98f0c9a2-2ad2-43ec-b851-92d91a19bb3a-354.json
 create mode 100644 specs/artifacts/2026-10-05-connection-workspace-authority/diff-request-stability/runtime-evidence-40/task-observation-49880-98f0c9a2-2ad2-43ec-b851-92d91a19bb3a-355.json
 create mode 100644 specs/artifacts/2026-10-05-connection-workspace-authority/diff-request-stability/runtime-evidence-40/task-observation-49880-98f0c9a2-2ad2-43ec-b851-92d91a19bb3a-356.json
 create mode 100644 specs/artifacts/2026-10-05-connection-workspace-authority/diff-request-stability/runtime-evidence-40/task-observation-49880-98f0c9a2-2ad2-43ec-b851-92d91a19bb3a-357.json
 create mode 100644 specs/artifacts/2026-10-05-connection-workspace-authority/diff-request-stability/runtime-evidence-40/task-observation-49880-98f0c9a2-2ad2-43ec-b851-92d91a19bb3a-358.json
 create mode 100644 specs/artifacts/2026-10-05-connection-workspace-authority/diff-request-stability/runtime-evidence-40/task-observation-49880-98f0c9a2-2ad2-43ec-b851-92d91a19bb3a-359.json
 create mode 100644 specs/artifacts/2026-10-05-connection-workspace-authority/diff-request-stability/runtime-evidence-40/task-observation-49880-98f0c9a2-2ad2-43ec-b851-92d91a19bb3a-36.json
 create mode 100644 specs/artifacts/2026-10-05-connection-workspace-authority/diff-request-stability/runtime-evidence-40/task-observation-49880-98f0c9a2-2ad2-43ec-b851-92d91a19bb3a-360.json
 create mode 100644 specs/artifacts/2026-10-05-connection-workspace-authority/diff-request-stability/runtime-evidence-40/task-observation-49880-98f0c9a2-2ad2-43ec-b851-92d91a19bb3a-361.json
 create mode 100644 specs/artifacts/2026-10-05-connection-workspace-authority/diff-request-stability/runtime-evidence-40/task-observation-49880-98f0c9a2-2ad2-43ec-b851-92d91a19bb3a-362.json
 create mode 100644 specs/artifacts/2026-10-05-connection-workspace-authority/diff-request-stability/runtime-evidence-40/task-observation-49880-98f0c9a2-2ad2-43ec-b851-92d91a19bb3a-363.json
 create mode 100644 specs/artifacts/2026-10-05-connection-workspace-authority/diff-request-stability/runtime-evidence-40/task-observation-49880-98f0c9a2-2ad2-43ec-b851-92d91a19bb3a-364.json
 create mode 100644 specs/artifacts/2026-10-05-connection-workspace-authority/diff-request-stability/runtime-evidence-40/task-observation-49880-98f0c9a2-2ad2-43ec-b851-92d91a19bb3a-365.json
 create mode 100644 specs/artifacts/2026-10-05-connection-workspace-authority/diff-request-stability/runtime-evidence-40/task-observation-49880-98f0c9a2-2ad2-43ec-b851-92d91a19bb3a-366.json
 create mode 100644 specs/artifacts/2026-10-05-connection-workspace-authority/diff-request-stability/runtime-evidence-40/task-observation-49880-98f0c9a2-2ad2-43ec-b851-92d91a19bb3a-367.json
 create mode 100644 specs/artifacts/2026-10-05-connection-workspace-authority/diff-request-stability/runtime-evidence-40/task-observation-49880-98f0c9a2-2ad2-43ec-b851-92d91a19bb3a-368.json
 create mode 100644 specs/artifacts/2026-10-05-connection-workspace-authority/diff-request-stability/runtime-evidence-40/task-observation-49880-98f0c9a2-2ad2-43ec-b851-92d91a19bb3a-369.json
 create mode 100644 specs/artifacts/2026-10-05-connection-workspace-authority/diff-request-stability/runtime-evidence-40/task-observation-49880-98f0c9a2-2ad2-43ec-b851-92d91a19bb3a-37.json
 create mode 100644 specs/artifacts/2026-10-05-connection-workspace-authority/diff-request-stability/runtime-evidence-40/task-observation-49880-98f0c9a2-2ad2-43ec-b851-92d91a19bb3a-370.json
 create mode 100644 specs/artifacts/2026-10-05-connection-workspace-authority/diff-request-stability/runtime-evidence-40/task-observation-49880-98f0c9a2-2ad2-43ec-b851-92d91a19bb3a-371.json
 create mode 100644 specs/artifacts/2026-10-05-connection-workspace-authority/diff-request-stability/runtime-evidence-40/task-observation-49880-98f0c9a2-2ad2-43ec-b851-92d91a19bb3a-372.json
 create mode 100644 specs/artifacts/2026-10-05-connection-workspace-authority/diff-request-stability/runtime-evidence-40/task-observation-49880-98f0c9a2-2ad2-43ec-b851-92d91a19bb3a-373.json
 create mode 100644 specs/artifacts/2026-10-05-connection-workspace-authority/diff-request-stability/runtime-evidence-40/task-observation-49880-98f0c9a2-2ad2-43ec-b851-92d91a19bb3a-374.json
 create mode 100644 specs/artifacts/2026-10-05-connection-workspace-authority/diff-request-stability/runtime-evidence-40/task-observation-49880-98f0c9a2-2ad2-43ec-b851-92d91a19bb3a-375.json
 create mode 100644 specs/artifacts/2026-10-05-connection-workspace-authority/diff-request-stability/runtime-evidence-40/task-observation-49880-98f0c9a2-2ad2-43ec-b851-92d91a19bb3a-376.json
 create mode 100644 specs/artifacts/2026-10-05-connection-workspace-authority/diff-request-stability/runtime-evidence-40/task-observation-49880-98f0c9a2-2ad2-43ec-b851-92d91a19bb3a-377.json
 create mode 100644 specs/artifacts/2026-10-05-connection-workspace-authority/diff-request-stability/runtime-evidence-40/task-observation-49880-98f0c9a2-2ad2-43ec-b851-92d91a19bb3a-378.json
 create mode 100644 specs/artifacts/2026-10-05-connection-workspace-authority/diff-request-stability/runtime-evidence-40/task-observation-49880-98f0c9a2-2ad2-43ec-b851-92d91a19bb3a-379.json
 create mode 100644 specs/artifacts/2026-10-05-connection-workspace-authority/diff-request-stability/runtime-evidence-40/task-observation-49880-98f0c9a2-2ad2-43ec-b851-92d91a19bb3a-38.json
 create mode 100644 specs/artifacts/2026-10-05-connection-workspace-authority/diff-request-stability/runtime-evidence-40/task-observation-49880-98f0c9a2-2ad2-43ec-b851-92d91a19bb3a-380.json
 create mode 100644 specs/artifacts/2026-10-05-connection-workspace-authority/diff-request-stability/runtime-evidence-40/task-observation-49880-98f0c9a2-2ad2-43ec-b851-92d91a19bb3a-381.json
 create mode 100644 specs/artifacts/2026-10-05-connection-workspace-authority/diff-request-stability/runtime-evidence-40/task-observation-49880-98f0c9a2-2ad2-43ec-b851-92d91a19bb3a-382.json
 create mode 100644 specs/artifacts/2026-10-05-connection-workspace-authority/diff-request-stability/runtime-evidence-40/task-observation-49880-98f0c9a2-2ad2-43ec-b851-92d91a19bb3a-383.json
 create mode 100644 specs/artifacts/2026-10-05-connection-workspace-authority/diff-request-stability/runtime-evidence-40/task-observation-49880-98f0c9a2-2ad2-43ec-b851-92d91a19bb3a-384.json
 create mode 100644 specs/artifacts/2026-10-05-connection-workspace-authority/diff-request-stability/runtime-evidence-40/task-observation-49880-98f0c9a2-2ad2-43ec-b851-92d91a19bb3a-385.json
 create mode 100644 specs/artifacts/2026-10-05-connection-workspace-authority/diff-request-stability/runtime-evidence-40/task-observation-49880-98f0c9a2-2ad2-43ec-b851-92d91a19bb3a-386.json
 create mode 100644 specs/artifacts/2026-10-05-connection-workspace-authority/diff-request-stability/runtime-evidence-40/task-observation-49880-98f0c9a2-2ad2-43ec-b851-92d91a19bb3a-387.json
 create mode 100644 specs/artifacts/2026-10-05-connection-workspace-authority/diff-request-stability/runtime-evidence-40/task-observation-49880-98f0c9a2-2ad2-43ec-b851-92d91a19bb3a-388.json
 create mode 100644 specs/artifacts/2026-10-05-connection-workspace-authority/diff-request-stability/runtime-evidence-40/task-observation-49880-98f0c9a2-2ad2-43ec-b851-92d91a19bb3a-389.json
 create mode 100644 specs/artifacts/2026-10-05-connection-workspace-authority/diff-request-stability/runtime-evidence-40/task-observation-49880-98f0c9a2-2ad2-43ec-b851-92d91a19bb3a-39.json
 create mode 100644 specs/artifacts/2026-10-05-connection-workspace-authority/diff-request-stability/runtime-evidence-40/task-observation-49880-98f0c9a2-2ad2-43ec-b851-92d91a19bb3a-390.json
 create mode 100644 specs/artifacts/2026-10-05-connection-workspace-authority/diff-request-stability/runtime-evidence-40/task-observation-49880-98f0c9a2-2ad2-43ec-b851-92d91a19bb3a-391.json
 create mode 100644 specs/artifacts/2026-10-05-connection-workspace-authority/diff-request-stability/runtime-evidence-40/task-observation-49880-98f0c9a2-2ad2-43ec-b851-92d91a19bb3a-392.json
 create mode 100644 specs/artifacts/2026-10-05-connection-workspace-authority/diff-request-stability/runtime-evidence-40/task-observation-49880-98f0c9a2-2ad2-43ec-b851-92d91a19bb3a-393.json
 create mode 100644 specs/artifacts/2026-10-05-connection-workspace-authority/diff-request-stability/runtime-evidence-40/task-observation-49880-98f0c9a2-2ad2-43ec-b851-92d91a19bb3a-394.json
 create mode 100644 specs/artifacts/2026-10-05-connection-workspace-authority/diff-request-stability/runtime-evidence-40/task-observation-49880-98f0c9a2-2ad2-43ec-b851-92d91a19bb3a-395.json
 create mode 100644 specs/artifacts/2026-10-05-connection-workspace-authority/diff-request-stability/runtime-evidence-40/task-observation-49880-98f0c9a2-2ad2-43ec-b851-92d91a19bb3a-396.json
 create mode 100644 specs/artifacts/2026-10-05-connection-workspace-authority/diff-request-stability/runtime-evidence-40/task-observation-49880-98f0c9a2-2ad2-43ec-b851-92d91a19bb3a-397.json
 create mode 100644 specs/artifacts/2026-10-05-connection-workspace-authority/diff-request-stability/runtime-evidence-40/task-observation-49880-98f0c9a2-2ad2-43ec-b851-92d91a19bb3a-398.json
 create mode 100644 specs/artifacts/2026-10-05-connection-workspace-authority/diff-request-stability/runtime-evidence-40/task-observation-49880-98f0c9a2-2ad2-43ec-b851-92d91a19bb3a-399.json
 create mode 100644 specs/artifacts/2026-10-05-connection-workspace-authority/diff-request-stability/runtime-evidence-40/task-observation-49880-98f0c9a2-2ad2-43ec-b851-92d91a19bb3a-4.json
 create mode 100644 specs/artifacts/2026-10-05-connection-workspace-authority/diff-request-stability/runtime-evidence-40/task-observation-49880-98f0c9a2-2ad2-43ec-b851-92d91a19bb3a-40.json
 create mode 100644 specs/artifacts/2026-10-05-connection-workspace-authority/diff-request-stability/runtime-evidence-40/task-observation-49880-98f0c9a2-2ad2-43ec-b851-92d91a19bb3a-400.json
 create mode 100644 specs/artifacts/2026-10-05-connection-workspace-authority/diff-request-stability/runtime-evidence-40/task-observation-49880-98f0c9a2-2ad2-43ec-b851-92d91a19bb3a-401.json
 create mode 100644 specs/artifacts/2026-10-05-connection-workspace-authority/diff-request-stability/runtime-evidence-40/task-observation-49880-98f0c9a2-2ad2-43ec-b851-92d91a19bb3a-402.json
 create mode 100644 specs/artifacts/2026-10-05-connection-workspace-authority/diff-request-stability/runtime-evidence-40/task-observation-49880-98f0c9a2-2ad2-43ec-b851-92d91a19bb3a-403.json
 create mode 100644 specs/artifacts/2026-10-05-connection-workspace-authority/diff-request-stability/runtime-evidence-40/task-observation-49880-98f0c9a2-2ad2-43ec-b851-92d91a19bb3a-404.json
 create mode 100644 specs/artifacts/2026-10-05-connection-workspace-authority/diff-request-stability/runtime-evidence-40/task-observation-49880-98f0c9a2-2ad2-43ec-b851-92d91a19bb3a-405.json
 create mode 100644 specs/artifacts/2026-10-05-connection-workspace-authority/diff-request-stability/runtime-evidence-40/task-observation-49880-98f0c9a2-2ad2-43ec-b851-92d91a19bb3a-406.json
 create mode 100644 specs/artifacts/2026-10-05-connection-workspace-authority/diff-request-stability/runtime-evidence-40/task-observation-49880-98f0c9a2-2ad2-43ec-b851-92d91a19bb3a-407.json
 create mode 100644 specs/artifacts/2026-10-05-connection-workspace-authority/diff-request-stability/runtime-evidence-40/task-observation-49880-98f0c9a2-2ad2-43ec-b851-92d91a19bb3a-408.json
 create mode 100644 specs/artifacts/2026-10-05-connection-workspace-authority/diff-request-stability/runtime-evidence-40/task-observation-49880-98f0c9a2-2ad2-43ec-b851-92d91a19bb3a-409.json
 create mode 100644 specs/artifacts/2026-10-05-connection-workspace-authority/diff-request-stability/runtime-evidence-40/task-observation-49880-98f0c9a2-2ad2-43ec-b851-92d91a19bb3a-41.json
 create mode 100644 specs/artifacts/2026-10-05-connection-workspace-authority/diff-request-stability/runtime-evidence-40/task-observation-49880-98f0c9a2-2ad2-43ec-b851-92d91a19bb3a-410.json
 create mode 100644 specs/artifacts/2026-10-05-connection-workspace-authority/diff-request-stability/runtime-evidence-40/task-observation-49880-98f0c9a2-2ad2-43ec-b851-92d91a19bb3a-411.json
 create mode 100644 specs/artifacts/2026-10-05-connection-workspace-authority/diff-request-stability/runtime-evidence-40/task-observation-49880-98f0c9a2-2ad2-43ec-b851-92d91a19bb3a-412.json
 create mode 100644 specs/artifacts/2026-10-05-connection-workspace-authority/diff-request-stability/runtime-evidence-40/task-observation-49880-98f0c9a2-2ad2-43ec-b851-92d91a19bb3a-413.json
 create mode 100644 specs/artifacts/2026-10-05-connection-workspace-authority/diff-request-stability/runtime-evidence-40/task-observation-49880-98f0c9a2-2ad2-43ec-b851-92d91a19bb3a-414.json
 create mode 100644 specs/artifacts/2026-10-05-connection-workspace-authority/diff-request-stability/runtime-evidence-40/task-observation-49880-98f0c9a2-2ad2-43ec-b851-92d91a19bb3a-415.json
 create mode 100644 specs/artifacts/2026-10-05-connection-workspace-authority/diff-request-stability/runtime-evidence-40/task-observation-49880-98f0c9a2-2ad2-43ec-b851-92d91a19bb3a-416.json
 create mode 100644 specs/artifacts/2026-10-05-connection-workspace-authority/diff-request-stability/runtime-evidence-40/task-observation-49880-98f0c9a2-2ad2-43ec-b851-92d91a19bb3a-417.json
 create mode 100644 specs/artifacts/2026-10-05-connection-workspace-authority/diff-request-stability/runtime-evidence-40/task-observation-49880-98f0c9a2-2ad2-43ec-b851-92d91a19bb3a-418.json
 create mode 100644 specs/artifacts/2026-10-05-connection-workspace-authority/diff-request-stability/runtime-evidence-40/task-observation-49880-98f0c9a2-2ad2-43ec-b851-92d91a19bb3a-419.json
 create mode 100644 specs/artifacts/2026-10-05-connection-workspace-authority/diff-request-stability/runtime-evidence-40/task-observation-49880-98f0c9a2-2ad2-43ec-b851-92d91a19bb3a-42.json
 create mode 100644 specs/artifacts/2026-10-05-connection-workspace-authority/diff-request-stability/runtime-evidence-40/task-observation-49880-98f0c9a2-2ad2-43ec-b851-92d91a19bb3a-420.json
 create mode 100644 specs/artifacts/2026-10-05-connection-workspace-authority/diff-request-stability/runtime-evidence-40/task-observation-49880-98f0c9a2-2ad2-43ec-b851-92d91a19bb3a-421.json
 create mode 100644 specs/artifacts/2026-10-05-connection-workspace-authority/diff-request-stability/runtime-evidence-40/task-observation-49880-98f0c9a2-2ad2-43ec-b851-92d91a19bb3a-422.json
 create mode 100644 specs/artifacts/2026-10-05-connection-workspace-authority/diff-request-stability/runtime-evidence-40/task-observation-49880-98f0c9a2-2ad2-43ec-b851-92d91a19bb3a-423.json
 create mode 100644 specs/artifacts/2026-10-05-connection-workspace-authority/diff-request-stability/runtime-evidence-40/task-observation-49880-98f0c9a2-2ad2-43ec-b851-92d91a19bb3a-424.json
 create mode 100644 specs/artifacts/2026-10-05-connection-workspace-authority/diff-request-stability/runtime-evidence-40/task-observation-49880-98f0c9a2-2ad2-43ec-b851-92d91a19bb3a-425.json
 create mode 100644 specs/artifacts/2026-10-05-connection-workspace-authority/diff-request-stability/runtime-evidence-40/task-observation-49880-98f0c9a2-2ad2-43ec-b851-92d91a19bb3a-426.json
 create mode 100644 specs/artifacts/2026-10-05-connection-workspace-authority/diff-request-stability/runtime-evidence-40/task-observation-49880-98f0c9a2-2ad2-43ec-b851-92d91a19bb3a-427.json
 create mode 100644 specs/artifacts/2026-10-05-connection-workspace-authority/diff-request-stability/runtime-evidence-40/task-observation-49880-98f0c9a2-2ad2-43ec-b851-92d91a19bb3a-428.json
 create mode 100644 specs/artifacts/2026-10-05-connection-workspace-authority/diff-request-stability/runtime-evidence-40/task-observation-49880-98f0c9a2-2ad2-43ec-b851-92d91a19bb3a-429.json
 create mode 100644 specs/artifacts/2026-10-05-connection-workspace-authority/diff-request-stability/runtime-evidence-40/task-observation-49880-98f0c9a2-2ad2-43ec-b851-92d91a19bb3a-43.json
 create mode 100644 specs/artifacts/2026-10-05-connection-workspace-authority/diff-request-stability/runtime-evidence-40/task-observation-49880-98f0c9a2-2ad2-43ec-b851-92d91a19bb3a-430.json
 create mode 100644 specs/artifacts/2026-10-05-connection-workspace-authority/diff-request-stability/runtime-evidence-40/task-observation-49880-98f0c9a2-2ad2-43ec-b851-92d91a19bb3a-431.json
 create mode 100644 specs/artifacts/2026-10-05-connection-workspace-authority/diff-request-stability/runtime-evidence-40/task-observation-49880-98f0c9a2-2ad2-43ec-b851-92d91a19bb3a-432.json
 create mode 100644 specs/artifacts/2026-10-05-connection-workspace-authority/diff-request-stability/runtime-evidence-40/task-observation-49880-98f0c9a2-2ad2-43ec-b851-92d91a19bb3a-433.json
 create mode 100644 specs/artifacts/2026-10-05-connection-workspace-authority/diff-request-stability/runtime-evidence-40/task-observation-49880-98f0c9a2-2ad2-43ec-b851-92d91a19bb3a-434.json
 create mode 100644 specs/artifacts/2026-10-05-connection-workspace-authority/diff-request-stability/runtime-evidence-40/task-observation-49880-98f0c9a2-2ad2-43ec-b851-92d91a19bb3a-435.json
 create mode 100644 specs/artifacts/2026-10-05-connection-workspace-authority/diff-request-stability/runtime-evidence-40/task-observation-49880-98f0c9a2-2ad2-43ec-b851-92d91a19bb3a-436.json
 create mode 100644 specs/artifacts/2026-10-05-connection-workspace-authority/diff-request-stability/runtime-evidence-40/task-observation-49880-98f0c9a2-2ad2-43ec-b851-92d91a19bb3a-437.json
 create mode 100644 specs/artifacts/2026-10-05-connection-workspace-authority/diff-request-stability/runtime-evidence-40/task-observation-49880-98f0c9a2-2ad2-43ec-b851-92d91a19bb3a-438.json
 create mode 100644 specs/artifacts/2026-10-05-connection-workspace-authority/diff-request-stability/runtime-evidence-40/task-observation-49880-98f0c9a2-2ad2-43ec-b851-92d91a19bb3a-439.json
 create mode 100644 specs/artifacts/2026-10-05-connection-workspace-authority/diff-request-stability/runtime-evidence-40/task-observation-49880-98f0c9a2-2ad2-43ec-b851-92d91a19bb3a-44.json
 create mode 100644 specs/artifacts/2026-10-05-connection-workspace-authority/diff-request-stability/runtime-evidence-40/task-observation-49880-98f0c9a2-2ad2-43ec-b851-92d91a19bb3a-440.json
 create mode 100644 specs/artifacts/2026-10-05-connection-workspace-authority/diff-request-stability/runtime-evidence-40/task-observation-49880-98f0c9a2-2ad2-43ec-b851-92d91a19bb3a-441.json
 create mode 100644 specs/artifacts/2026-10-05-connection-workspace-authority/diff-request-stability/runtime-evidence-40/task-observation-49880-98f0c9a2-2ad2-43ec-b851-92d91a19bb3a-442.json
 create mode 100644 specs/artifacts/2026-10-05-connection-workspace-authority/diff-request-stability/runtime-evidence-40/task-observation-49880-98f0c9a2-2ad2-43ec-b851-92d91a19bb3a-443.json
 create mode 100644 specs/artifacts/2026-10-05-connection-workspace-authority/diff-request-stability/runtime-evidence-40/task-observation-49880-98f0c9a2-2ad2-43ec-b851-92d91a19bb3a-444.json
 create mode 100644 specs/artifacts/2026-10-05-connection-workspace-authority/diff-request-stability/runtime-evidence-40/task-observation-49880-98f0c9a2-2ad2-43ec-b851-92d91a19bb3a-445.json
 create mode 100644 specs/artifacts/2026-10-05-connection-workspace-authority/diff-request-stability/runtime-evidence-40/task-observation-49880-98f0c9a2-2ad2-43ec-b851-92d91a19bb3a-446.json
 create mode 100644 specs/artifacts/2026-10-05-connection-workspace-authority/diff-request-stability/runtime-evidence-40/task-observation-49880-98f0c9a2-2ad2-43ec-b851-92d91a19bb3a-447.json
 create mode 100644 specs/artifacts/2026-10-05-connection-workspace-authority/diff-request-stability/runtime-evidence-40/task-observation-49880-98f0c9a2-2ad2-43ec-b851-92d91a19bb3a-448.json
 create mode 100644 specs/artifacts/2026-10-05-connection-workspace-authority/diff-request-stability/runtime-evidence-40/task-observation-49880-98f0c9a2-2ad2-43ec-b851-92d91a19bb3a-449.json
 create mode 100644 specs/artifacts/2026-10-05-connection-workspace-authority/diff-request-stability/runtime-evidence-40/task-observation-49880-98f0c9a2-2ad2-43ec-b851-92d91a19bb3a-45.json
 create mode 100644 specs/artifacts/2026-10-05-connection-workspace-authority/diff-request-stability/runtime-evidence-40/task-observation-49880-98f0c9a2-2ad2-43ec-b851-92d91a19bb3a-450.json
 create mode 100644 specs/artifacts/2026-10-05-connection-workspace-authority/diff-request-stability/runtime-evidence-40/task-observation-49880-98f0c9a2-2ad2-43ec-b851-92d91a19bb3a-451.json
 create mode 100644 specs/artifacts/2026-10-05-connection-workspace-authority/diff-request-stability/runtime-evidence-40/task-observation-49880-98f0c9a2-2ad2-43ec-b851-92d91a19bb3a-452.json
 create mode 100644 specs/artifacts/2026-10-05-connection-workspace-authority/diff-request-stability/runtime-evidence-40/task-observation-49880-98f0c9a2-2ad2-43ec-b851-92d91a19bb3a-453.json
 create mode 100644 specs/artifacts/2026-10-05-connection-workspace-authority/diff-request-stability/runtime-evidence-40/task-observation-49880-98f0c9a2-2ad2-43ec-b851-92d91a19bb3a-454.json
 create mode 100644 specs/artifacts/2026-10-05-connection-workspace-authority/diff-request-stability/runtime-evidence-40/task-observation-49880-98f0c9a2-2ad2-43ec-b851-92d91a19bb3a-455.json
 create mode 100644 specs/artifacts/2026-10-05-connection-workspace-authority/diff-request-stability/runtime-evidence-40/task-observation-49880-98f0c9a2-2ad2-43ec-b851-92d91a19bb3a-456.json
 create mode 100644 specs/artifacts/2026-10-05-connection-workspace-authority/diff-request-stability/runtime-evidence-40/task-observation-49880-98f0c9a2-2ad2-43ec-b851-92d91a19bb3a-457.json
 create mode 100644 specs/artifacts/2026-10-05-connection-workspace-authority/diff-request-stability/runtime-evidence-40/task-observation-49880-98f0c9a2-2ad2-43ec-b851-92d91a19bb3a-458.json
 create mode 100644 specs/artifacts/2026-10-05-connection-workspace-authority/diff-request-stability/runtime-evidence-40/task-observation-49880-98f0c9a2-2ad2-43ec-b851-92d91a19bb3a-459.json
 create mode 100644 specs/artifacts/2026-10-05-connection-workspace-authority/diff-request-stability/runtime-evidence-40/task-observation-49880-98f0c9a2-2ad2-43ec-b851-92d91a19bb3a-46.json
 create mode 100644 specs/artifacts/2026-10-05-connection-workspace-authority/diff-request-stability/runtime-evidence-40/task-observation-49880-98f0c9a2-2ad2-43ec-b851-92d91a19bb3a-460.json
 create mode 100644 specs/artifacts/2026-10-05-connection-workspace-authority/diff-request-stability/runtime-evidence-40/task-observation-49880-98f0c9a2-2ad2-43ec-b851-92d91a19bb3a-461.json
 create mode 100644 specs/artifacts/2026-10-05-connection-workspace-authority/diff-request-stability/runtime-evidence-40/task-observation-49880-98f0c9a2-2ad2-43ec-b851-92d91a19bb3a-462.json
 create mode 100644 specs/artifacts/2026-10-05-connection-workspace-authority/diff-request-stability/runtime-evidence-40/task-observation-49880-98f0c9a2-2ad2-43ec-b851-92d91a19bb3a-463.json
 create mode 100644 specs/artifacts/2026-10-05-connection-workspace-authority/diff-request-stability/runtime-evidence-40/task-observation-49880-98f0c9a2-2ad2-43ec-b851-92d91a19bb3a-464.json
 create mode 100644 specs/artifacts/2026-10-05-connection-workspace-authority/diff-request-stability/runtime-evidence-40/task-observation-49880-98f0c9a2-2ad2-43ec-b851-92d91a19bb3a-465.json
 create mode 100644 specs/artifacts/2026-10-05-connection-workspace-authority/diff-request-stability/runtime-evidence-40/task-observation-49880-98f0c9a2-2ad2-43ec-b851-92d91a19bb3a-466.json
 create mode 100644 specs/artifacts/2026-10-05-connection-workspace-authority/diff-request-stability/runtime-evidence-40/task-observation-49880-98f0c9a2-2ad2-43ec-b851-92d91a19bb3a-467.json
 create mode 100644 specs/artifacts/2026-10-05-connection-workspace-authority/diff-request-stability/runtime-evidence-40/task-observation-49880-98f0c9a2-2ad2-43ec-b851-92d91a19bb3a-468.json
 create mode 100644 specs/artifacts/2026-10-05-connection-workspace-authority/diff-request-stability/runtime-evidence-40/task-observation-49880-98f0c9a2-2ad2-43ec-b851-92d91a19bb3a-469.json
 create mode 100644 specs/artifacts/2026-10-05-connection-workspace-authority/diff-request-stability/runtime-evidence-40/task-observation-49880-98f0c9a2-2ad2-43ec-b851-92d91a19bb3a-47.json
 create mode 100644 specs/artifacts/2026-10-05-connection-workspace-authority/diff-request-stability/runtime-evidence-40/task-observation-49880-98f0c9a2-2ad2-43ec-b851-92d91a19bb3a-470.json
 create mode 100644 specs/artifacts/2026-10-05-connection-workspace-authority/diff-request-stability/runtime-evidence-40/task-observation-49880-98f0c9a2-2ad2-43ec-b851-92d91a19bb3a-471.json
 create mode 100644 specs/artifacts/2026-10-05-connection-workspace-authority/diff-request-stability/runtime-evidence-40/task-observation-49880-98f0c9a2-2ad2-43ec-b851-92d91a19bb3a-472.json
 create mode 100644 specs/artifacts/2026-10-05-connection-workspace-authority/diff-request-stability/runtime-evidence-40/task-observation-49880-98f0c9a2-2ad2-43ec-b851-92d91a19bb3a-473.json
 create mode 100644 specs/artifacts/2026-10-05-connection-workspace-authority/diff-request-stability/runtime-evidence-40/task-observation-49880-98f0c9a2-2ad2-43ec-b851-92d91a19bb3a-474.json
 create mode 100644 specs/artifacts/2026-10-05-connection-workspace-authority/diff-request-stability/runtime-evidence-40/task-observation-49880-98f0c9a2-2ad2-43ec-b851-92d91a19bb3a-475.json
 create mode 100644 specs/artifacts/2026-10-05-connection-workspace-authority/diff-request-stability/runtime-evidence-40/task-observation-49880-98f0c9a2-2ad2-43ec-b851-92d91a19bb3a-476.json
 create mode 100644 specs/artifacts/2026-10-05-connection-workspace-authority/diff-request-stability/runtime-evidence-40/task-observation-49880-98f0c9a2-2ad2-43ec-b851-92d91a19bb3a-477.json
 create mode 100644 specs/artifacts/2026-10-05-connection-workspace-authority/diff-request-stability/runtime-evidence-40/task-observation-49880-98f0c9a2-2ad2-43ec-b851-92d91a19bb3a-478.json
 create mode 100644 specs/artifacts/2026-10-05-connection-workspace-authority/diff-request-stability/runtime-evidence-40/task-observation-49880-98f0c9a2-2ad2-43ec-b851-92d91a19bb3a-479.json
 create mode 100644 specs/artifacts/2026-10-05-connection-workspace-authority/diff-request-stability/runtime-evidence-40/task-observation-49880-98f0c9a2-2ad2-43ec-b851-92d91a19bb3a-48.json
 create mode 100644 specs/artifacts/2026-10-05-connection-workspace-authority/diff-request-stability/runtime-evidence-40/task-observation-49880-98f0c9a2-2ad2-43ec-b851-92d91a19bb3a-480.json
 create mode 100644 specs/artifacts/2026-10-05-connection-workspace-authority/diff-request-stability/runtime-evidence-40/task-observation-49880-98f0c9a2-2ad2-43ec-b851-92d91a19bb3a-481.json
 create mode 100644 specs/artifacts/2026-10-05-connection-workspace-authority/diff-request-stability/runtime-evidence-40/task-observation-49880-98f0c9a2-2ad2-43ec-b851-92d91a19bb3a-482.json
 create mode 100644 specs/artifacts/2026-10-05-connection-workspace-authority/diff-request-stability/runtime-evidence-40/task-observation-49880-98f0c9a2-2ad2-43ec-b851-92d91a19bb3a-483.json
 create mode 100644 specs/artifacts/2026-10-05-connection-workspace-authority/diff-request-stability/runtime-evidence-40/task-observation-49880-98f0c9a2-2ad2-43ec-b851-92d91a19bb3a-484.json
 create mode 100644 specs/artifacts/2026-10-05-connection-workspace-authority/diff-request-stability/runtime-evidence-40/task-observation-49880-98f0c9a2-2ad2-43ec-b851-92d91a19bb3a-485.json
 create mode 100644 specs/artifacts/2026-10-05-connection-workspace-authority/diff-request-stability/runtime-evidence-40/task-observation-49880-98f0c9a2-2ad2-43ec-b851-92d91a19bb3a-486.json
 create mode 100644 specs/artifacts/2026-10-05-connection-workspace-authority/diff-request-stability/runtime-evidence-40/task-observation-49880-98f0c9a2-2ad2-43ec-b851-92d91a19bb3a-487.json
 create mode 100644 specs/artifacts/2026-10-05-connection-workspace-authority/diff-request-stability/runtime-evidence-40/task-observation-49880-98f0c9a2-2ad2-43ec-b851-92d91a19bb3a-488.json
 create mode 100644 specs/artifacts/2026-10-05-connection-workspace-authority/diff-request-stability/runtime-evidence-40/task-observation-49880-98f0c9a2-2ad2-43ec-b851-92d91a19bb3a-489.json
 create mode 100644 specs/artifacts/2026-10-05-connection-workspace-authority/diff-request-stability/runtime-evidence-40/task-observation-49880-98f0c9a2-2ad2-43ec-b851-92d91a19bb3a-49.json
 create mode 100644 specs/artifacts/2026-10-05-connection-workspace-authority/diff-request-stability/runtime-evidence-40/task-observation-49880-98f0c9a2-2ad2-43ec-b851-92d91a19bb3a-490.json
 create mode 100644 specs/artifacts/2026-10-05-connection-workspace-authority/diff-request-stability/runtime-evidence-40/task-observation-49880-98f0c9a2-2ad2-43ec-b851-92d91a19bb3a-491.json
 create mode 100644 specs/artifacts/2026-10-05-connection-workspace-authority/diff-request-stability/runtime-evidence-40/task-observation-49880-98f0c9a2-2ad2-43ec-b851-92d91a19bb3a-492.json
 create mode 100644 specs/artifacts/2026-10-05-connection-workspace-authority/diff-request-stability/runtime-evidence-40/task-observation-49880-98f0c9a2-2ad2-43ec-b851-92d91a19bb3a-493.json
 create mode 100644 specs/artifacts/2026-10-05-connection-workspace-authority/diff-request-stability/runtime-evidence-40/task-observation-49880-98f0c9a2-2ad2-43ec-b851-92d91a19bb3a-494.json
 create mode 100644 specs/artifacts/2026-10-05-connection-workspace-authority/diff-request-stability/runtime-evidence-40/task-observation-49880-98f0c9a2-2ad2-43ec-b851-92d91a19bb3a-495.json
 create mode 100644 specs/artifacts/2026-10-05-connection-workspace-authority/diff-request-stability/runtime-evidence-40/task-observation-49880-98f0c9a2-2ad2-43ec-b851-92d91a19bb3a-496.json
 create mode 100644 specs/artifacts/2026-10-05-connection-workspace-authority/diff-request-stability/runtime-evidence-40/task-observation-49880-98f0c9a2-2ad2-43ec-b851-92d91a19bb3a-497.json
 create mode 100644 specs/artifacts/2026-10-05-connection-workspace-authority/diff-request-stability/runtime-evidence-40/task-observation-49880-98f0c9a2-2ad2-43ec-b851-92d91a19bb3a-498.json
 create mode 100644 specs/artifacts/2026-10-05-connection-workspace-authority/diff-request-stability/runtime-evidence-40/task-observation-49880-98f0c9a2-2ad2-43ec-b851-92d91a19bb3a-499.json
 create mode 100644 specs/artifacts/2026-10-05-connection-workspace-authority/diff-request-stability/runtime-evidence-40/task-observation-49880-98f0c9a2-2ad2-43ec-b851-92d91a19bb3a-5.json
 create mode 100644 specs/artifacts/2026-10-05-connection-workspace-authority/diff-request-stability/runtime-evidence-40/task-observation-49880-98f0c9a2-2ad2-43ec-b851-92d91a19bb3a-50.json
 create mode 100644 specs/artifacts/2026-10-05-connection-workspace-authority/diff-request-stability/runtime-evidence-40/task-observation-49880-98f0c9a2-2ad2-43ec-b851-92d91a19bb3a-500.json
 create mode 100644 specs/artifacts/2026-10-05-connection-workspace-authority/diff-request-stability/runtime-evidence-40/task-observation-49880-98f0c9a2-2ad2-43ec-b851-92d91a19bb3a-501.json
 create mode 100644 specs/artifacts/2026-10-05-connection-workspace-authority/diff-request-stability/runtime-evidence-40/task-observation-49880-98f0c9a2-2ad2-43ec-b851-92d91a19bb3a-502.json
 create mode 100644 specs/artifacts/2026-10-05-connection-workspace-authority/diff-request-stability/runtime-evidence-40/task-observation-49880-98f0c9a2-2ad2-43ec-b851-92d91a19bb3a-503.json
 create mode 100644 specs/artifacts/2026-10-05-connection-workspace-authority/diff-request-stability/runtime-evidence-40/task-observation-49880-98f0c9a2-2ad2-43ec-b851-92d91a19bb3a-504.json
 create mode 100644 specs/artifacts/2026-10-05-connection-workspace-authority/diff-request-stability/runtime-evidence-40/task-observation-49880-98f0c9a2-2ad2-43ec-b851-92d91a19bb3a-505.json
 create mode 100644 specs/artifacts/2026-10-05-connection-workspace-authority/diff-request-stability/runtime-evidence-40/task-observation-49880-98f0c9a2-2ad2-43ec-b851-92d91a19bb3a-506.json
 create mode 100644 specs/artifacts/2026-10-05-connection-workspace-authority/diff-request-stability/runtime-evidence-40/task-observation-49880-98f0c9a2-2ad2-43ec-b851-92d91a19bb3a-507.json
 create mode 100644 specs/artifacts/2026-10-05-connection-workspace-authority/diff-request-stability/runtime-evidence-40/task-observation-49880-98f0c9a2-2ad2-43ec-b851-92d91a19bb3a-508.json
 create mode 100644 specs/artifacts/2026-10-05-connection-workspace-authority/diff-request-stability/runtime-evidence-40/task-observation-49880-98f0c9a2-2ad2-43ec-b851-92d91a19bb3a-509.json
 create mode 100644 specs/artifacts/2026-10-05-connection-workspace-authority/diff-request-stability/runtime-evidence-40/task-observation-49880-98f0c9a2-2ad2-43ec-b851-92d91a19bb3a-51.json
 create mode 100644 specs/artifacts/2026-10-05-connection-workspace-authority/diff-request-stability/runtime-evidence-40/task-observation-49880-98f0c9a2-2ad2-43ec-b851-92d91a19bb3a-510.json
 create mode 100644 specs/artifacts/2026-10-05-connection-workspace-authority/diff-request-stability/runtime-evidence-40/task-observation-49880-98f0c9a2-2ad2-43ec-b851-92d91a19bb3a-511.json
 create mode 100644 specs/artifacts/2026-10-05-connection-workspace-authority/diff-request-stability/runtime-evidence-40/task-observation-49880-98f0c9a2-2ad2-43ec-b851-92d91a19bb3a-512.json
 create mode 100644 specs/artifacts/2026-10-05-connection-workspace-authority/diff-request-stability/runtime-evidence-40/task-observation-49880-98f0c9a2-2ad2-43ec-b851-92d91a19bb3a-513.json
 create mode 100644 specs/artifacts/2026-10-05-connection-workspace-authority/diff-request-stability/runtime-evidence-40/task-observation-49880-98f0c9a2-2ad2-43ec-b851-92d91a19bb3a-514.json
 create mode 100644 specs/artifacts/2026-10-05-connection-workspace-authority/diff-request-stability/runtime-evidence-40/task-observation-49880-98f0c9a2-2ad2-43ec-b851-92d91a19bb3a-515.json
 create mode 100644 specs/artifacts/2026-10-05-connection-workspace-authority/diff-request-stability/runtime-evidence-40/task-observation-49880-98f0c9a2-2ad2-43ec-b851-92d91a19bb3a-516.json
 create mode 100644 specs/artifacts/2026-10-05-connection-workspace-authority/diff-request-stability/runtime-evidence-40/task-observation-49880-98f0c9a2-2ad2-43ec-b851-92d91a19bb3a-517.json
 create mode 100644 specs/artifacts/2026-10-05-connection-workspace-authority/diff-request-stability/runtime-evidence-40/task-observation-49880-98f0c9a2-2ad2-43ec-b851-92d91a19bb3a-518.json
 create mode 100644 specs/artifacts/2026-10-05-connection-workspace-authority/diff-request-stability/runtime-evidence-40/task-observation-49880-98f0c9a2-2ad2-43ec-b851-92d91a19bb3a-519.json
 create mode 100644 specs/artifacts/2026-10-05-connection-workspace-authority/diff-request-stability/runtime-evidence-40/task-observation-49880-98f0c9a2-2ad2-43ec-b851-92d91a19bb3a-52.json
 create mode 100644 specs/artifacts/2026-10-05-connection-workspace-authority/diff-request-stability/runtime-evidence-40/task-observation-49880-98f0c9a2-2ad2-43ec-b851-92d91a19bb3a-520.json
 create mode 100644 specs/artifacts/2026-10-05-connection-workspace-authority/diff-request-stability/runtime-evidence-40/task-observation-49880-98f0c9a2-2ad2-43ec-b851-92d91a19bb3a-521.json
 create mode 100644 specs/artifacts/2026-10-05-connection-workspace-authority/diff-request-stability/runtime-evidence-40/task-observation-49880-98f0c9a2-2ad2-43ec-b851-92d91a19bb3a-522.json
 create mode 100644 specs/artifacts/2026-10-05-connection-workspace-authority/diff-request-stability/runtime-evidence-40/task-observation-49880-98f0c9a2-2ad2-43ec-b851-92d91a19bb3a-523.json
 create mode 100644 specs/artifacts/2026-10-05-connection-workspace-authority/diff-request-stability/runtime-evidence-40/task-observation-49880-98f0c9a2-2ad2-43ec-b851-92d91a19bb3a-524.json
 create mode 100644 specs/artifacts/2026-10-05-connection-workspace-authority/diff-request-stability/runtime-evidence-40/task-observation-49880-98f0c9a2-2ad2-43ec-b851-92d91a19bb3a-525.json
 create mode 100644 specs/artifacts/2026-10-05-connection-workspace-authority/diff-request-stability/runtime-evidence-40/task-observation-49880-98f0c9a2-2ad2-43ec-b851-92d91a19bb3a-526.json
 create mode 100644 specs/artifacts/2026-10-05-connection-workspace-authority/diff-request-stability/runtime-evidence-40/task-observation-49880-98f0c9a2-2ad2-43ec-b851-92d91a19bb3a-527.json
 create mode 100644 specs/artifacts/2026-10-05-connection-workspace-authority/diff-request-stability/runtime-evidence-40/task-observation-49880-98f0c9a2-2ad2-43ec-b851-92d91a19bb3a-528.json
 create mode 100644 specs/artifacts/2026-10-05-connection-workspace-authority/diff-request-stability/runtime-evidence-40/task-observation-49880-98f0c9a2-2ad2-43ec-b851-92d91a19bb3a-529.json
 create mode 100644 specs/artifacts/2026-10-05-connection-workspace-authority/diff-request-stability/runtime-evidence-40/task-observation-49880-98f0c9a2-2ad2-43ec-b851-92d91a19bb3a-53.json
 create mode 100644 specs/artifacts/2026-10-05-connection-workspace-authority/diff-request-stability/runtime-evidence-40/task-observation-49880-98f0c9a2-2ad2-43ec-b851-92d91a19bb3a-530.json
 create mode 100644 specs/artifacts/2026-10-05-connection-workspace-authority/diff-request-stability/runtime-evidence-40/task-observation-49880-98f0c9a2-2ad2-43ec-b851-92d91a19bb3a-531.json
 create mode 100644 specs/artifacts/2026-10-05-connection-workspace-authority/diff-request-stability/runtime-evidence-40/task-observation-49880-98f0c9a2-2ad2-43ec-b851-92d91a19bb3a-532.json
 create mode 100644 specs/artifacts/2026-10-05-connection-workspace-authority/diff-request-stability/runtime-evidence-40/task-observation-49880-98f0c9a2-2ad2-43ec-b851-92d91a19bb3a-533.json
 create mode 100644 specs/artifacts/2026-10-05-connection-workspace-authority/diff-request-stability/runtime-evidence-40/task-observation-49880-98f0c9a2-2ad2-43ec-b851-92d91a19bb3a-534.json
 create mode 100644 specs/artifacts/2026-10-05-connection-workspace-authority/diff-request-stability/runtime-evidence-40/task-observation-49880-98f0c9a2-2ad2-43ec-b851-92d91a19bb3a-535.json
 create mode 100644 specs/artifacts/2026-10-05-connection-workspace-authority/diff-request-stability/runtime-evidence-40/task-observation-49880-98f0c9a2-2ad2-43ec-b851-92d91a19bb3a-536.json
 create mode 100644 specs/artifacts/2026-10-05-connection-workspace-authority/diff-request-stability/runtime-evidence-40/task-observation-49880-98f0c9a2-2ad2-43ec-b851-92d91a19bb3a-537.json
 create mode 100644 specs/artifacts/2026-10-05-connection-workspace-authority/diff-request-stability/runtime-evidence-40/task-observation-49880-98f0c9a2-2ad2-43ec-b851-92d91a19bb3a-538.json
 create mode 100644 specs/artifacts/2026-10-05-connection-workspace-authority/diff-request-stability/runtime-evidence-40/task-observation-49880-98f0c9a2-2ad2-43ec-b851-92d91a19bb3a-539.json
 create mode 100644 specs/artifacts/2026-10-05-connection-workspace-authority/diff-request-stability/runtime-evidence-40/task-observation-49880-98f0c9a2-2ad2-43ec-b851-92d91a19bb3a-54.json
 create mode 100644 specs/artifacts/2026-10-05-connection-workspace-authority/diff-request-stability/runtime-evidence-40/task-observation-49880-98f0c9a2-2ad2-43ec-b851-92d91a19bb3a-540.json
 create mode 100644 specs/artifacts/2026-10-05-connection-workspace-authority/diff-request-stability/runtime-evidence-40/task-observation-49880-98f0c9a2-2ad2-43ec-b851-92d91a19bb3a-541.json
 create mode 100644 specs/artifacts/2026-10-05-connection-workspace-authority/diff-request-stability/runtime-evidence-40/task-observation-49880-98f0c9a2-2ad2-43ec-b851-92d91a19bb3a-542.json
 create mode 100644 specs/artifacts/2026-10-05-connection-workspace-authority/diff-request-stability/runtime-evidence-40/task-observation-49880-98f0c9a2-2ad2-43ec-b851-92d91a19bb3a-543.json
 create mode 100644 specs/artifacts/2026-10-05-connection-workspace-authority/diff-request-stability/runtime-evidence-40/task-observation-49880-98f0c9a2-2ad2-43ec-b851-92d91a19bb3a-544.json
 create mode 100644 specs/artifacts/2026-10-05-connection-workspace-authority/diff-request-stability/runtime-evidence-40/task-observation-49880-98f0c9a2-2ad2-43ec-b851-92d91a19bb3a-545.json
 create mode 100644 specs/artifacts/2026-10-05-connection-workspace-authority/diff-request-stability/runtime-evidence-40/task-observation-49880-98f0c9a2-2ad2-43ec-b851-92d91a19bb3a-546.json
 create mode 100644 specs/artifacts/2026-10-05-connection-workspace-authority/diff-request-stability/runtime-evidence-40/task-observation-49880-98f0c9a2-2ad2-43ec-b851-92d91a19bb3a-547.json
 create mode 100644 specs/artifacts/2026-10-05-connection-workspace-authority/diff-request-stability/runtime-evidence-40/task-observation-49880-98f0c9a2-2ad2-43ec-b851-92d91a19bb3a-548.json
 create mode 100644 specs/artifacts/2026-10-05-connection-workspace-authority/diff-request-stability/runtime-evidence-40/task-observation-49880-98f0c9a2-2ad2-43ec-b851-92d91a19bb3a-549.json
 create mode 100644 specs/artifacts/2026-10-05-connection-workspace-authority/diff-request-stability/runtime-evidence-40/task-observation-49880-98f0c9a2-2ad2-43ec-b851-92d91a19bb3a-55.json
 create mode 100644 specs/artifacts/2026-10-05-connection-workspace-authority/diff-request-stability/runtime-evidence-40/task-observation-49880-98f0c9a2-2ad2-43ec-b851-92d91a19bb3a-550.json
 create mode 100644 specs/artifacts/2026-10-05-connection-workspace-authority/diff-request-stability/runtime-evidence-40/task-observation-49880-98f0c9a2-2ad2-43ec-b851-92d91a19bb3a-551.json
 create mode 100644 specs/artifacts/2026-10-05-connection-workspace-authority/diff-request-stability/runtime-evidence-40/task-observation-49880-98f0c9a2-2ad2-43ec-b851-92d91a19bb3a-552.json
 create mode 100644 specs/artifacts/2026-10-05-connection-workspace-authority/diff-request-stability/runtime-evidence-40/task-observation-49880-98f0c9a2-2ad2-43ec-b851-92d91a19bb3a-553.json
 create mode 100644 specs/artifacts/2026-10-05-connection-workspace-authority/diff-request-stability/runtime-evidence-40/task-observation-49880-98f0c9a2-2ad2-43ec-b851-92d91a19bb3a-554.json
 create mode 100644 specs/artifacts/2026-10-05-connection-workspace-authority/diff-request-stability/runtime-evidence-40/task-observation-49880-98f0c9a2-2ad2-43ec-b851-92d91a19bb3a-555.json
 create mode 100644 specs/artifacts/2026-10-05-connection-workspace-authority/diff-request-stability/runtime-evidence-40/task-observation-49880-98f0c9a2-2ad2-43ec-b851-92d91a19bb3a-556.json
 create mode 100644 specs/artifacts/2026-10-05-connection-workspace-authority/diff-request-stability/runtime-evidence-40/task-observation-49880-98f0c9a2-2ad2-43ec-b851-92d91a19bb3a-557.json
 create mode 100644 specs/artifacts/2026-10-05-connection-workspace-authority/diff-request-stability/runtime-evidence-40/task-observation-49880-98f0c9a2-2ad2-43ec-b851-92d91a19bb3a-558.json
 create mode 100644 specs/artifacts/2026-10-05-connection-workspace-authority/diff-request-stability/runtime-evidence-40/task-observation-49880-98f0c9a2-2ad2-43ec-b851-92d91a19bb3a-559.json
 create mode 100644 specs/artifacts/2026-10-05-connection-workspace-authority/diff-request-stability/runtime-evidence-40/task-observation-49880-98f0c9a2-2ad2-43ec-b851-92d91a19bb3a-56.json
 create mode 100644 specs/artifacts/2026-10-05-connection-workspace-authority/diff-request-stability/runtime-evidence-40/task-observation-49880-98f0c9a2-2ad2-43ec-b851-92d91a19bb3a-560.json
 create mode 100644 specs/artifacts/2026-10-05-connection-workspace-authority/diff-request-stability/runtime-evidence-40/task-observation-49880-98f0c9a2-2ad2-43ec-b851-92d91a19bb3a-561.json
 create mode 100644 specs/artifacts/2026-10-05-connection-workspace-authority/diff-request-stability/runtime-evidence-40/task-observation-49880-98f0c9a2-2ad2-43ec-b851-92d91a19bb3a-562.json
 create mode 100644 specs/artifacts/2026-10-05-connection-workspace-authority/diff-request-stability/runtime-evidence-40/task-observation-49880-98f0c9a2-2ad2-43ec-b851-92d91a19bb3a-563.json
 create mode 100644 specs/artifacts/2026-10-05-connection-workspace-authority/diff-request-stability/runtime-evidence-40/task-observation-49880-98f0c9a2-2ad2-43ec-b851-92d91a19bb3a-564.json
 create mode 100644 specs/artifacts/2026-10-05-connection-workspace-authority/diff-request-stability/runtime-evidence-40/task-observation-49880-98f0c9a2-2ad2-43ec-b851-92d91a19bb3a-565.json
 create mode 100644 specs/artifacts/2026-10-05-connection-workspace-authority/diff-request-stability/runtime-evidence-40/task-observation-49880-98f0c9a2-2ad2-43ec-b851-92d91a19bb3a-566.json
 create mode 100644 specs/artifacts/2026-10-05-connection-workspace-authority/diff-request-stability/runtime-evidence-40/task-observation-49880-98f0c9a2-2ad2-43ec-b851-92d91a19bb3a-567.json
 create mode 100644 specs/artifacts/2026-10-05-connection-workspace-authority/diff-request-stability/runtime-evidence-40/task-observation-49880-98f0c9a2-2ad2-43ec-b851-92d91a19bb3a-568.json
 create mode 100644 specs/artifacts/2026-10-05-connection-workspace-authority/diff-request-stability/runtime-evidence-40/task-observation-49880-98f0c9a2-2ad2-43ec-b851-92d91a19bb3a-569.json
 create mode 100644 specs/artifacts/2026-10-05-connection-workspace-authority/diff-request-stability/runtime-evidence-40/task-observation-49880-98f0c9a2-2ad2-43ec-b851-92d91a19bb3a-57.json
 create mode 100644 specs/artifacts/2026-10-05-connection-workspace-authority/diff-request-stability/runtime-evidence-40/task-observation-49880-98f0c9a2-2ad2-43ec-b851-92d91a19bb3a-570.json
 create mode 100644 specs/artifacts/2026-10-05-connection-workspace-authority/diff-request-stability/runtime-evidence-40/task-observation-49880-98f0c9a2-2ad2-43ec-b851-92d91a19bb3a-571.json
 create mode 100644 specs/artifacts/2026-10-05-connection-workspace-authority/diff-request-stability/runtime-evidence-40/task-observation-49880-98f0c9a2-2ad2-43ec-b851-92d91a19bb3a-572.json
 create mode 100644 specs/artifacts/2026-10-05-connection-workspace-authority/diff-request-stability/runtime-evidence-40/task-observation-49880-98f0c9a2-2ad2-43ec-b851-92d91a19bb3a-573.json
 create mode 100644 specs/artifacts/2026-10-05-connection-workspace-authority/diff-request-stability/runtime-evidence-40/task-observation-49880-98f0c9a2-2ad2-43ec-b851-92d91a19bb3a-574.json
 create mode 100644 specs/artifacts/2026-10-05-connection-workspace-authority/diff-request-stability/runtime-evidence-40/task-observation-49880-98f0c9a2-2ad2-43ec-b851-92d91a19bb3a-575.json
 create mode 100644 specs/artifacts/2026-10-05-connection-workspace-authority/diff-request-stability/runtime-evidence-40/task-observation-49880-98f0c9a2-2ad2-43ec-b851-92d91a19bb3a-576.json
 create mode 100644 specs/artifacts/2026-10-05-connection-workspace-authority/diff-request-stability/runtime-evidence-40/task-observation-49880-98f0c9a2-2ad2-43ec-b851-92d91a19bb3a-577.json
 create mode 100644 specs/artifacts/2026-10-05-connection-workspace-authority/diff-request-stability/runtime-evidence-40/task-observation-49880-98f0c9a2-2ad2-43ec-b851-92d91a19bb3a-578.json
 create mode 100644 specs/artifacts/2026-10-05-connection-workspace-authority/diff-request-stability/runtime-evidence-40/task-observation-49880-98f0c9a2-2ad2-43ec-b851-92d91a19bb3a-579.json
 create mode 100644 specs/artifacts/2026-10-05-connection-workspace-authority/diff-request-stability/runtime-evidence-40/task-observation-49880-98f0c9a2-2ad2-43ec-b851-92d91a19bb3a-58.json
 create mode 100644 specs/artifacts/2026-10-05-connection-workspace-authority/diff-request-stability/runtime-evidence-40/task-observation-49880-98f0c9a2-2ad2-43ec-b851-92d91a19bb3a-580.json
 create mode 100644 specs/artifacts/2026-10-05-connection-workspace-authority/diff-request-stability/runtime-evidence-40/task-observation-49880-98f0c9a2-2ad2-43ec-b851-92d91a19bb3a-581.json
 create mode 100644 specs/artifacts/2026-10-05-connection-workspace-authority/diff-request-stability/runtime-evidence-40/task-observation-49880-98f0c9a2-2ad2-43ec-b851-92d91a19bb3a-582.json
 create mode 100644 specs/artifacts/2026-10-05-connection-workspace-authority/diff-request-stability/runtime-evidence-40/task-observation-49880-98f0c9a2-2ad2-43ec-b851-92d91a19bb3a-583.json
 create mode 100644 specs/artifacts/2026-10-05-connection-workspace-authority/diff-request-stability/runtime-evidence-40/task-observation-49880-98f0c9a2-2ad2-43ec-b851-92d91a19bb3a-584.json
 create mode 100644 specs/artifacts/2026-10-05-connection-workspace-authority/diff-request-stability/runtime-evidence-40/task-observation-49880-98f0c9a2-2ad2-43ec-b851-92d91a19bb3a-585.json
 create mode 100644 specs/artifacts/2026-10-05-connection-workspace-authority/diff-request-stability/runtime-evidence-40/task-observation-49880-98f0c9a2-2ad2-43ec-b851-92d91a19bb3a-586.json
 create mode 100644 specs/artifacts/2026-10-05-connection-workspace-authority/diff-request-stability/runtime-evidence-40/task-observation-49880-98f0c9a2-2ad2-43ec-b851-92d91a19bb3a-587.json
 create mode 100644 specs/artifacts/2026-10-05-connection-workspace-authority/diff-request-stability/runtime-evidence-40/task-observation-49880-98f0c9a2-2ad2-43ec-b851-92d91a19bb3a-588.json
 create mode 100644 specs/artifacts/2026-10-05-connection-workspace-authority/diff-request-stability/runtime-evidence-40/task-observation-49880-98f0c9a2-2ad2-43ec-b851-92d91a19bb3a-589.json
 create mode 100644 specs/artifacts/2026-10-05-connection-workspace-authority/diff-request-stability/runtime-evidence-40/task-observation-49880-98f0c9a2-2ad2-43ec-b851-92d91a19bb3a-59.json
 create mode 100644 specs/artifacts/2026-10-05-connection-workspace-authority/diff-request-stability/runtime-evidence-40/task-observation-49880-98f0c9a2-2ad2-43ec-b851-92d91a19bb3a-590.json
 create mode 100644 specs/artifacts/2026-10-05-connection-workspace-authority/diff-request-stability/runtime-evidence-40/task-observation-49880-98f0c9a2-2ad2-43ec-b851-92d91a19bb3a-591.json
 create mode 100644 specs/artifacts/2026-10-05-connection-workspace-authority/diff-request-stability/runtime-evidence-40/task-observation-49880-98f0c9a2-2ad2-43ec-b851-92d91a19bb3a-592.json
 create mode 100644 specs/artifacts/2026-10-05-connection-workspace-authority/diff-request-stability/runtime-evidence-40/task-observation-49880-98f0c9a2-2ad2-43ec-b851-92d91a19bb3a-593.json
 create mode 100644 specs/artifacts/2026-10-05-connection-workspace-authority/diff-request-stability/runtime-evidence-40/task-observation-49880-98f0c9a2-2ad2-43ec-b851-92d91a19bb3a-594.json
 create mode 100644 specs/artifacts/2026-10-05-connection-workspace-authority/diff-request-stability/runtime-evidence-40/task-observation-49880-98f0c9a2-2ad2-43ec-b851-92d91a19bb3a-595.json
 create mode 100644 specs/artifacts/2026-10-05-connection-workspace-authority/diff-request-stability/runtime-evidence-40/task-observation-49880-98f0c9a2-2ad2-43ec-b851-92d91a19bb3a-596.json
 create mode 100644 specs/artifacts/2026-10-05-connection-workspace-authority/diff-request-stability/runtime-evidence-40/task-observation-49880-98f0c9a2-2ad2-43ec-b851-92d91a19bb3a-597.json
 create mode 100644 specs/artifacts/2026-10-05-connection-workspace-authority/diff-request-stability/runtime-evidence-40/task-observation-49880-98f0c9a2-2ad2-43ec-b851-92d91a19bb3a-598.json
 create mode 100644 specs/artifacts/2026-10-05-connection-workspace-authority/diff-request-stability/runtime-evidence-40/task-observation-49880-98f0c9a2-2ad2-43ec-b851-92d91a19bb3a-599.json
 create mode 100644 specs/artifacts/2026-10-05-connection-workspace-authority/diff-request-stability/runtime-evidence-40/task-observation-49880-98f0c9a2-2ad2-43ec-b851-92d91a19bb3a-6.json
 create mode 100644 specs/artifacts/2026-10-05-connection-workspace-authority/diff-request-stability/runtime-evidence-40/task-observation-49880-98f0c9a2-2ad2-43ec-b851-92d91a19bb3a-60.json
 create mode 100644 specs/artifacts/2026-10-05-connection-workspace-authority/diff-request-stability/runtime-evidence-40/task-observation-49880-98f0c9a2-2ad2-43ec-b851-92d91a19bb3a-600.json
 create mode 100644 specs/artifacts/2026-10-05-connection-workspace-authority/diff-request-stability/runtime-evidence-40/task-observation-49880-98f0c9a2-2ad2-43ec-b851-92d91a19bb3a-601.json
 create mode 100644 specs/artifacts/2026-10-05-connection-workspace-authority/diff-request-stability/runtime-evidence-40/task-observation-49880-98f0c9a2-2ad2-43ec-b851-92d91a19bb3a-602.json
 create mode 100644 specs/artifacts/2026-10-05-connection-workspace-authority/diff-request-stability/runtime-evidence-40/task-observation-49880-98f0c9a2-2ad2-43ec-b851-92d91a19bb3a-603.json
 create mode 100644 specs/artifacts/2026-10-05-connection-workspace-authority/diff-request-stability/runtime-evidence-40/task-observation-49880-98f0c9a2-2ad2-43ec-b851-92d91a19bb3a-604.json
 create mode 100644 specs/artifacts/2026-10-05-connection-workspace-authority/diff-request-stability/runtime-evidence-40/task-observation-49880-98f0c9a2-2ad2-43ec-b851-92d91a19bb3a-605.json
 create mode 100644 specs/artifacts/2026-10-05-connection-workspace-authority/diff-request-stability/runtime-evidence-40/task-observation-49880-98f0c9a2-2ad2-43ec-b851-92d91a19bb3a-606.json
 create mode 100644 specs/artifacts/2026-10-05-connection-workspace-authority/diff-request-stability/runtime-evidence-40/task-observation-49880-98f0c9a2-2ad2-43ec-b851-92d91a19bb3a-607.json
 create mode 100644 specs/artifacts/2026-10-05-connection-workspace-authority/diff-request-stability/runtime-evidence-40/task-observation-49880-98f0c9a2-2ad2-43ec-b851-92d91a19bb3a-608.json
 create mode 100644 specs/artifacts/2026-10-05-connection-workspace-authority/diff-request-stability/runtime-evidence-40/task-observation-49880-98f0c9a2-2ad2-43ec-b851-92d91a19bb3a-609.json
 create mode 100644 specs/artifacts/2026-10-05-connection-workspace-authority/diff-request-stability/runtime-evidence-40/task-observation-49880-98f0c9a2-2ad2-43ec-b851-92d91a19bb3a-61.json
 create mode 100644 specs/artifacts/2026-10-05-connection-workspace-authority/diff-request-stability/runtime-evidence-40/task-observation-49880-98f0c9a2-2ad2-43ec-b851-92d91a19bb3a-610.json
 create mode 100644 specs/artifacts/2026-10-05-connection-workspace-authority/diff-request-stability/runtime-evidence-40/task-observation-49880-98f0c9a2-2ad2-43ec-b851-92d91a19bb3a-611.json
 create mode 100644 specs/artifacts/2026-10-05-connection-workspace-authority/diff-request-stability/runtime-evidence-40/task-observation-49880-98f0c9a2-2ad2-43ec-b851-92d91a19bb3a-612.json
 create mode 100644 specs/artifacts/2026-10-05-connection-workspace-authority/diff-request-stability/runtime-evidence-40/task-observation-49880-98f0c9a2-2ad2-43ec-b851-92d91a19bb3a-613.json
 create mode 100644 specs/artifacts/2026-10-05-connection-workspace-authority/diff-request-stability/runtime-evidence-40/task-observation-49880-98f0c9a2-2ad2-43ec-b851-92d91a19bb3a-614.json
 create mode 100644 specs/artifacts/2026-10-05-connection-workspace-authority/diff-request-stability/runtime-evidence-40/task-observation-49880-98f0c9a2-2ad2-43ec-b851-92d91a19bb3a-615.json
 create mode 100644 specs/artifacts/2026-10-05-connection-workspace-authority/diff-request-stability/runtime-evidence-40/task-observation-49880-98f0c9a2-2ad2-43ec-b851-92d91a19bb3a-616.json
 create mode 100644 specs/artifacts/2026-10-05-connection-workspace-authority/diff-request-stability/runtime-evidence-40/task-observation-49880-98f0c9a2-2ad2-43ec-b851-92d91a19bb3a-617.json
 create mode 100644 specs/artifacts/2026-10-05-connection-workspace-authority/diff-request-stability/runtime-evidence-40/task-observation-49880-98f0c9a2-2ad2-43ec-b851-92d91a19bb3a-618.json
 create mode 100644 specs/artifacts/2026-10-05-connection-workspace-authority/diff-request-stability/runtime-evidence-40/task-observation-49880-98f0c9a2-2ad2-43ec-b851-92d91a19bb3a-619.json
 create mode 100644 specs/artifacts/2026-10-05-connection-workspace-authority/diff-request-stability/runtime-evidence-40/task-observation-49880-98f0c9a2-2ad2-43ec-b851-92d91a19bb3a-62.json
 create mode 100644 specs/artifacts/2026-10-05-connection-workspace-authority/diff-request-stability/runtime-evidence-40/task-observation-49880-98f0c9a2-2ad2-43ec-b851-92d91a19bb3a-620.json
 create mode 100644 specs/artifacts/2026-10-05-connection-workspace-authority/diff-request-stability/runtime-evidence-40/task-observation-49880-98f0c9a2-2ad2-43ec-b851-92d91a19bb3a-621.json
 create mode 100644 specs/artifacts/2026-10-05-connection-workspace-authority/diff-request-stability/runtime-evidence-40/task-observation-49880-98f0c9a2-2ad2-43ec-b851-92d91a19bb3a-622.json
 create mode 100644 specs/artifacts/2026-10-05-connection-workspace-authority/diff-request-stability/runtime-evidence-40/task-observation-49880-98f0c9a2-2ad2-43ec-b851-92d91a19bb3a-623.json
 create mode 100644 specs/artifacts/2026-10-05-connection-workspace-authority/diff-request-stability/runtime-evidence-40/task-observation-49880-98f0c9a2-2ad2-43ec-b851-92d91a19bb3a-624.json
 create mode 100644 specs/artifacts/2026-10-05-connection-workspace-authority/diff-request-stability/runtime-evidence-40/task-observation-49880-98f0c9a2-2ad2-43ec-b851-92d91a19bb3a-625.json
 create mode 100644 specs/artifacts/2026-10-05-connection-workspace-authority/diff-request-stability/runtime-evidence-40/task-observation-49880-98f0c9a2-2ad2-43ec-b851-92d91a19bb3a-626.json
 create mode 100644 specs/artifacts/2026-10-05-connection-workspace-authority/diff-request-stability/runtime-evidence-40/task-observation-49880-98f0c9a2-2ad2-43ec-b851-92d91a19bb3a-627.json
 create mode 100644 specs/artifacts/2026-10-05-connection-workspace-authority/diff-request-stability/runtime-evidence-40/task-observation-49880-98f0c9a2-2ad2-43ec-b851-92d91a19bb3a-628.json
 create mode 100644 specs/artifacts/2026-10-05-connection-workspace-authority/diff-request-stability/runtime-evidence-40/task-observation-49880-98f0c9a2-2ad2-43ec-b851-92d91a19bb3a-629.json
 create mode 100644 specs/artifacts/2026-10-05-connection-workspace-authority/diff-request-stability/runtime-evidence-40/task-observation-49880-98f0c9a2-2ad2-43ec-b851-92d91a19bb3a-63.json
 create mode 100644 specs/artifacts/2026-10-05-connection-workspace-authority/diff-request-stability/runtime-evidence-40/task-observation-49880-98f0c9a2-2ad2-43ec-b851-92d91a19bb3a-630.json
 create mode 100644 specs/artifacts/2026-10-05-connection-workspace-authority/diff-request-stability/runtime-evidence-40/task-observation-49880-98f0c9a2-2ad2-43ec-b851-92d91a19bb3a-631.json
 create mode 100644 specs/artifacts/2026-10-05-connection-workspace-authority/diff-request-stability/runtime-evidence-40/task-observation-49880-98f0c9a2-2ad2-43ec-b851-92d91a19bb3a-632.json
 create mode 100644 specs/artifacts/2026-10-05-connection-workspace-authority/diff-request-stability/runtime-evidence-40/task-observation-49880-98f0c9a2-2ad2-43ec-b851-92d91a19bb3a-633.json
 create mode 100644 specs/artifacts/2026-10-05-connection-workspace-authority/diff-request-stability/runtime-evidence-40/task-observation-49880-98f0c9a2-2ad2-43ec-b851-92d91a19bb3a-634.json
 create mode 100644 specs/artifacts/2026-10-05-connection-workspace-authority/diff-request-stability/runtime-evidence-40/task-observation-49880-98f0c9a2-2ad2-43ec-b851-92d91a19bb3a-635.json
 create mode 100644 specs/artifacts/2026-10-05-connection-workspace-authority/diff-request-stability/runtime-evidence-40/task-observation-49880-98f0c9a2-2ad2-43ec-b851-92d91a19bb3a-636.json
 create mode 100644 specs/artifacts/2026-10-05-connection-workspace-authority/diff-request-stability/runtime-evidence-40/task-observation-49880-98f0c9a2-2ad2-43ec-b851-92d91a19bb3a-637.json
 create mode 100644 specs/artifacts/2026-10-05-connection-workspace-authority/diff-request-stability/runtime-evidence-40/task-observation-49880-98f0c9a2-2ad2-43ec-b851-92d91a19bb3a-638.json
 create mode 100644 specs/artifacts/2026-10-05-connection-workspace-authority/diff-request-stability/runtime-evidence-40/task-observation-49880-98f0c9a2-2ad2-43ec-b851-92d91a19bb3a-639.json
 create mode 100644 specs/artifacts/2026-10-05-connection-workspace-authority/diff-request-stability/runtime-evidence-40/task-observation-49880-98f0c9a2-2ad2-43ec-b851-92d91a19bb3a-64.json
 create mode 100644 specs/artifacts/2026-10-05-connection-workspace-authority/diff-request-stability/runtime-evidence-40/task-observation-49880-98f0c9a2-2ad2-43ec-b851-92d91a19bb3a-640.json
 create mode 100644 specs/artifacts/2026-10-05-connection-workspace-authority/diff-request-stability/runtime-evidence-40/task-observation-49880-98f0c9a2-2ad2-43ec-b851-92d91a19bb3a-641.json
 create mode 100644 specs/artifacts/2026-10-05-connection-workspace-authority/diff-request-stability/runtime-evidence-40/task-observation-49880-98f0c9a2-2ad2-43ec-b851-92d91a19bb3a-642.json
 create mode 100644 specs/artifacts/2026-10-05-connection-workspace-authority/diff-request-stability/runtime-evidence-40/task-observation-49880-98f0c9a2-2ad2-43ec-b851-92d91a19bb3a-643.json
 create mode 100644 specs/artifacts/2026-10-05-connection-workspace-authority/diff-request-stability/runtime-evidence-40/task-observation-49880-98f0c9a2-2ad2-43ec-b851-92d91a19bb3a-644.json
 create mode 100644 specs/artifacts/2026-10-05-connection-workspace-authority/diff-request-stability/runtime-evidence-40/task-observation-49880-98f0c9a2-2ad2-43ec-b851-92d91a19bb3a-645.json
 create mode 100644 specs/artifacts/2026-10-05-connection-workspace-authority/diff-request-stability/runtime-evidence-40/task-observation-49880-98f0c9a2-2ad2-43ec-b851-92d91a19bb3a-646.json
 create mode 100644 specs/artifacts/2026-10-05-connection-workspace-authority/diff-request-stability/runtime-evidence-40/task-observation-49880-98f0c9a2-2ad2-43ec-b851-92d91a19bb3a-647.json
 create mode 100644 specs/artifacts/2026-10-05-connection-workspace-authority/diff-request-stability/runtime-evidence-40/task-observation-49880-98f0c9a2-2ad2-43ec-b851-92d91a19bb3a-648.json
 create mode 100644 specs/artifacts/2026-10-05-connection-workspace-authority/diff-request-stability/runtime-evidence-40/task-observation-49880-98f0c9a2-2ad2-43ec-b851-92d91a19bb3a-649.json
 create mode 100644 specs/artifacts/2026-10-05-connection-workspace-authority/diff-request-stability/runtime-evidence-40/task-observation-49880-98f0c9a2-2ad2-43ec-b851-92d91a19bb3a-65.json
 create mode 100644 specs/artifacts/2026-10-05-connection-workspace-authority/diff-request-stability/runtime-evidence-40/task-observation-49880-98f0c9a2-2ad2-43ec-b851-92d91a19bb3a-650.json
 create mode 100644 specs/artifacts/2026-10-05-connection-workspace-authority/diff-request-stability/runtime-evidence-40/task-observation-49880-98f0c9a2-2ad2-43ec-b851-92d91a19bb3a-651.json
 create mode 100644 specs/artifacts/2026-10-05-connection-workspace-authority/diff-request-stability/runtime-evidence-40/task-observation-49880-98f0c9a2-2ad2-43ec-b851-92d91a19bb3a-652.json
 create mode 100644 specs/artifacts/2026-10-05-connection-workspace-authority/diff-request-stability/runtime-evidence-40/task-observation-49880-98f0c9a2-2ad2-43ec-b851-92d91a19bb3a-653.json
 create mode 100644 specs/artifacts/2026-10-05-connection-workspace-authority/diff-request-stability/runtime-evidence-40/task-observation-49880-98f0c9a2-2ad2-43ec-b851-92d91a19bb3a-654.json
 create mode 100644 specs/artifacts/2026-10-05-connection-workspace-authority/diff-request-stability/runtime-evidence-40/task-observation-49880-98f0c9a2-2ad2-43ec-b851-92d91a19bb3a-655.json
 create mode 100644 specs/artifacts/2026-10-05-connection-workspace-authority/diff-request-stability/runtime-evidence-40/task-observation-49880-98f0c9a2-2ad2-43ec-b851-92d91a19bb3a-656.json
 create mode 100644 specs/artifacts/2026-10-05-connection-workspace-authority/diff-request-stability/runtime-evidence-40/task-observation-49880-98f0c9a2-2ad2-43ec-b851-92d91a19bb3a-657.json
 create mode 100644 specs/artifacts/2026-10-05-connection-workspace-authority/diff-request-stability/runtime-evidence-40/task-observation-49880-98f0c9a2-2ad2-43ec-b851-92d91a19bb3a-658.json
 create mode 100644 specs/artifacts/2026-10-05-connection-workspace-authority/diff-request-stability/runtime-evidence-40/task-observation-49880-98f0c9a2-2ad2-43ec-b851-92d91a19bb3a-659.json
 create mode 100644 specs/artifacts/2026-10-05-connection-workspace-authority/diff-request-stability/runtime-evidence-40/task-observation-49880-98f0c9a2-2ad2-43ec-b851-92d91a19bb3a-66.json
 create mode 100644 specs/artifacts/2026-10-05-connection-workspace-authority/diff-request-stability/runtime-evidence-40/task-observation-49880-98f0c9a2-2ad2-43ec-b851-92d91a19bb3a-660.json
 create mode 100644 specs/artifacts/2026-10-05-connection-workspace-authority/diff-request-stability/runtime-evidence-40/task-observation-49880-98f0c9a2-2ad2-43ec-b851-92d91a19bb3a-661.json
 create mode 100644 specs/artifacts/2026-10-05-connection-workspace-authority/diff-request-stability/runtime-evidence-40/task-observation-49880-98f0c9a2-2ad2-43ec-b851-92d91a19bb3a-662.json
 create mode 100644 specs/artifacts/2026-10-05-connection-workspace-authority/diff-request-stability/runtime-evidence-40/task-observation-49880-98f0c9a2-2ad2-43ec-b851-92d91a19bb3a-663.json
 create mode 100644 specs/artifacts/2026-10-05-connection-workspace-authority/diff-request-stability/runtime-evidence-40/task-observation-49880-98f0c9a2-2ad2-43ec-b851-92d91a19bb3a-664.json
 create mode 100644 specs/artifacts/2026-10-05-connection-workspace-authority/diff-request-stability/runtime-evidence-40/task-observation-49880-98f0c9a2-2ad2-43ec-b851-92d91a19bb3a-665.json
 create mode 100644 specs/artifacts/2026-10-05-connection-workspace-authority/diff-request-stability/runtime-evidence-40/task-observation-49880-98f0c9a2-2ad2-43ec-b851-92d91a19bb3a-666.json
 create mode 100644 specs/artifacts/2026-10-05-connection-workspace-authority/diff-request-stability/runtime-evidence-40/task-observation-49880-98f0c9a2-2ad2-43ec-b851-92d91a19bb3a-667.json
 create mode 100644 specs/artifacts/2026-10-05-connection-workspace-authority/diff-request-stability/runtime-evidence-40/task-observation-49880-98f0c9a2-2ad2-43ec-b851-92d91a19bb3a-668.json
 create mode 100644 specs/artifacts/2026-10-05-connection-workspace-authority/diff-request-stability/runtime-evidence-40/task-observation-49880-98f0c9a2-2ad2-43ec-b851-92d91a19bb3a-669.json
 create mode 100644 specs/artifacts/2026-10-05-connection-workspace-authority/diff-request-stability/runtime-evidence-40/task-observation-49880-98f0c9a2-2ad2-43ec-b851-92d91a19bb3a-67.json
 create mode 100644 specs/artifacts/2026-10-05-connection-workspace-authority/diff-request-stability/runtime-evidence-40/task-observation-49880-98f0c9a2-2ad2-43ec-b851-92d91a19bb3a-670.json
 create mode 100644 specs/artifacts/2026-10-05-connection-workspace-authority/diff-request-stability/runtime-evidence-40/task-observation-49880-98f0c9a2-2ad2-43ec-b851-92d91a19bb3a-671.json
 create mode 100644 specs/artifacts/2026-10-05-connection-workspace-authority/diff-request-stability/runtime-evidence-40/task-observation-49880-98f0c9a2-2ad2-43ec-b851-92d91a19bb3a-672.json
 create mode 100644 specs/artifacts/2026-10-05-connection-workspace-authority/diff-request-stability/runtime-evidence-40/task-observation-49880-98f0c9a2-2ad2-43ec-b851-92d91a19bb3a-673.json
 create mode 100644 specs/artifacts/2026-10-05-connection-workspace-authority/diff-request-stability/runtime-evidence-40/task-observation-49880-98f0c9a2-2ad2-43ec-b851-92d91a19bb3a-674.json
 create mode 100644 specs/artifacts/2026-10-05-connection-workspace-authority/diff-request-stability/runtime-evidence-40/task-observation-49880-98f0c9a2-2ad2-43ec-b851-92d91a19bb3a-675.json
 create mode 100644 specs/artifacts/2026-10-05-connection-workspace-authority/diff-request-stability/runtime-evidence-40/task-observation-49880-98f0c9a2-2ad2-43ec-b851-92d91a19bb3a-676.json
 create mode 100644 specs/artifacts/2026-10-05-connection-workspace-authority/diff-request-stability/runtime-evidence-40/task-observation-49880-98f0c9a2-2ad2-43ec-b851-92d91a19bb3a-677.json
 create mode 100644 specs/artifacts/2026-10-05-connection-workspace-authority/diff-request-stability/runtime-evidence-40/task-observation-49880-98f0c9a2-2ad2-43ec-b851-92d91a19bb3a-678.json
 create mode 100644 specs/artifacts/2026-10-05-connection-workspace-authority/diff-request-stability/runtime-evidence-40/task-observation-49880-98f0c9a2-2ad2-43ec-b851-92d91a19bb3a-679.json
 create mode 100644 specs/artifacts/2026-10-05-connection-workspace-authority/diff-request-stability/runtime-evidence-40/task-observation-49880-98f0c9a2-2ad2-43ec-b851-92d91a19bb3a-68.json
 create mode 100644 specs/artifacts/2026-10-05-connection-workspace-authority/diff-request-stability/runtime-evidence-40/task-observation-49880-98f0c9a2-2ad2-43ec-b851-92d91a19bb3a-680.json
 create mode 100644 specs/artifacts/2026-10-05-connection-workspace-authority/diff-request-stability/runtime-evidence-40/task-observation-49880-98f0c9a2-2ad2-43ec-b851-92d91a19bb3a-681.json
 create mode 100644 specs/artifacts/2026-10-05-connection-workspace-authority/diff-request-stability/runtime-evidence-40/task-observation-49880-98f0c9a2-2ad2-43ec-b851-92d91a19bb3a-682.json
 create mode 100644 specs/artifacts/2026-10-05-connection-workspace-authority/diff-request-stability/runtime-evidence-40/task-observation-49880-98f0c9a2-2ad2-43ec-b851-92d91a19bb3a-683.json
 create mode 100644 specs/artifacts/2026-10-05-connection-workspace-authority/diff-request-stability/runtime-evidence-40/task-observation-49880-98f0c9a2-2ad2-43ec-b851-92d91a19bb3a-684.json
 create mode 100644 specs/artifacts/2026-10-05-connection-workspace-authority/diff-request-stability/runtime-evidence-40/task-observation-49880-98f0c9a2-2ad2-43ec-b851-92d91a19bb3a-685.json
 create mode 100644 specs/artifacts/2026-10-05-connection-workspace-authority/diff-request-stability/runtime-evidence-40/task-observation-49880-98f0c9a2-2ad2-43ec-b851-92d91a19bb3a-686.json
 create mode 100644 specs/artifacts/2026-10-05-connection-workspace-authority/diff-request-stability/runtime-evidence-40/task-observation-49880-98f0c9a2-2ad2-43ec-b851-92d91a19bb3a-687.json
 create mode 100644 specs/artifacts/2026-10-05-connection-workspace-authority/diff-request-stability/runtime-evidence-40/task-observation-49880-98f0c9a2-2ad2-43ec-b851-92d91a19bb3a-688.json
 create mode 100644 specs/artifacts/2026-10-05-connection-workspace-authority/diff-request-stability/runtime-evidence-40/task-observation-49880-98f0c9a2-2ad2-43ec-b851-92d91a19bb3a-689.json
 create mode 100644 specs/artifacts/2026-10-05-connection-workspace-authority/diff-request-stability/runtime-evidence-40/task-observation-49880-98f0c9a2-2ad2-43ec-b851-92d91a19bb3a-69.json
 create mode 100644 specs/artifacts/2026-10-05-connection-workspace-authority/diff-request-stability/runtime-evidence-40/task-observation-49880-98f0c9a2-2ad2-43ec-b851-92d91a19bb3a-690.json
 create mode 100644 specs/artifacts/2026-10-05-connection-workspace-authority/diff-request-stability/runtime-evidence-40/task-observation-49880-98f0c9a2-2ad2-43ec-b851-92d91a19bb3a-691.json
 create mode 100644 specs/artifacts/2026-10-05-connection-workspace-authority/diff-request-stability/runtime-evidence-40/task-observation-49880-98f0c9a2-2ad2-43ec-b851-92d91a19bb3a-692.json
 create mode 100644 specs/artifacts/2026-10-05-connection-workspace-authority/diff-request-stability/runtime-evidence-40/task-observation-49880-98f0c9a2-2ad2-43ec-b851-92d91a19bb3a-693.json
 create mode 100644 specs/artifacts/2026-10-05-connection-workspace-authority/diff-request-stability/runtime-evidence-40/task-observation-49880-98f0c9a2-2ad2-43ec-b851-92d91a19bb3a-694.json
 create mode 100644 specs/artifacts/2026-10-05-connection-workspace-authority/diff-request-stability/runtime-evidence-40/task-observation-49880-98f0c9a2-2ad2-43ec-b851-92d91a19bb3a-695.json
 create mode 100644 specs/artifacts/2026-10-05-connection-workspace-authority/diff-request-stability/runtime-evidence-40/task-observation-49880-98f0c9a2-2ad2-43ec-b851-92d91a19bb3a-696.json
 create mode 100644 specs/artifacts/2026-10-05-connection-workspace-authority/diff-request-stability/runtime-evidence-40/task-observation-49880-98f0c9a2-2ad2-43ec-b851-92d91a19bb3a-697.json
 create mode 100644 specs/artifacts/2026-10-05-connection-workspace-authority/diff-request-stability/runtime-evidence-40/task-observation-49880-98f0c9a2-2ad2-43ec-b851-92d91a19bb3a-698.json
 create mode 100644 specs/artifacts/2026-10-05-connection-workspace-authority/diff-request-stability/runtime-evidence-40/task-observation-49880-98f0c9a2-2ad2-43ec-b851-92d91a19bb3a-699.json
 create mode 100644 specs/artifacts/2026-10-05-connection-workspace-authority/diff-request-stability/runtime-evidence-40/task-observation-49880-98f0c9a2-2ad2-43ec-b851-92d91a19bb3a-7.json
 create mode 100644 specs/artifacts/2026-10-05-connection-workspace-authority/diff-request-stability/runtime-evidence-40/task-observation-49880-98f0c9a2-2ad2-43ec-b851-92d91a19bb3a-70.json
 create mode 100644 specs/artifacts/2026-10-05-connection-workspace-authority/diff-request-stability/runtime-evidence-40/task-observation-49880-98f0c9a2-2ad2-43ec-b851-92d91a19bb3a-700.json
 create mode 100644 specs/artifacts/2026-10-05-connection-workspace-authority/diff-request-stability/runtime-evidence-40/task-observation-49880-98f0c9a2-2ad2-43ec-b851-92d91a19bb3a-701.json
 create mode 100644 specs/artifacts/2026-10-05-connection-workspace-authority/diff-request-stability/runtime-evidence-40/task-observation-49880-98f0c9a2-2ad2-43ec-b851-92d91a19bb3a-702.json
 create mode 100644 specs/artifacts/2026-10-05-connection-workspace-authority/diff-request-stability/runtime-evidence-40/task-observation-49880-98f0c9a2-2ad2-43ec-b851-92d91a19bb3a-703.json
 create mode 100644 specs/artifacts/2026-10-05-connection-workspace-authority/diff-request-stability/runtime-evidence-40/task-observation-49880-98f0c9a2-2ad2-43ec-b851-92d91a19bb3a-704.json
 create mode 100644 specs/artifacts/2026-10-05-connection-workspace-authority/diff-request-stability/runtime-evidence-40/task-observation-49880-98f0c9a2-2ad2-43ec-b851-92d91a19bb3a-705.json
 create mode 100644 specs/artifacts/2026-10-05-connection-workspace-authority/diff-request-stability/runtime-evidence-40/task-observation-49880-98f0c9a2-2ad2-43ec-b851-92d91a19bb3a-706.json
 create mode 100644 specs/artifacts/2026-10-05-connection-workspace-authority/diff-request-stability/runtime-evidence-40/task-observation-49880-98f0c9a2-2ad2-43ec-b851-92d91a19bb3a-707.json
 create mode 100644 specs/artifacts/2026-10-05-connection-workspace-authority/diff-request-stability/runtime-evidence-40/task-observation-49880-98f0c9a2-2ad2-43ec-b851-92d91a19bb3a-708.json
 create mode 100644 specs/artifacts/2026-10-05-connection-workspace-authority/diff-request-stability/runtime-evidence-40/task-observation-49880-98f0c9a2-2ad2-43ec-b851-92d91a19bb3a-709.json
 create mode 100644 specs/artifacts/2026-10-05-connection-workspace-authority/diff-request-stability/runtime-evidence-40/task-observation-49880-98f0c9a2-2ad2-43ec-b851-92d91a19bb3a-71.json
 create mode 100644 specs/artifacts/2026-10-05-connection-workspace-authority/diff-request-stability/runtime-evidence-40/task-observation-49880-98f0c9a2-2ad2-43ec-b851-92d91a19bb3a-710.json
 create mode 100644 specs/artifacts/2026-10-05-connection-workspace-authority/diff-request-stability/runtime-evidence-40/task-observation-49880-98f0c9a2-2ad2-43ec-b851-92d91a19bb3a-711.json
 create mode 100644 specs/artifacts/2026-10-05-connection-workspace-authority/diff-request-stability/runtime-evidence-40/task-observation-49880-98f0c9a2-2ad2-43ec-b851-92d91a19bb3a-712.json
 create mode 100644 specs/artifacts/2026-10-05-connection-workspace-authority/diff-request-stability/runtime-evidence-40/task-observation-49880-98f0c9a2-2ad2-43ec-b851-92d91a19bb3a-713.json
 create mode 100644 specs/artifacts/2026-10-05-connection-workspace-authority/diff-request-stability/runtime-evidence-40/task-observation-49880-98f0c9a2-2ad2-43ec-b851-92d91a19bb3a-714.json
 create mode 100644 specs/artifacts/2026-10-05-connection-workspace-authority/diff-request-stability/runtime-evidence-40/task-observation-49880-98f0c9a2-2ad2-43ec-b851-92d91a19bb3a-715.json
 create mode 100644 specs/artifacts/2026-10-05-connection-workspace-authority/diff-request-stability/runtime-evidence-40/task-observation-49880-98f0c9a2-2ad2-43ec-b851-92d91a19bb3a-716.json
 create mode 100644 specs/artifacts/2026-10-05-connection-workspace-authority/diff-request-stability/runtime-evidence-40/task-observation-49880-98f0c9a2-2ad2-43ec-b851-92d91a19bb3a-717.json
 create mode 100644 specs/artifacts/2026-10-05-connection-workspace-authority/diff-request-stability/runtime-evidence-40/task-observation-49880-98f0c9a2-2ad2-43ec-b851-92d91a19bb3a-718.json
 create mode 100644 specs/artifacts/2026-10-05-connection-workspace-authority/diff-request-stability/runtime-evidence-40/task-observation-49880-98f0c9a2-2ad2-43ec-b851-92d91a19bb3a-719.json
 create mode 100644 specs/artifacts/2026-10-05-connection-workspace-authority/diff-request-stability/runtime-evidence-40/task-observation-49880-98f0c9a2-2ad2-43ec-b851-92d91a19bb3a-72.json
 create mode 100644 specs/artifacts/2026-10-05-connection-workspace-authority/diff-request-stability/runtime-evidence-40/task-observation-49880-98f0c9a2-2ad2-43ec-b851-92d91a19bb3a-720.json
 create mode 100644 specs/artifacts/2026-10-05-connection-workspace-authority/diff-request-stability/runtime-evidence-40/task-observation-49880-98f0c9a2-2ad2-43ec-b851-92d91a19bb3a-721.json
 create mode 100644 specs/artifacts/2026-10-05-connection-workspace-authority/diff-request-stability/runtime-evidence-40/task-observation-49880-98f0c9a2-2ad2-43ec-b851-92d91a19bb3a-722.json
 create mode 100644 specs/artifacts/2026-10-05-connection-workspace-authority/diff-request-stability/runtime-evidence-40/task-observation-49880-98f0c9a2-2ad2-43ec-b851-92d91a19bb3a-723.json
 create mode 100644 specs/artifacts/2026-10-05-connection-workspace-authority/diff-request-stability/runtime-evidence-40/task-observation-49880-98f0c9a2-2ad2-43ec-b851-92d91a19bb3a-724.json
 create mode 100644 specs/artifacts/2026-10-05-connection-workspace-authority/diff-request-stability/runtime-evidence-40/task-observation-49880-98f0c9a2-2ad2-43ec-b851-92d91a19bb3a-725.json
 create mode 100644 specs/artifacts/2026-10-05-connection-workspace-authority/diff-request-stability/runtime-evidence-40/task-observation-49880-98f0c9a2-2ad2-43ec-b851-92d91a19bb3a-726.json
 create mode 100644 specs/artifacts/2026-10-05-connection-workspace-authority/diff-request-stability/runtime-evidence-40/task-observation-49880-98f0c9a2-2ad2-43ec-b851-92d91a19bb3a-727.json
 create mode 100644 specs/artifacts/2026-10-05-connection-workspace-authority/diff-request-stability/runtime-evidence-40/task-observation-49880-98f0c9a2-2ad2-43ec-b851-92d91a19bb3a-728.json
 create mode 100644 specs/artifacts/2026-10-05-connection-workspace-authority/diff-request-stability/runtime-evidence-40/task-observation-49880-98f0c9a2-2ad2-43ec-b851-92d91a19bb3a-729.json
 create mode 100644 specs/artifacts/2026-10-05-connection-workspace-authority/diff-request-stability/runtime-evidence-40/task-observation-49880-98f0c9a2-2ad2-43ec-b851-92d91a19bb3a-73.json
 create mode 100644 specs/artifacts/2026-10-05-connection-workspace-authority/diff-request-stability/runtime-evidence-40/task-observation-49880-98f0c9a2-2ad2-43ec-b851-92d91a19bb3a-730.json
 create mode 100644 specs/artifacts/2026-10-05-connection-workspace-authority/diff-request-stability/runtime-evidence-40/task-observation-49880-98f0c9a2-2ad2-43ec-b851-92d91a19bb3a-731.json
 create mode 100644 specs/artifacts/2026-10-05-connection-workspace-authority/diff-request-stability/runtime-evidence-40/task-observation-49880-98f0c9a2-2ad2-43ec-b851-92d91a19bb3a-732.json
 create mode 100644 specs/artifacts/2026-10-05-connection-workspace-authority/diff-request-stability/runtime-evidence-40/task-observation-49880-98f0c9a2-2ad2-43ec-b851-92d91a19bb3a-733.json
 create mode 100644 specs/artifacts/2026-10-05-connection-workspace-authority/diff-request-stability/runtime-evidence-40/task-observation-49880-98f0c9a2-2ad2-43ec-b851-92d91a19bb3a-734.json
 create mode 100644 specs/artifacts/2026-10-05-connection-workspace-authority/diff-request-stability/runtime-evidence-40/task-observation-49880-98f0c9a2-2ad2-43ec-b851-92d91a19bb3a-735.json
 create mode 100644 specs/artifacts/2026-10-05-connection-workspace-authority/diff-request-stability/runtime-evidence-40/task-observation-49880-98f0c9a2-2ad2-43ec-b851-92d91a19bb3a-736.json
 create mode 100644 specs/artifacts/2026-10-05-connection-workspace-authority/diff-request-stability/runtime-evidence-40/task-observation-49880-98f0c9a2-2ad2-43ec-b851-92d91a19bb3a-737.json
 create mode 100644 specs/artifacts/2026-10-05-connection-workspace-authority/diff-request-stability/runtime-evidence-40/task-observation-49880-98f0c9a2-2ad2-43ec-b851-92d91a19bb3a-738.json
 create mode 100644 specs/artifacts/2026-10-05-connection-workspace-authority/diff-request-stability/runtime-evidence-40/task-observation-49880-98f0c9a2-2ad2-43ec-b851-92d91a19bb3a-739.json
 create mode 100644 specs/artifacts/2026-10-05-connection-workspace-authority/diff-request-stability/runtime-evidence-40/task-observation-49880-98f0c9a2-2ad2-43ec-b851-92d91a19bb3a-74.json
 create mode 100644 specs/artifacts/2026-10-05-connection-workspace-authority/diff-request-stability/runtime-evidence-40/task-observation-49880-98f0c9a2-2ad2-43ec-b851-92d91a19bb3a-740.json
 create mode 100644 specs/artifacts/2026-10-05-connection-workspace-authority/diff-request-stability/runtime-evidence-40/task-observation-49880-98f0c9a2-2ad2-43ec-b851-92d91a19bb3a-741.json
 create mode 100644 specs/artifacts/2026-10-05-connection-workspace-authority/diff-request-stability/runtime-evidence-40/task-observation-49880-98f0c9a2-2ad2-43ec-b851-92d91a19bb3a-742.json
 create mode 100644 specs/artifacts/2026-10-05-connection-workspace-authority/diff-request-stability/runtime-evidence-40/task-observation-49880-98f0c9a2-2ad2-43ec-b851-92d91a19bb3a-743.json
 create mode 100644 specs/artifacts/2026-10-05-connection-workspace-authority/diff-request-stability/runtime-evidence-40/task-observation-49880-98f0c9a2-2ad2-43ec-b851-92d91a19bb3a-744.json
 create mode 100644 specs/artifacts/2026-10-05-connection-workspace-authority/diff-request-stability/runtime-evidence-40/task-observation-49880-98f0c9a2-2ad2-43ec-b851-92d91a19bb3a-745.json
 create mode 100644 specs/artifacts/2026-10-05-connection-workspace-authority/diff-request-stability/runtime-evidence-40/task-observation-49880-98f0c9a2-2ad2-43ec-b851-92d91a19bb3a-746.json
 create mode 100644 specs/artifacts/2026-10-05-connection-workspace-authority/diff-request-stability/runtime-evidence-40/task-observation-49880-98f0c9a2-2ad2-43ec-b851-92d91a19bb3a-747.json
 create mode 100644 specs/artifacts/2026-10-05-connection-workspace-authority/diff-request-stability/runtime-evidence-40/task-observation-49880-98f0c9a2-2ad2-43ec-b851-92d91a19bb3a-748.json
 create mode 100644 specs/artifacts/2026-10-05-connection-workspace-authority/diff-request-stability/runtime-evidence-40/task-observation-49880-98f0c9a2-2ad2-43ec-b851-92d91a19bb3a-749.json
 create mode 100644 specs/artifacts/2026-10-05-connection-workspace-authority/diff-request-stability/runtime-evidence-40/task-observation-49880-98f0c9a2-2ad2-43ec-b851-92d91a19bb3a-75.json
 create mode 100644 specs/artifacts/2026-10-05-connection-workspace-authority/diff-request-stability/runtime-evidence-40/task-observation-49880-98f0c9a2-2ad2-43ec-b851-92d91a19bb3a-750.json
 create mode 100644 specs/artifacts/2026-10-05-connection-workspace-authority/diff-request-stability/runtime-evidence-40/task-observation-49880-98f0c9a2-2ad2-43ec-b851-92d91a19bb3a-751.json
 create mode 100644 specs/artifacts/2026-10-05-connection-workspace-authority/diff-request-stability/runtime-evidence-40/task-observation-49880-98f0c9a2-2ad2-43ec-b851-92d91a19bb3a-752.json
 create mode 100644 specs/artifacts/2026-10-05-connection-workspace-authority/diff-request-stability/runtime-evidence-40/task-observation-49880-98f0c9a2-2ad2-43ec-b851-92d91a19bb3a-753.json
 create mode 100644 specs/artifacts/2026-10-05-connection-workspace-authority/diff-request-stability/runtime-evidence-40/task-observation-49880-98f0c9a2-2ad2-43ec-b851-92d91a19bb3a-754.json
 create mode 100644 specs/artifacts/2026-10-05-connection-workspace-authority/diff-request-stability/runtime-evidence-40/task-observation-49880-98f0c9a2-2ad2-43ec-b851-92d91a19bb3a-755.json
 create mode 100644 specs/artifacts/2026-10-05-connection-workspace-authority/diff-request-stability/runtime-evidence-40/task-observation-49880-98f0c9a2-2ad2-43ec-b851-92d91a19bb3a-756.json
 create mode 100644 specs/artifacts/2026-10-05-connection-workspace-authority/diff-request-stability/runtime-evidence-40/task-observation-49880-98f0c9a2-2ad2-43ec-b851-92d91a19bb3a-757.json
 create mode 100644 specs/artifacts/2026-10-05-connection-workspace-authority/diff-request-stability/runtime-evidence-40/task-observation-49880-98f0c9a2-2ad2-43ec-b851-92d91a19bb3a-758.json
 create mode 100644 specs/artifacts/2026-10-05-connection-workspace-authority/diff-request-stability/runtime-evidence-40/task-observation-49880-98f0c9a2-2ad2-43ec-b851-92d91a19bb3a-759.json
 create mode 100644 specs/artifacts/2026-10-05-connection-workspace-authority/diff-request-stability/runtime-evidence-40/task-observation-49880-98f0c9a2-2ad2-43ec-b851-92d91a19bb3a-76.json
 create mode 100644 specs/artifacts/2026-10-05-connection-workspace-authority/diff-request-stability/runtime-evidence-40/task-observation-49880-98f0c9a2-2ad2-43ec-b851-92d91a19bb3a-760.json
 create mode 100644 specs/artifacts/2026-10-05-connection-workspace-authority/diff-request-stability/runtime-evidence-40/task-observation-49880-98f0c9a2-2ad2-43ec-b851-92d91a19bb3a-761.json
 create mode 100644 specs/artifacts/2026-10-05-connection-workspace-authority/diff-request-stability/runtime-evidence-40/task-observation-49880-98f0c9a2-2ad2-43ec-b851-92d91a19bb3a-762.json
 create mode 100644 specs/artifacts/2026-10-05-connection-workspace-authority/diff-request-stability/runtime-evidence-40/task-observation-49880-98f0c9a2-2ad2-43ec-b851-92d91a19bb3a-763.json
 create mode 100644 specs/artifacts/2026-10-05-connection-workspace-authority/diff-request-stability/runtime-evidence-40/task-observation-49880-98f0c9a2-2ad2-43ec-b851-92d91a19bb3a-764.json
 create mode 100644 specs/artifacts/2026-10-05-connection-workspace-authority/diff-request-stability/runtime-evidence-40/task-observation-49880-98f0c9a2-2ad2-43ec-b851-92d91a19bb3a-765.json
 create mode 100644 specs/artifacts/2026-10-05-connection-workspace-authority/diff-request-stability/runtime-evidence-40/task-observation-49880-98f0c9a2-2ad2-43ec-b851-92d91a19bb3a-766.json
 create mode 100644 specs/artifacts/2026-10-05-connection-workspace-authority/diff-request-stability/runtime-evidence-40/task-observation-49880-98f0c9a2-2ad2-43ec-b851-92d91a19bb3a-767.json
 create mode 100644 specs/artifacts/2026-10-05-connection-workspace-authority/diff-request-stability/runtime-evidence-40/task-observation-49880-98f0c9a2-2ad2-43ec-b851-92d91a19bb3a-768.json
 create mode 100644 specs/artifacts/2026-10-05-connection-workspace-authority/diff-request-stability/runtime-evidence-40/task-observation-49880-98f0c9a2-2ad2-43ec-b851-92d91a19bb3a-769.json
 create mode 100644 specs/artifacts/2026-10-05-connection-workspace-authority/diff-request-stability/runtime-evidence-40/task-observation-49880-98f0c9a2-2ad2-43ec-b851-92d91a19bb3a-77.json
 create mode 100644 specs/artifacts/2026-10-05-connection-workspace-authority/diff-request-stability/runtime-evidence-40/task-observation-49880-98f0c9a2-2ad2-43ec-b851-92d91a19bb3a-770.json
 create mode 100644 specs/artifacts/2026-10-05-connection-workspace-authority/diff-request-stability/runtime-evidence-40/task-observation-49880-98f0c9a2-2ad2-43ec-b851-92d91a19bb3a-771.json
 create mode 100644 specs/artifacts/2026-10-05-connection-workspace-authority/diff-request-stability/runtime-evidence-40/task-observation-49880-98f0c9a2-2ad2-43ec-b851-92d91a19bb3a-772.json
 create mode 100644 specs/artifacts/2026-10-05-connection-workspace-authority/diff-request-stability/runtime-evidence-40/task-observation-49880-98f0c9a2-2ad2-43ec-b851-92d91a19bb3a-773.json
 create mode 100644 specs/artifacts/2026-10-05-connection-workspace-authority/diff-request-stability/runtime-evidence-40/task-observation-49880-98f0c9a2-2ad2-43ec-b851-92d91a19bb3a-774.json
 create mode 100644 specs/artifacts/2026-10-05-connection-workspace-authority/diff-request-stability/runtime-evidence-40/task-observation-49880-98f0c9a2-2ad2-43ec-b851-92d91a19bb3a-775.json
 create mode 100644 specs/artifacts/2026-10-05-connection-workspace-authority/diff-request-stability/runtime-evidence-40/task-observation-49880-98f0c9a2-2ad2-43ec-b851-92d91a19bb3a-776.json
 create mode 100644 specs/artifacts/2026-10-05-connection-workspace-authority/diff-request-stability/runtime-evidence-40/task-observation-49880-98f0c9a2-2ad2-43ec-b851-92d91a19bb3a-777.json
 create mode 100644 specs/artifacts/2026-10-05-connection-workspace-authority/diff-request-stability/runtime-evidence-40/task-observation-49880-98f0c9a2-2ad2-43ec-b851-92d91a19bb3a-778.json
 create mode 100644 specs/artifacts/2026-10-05-connection-workspace-authority/diff-request-stability/runtime-evidence-40/task-observation-49880-98f0c9a2-2ad2-43ec-b851-92d91a19bb3a-779.json
 create mode 100644 specs/artifacts/2026-10-05-connection-workspace-authority/diff-request-stability/runtime-evidence-40/task-observation-49880-98f0c9a2-2ad2-43ec-b851-92d91a19bb3a-78.json
 create mode 100644 specs/artifacts/2026-10-05-connection-workspace-authority/diff-request-stability/runtime-evidence-40/task-observation-49880-98f0c9a2-2ad2-43ec-b851-92d91a19bb3a-780.json
 create mode 100644 specs/artifacts/2026-10-05-connection-workspace-authority/diff-request-stability/runtime-evidence-40/task-observation-49880-98f0c9a2-2ad2-43ec-b851-92d91a19bb3a-781.json
 create mode 100644 specs/artifacts/2026-10-05-connection-workspace-authority/diff-request-stability/runtime-evidence-40/task-observation-49880-98f0c9a2-2ad2-43ec-b851-92d91a19bb3a-782.json
 create mode 100644 specs/artifacts/2026-10-05-connection-workspace-authority/diff-request-stability/runtime-evidence-40/task-observation-49880-98f0c9a2-2ad2-43ec-b851-92d91a19bb3a-783.json
 create mode 100644 specs/artifacts/2026-10-05-connection-workspace-authority/diff-request-stability/runtime-evidence-40/task-observation-49880-98f0c9a2-2ad2-43ec-b851-92d91a19bb3a-784.json
 create mode 100644 specs/artifacts/2026-10-05-connection-workspace-authority/diff-request-stability/runtime-evidence-40/task-observation-49880-98f0c9a2-2ad2-43ec-b851-92d91a19bb3a-785.json
 create mode 100644 specs/artifacts/2026-10-05-connection-workspace-authority/diff-request-stability/runtime-evidence-40/task-observation-49880-98f0c9a2-2ad2-43ec-b851-92d91a19bb3a-786.json
 create mode 100644 specs/artifacts/2026-10-05-connection-workspace-authority/diff-request-stability/runtime-evidence-40/task-observation-49880-98f0c9a2-2ad2-43ec-b851-92d91a19bb3a-787.json
 create mode 100644 specs/artifacts/2026-10-05-connection-workspace-authority/diff-request-stability/runtime-evidence-40/task-observation-49880-98f0c9a2-2ad2-43ec-b851-92d91a19bb3a-788.json
 create mode 100644 specs/artifacts/2026-10-05-connection-workspace-authority/diff-request-stability/runtime-evidence-40/task-observation-49880-98f0c9a2-2ad2-43ec-b851-92d91a19bb3a-789.json
 create mode 100644 specs/artifacts/2026-10-05-connection-workspace-authority/diff-request-stability/runtime-evidence-40/task-observation-49880-98f0c9a2-2ad2-43ec-b851-92d91a19bb3a-79.json
 create mode 100644 specs/artifacts/2026-10-05-connection-workspace-authority/diff-request-stability/runtime-evidence-40/task-observation-49880-98f0c9a2-2ad2-43ec-b851-92d91a19bb3a-790.json
 create mode 100644 specs/artifacts/2026-10-05-connection-workspace-authority/diff-request-stability/runtime-evidence-40/task-observation-49880-98f0c9a2-2ad2-43ec-b851-92d91a19bb3a-791.json
 create mode 100644 specs/artifacts/2026-10-05-connection-workspace-authority/diff-request-stability/runtime-evidence-40/task-observation-49880-98f0c9a2-2ad2-43ec-b851-92d91a19bb3a-792.json
 create mode 100644 specs/artifacts/2026-10-05-connection-workspace-authority/diff-request-stability/runtime-evidence-40/task-observation-49880-98f0c9a2-2ad2-43ec-b851-92d91a19bb3a-793.json
 create mode 100644 specs/artifacts/2026-10-05-connection-workspace-authority/diff-request-stability/runtime-evidence-40/task-observation-49880-98f0c9a2-2ad2-43ec-b851-92d91a19bb3a-794.json
 create mode 100644 specs/artifacts/2026-10-05-connection-workspace-authority/diff-request-stability/runtime-evidence-40/task-observation-49880-98f0c9a2-2ad2-43ec-b851-92d91a19bb3a-795.json
 create mode 100644 specs/artifacts/2026-10-05-connection-workspace-authority/diff-request-stability/runtime-evidence-40/task-observation-49880-98f0c9a2-2ad2-43ec-b851-92d91a19bb3a-796.json
 create mode 100644 specs/artifacts/2026-10-05-connection-workspace-authority/diff-request-stability/runtime-evidence-40/task-observation-49880-98f0c9a2-2ad2-43ec-b851-92d91a19bb3a-797.json
 create mode 100644 specs/artifacts/2026-10-05-connection-workspace-authority/diff-request-stability/runtime-evidence-40/task-observation-49880-98f0c9a2-2ad2-43ec-b851-92d91a19bb3a-798.json
 create mode 100644 specs/artifacts/2026-10-05-connection-workspace-authority/diff-request-stability/runtime-evidence-40/task-observation-49880-98f0c9a2-2ad2-43ec-b851-92d91a19bb3a-799.json
 create mode 100644 specs/artifacts/2026-10-05-connection-workspace-authority/diff-request-stability/runtime-evidence-40/task-observation-49880-98f0c9a2-2ad2-43ec-b851-92d91a19bb3a-8.json
 create mode 100644 specs/artifacts/2026-10-05-connection-workspace-authority/diff-request-stability/runtime-evidence-40/task-observation-49880-98f0c9a2-2ad2-43ec-b851-92d91a19bb3a-80.json
 create mode 100644 specs/artifacts/2026-10-05-connection-workspace-authority/diff-request-stability/runtime-evidence-40/task-observation-49880-98f0c9a2-2ad2-43ec-b851-92d91a19bb3a-800.json
 create mode 100644 specs/artifacts/2026-10-05-connection-workspace-authority/diff-request-stability/runtime-evidence-40/task-observation-49880-98f0c9a2-2ad2-43ec-b851-92d91a19bb3a-801.json
 create mode 100644 specs/artifacts/2026-10-05-connection-workspace-authority/diff-request-stability/runtime-evidence-40/task-observation-49880-98f0c9a2-2ad2-43ec-b851-92d91a19bb3a-802.json
 create mode 100644 specs/artifacts/2026-10-05-connection-workspace-authority/diff-request-stability/runtime-evidence-40/task-observation-49880-98f0c9a2-2ad2-43ec-b851-92d91a19bb3a-803.json
 create mode 100644 specs/artifacts/2026-10-05-connection-workspace-authority/diff-request-stability/runtime-evidence-40/task-observation-49880-98f0c9a2-2ad2-43ec-b851-92d91a19bb3a-804.json
 create mode 100644 specs/artifacts/2026-10-05-connection-workspace-authority/diff-request-stability/runtime-evidence-40/task-observation-49880-98f0c9a2-2ad2-43ec-b851-92d91a19bb3a-805.json
 create mode 100644 specs/artifacts/2026-10-05-connection-workspace-authority/diff-request-stability/runtime-evidence-40/task-observation-49880-98f0c9a2-2ad2-43ec-b851-92d91a19bb3a-806.json
 create mode 100644 specs/artifacts/2026-10-05-connection-workspace-authority/diff-request-stability/runtime-evidence-40/task-observation-49880-98f0c9a2-2ad2-43ec-b851-92d91a19bb3a-807.json
 create mode 100644 specs/artifacts/2026-10-05-connection-workspace-authority/diff-request-stability/runtime-evidence-40/task-observation-49880-98f0c9a2-2ad2-43ec-b851-92d91a19bb3a-81.json
 create mode 100644 specs/artifacts/2026-10-05-connection-workspace-authority/diff-request-stability/runtime-evidence-40/task-observation-49880-98f0c9a2-2ad2-43ec-b851-92d91a19bb3a-82.json
 create mode 100644 specs/artifacts/2026-10-05-connection-workspace-authority/diff-request-stability/runtime-evidence-40/task-observation-49880-98f0c9a2-2ad2-43ec-b851-92d91a19bb3a-83.json
 create mode 100644 specs/artifacts/2026-10-05-connection-workspace-authority/diff-request-stability/runtime-evidence-40/task-observation-49880-98f0c9a2-2ad2-43ec-b851-92d91a19bb3a-84.json
 create mode 100644 specs/artifacts/2026-10-05-connection-workspace-authority/diff-request-stability/runtime-evidence-40/task-observation-49880-98f0c9a2-2ad2-43ec-b851-92d91a19bb3a-85.json
 create mode 100644 specs/artifacts/2026-10-05-connection-workspace-authority/diff-request-stability/runtime-evidence-40/task-observation-49880-98f0c9a2-2ad2-43ec-b851-92d91a19bb3a-86.json
 create mode 100644 specs/artifacts/2026-10-05-connection-workspace-authority/diff-request-stability/runtime-evidence-40/task-observation-49880-98f0c9a2-2ad2-43ec-b851-92d91a19bb3a-87.json
 create mode 100644 specs/artifacts/2026-10-05-connection-workspace-authority/diff-request-stability/runtime-evidence-40/task-observation-49880-98f0c9a2-2ad2-43ec-b851-92d91a19bb3a-88.json
 create mode 100644 specs/artifacts/2026-10-05-connection-workspace-authority/diff-request-stability/runtime-evidence-40/task-observation-49880-98f0c9a2-2ad2-43ec-b851-92d91a19bb3a-89.json
 create mode 100644 specs/artifacts/2026-10-05-connection-workspace-authority/diff-request-stability/runtime-evidence-40/task-observation-49880-98f0c9a2-2ad2-43ec-b851-92d91a19bb3a-9.json
 create mode 100644 specs/artifacts/2026-10-05-connection-workspace-authority/diff-request-stability/runtime-evidence-40/task-observation-49880-98f0c9a2-2ad2-43ec-b851-92d91a19bb3a-90.json
 create mode 100644 specs/artifacts/2026-10-05-connection-workspace-authority/diff-request-stability/runtime-evidence-40/task-observation-49880-98f0c9a2-2ad2-43ec-b851-92d91a19bb3a-91.json
 create mode 100644 specs/artifacts/2026-10-05-connection-workspace-authority/diff-request-stability/runtime-evidence-40/task-observation-49880-98f0c9a2-2ad2-43ec-b851-92d91a19bb3a-92.json
 create mode 100644 specs/artifacts/2026-10-05-connection-workspace-authority/diff-request-stability/runtime-evidence-40/task-observation-49880-98f0c9a2-2ad2-43ec-b851-92d91a19bb3a-93.json
 create mode 100644 specs/artifacts/2026-10-05-connection-workspace-authority/diff-request-stability/runtime-evidence-40/task-observation-49880-98f0c9a2-2ad2-43ec-b851-92d91a19bb3a-94.json
 create mode 100644 specs/artifacts/2026-10-05-connection-workspace-authority/diff-request-stability/runtime-evidence-40/task-observation-49880-98f0c9a2-2ad2-43ec-b851-92d91a19bb3a-95.json
 create mode 100644 specs/artifacts/2026-10-05-connection-workspace-authority/diff-request-stability/runtime-evidence-40/task-observation-49880-98f0c9a2-2ad2-43ec-b851-92d91a19bb3a-96.json
 create mode 100644 specs/artifacts/2026-10-05-connection-workspace-authority/diff-request-stability/runtime-evidence-40/task-observation-49880-98f0c9a2-2ad2-43ec-b851-92d91a19bb3a-97.json
 create mode 100644 specs/artifacts/2026-10-05-connection-workspace-authority/diff-request-stability/runtime-evidence-40/task-observation-49880-98f0c9a2-2ad2-43ec-b851-92d91a19bb3a-98.json
 create mode 100644 specs/artifacts/2026-10-05-connection-workspace-authority/diff-request-stability/runtime-evidence-40/task-observation-49880-98f0c9a2-2ad2-43ec-b851-92d91a19bb3a-99.json
 create mode 100644 specs/artifacts/2026-10-05-connection-workspace-authority/diff-request-stability/runtime-evidence-40/task-occurrence-admitted.json
 create mode 100644 specs/artifacts/2026-10-05-connection-workspace-authority/diff-request-stability/runtime-evidence-40/task-selection.json
 create mode 100644 specs/artifacts/2026-10-05-connection-workspace-authority/diff-request-stability/types-first.log
